path,source_t,target_t,actual_token,rank,predicted_token,probability
1,0,10,44,1,59,0.7470245361328125
1,0,10,44,2,51,0.20216912031173706
1,0,10,44,3,86,0.014794877730309963
1,0,10,44,4,50,0.0065725697204470634
1,1,11,43,1,54,0.9541638493537903
1,1,11,43,2,59,0.016931088641285896
1,1,11,43,3,53,0.013233602978289127
1,1,11,43,4,46,0.004972108639776707
1,2,12,43,1,54,0.5551857352256775
1,2,12,43,2,55,0.2731235921382904
1,2,12,43,3,53,0.05614100769162178
1,2,12,43,4,60,0.040138259530067444
1,3,13,44,1,53,0.9966996312141418
1,3,13,44,2,54,0.0013787159696221352
1,3,13,44,3,47,0.0009958039736375213
1,3,13,44,4,48,0.00027918879641219974
1,4,14,46,1,55,0.92577064037323
1,4,14,46,2,54,0.023740345612168312
1,4,14,46,3,48,0.014305968768894672
1,4,14,46,4,79,0.012789394706487656
1,5,15,49,1,58,0.6765372157096863
1,5,15,49,2,57,0.1905040591955185
1,5,15,49,3,59,0.07265514880418777
1,5,15,49,4,48,0.026202766224741936
1,6,16,52,1,60,0.7012310028076172
1,6,16,52,2,59,0.246850848197937
1,6,16,52,3,66,0.019218014553189278
1,6,16,52,4,61,0.010073918849229813
1,7,17,56,1,64,0.6993541717529297
1,7,17,56,2,65,0.2810628116130829
1,7,17,56,3,58,0.0104899937286973
1,7,17,56,4,63,0.00308467005379498
1,8,18,59,1,74,0.7349315881729126
1,8,18,59,2,64,0.09882395714521408
1,8,18,59,3,59,0.09620457887649536
1,8,18,59,4,65,0.04513558745384216
1,9,19,63,1,77,0.9056793451309204
1,9,19,63,2,78,0.06804162263870239
1,9,19,63,3,56,0.010164016857743263
1,9,19,63,4,70,0.005491679534316063
1,10,20,65,1,77,0.9005043506622314
1,10,20,65,2,79,0.08014978468418121
1,10,20,65,3,80,0.012867540121078491
1,10,20,65,4,78,0.0040026213973760605
1,11,21,66,1,78,0.945493221282959
1,11,21,66,2,77,0.03334038332104683
1,11,21,66,3,79,0.01900331862270832
1,11,21,66,4,80,0.0019822982139885426
1,12,22,67,1,79,0.4299786686897278
1,12,22,67,2,80,0.23787450790405273
1,12,22,67,3,78,0.14480626583099365
1,12,22,67,4,85,0.12351705133914948
1,13,23,68,1,78,0.6180845499038696
1,13,23,68,2,79,0.3119582533836365
1,13,23,68,3,80,0.06326373666524887
1,13,23,68,4,77,0.004143833182752132
1,14,24,68,1,88,0.9007223844528198
1,14,24,68,2,97,0.019552044570446014
1,14,24,68,3,89,0.011739023961126804
1,14,24,68,4,86,0.007745546754449606
1,15,25,67,1,77,0.27017682790756226
1,15,25,67,2,69,0.2499241977930069
1,15,25,67,3,68,0.08524682372808456
1,15,25,67,4,90,0.055137597024440765
1,16,26,66,1,80,0.5460496544837952
1,16,26,66,2,71,0.26299458742141724
1,16,26,66,3,89,0.038088902831077576
1,16,26,66,4,63,0.03756971284747124
1,17,27,65,1,71,0.33251088857650757
1,17,27,65,2,88,0.09997367858886719
1,17,27,65,3,86,0.09040810167789459
1,17,27,65,4,92,0.07402248680591583
1,18,28,63,1,73,0.5826506614685059
1,18,28,63,2,81,0.34931591153144836
1,18,28,63,3,80,0.017218047752976418
1,18,28,63,4,90,0.009294554591178894
1,19,29,60,1,71,0.8543714880943298
1,19,29,60,2,64,0.0841427743434906
1,19,29,60,3,88,0.03827584907412529
1,19,29,60,4,79,0.012574193999171257
1,20,30,58,1,56,0.3765139877796173
1,20,30,58,2,85,0.14281710982322693
1,20,30,58,3,82,0.12750351428985596
1,20,30,58,4,75,0.08024351298809052
1,21,31,55,1,60,0.34935981035232544
1,21,31,55,2,73,0.23783135414123535
1,21,31,55,3,53,0.09950635582208633
1,21,31,55,4,59,0.09259352087974548
1,22,32,53,1,68,0.6032730937004089
1,22,32,53,2,76,0.06054340675473213
1,22,32,53,3,53,0.05161266028881073
1,22,32,53,4,77,0.0371629036962986
1,23,33,51,1,76,0.21328815817832947
1,23,33,51,2,85,0.211656391620636
1,23,33,51,3,70,0.20346547663211823
1,23,33,51,4,77,0.08913488686084747
1,24,34,49,1,57,0.4564250707626343
1,24,34,49,2,59,0.23423393070697784
1,24,34,49,3,53,0.07041443139314651
1,24,34,49,4,87,0.06894944608211517
1,25,35,48,1,58,0.17604322731494904
1,25,35,48,2,62,0.140194371342659
1,25,35,48,3,83,0.09684432297945023
1,25,35,48,4,61,0.0734349861741066
1,26,36,47,1,53,0.30938753485679626
1,26,36,47,2,57,0.16808544099330902
1,26,36,47,3,43,0.13893981277942657
1,26,36,47,4,79,0.0727216824889183
1,27,37,47,1,73,0.9596723318099976
1,27,37,47,2,58,0.01457970030605793
1,27,37,47,3,72,0.008283881470561028
1,27,37,47,4,55,0.0034420203883200884
1,28,38,48,1,49,0.32121333479881287
1,28,38,48,2,70,0.13931290805339813
1,28,38,48,3,55,0.13520002365112305
1,28,38,48,4,85,0.07773823291063309
1,29,39,49,1,58,0.9292572736740112
1,29,39,49,2,59,0.023844560608267784
1,29,39,49,3,81,0.014339256100356579
1,29,39,49,4,80,0.010290253907442093
1,30,40,49,1,59,0.3106776475906372
1,30,40,49,2,64,0.2809068262577057
1,30,40,49,3,66,0.08054903149604797
1,30,40,49,4,65,0.06494608521461487
1,31,41,49,1,70,0.262160062789917
1,31,41,49,2,71,0.2343847006559372
1,31,41,49,3,62,0.09864413738250732
1,31,41,49,4,88,0.06271838396787643
1,32,42,49,1,65,0.23764504492282867
1,32,42,49,2,71,0.23588113486766815
1,32,42,49,3,80,0.11463090777397156
1,32,42,49,4,58,0.08292293548583984
1,33,43,50,1,59,0.4572851061820984
1,33,43,50,2,65,0.3530671000480652
1,33,43,50,3,60,0.029743226245045662
1,33,43,50,4,58,0.023557309061288834
1,34,44,51,1,58,0.33106091618537903
1,34,44,51,2,81,0.3302149176597595
1,34,44,51,3,73,0.059710390865802765
1,34,44,51,4,65,0.054170623421669006
1,35,45,53,1,86,0.44319814443588257
1,35,45,53,2,62,0.23973634839057922
1,35,45,53,3,64,0.08872462064027786
1,35,45,53,4,71,0.0545310415327549
1,36,46,55,1,80,0.8528300523757935
1,36,46,55,2,81,0.1313636153936386
1,36,46,55,3,75,0.007071969099342823
1,36,46,55,4,79,0.004311919678002596
1,37,47,57,1,72,0.6760512590408325
1,37,47,57,2,73,0.17938894033432007
1,37,47,57,3,79,0.03137487545609474
1,37,47,57,4,77,0.029288098216056824
1,38,48,59,1,80,0.31924161314964294
1,38,48,59,2,79,0.22448517382144928
1,38,48,59,3,78,0.19277030229568481
1,38,48,59,4,81,0.11045801639556885
1,39,49,60,1,77,0.40498292446136475
1,39,49,60,2,56,0.11782876402139664
1,39,49,60,3,80,0.09860540926456451
1,39,49,60,4,78,0.06481407582759857
1,40,50,62,1,77,0.5680976510047913
1,40,50,62,2,79,0.31689345836639404
1,40,50,62,3,71,0.032781850546598434
1,40,50,62,4,78,0.021898774430155754
1,41,51,63,1,80,0.527991771697998
1,41,51,63,2,79,0.378296434879303
1,41,51,63,3,77,0.05342438817024231
1,41,51,63,4,81,0.010680774226784706
1,42,52,64,1,57,0.20755404233932495
1,42,52,64,2,56,0.15589261054992676
1,42,52,64,3,70,0.13523568212985992
1,42,52,64,4,71,0.10657631605863571
1,43,53,64,1,80,0.33117979764938354
1,43,53,64,2,77,0.2742268145084381
1,43,53,64,3,75,0.09619905054569244
1,43,53,64,4,56,0.06965131312608719
1,44,54,64,1,77,0.3274770975112915
1,44,54,64,2,56,0.12526945769786835
1,44,54,64,3,51,0.08291560411453247
1,44,54,64,4,94,0.06850728392601013
1,45,55,64,1,77,0.7211906909942627
1,45,55,64,2,78,0.23175156116485596
1,45,55,64,3,76,0.03200119361281395
1,45,55,64,4,79,0.010027904063463211
1,46,56,63,1,77,0.9672133922576904
1,46,56,63,2,78,0.022258181124925613
1,46,56,63,3,76,0.009456777013838291
1,46,56,63,4,94,0.0001410030818078667
1,47,57,62,1,73,0.5125513076782227
1,47,57,62,2,72,0.18722662329673767
1,47,57,62,3,57,0.12742365896701813
1,47,57,62,4,74,0.05674036592245102
1,48,58,60,1,69,0.48386767506599426
1,48,58,60,2,56,0.2148679941892624
1,48,58,60,3,57,0.142715722322464
1,48,58,60,4,70,0.055558718740940094
1,49,59,59,1,74,0.7821169495582581
1,49,59,59,2,75,0.14208053052425385
1,49,59,59,3,77,0.04024120047688484
1,49,59,59,4,76,0.013960018754005432
1,50,60,54,1,71,0.5982417464256287
1,50,60,54,2,72,0.28360939025878906
1,50,60,54,3,70,0.053871236741542816
1,50,60,54,4,78,0.03457536920905113
1,51,61,50,1,66,0.2060646414756775
1,51,61,50,2,73,0.1929391622543335
1,51,61,50,3,71,0.1349061131477356
1,51,61,50,4,70,0.11525054275989532
1,52,62,47,1,80,0.38829007744789124
1,52,62,47,2,77,0.2104075849056244
1,52,62,47,3,79,0.08921623229980469
1,52,62,47,4,83,0.08576307445764542
1,53,63,44,1,65,0.46765217185020447
1,53,63,44,2,72,0.2274041622877121
1,53,63,44,3,64,0.08673470467329025
1,53,63,44,4,71,0.06416764855384827
1,54,64,42,1,71,0.3794228732585907
1,54,64,42,2,72,0.3251323699951172
1,54,64,42,3,70,0.09189459681510925
1,54,64,42,4,87,0.04364100098609924
1,55,65,42,1,88,0.6851013898849487
1,55,65,42,2,71,0.15980428457260132
1,55,65,42,3,72,0.03380017727613449
1,55,65,42,4,86,0.030612803995609283
1,56,66,43,1,71,0.6066809296607971
1,56,66,43,2,70,0.09575255215167999
1,56,66,43,3,80,0.04763532802462578
1,56,66,43,4,88,0.03564422205090523
1,57,67,45,1,58,0.3131744861602783
1,57,67,45,2,63,0.2640978991985321
1,57,67,45,3,70,0.12743401527404785
1,57,67,45,4,62,0.11478772759437561
1,58,68,48,1,69,0.7576722502708435
1,58,68,48,2,70,0.20311614871025085
1,58,68,48,3,77,0.016572820022702217
1,58,68,48,4,78,0.01303491648286581
1,59,69,51,1,71,0.28179627656936646
1,59,69,51,2,78,0.18735872209072113
1,59,69,51,3,77,0.15462985634803772
1,59,69,51,4,80,0.15343603491783142
1,60,70,55,1,77,0.8988257050514221
1,60,70,55,2,78,0.08026976883411407
1,60,70,55,3,76,0.010521643795073032
1,60,70,55,4,79,0.006691651418805122
1,61,71,59,1,77,0.5989328622817993
1,61,71,59,2,72,0.06859858334064484
1,61,71,59,3,94,0.06331152468919754
1,61,71,59,4,84,0.060150761157274246
1,62,72,62,1,73,0.9033103585243225
1,62,72,62,2,80,0.07148823142051697
1,62,72,62,3,75,0.004375489428639412
1,62,72,62,4,72,0.0036950421053916216
1,63,73,66,1,77,0.9350945949554443
1,63,73,66,2,78,0.03286297619342804
1,63,73,66,3,76,0.031650252640247345
1,63,73,66,4,56,0.00016383308684453368
1,64,74,68,1,77,0.34260204434394836
1,64,74,68,2,79,0.2803098261356354
1,64,74,68,3,80,0.21327868103981018
1,64,74,68,4,78,0.08708187192678452
1,65,75,71,1,83,0.40455105900764465
1,65,75,71,2,82,0.37074971199035645
1,65,75,71,3,84,0.20785516500473022
1,65,75,71,4,85,0.012877085246145725
1,66,76,72,1,85,0.5157929062843323
1,66,76,72,2,84,0.4144599437713623
1,66,76,72,3,83,0.03370488062500954
1,66,76,72,4,86,0.029264742508530617
1,67,77,73,1,85,0.6309888362884521
1,67,77,73,2,84,0.08157745003700256
1,67,77,73,3,86,0.04925624653697014
1,67,77,73,4,75,0.04696286842226982
1,68,78,73,1,85,0.609268307685852
1,68,78,73,2,84,0.21593546867370605
1,68,78,73,3,94,0.04992939159274101
1,68,78,73,4,92,0.04740646481513977
1,69,79,72,1,85,0.8977144360542297
1,69,79,72,2,84,0.04327750951051712
1,69,79,72,3,86,0.03821329027414322
1,69,79,72,4,76,0.005761002190411091
1,70,80,68,1,85,0.4479747414588928
1,70,80,68,2,84,0.26329150795936584
1,70,80,68,3,83,0.19636112451553345
1,70,80,68,4,86,0.04976395145058632
1,71,81,64,1,80,0.44791799783706665
1,71,81,64,2,77,0.1622435450553894
1,71,81,64,3,78,0.1613958477973938
1,71,81,64,4,79,0.08129211515188217
1,72,82,59,1,78,0.15673810243606567
1,72,82,59,2,77,0.1541273593902588
1,72,82,59,3,85,0.1519850492477417
1,72,82,59,4,87,0.106977678835392
1,73,83,55,1,71,0.297272652387619
1,73,83,55,2,72,0.11870866268873215
1,73,83,55,3,87,0.11618614196777344
1,73,83,55,4,78,0.08655289560556412
1,74,84,50,1,78,0.5126886963844299
1,74,84,50,2,77,0.19723111391067505
1,74,84,50,3,71,0.11234469711780548
1,74,84,50,4,79,0.10762783885002136
1,75,85,46,1,78,0.22294731438159943
1,75,85,46,2,79,0.17663633823394775
1,75,85,46,3,71,0.12933151423931122
1,75,85,46,4,85,0.12293079495429993
1,76,86,43,1,86,0.16547401249408722
1,76,86,43,2,79,0.14245352149009705
1,76,86,43,3,88,0.1186906024813652
1,76,86,43,4,85,0.07765020430088043
1,77,87,41,1,79,0.2008828967809677
1,77,87,41,2,78,0.1840532124042511
1,77,87,41,3,76,0.11062370985746384
1,77,87,41,4,77,0.10448557138442993
1,78,88,40,1,84,0.13128258287906647
1,78,88,40,2,70,0.09977970272302628
1,78,88,40,3,85,0.09731343388557434
1,78,88,40,4,83,0.0847967267036438
1,79,89,41,1,85,0.5360221862792969
1,79,89,41,2,86,0.21862466633319855
1,79,89,41,3,59,0.048625022172927856
1,79,89,41,4,60,0.04138534143567085
1,80,90,44,1,52,0.7830213308334351
1,80,90,44,2,53,0.1404697597026825
1,80,90,44,3,59,0.010743780992925167
1,80,90,44,4,67,0.007785883266478777
1,81,91,47,1,54,0.3771497309207916
1,81,91,47,2,86,0.17529776692390442
1,81,91,47,3,59,0.08170995116233826
1,81,91,47,4,79,0.07865053415298462
1,82,92,51,1,59,0.13553938269615173
1,82,92,51,2,60,0.134658545255661
1,82,92,51,3,71,0.10361658036708832
1,82,92,51,4,72,0.101570263504982
1,83,93,56,1,70,0.3213769495487213
1,83,93,56,2,85,0.10262058675289154
1,83,93,56,3,71,0.10161187499761581
1,83,93,56,4,79,0.09822878241539001
1,84,94,60,1,69,0.5485480427742004
1,84,94,60,2,70,0.416667103767395
1,84,94,60,3,71,0.009349437430500984
1,84,94,60,4,77,0.006377659738063812
1,85,95,64,1,80,0.31556013226509094
1,85,95,64,2,75,0.2043537199497223
1,85,95,64,3,78,0.19799748063087463
1,85,95,64,4,76,0.07102157175540924
1,86,96,68,1,78,0.7473018169403076
1,86,96,68,2,79,0.22030431032180786
1,86,96,68,3,77,0.025027193129062653
1,86,96,68,4,80,0.0070612370036542416
1,87,97,71,1,82,0.6873215436935425
1,87,97,71,2,80,0.21563564240932465
1,87,97,71,3,81,0.04671090096235275
1,87,97,71,4,83,0.03399168699979782
1,88,98,73,1,85,0.3809945285320282
1,88,98,73,2,84,0.3423694670200348
1,88,98,73,3,86,0.19611915946006775
1,88,98,73,4,83,0.06464758515357971
1,89,99,75,1,87,0.546810507774353
1,89,99,75,2,86,0.2811380624771118
1,89,99,75,3,88,0.07956618070602417
1,89,99,75,4,85,0.07215052843093872
1,90,100,78,1,86,0.28754493594169617
1,90,100,78,2,85,0.2851761281490326
1,90,100,78,3,87,0.2603312134742737
1,90,100,78,4,84,0.07423622906208038
1,91,101,81,1,86,0.24560023844242096
1,91,101,81,2,87,0.22676929831504822
1,91,101,81,3,85,0.20710410177707672
1,91,101,81,4,88,0.08968253433704376
1,92,102,82,1,85,0.26144251227378845
1,92,102,82,2,84,0.08755156397819519
1,92,102,82,3,83,0.07821255922317505
1,92,102,82,4,76,0.06857624650001526
1,93,103,82,1,78,0.26043570041656494
1,93,103,82,2,79,0.17238834500312805
1,93,103,82,3,80,0.11278354376554489
1,93,103,82,4,77,0.07741932570934296
1,94,104,82,1,87,0.36162295937538147
1,94,104,82,2,72,0.1370275914669037
1,94,104,82,3,71,0.06383489072322845
1,94,104,82,4,88,0.06062695384025574
1,95,105,80,1,87,0.20967641472816467
1,95,105,80,2,88,0.14157924056053162
1,95,105,80,3,71,0.1106780543923378
1,95,105,80,4,72,0.10968022048473358
1,96,106,78,1,87,0.42889097332954407
1,96,106,78,2,88,0.08250273764133453
1,96,106,78,3,71,0.07652094960212708
1,96,106,78,4,86,0.07171907275915146
1,97,107,75,1,87,0.21757283806800842
1,97,107,75,2,88,0.14970386028289795
1,97,107,75,3,71,0.10123471915721893
1,97,107,75,4,72,0.0736243724822998
1,98,108,71,1,85,0.228678897023201
1,98,108,71,2,61,0.18154644966125488
1,98,108,71,3,84,0.16147960722446442
1,98,108,71,4,86,0.09436293691396713
1,99,109,66,1,78,0.45467016100883484
1,99,109,66,2,79,0.22082319855690002
1,99,109,66,3,80,0.20314551889896393
1,99,109,66,4,81,0.0315980389714241
1,100,110,61,1,78,0.6924431324005127
1,100,110,61,2,87,0.06286706030368805
1,100,110,61,3,79,0.05575569346547127
1,100,110,61,4,80,0.053867075592279434
1,101,111,56,1,78,0.6782868504524231
1,101,111,56,2,79,0.18791531026363373
1,101,111,56,3,80,0.061401624232530594
1,101,111,56,4,76,0.012599167414009571
1,102,112,51,1,78,0.49283769726753235
1,102,112,51,2,63,0.11421491205692291
1,102,112,51,3,77,0.10463856160640717
1,102,112,51,4,79,0.0447690449655056
1,103,113,46,1,53,0.36188796162605286
1,103,113,46,2,79,0.21823960542678833
1,103,113,46,3,80,0.1529652327299118
1,103,113,46,4,52,0.08417779207229614
1,104,114,43,1,48,0.720879316329956
1,104,114,43,2,47,0.13553449511528015
1,104,114,43,3,77,0.041883163154125214
1,104,114,43,4,46,0.0377233661711216
1,105,115,40,1,46,0.6209710836410522
1,105,115,40,2,47,0.20313270390033722
1,105,115,40,3,45,0.11785966902971268
1,105,115,40,4,44,0.017153864726424217
1,106,116,39,1,46,0.8842048645019531
1,106,116,39,2,45,0.08796241134405136
1,106,116,39,3,47,0.026030542328953743
1,106,116,39,4,44,0.001020879135467112
1,107,117,40,1,47,0.8324838876724243
1,107,117,40,2,48,0.12157963216304779
1,107,117,40,3,46,0.04341000318527222
1,107,117,40,4,60,0.0013929425040259957
1,108,118,42,1,49,0.6767253875732422
1,108,118,42,2,48,0.31183934211730957
1,108,118,42,3,50,0.007690303958952427
1,108,118,42,4,47,0.0030145517084747553
1,109,119,46,1,54,0.8624568581581116
1,109,119,46,2,53,0.0832231342792511
1,109,119,46,3,55,0.0530744343996048
1,109,119,46,4,60,0.00047921756049618125
1,110,120,53,1,60,0.23413719236850739
1,110,120,53,2,56,0.16760405898094177
1,110,120,53,3,59,0.15730474889278412
1,110,120,53,4,57,0.09336794167757034
1,111,121,60,1,65,0.3109825551509857
1,111,121,60,2,66,0.13685092329978943
1,111,121,60,3,67,0.11157108843326569
1,111,121,60,4,64,0.07345259934663773
1,112,122,66,1,67,0.24607355892658234
1,112,122,66,2,68,0.15018093585968018
1,112,122,66,3,73,0.09343541413545609
1,112,122,66,4,66,0.0775204673409462
1,113,123,72,1,67,0.2423439621925354
1,113,123,72,2,68,0.10895301401615143
1,113,123,72,3,83,0.0843023955821991
1,113,123,72,4,82,0.06708003580570221
1,114,124,78,1,88,0.11241744458675385
1,114,124,78,2,80,0.109735406935215
1,114,124,78,3,85,0.08395567536354065
1,114,124,78,4,72,0.06852637976408005
1,115,125,82,1,71,0.18814730644226074
1,115,125,82,2,86,0.1760396510362625
1,115,125,82,3,87,0.1539410501718521
1,115,125,82,4,85,0.12810467183589935
1,116,126,86,1,88,0.26099127531051636
1,116,126,86,2,87,0.2426031529903412
1,116,126,86,3,86,0.19049841165542603
1,116,126,86,4,85,0.05632278695702553
1,117,127,88,1,86,0.11167645454406738
1,117,127,88,2,88,0.08891052007675171
1,117,127,88,3,87,0.08150562644004822
1,117,127,88,4,85,0.07052890211343765
1,118,128,89,1,83,0.2854178249835968
1,118,128,89,2,82,0.1441042274236679
1,118,128,89,3,86,0.07600316405296326
1,118,128,89,4,80,0.0666022077202797
1,119,129,89,1,91,0.1032867431640625
1,119,129,89,2,94,0.06639407575130463
1,119,129,89,3,95,0.06627678871154785
1,119,129,89,4,78,0.06527496129274368
1,120,130,88,1,85,0.10761655122041702
1,120,130,88,2,88,0.07462283223867416
1,120,130,88,3,91,0.07316215336322784
1,120,130,88,4,90,0.06707484275102615
1,121,131,86,1,94,0.20700135827064514
1,121,131,86,2,90,0.18006005883216858
1,121,131,86,3,91,0.08499589562416077
1,121,131,86,4,88,0.08253852277994156
1,122,132,83,1,87,0.3240053057670593
1,122,132,83,2,86,0.20496217906475067
1,122,132,83,3,85,0.16475865244865417
1,122,132,83,4,89,0.08281993865966797
1,123,133,78,1,85,0.24952682852745056
1,123,133,78,2,87,0.22168605029582977
1,123,133,78,3,86,0.15262290835380554
1,123,133,78,4,83,0.1336464285850525
1,124,134,73,1,77,0.32816779613494873
1,124,134,73,2,79,0.31358397006988525
1,124,134,73,3,78,0.21695324778556824
1,124,134,73,4,80,0.08040480315685272
1,125,135,68,1,72,0.43433552980422974
1,125,135,68,2,74,0.2132941037416458
1,125,135,68,3,73,0.14273518323898315
1,125,135,68,4,75,0.09831587225198746
1,126,136,62,1,67,0.6346204280853271
1,126,136,62,2,68,0.15380914509296417
1,126,136,62,3,66,0.0771941989660263
1,126,136,62,4,69,0.04289116710424423
1,127,137,55,1,60,0.6891743540763855
1,127,137,55,2,61,0.10890083760023117
1,127,137,55,3,59,0.0773850679397583
1,127,137,55,4,62,0.04617124795913696
1,128,138,49,1,53,0.808143675327301
1,128,138,49,2,54,0.13933439552783966
1,128,138,49,3,52,0.0491996631026268
1,128,138,49,4,55,0.001813839771784842
1,129,139,44,1,48,0.5704488754272461
1,129,139,44,2,49,0.12936709821224213
1,129,139,44,3,47,0.09287559241056442
1,129,139,44,4,46,0.07450922578573227
1,130,140,42,1,46,0.2407904714345932
1,130,140,42,2,48,0.16939981281757355
1,130,140,42,3,47,0.14732089638710022
1,130,140,42,4,44,0.1458277404308319
1,131,141,41,1,46,0.18949969112873077
1,131,141,41,2,47,0.16514836251735687
1,131,141,41,3,45,0.14387458562850952
1,131,141,41,4,44,0.11132440716028214
1,132,142,42,1,48,0.1205451637506485
1,132,142,42,2,44,0.11333104968070984
1,132,142,42,3,45,0.11159732192754745
1,132,142,42,4,49,0.08772695809602737
1,133,143,44,1,45,0.12319926917552948
1,133,143,44,2,48,0.11047793179750443
1,133,143,44,3,46,0.09400605410337448
1,133,143,44,4,50,0.09147851169109344
1,134,144,47,1,47,0.1982080638408661
1,134,144,47,2,48,0.12277904152870178
1,134,144,47,3,46,0.11885657906532288
1,134,144,47,4,50,0.10166574269533157
1,135,145,51,1,54,0.17153142392635345
1,135,145,51,2,53,0.14683113992214203
1,135,145,51,3,55,0.08914859592914581
1,135,145,51,4,52,0.08738871663808823
1,136,146,55,1,55,0.5226591229438782
1,136,146,55,2,54,0.11651964485645294
1,136,146,55,3,56,0.0842515379190445
1,136,146,55,4,61,0.058709509670734406
1,137,147,59,1,63,0.2990141808986664
1,137,147,59,2,62,0.19919416308403015
1,137,147,59,3,64,0.10121770948171616
1,137,147,59,4,61,0.07433619350194931
1,138,148,63,1,69,0.14040257036685944
1,138,148,63,2,71,0.11939561367034912
1,138,148,63,3,67,0.11463136970996857
1,138,148,63,4,70,0.11090414226055145
1,139,149,66,1,78,0.33987167477607727
1,139,149,66,2,77,0.25272226333618164
1,139,149,66,3,79,0.1069171205163002
1,139,149,66,4,76,0.10490146279335022
1,140,150,69,1,80,0.5199453830718994
1,140,150,69,2,81,0.29536816477775574
1,140,150,69,3,82,0.1114719957113266
1,140,150,69,4,79,0.06619270890951157
1,141,151,72,1,82,0.6189497709274292
1,141,151,72,2,83,0.23038622736930847
1,141,151,72,3,81,0.11313764750957489
1,141,151,72,4,84,0.028851624578237534
1,142,152,73,1,85,0.4181194305419922
1,142,152,73,2,84,0.2513476014137268
1,142,152,73,3,86,0.1666620671749115
1,142,152,73,4,83,0.11705916374921799
1,143,153,74,1,85,0.430036723613739
1,143,153,74,2,86,0.3416595458984375
1,143,153,74,3,87,0.20044752955436707
1,143,153,74,4,84,0.01485121063888073
1,144,154,74,1,86,0.4291303753852844
1,144,154,74,2,87,0.19579365849494934
1,144,154,74,3,85,0.1865358203649521
1,144,154,74,4,91,0.05700268596410751
1,145,155,73,1,87,0.36472615599632263
1,145,155,73,2,85,0.28258296847343445
1,145,155,73,3,86,0.2489062398672104
1,145,155,73,4,88,0.034935012459754944
1,146,156,72,1,85,0.36617815494537354
1,146,156,72,2,86,0.3199783265590668
1,146,156,72,3,87,0.19448094069957733
1,146,156,72,4,84,0.08562814444303513
1,147,157,70,1,84,0.34010663628578186
1,147,157,70,2,85,0.304031103849411
1,147,157,70,3,83,0.20686331391334534
1,147,157,70,4,86,0.092156782746315
1,148,158,67,1,79,0.7366167306900024
1,148,158,67,2,80,0.17303265631198883
1,148,158,67,3,81,0.032120540738105774
1,148,158,67,4,78,0.02365783415734768
1,149,159,64,1,75,0.5049073696136475
1,149,159,64,2,74,0.34613457322120667
1,149,159,64,3,76,0.1340835839509964
1,149,159,64,4,77,0.008259324356913567
1,150,160,63,1,72,0.3983228802680969
1,150,160,63,2,73,0.2875054180622101
1,150,160,63,3,74,0.0974566638469696
1,150,160,63,4,71,0.0763176903128624
1,151,161,62,1,70,0.21811343729496002
1,151,161,62,2,71,0.20835745334625244
1,151,161,62,3,69,0.12120315432548523
1,151,161,62,4,72,0.11006122827529907
1,152,162,60,1,66,0.29113373160362244
1,152,162,60,2,65,0.22802236676216125
1,152,162,60,3,67,0.10590633749961853
1,152,162,60,4,61,0.05068490281701088
1,153,163,58,1,66,0.25234487652778625
1,153,163,58,2,65,0.19623833894729614
1,153,163,58,3,67,0.08756787329912186
1,153,163,58,4,60,0.05182461068034172
1,154,164,56,1,65,0.24698881804943085
1,154,164,56,2,64,0.12713076174259186
1,154,164,56,3,66,0.06306932866573334
1,154,164,56,4,63,0.05353645235300064
1,155,165,55,1,61,0.15205302834510803
1,155,165,55,2,60,0.12392999231815338
1,155,165,55,3,62,0.1113247200846672
1,155,165,55,4,63,0.06854881346225739
1,156,166,53,1,60,0.2898465096950531
1,156,166,53,2,59,0.18848903477191925
1,156,166,53,3,61,0.09769877791404724
1,156,166,53,4,55,0.033619847148656845
1,157,167,51,1,59,0.1608116328716278
1,157,167,51,2,60,0.1606719046831131
1,157,167,51,3,58,0.12871238589286804
1,157,167,51,4,57,0.059615183621644974
1,158,168,50,1,58,0.3679794371128082
1,158,168,50,2,59,0.15336951613426208
1,158,168,50,3,57,0.10750776529312134
1,158,168,50,4,55,0.056367602199316025
1,159,169,49,1,56,0.18332350254058838
1,159,169,49,2,55,0.1820407211780548
1,159,169,49,3,54,0.16857801377773285
1,159,169,49,4,58,0.10169551521539688
1,160,170,49,1,60,0.1860329806804657
1,160,170,49,2,56,0.128761887550354
1,160,170,49,3,55,0.12831202149391174
1,160,170,49,4,61,0.11114141345024109
1,161,171,49,1,57,0.49956393241882324
1,161,171,49,2,58,0.3002299964427948
1,161,171,49,3,56,0.0420810766518116
1,161,171,49,4,63,0.02722357213497162
1,162,172,50,1,58,0.8078756332397461
1,162,172,50,2,59,0.19159086048603058
1,162,172,50,3,57,0.00016586060519330204
1,162,172,50,4,60,6.456625851569697e-05
1,163,173,51,1,60,0.9250667691230774
1,163,173,51,2,59,0.07280231267213821
1,163,173,51,3,61,0.0019656361546367407
1,163,173,51,4,67,6.570297409780324e-05
1,164,174,53,1,62,0.9422754049301147
1,164,174,53,2,61,0.03691297397017479
1,164,174,53,3,63,0.020562002435326576
1,164,174,53,4,69,0.00016395532293245196
1,165,175,54,1,63,0.6531268954277039
1,165,175,54,2,64,0.34623026847839355
1,165,175,54,3,62,0.0005270026158541441
1,165,175,54,4,65,5.552254879148677e-05
1,166,176,56,1,66,0.8418625593185425
1,166,176,56,2,65,0.15259949862957
1,166,176,56,3,67,0.005412391386926174
1,166,176,56,4,64,3.0555449484381825e-05
1,167,177,58,1,68,0.9608612656593323
1,167,177,58,2,69,0.0274958498775959
1,167,177,58,3,67,0.011590123176574707
1,167,177,58,4,70,3.510346505208872e-05
1,168,178,60,1,70,0.7562224864959717
1,168,178,60,2,69,0.2428286224603653
1,168,178,60,3,71,0.0007995495107024908
1,168,178,60,4,68,5.24028655490838e-05
1,169,179,61,1,71,0.6976589560508728
1,169,179,61,2,72,0.29459404945373535
1,169,179,61,3,70,0.005298512056469917
1,169,179,61,4,88,0.0009285318083129823
1,170,180,65,1,74,0.17935869097709656
1,170,180,65,2,72,0.1725374162197113
1,170,180,65,3,75,0.16450875997543335
1,170,180,65,4,73,0.13335469365119934
1,171,181,68,1,78,0.17957228422164917
1,171,181,68,2,77,0.1668049842119217
1,171,181,68,3,79,0.1489703506231308
1,171,181,68,4,76,0.13227932155132294
1,172,182,70,1,79,0.28644755482673645
1,172,182,70,2,80,0.2734808921813965
1,172,182,70,3,81,0.16950088739395142
1,172,182,70,4,78,0.0899137407541275
1,173,183,72,1,80,0.30468428134918213
1,173,183,72,2,82,0.13827529549598694
1,173,183,72,3,81,0.12737885117530823
1,173,183,72,4,79,0.10577777028083801
1,174,184,73,1,80,0.3022540807723999
1,174,184,73,2,81,0.23458489775657654
1,174,184,73,3,82,0.09850125014781952
1,174,184,73,4,79,0.08757974952459335
1,175,185,74,1,81,0.19339129328727722
1,175,185,74,2,80,0.1651926338672638
1,175,185,74,3,82,0.16368654370307922
1,175,185,74,4,83,0.13845431804656982
1,176,186,74,1,68,0.14608781039714813
1,176,186,74,2,83,0.10275670886039734
1,176,186,74,3,69,0.08609804511070251
1,176,186,74,4,82,0.08388341963291168
1,177,187,73,1,80,0.1880752593278885
1,177,187,73,2,79,0.12013780325651169
1,177,187,73,3,81,0.07433640211820602
1,177,187,73,4,70,0.07429642975330353
1,178,188,71,1,80,0.12269525974988937
1,178,188,71,2,79,0.09890440851449966
1,178,188,71,3,70,0.08733145892620087
1,178,188,71,4,78,0.07949648052453995
1,179,189,68,1,65,0.13868758082389832
1,179,189,68,2,66,0.13758023083209991
1,179,189,68,3,63,0.107185497879982
1,179,189,68,4,64,0.08589297533035278
1,180,190,66,1,71,0.3640739917755127
1,180,190,66,2,72,0.18419140577316284
1,180,190,66,3,70,0.06293857097625732
1,180,190,66,4,69,0.05253748968243599
1,181,191,62,1,65,0.270408034324646
1,181,191,62,2,66,0.20999956130981445
1,181,191,62,3,68,0.1680467426776886
1,181,191,62,4,67,0.15247619152069092
1,182,192,59,1,62,0.6110800504684448
1,182,192,59,2,63,0.34395748376846313
1,182,192,59,3,61,0.030041862279176712
1,182,192,59,4,64,0.010277988389134407
1,183,193,55,1,60,0.7611255645751953
1,183,193,55,2,61,0.23232796788215637
1,183,193,55,3,59,0.004116682335734367
1,183,193,55,4,62,0.0010090918513014913
1,184,194,51,1,58,0.9490061402320862
1,184,194,51,2,59,0.025781262665987015
1,184,194,51,3,57,0.02135186269879341
1,184,194,51,4,85,0.0010839322349056602
1,185,195,48,1,56,0.2683583199977875
1,185,195,48,2,55,0.18191805481910706
1,185,195,48,3,60,0.09044241905212402
1,185,195,48,4,61,0.04910382628440857
1,186,196,46,1,54,0.5980197787284851
1,186,196,46,2,53,0.3924363851547241
1,186,196,46,3,55,0.00676184194162488
1,186,196,46,4,52,0.0009109032689593732
1,187,197,44,1,52,0.7812014818191528
1,187,197,44,2,51,0.21564224362373352
1,187,197,44,3,50,0.0017868652939796448
1,187,197,44,4,53,0.000994344474747777
1,188,198,43,1,51,0.9349837899208069
1,188,198,43,2,50,0.05668986216187477
1,188,198,43,3,52,0.007855945266783237
1,188,198,43,4,57,0.00018313628970645368
1,189,199,44,1,52,0.8655774593353271
1,189,199,44,2,51,0.13142366707324982
1,189,199,44,3,53,0.002867351984605193
1,189,199,44,4,58,5.000626333639957e-05
1,190,200,48,1,55,0.2667614817619324
1,190,200,48,2,54,0.2500341832637787
1,190,200,48,3,56,0.11808865517377853
1,190,200,48,4,53,0.11784812062978745
1,191,201,52,1,58,0.29346489906311035
1,191,201,52,2,57,0.2636052072048187
1,191,201,52,3,59,0.09766228497028351
1,191,201,52,4,63,0.05683130770921707
1,192,202,57,1,63,0.34542280435562134
1,192,202,57,2,52,0.11313993483781815
1,192,202,57,3,64,0.09558157622814178
1,192,202,57,4,53,0.08635924011468887
1,193,203,62,1,60,0.21256771683692932
1,193,203,62,2,55,0.15792669355869293
1,193,203,62,3,66,0.12327266484498978
1,193,203,62,4,54,0.0941154956817627
1,194,204,66,1,70,0.2342136800289154
1,194,204,66,2,76,0.14328423142433167
1,194,204,66,3,59,0.11484616994857788
1,194,204,66,4,58,0.08548527956008911
1,195,205,70,1,71,0.4213418960571289
1,195,205,70,2,77,0.1700311154127121
1,195,205,70,3,78,0.12936407327651978
1,195,205,70,4,70,0.11371809989213943
1,196,206,73,1,78,0.3821521997451782
1,196,206,73,2,71,0.15987366437911987
1,196,206,73,3,77,0.13363027572631836
1,196,206,73,4,79,0.11028216034173965
1,197,207,75,1,80,0.32783520221710205
1,197,207,75,2,79,0.2620701193809509
1,197,207,75,3,81,0.14048394560813904
1,197,207,75,4,78,0.08955755829811096
1,198,208,76,1,79,0.25985774397850037
1,198,208,76,2,80,0.22685348987579346
1,198,208,76,3,81,0.13446573913097382
1,198,208,76,4,78,0.12113110721111298
1,199,209,77,1,83,0.28415608406066895
1,199,209,77,2,82,0.2094666063785553
1,199,209,77,3,84,0.18427982926368713
1,199,209,77,4,85,0.07820449769496918
1,200,210,77,1,80,0.31784912943840027
1,200,210,77,2,81,0.3018944561481476
1,200,210,77,3,82,0.14314904808998108
1,200,210,77,4,79,0.13929183781147003
1,201,211,76,1,81,0.4040149748325348
1,201,211,76,2,80,0.21679359674453735
1,201,211,76,3,82,0.16419419646263123
1,201,211,76,4,79,0.14156664907932281
1,202,212,74,1,79,0.602080225944519
1,202,212,74,2,78,0.311890184879303
1,202,212,74,3,80,0.07948281615972519
1,202,212,74,4,81,0.0035311791580170393
1,203,213,72,1,79,0.5911329984664917
1,203,213,72,2,78,0.25243547558784485
1,203,213,72,3,80,0.11519847810268402
1,203,213,72,4,77,0.032375529408454895
1,204,214,68,1,77,0.6620502471923828
1,204,214,68,2,76,0.28844934701919556
1,204,214,68,3,78,0.03904280811548233
1,204,214,68,4,75,0.005684148520231247
1,205,215,65,1,74,0.643801748752594
1,205,215,65,2,75,0.19001182913780212
1,205,215,65,3,73,0.09480974078178406
1,205,215,65,4,76,0.04018706828355789
1,206,216,61,1,68,0.7380704879760742
1,206,216,61,2,69,0.24231518805027008
1,206,216,61,3,67,0.012690586969256401
1,206,216,61,4,70,0.006448762025684118
1,207,217,56,1,63,0.797795295715332
1,207,217,56,2,64,0.10212109982967377
1,207,217,56,3,62,0.0983588695526123
1,207,217,56,4,65,0.0008773719891905785
1,208,218,52,1,60,0.7585657238960266
1,208,218,52,2,59,0.11207553744316101
1,208,218,52,3,61,0.10471285879611969
1,208,218,52,4,62,0.0074784583412110806
1,209,219,48,1,55,0.6034948825836182
1,209,219,48,2,56,0.3803284466266632
1,209,219,48,3,57,0.005191492382436991
1,209,219,48,4,54,0.004784091375768185
1,210,220,48,1,54,0.2443539798259735
1,210,220,48,2,53,0.20005595684051514
1,210,220,48,3,52,0.1339087337255478
1,210,220,48,4,55,0.13052761554718018
1,211,221,47,1,52,0.36812394857406616
1,211,221,47,2,51,0.1650138944387436
1,211,221,47,3,53,0.1443558782339096
1,211,221,47,4,57,0.047700539231300354
1,212,222,48,1,51,0.2740771770477295
1,212,222,48,2,52,0.20454707741737366
1,212,222,48,3,56,0.0716819241642952
1,212,222,48,4,50,0.060607414692640305
1,213,223,49,1,51,0.20022907853126526
1,213,223,49,2,47,0.14367035031318665
1,213,223,49,3,52,0.13255992531776428
1,213,223,49,4,48,0.06960178166627884
1,214,224,51,1,52,0.2768533229827881
1,214,224,51,2,51,0.2353045642375946
1,214,224,51,3,56,0.12085746228694916
1,214,224,51,4,47,0.094593346118927
1,215,225,53,1,52,0.5277189016342163
1,215,225,53,2,47,0.10932883620262146
1,215,225,53,3,57,0.10652921348810196
1,215,225,53,4,63,0.06930071115493774
1,216,226,55,1,56,0.18585588037967682
1,216,226,55,2,55,0.14106252789497375
1,216,226,55,3,65,0.13399580121040344
1,216,226,55,4,52,0.07061944156885147
1,217,227,57,1,60,0.5279141664505005
1,217,227,57,2,61,0.11629340052604675
1,217,227,57,3,59,0.10946770012378693
1,217,227,57,4,62,0.03423384949564934
1,218,228,59,1,65,0.274626225233078
1,218,228,59,2,64,0.20682165026664734
1,218,228,59,3,63,0.09439421445131302
1,218,228,59,4,66,0.05962749570608139
1,219,229,61,1,71,0.16789370775222778
1,219,229,61,2,68,0.16512863337993622
1,219,229,61,3,70,0.10685231536626816
1,219,229,61,4,69,0.0824957937002182
1,220,230,63,1,71,0.30199310183525085
1,220,230,63,2,75,0.1917036473751068
1,220,230,63,3,76,0.1233348697423935
1,220,230,63,4,72,0.09066380560398102
1,221,231,64,1,74,0.5275449156761169
1,221,231,64,2,75,0.3803943991661072
1,221,231,64,3,73,0.07595832645893097
1,221,231,64,4,76,0.014554055407643318
1,222,232,65,1,75,0.7855679988861084
1,222,232,65,2,74,0.13862964510917664
1,222,232,65,3,76,0.07368092983961105
1,222,232,65,4,77,0.0013237055391073227
1,223,233,65,1,76,0.8888531923294067
1,223,233,65,2,75,0.06744074076414108
1,223,233,65,3,77,0.04233737289905548
1,223,233,65,4,74,0.0010259910486638546
1,224,234,65,1,76,0.8894836902618408
1,224,234,65,2,75,0.0956420972943306
1,224,234,65,3,77,0.014595483429729939
1,224,234,65,4,74,0.00018028034537564963
1,225,235,65,1,76,0.7260522842407227
1,225,235,65,2,75,0.2484244853258133
1,225,235,65,3,77,0.02279757335782051
1,225,235,65,4,74,0.0026371085550636053
1,226,236,64,1,74,0.5825035572052002
1,226,236,64,2,75,0.40197017788887024
1,226,236,64,3,76,0.007702542934566736
1,226,236,64,4,73,0.007586887571960688
1,227,237,63,1,74,0.6185951232910156
1,227,237,63,2,73,0.355402410030365
1,227,237,63,3,72,0.021282702684402466
1,227,237,63,4,75,0.004400528501719236
1,228,238,61,1,72,0.6293709874153137
1,228,238,61,2,71,0.35491499304771423
1,228,238,61,3,73,0.009681707248091698
1,228,238,61,4,70,0.005666522774845362
1,229,239,59,1,69,0.597049355506897
1,229,239,59,2,70,0.3999975621700287
1,229,239,59,3,71,0.0016680038534104824
1,229,239,59,4,68,0.0012145012151449919
1,230,240,60,1,69,0.28933557868003845
1,230,240,60,2,68,0.21167394518852234
1,230,240,60,3,70,0.14873407781124115
1,230,240,60,4,71,0.11749373376369476
1,231,241,60,1,68,0.2215394228696823
1,231,241,60,2,69,0.1641562581062317
1,231,241,60,3,67,0.15373434126377106
1,231,241,60,4,70,0.09466312825679779
1,232,242,60,1,66,0.4390020966529846
1,232,242,60,2,67,0.19857583940029144
1,232,242,60,3,65,0.053216829895973206
1,232,242,60,4,72,0.04399706423282623
1,233,243,60,1,66,0.2778535485267639
1,233,243,60,2,67,0.23489470779895782
1,233,243,60,3,60,0.0728461742401123
1,233,243,60,4,61,0.04816105589270592
1,234,244,60,1,67,0.21250542998313904
1,234,244,60,2,66,0.08472184091806412
1,234,244,60,3,60,0.05515195429325104
1,234,244,60,4,58,0.051715362817049026
1,235,245,59,1,66,0.21238280832767487
1,235,245,59,2,53,0.09248748421669006
1,235,245,59,3,67,0.08677928149700165
1,235,245,59,4,52,0.06623487919569016
1,236,246,58,1,66,0.22321656346321106
1,236,246,58,2,67,0.10961248725652695
1,236,246,58,3,54,0.09208232909440994
1,236,246,58,4,53,0.0864466056227684
1,237,247,58,1,64,0.29739364981651306
1,237,247,58,2,79,0.15009857714176178
1,237,247,58,3,65,0.09794413298368454
1,237,247,58,4,63,0.07674028724431992
1,238,248,57,1,60,0.2114325612783432
1,238,248,57,2,61,0.17958566546440125
1,238,248,57,3,64,0.08305805921554565
1,238,248,57,4,59,0.07774872332811356
1,239,249,56,1,60,0.20097707211971283
1,239,249,56,2,61,0.18506313860416412
1,239,249,56,3,59,0.11419527232646942
1,239,249,56,4,62,0.07641295343637466
1,240,250,55,1,60,0.30035972595214844
1,240,250,55,2,59,0.29596689343452454
1,240,250,55,3,61,0.06463514268398285
1,240,250,55,4,66,0.05838777869939804
1,241,251,54,1,61,0.6413329839706421
1,241,251,54,2,60,0.28584399819374084
1,241,251,54,3,62,0.035559188574552536
1,241,251,54,4,67,0.010535746812820435
1,242,252,53,1,61,0.8156654834747314
1,242,252,53,2,62,0.18308568000793457
1,242,252,53,3,60,0.0006047061178833246
1,242,252,53,4,63,0.0005874235066585243
1,243,253,53,1,61,0.609558641910553
1,243,253,53,2,62,0.3897181451320648
1,243,253,53,3,63,0.0005247303051874042
1,243,253,53,4,60,0.00014413682220038027
1,244,254,53,1,62,0.6400362253189087
1,244,254,53,2,61,0.3594265580177307
1,244,254,53,3,63,0.0004347129142843187
1,244,254,53,4,60,5.111997597850859e-05
1,245,255,53,1,62,0.9248592853546143
1,245,255,53,2,61,0.0732596218585968
1,245,255,53,3,63,0.0018387630116194487
1,245,255,53,4,69,1.3366980965656694e-05
1,246,256,53,1,62,0.8583130836486816
1,246,256,53,2,63,0.13558200001716614
1,246,256,53,3,61,0.005997451022267342
1,246,256,53,4,64,6.656202458543703e-05
1,247,257,53,1,62,0.6967927813529968
1,247,257,53,2,63,0.29912662506103516
1,247,257,53,3,61,0.003629781771451235
1,247,257,53,4,64,0.00021279361681081355
1,248,258,54,1,63,0.9717490077018738
1,248,258,54,2,64,0.020382054150104523
1,248,258,54,3,62,0.007724895607680082
1,248,258,54,4,69,6.983228377066553e-05
1,249,259,55,1,64,0.9761213064193726
1,249,259,55,2,63,0.014105884358286858
1,249,259,55,3,65,0.009692548774182796
1,249,259,55,4,66,4.560736124403775e-05
1,250,260,58,1,66,0.33645573258399963
1,250,260,58,2,67,0.2968483567237854
1,250,260,58,3,65,0.11359968036413193
1,250,260,58,4,68,0.09424258023500443
1,251,261,61,1,70,0.16297946870326996
1,251,261,61,2,71,0.155019611120224
1,251,261,61,3,72,0.14577779173851013
1,251,261,61,4,69,0.11143144965171814
1,252,262,64,1,76,0.22177673876285553
1,252,262,64,2,75,0.2080836147069931
1,252,262,64,3,72,0.14517423510551453
1,252,262,64,4,77,0.08016189932823181
1,253,263,66,1,75,0.3773403465747833
1,253,263,66,2,76,0.22943821549415588
1,253,263,66,3,74,0.15393179655075073
1,253,263,66,4,73,0.062260951846838
1,254,264,68,1,76,0.6744115352630615
1,254,264,68,2,77,0.1430327296257019
1,254,264,68,3,75,0.08707510679960251
1,254,264,68,4,70,0.014936397783458233
1,255,265,69,1,76,0.6231433153152466
1,255,265,69,2,77,0.2442517876625061
1,255,265,69,3,75,0.03415808454155922
1,255,265,69,4,78,0.017719440162181854
1,256,266,70,1,76,0.6950222253799438
1,256,266,70,2,77,0.16120246052742004
1,256,266,70,3,70,0.0268922857940197
1,256,266,70,4,78,0.01999303698539734
1,257,267,70,1,76,0.41901665925979614
1,257,267,70,2,77,0.4140093922615051
1,257,267,70,3,78,0.07711081951856613
1,257,267,70,4,75,0.02382265031337738
1,258,268,70,1,78,0.34248024225234985
1,258,268,70,2,77,0.25330671668052673
1,258,268,70,3,76,0.1776203215122223
1,258,268,70,4,79,0.04843883588910103
1,259,269,68,1,76,0.2795413136482239
1,259,269,68,2,77,0.18385204672813416
1,259,269,68,3,72,0.13533341884613037
1,259,269,68,4,78,0.09730721265077591
1,260,270,67,1,67,0.3049929440021515
1,260,270,67,2,66,0.2033051699399948
1,260,270,67,3,68,0.14502473175525665
1,260,270,67,4,65,0.10020988434553146
1,261,271,65,1,68,0.7422388195991516
1,261,271,65,2,67,0.16181734204292297
1,261,271,65,3,69,0.0778227224946022
1,261,271,65,4,70,0.006500896066427231
1,262,272,62,1,68,0.519372284412384
1,262,272,62,2,67,0.4500269591808319
1,262,272,62,3,69,0.019956296309828758
1,262,272,62,4,66,0.007399700116366148
1,263,273,59,1,65,0.8385435938835144
1,263,273,59,2,66,0.153397336602211
1,263,273,59,3,64,0.004157532937824726
1,263,273,59,4,67,0.00356223969720304
1,264,274,56,1,62,0.7646157741546631
1,264,274,56,2,61,0.17890432476997375
1,264,274,56,3,63,0.051770418882369995
1,264,274,56,4,60,0.0028799446299672127
1,265,275,53,1,60,0.7798453569412231
1,265,275,53,2,59,0.21821415424346924
1,265,275,53,3,61,0.0009903210448101163
1,265,275,53,4,58,0.00028777908300980926
1,266,276,51,1,58,0.9248067736625671
1,266,276,51,2,59,0.06970591843128204
1,266,276,51,3,57,0.004099573008716106
1,266,276,51,4,60,0.00043555241427384317
1,267,277,48,1,57,0.5299226641654968
1,267,277,48,2,56,0.4664560556411743
1,267,277,48,3,55,0.00110633485019207
1,267,277,48,4,85,0.0007292029913514853
1,268,278,47,1,54,0.5343981385231018
1,268,278,47,2,55,0.4578501582145691
1,268,278,47,3,53,0.002347308676689863
1,268,278,47,4,60,0.0022423320915549994
1,269,279,46,1,54,0.8602573871612549
1,269,279,46,2,53,0.1351078599691391
1,269,279,46,3,55,0.004398006945848465
1,269,279,46,4,52,8.579513087170199e-05
1,270,280,46,1,55,0.3943829834461212
1,270,280,46,2,54,0.2748889625072479
1,270,280,46,3,56,0.1158847063779831
1,270,280,46,4,53,0.05122113972902298
1,271,281,48,1,58,0.31304284930229187
1,271,281,48,2,57,0.17844605445861816
1,271,281,48,3,59,0.12944422662258148
1,271,281,48,4,52,0.05198973789811134
1,272,282,50,1,63,0.27210545539855957
1,272,282,50,2,58,0.151780903339386
1,272,282,50,3,64,0.1017884910106659
1,272,282,50,4,59,0.08016985654830933
1,273,283,53,1,67,0.450705885887146
1,273,283,53,2,52,0.1435668170452118
1,273,283,53,3,66,0.10382291674613953
1,273,283,53,4,61,0.06323950737714767
1,274,284,55,1,70,0.5277562737464905
1,274,284,55,2,69,0.2891223430633545
1,274,284,55,3,59,0.04158508777618408
1,274,284,55,4,58,0.03077242337167263
1,275,285,58,1,56,0.30501818656921387
1,275,285,58,2,57,0.11732558161020279
1,275,285,58,3,58,0.09152570366859436
1,275,285,58,4,72,0.08529344201087952
1,276,286,60,1,70,0.43445396423339844
1,276,286,60,2,71,0.16050149500370026
1,276,286,60,3,77,0.11413171887397766
1,276,286,60,4,76,0.09095253050327301
1,277,287,63,1,77,0.3358876705169678
1,277,287,63,2,76,0.3235253095626831
1,277,287,63,3,78,0.1254924088716507
1,277,287,63,4,70,0.04674159362912178
1,278,288,65,1,77,0.3505999743938446
1,278,288,65,2,76,0.21583446860313416
1,278,288,65,3,78,0.20472072064876556
1,278,288,65,4,75,0.06987033039331436
1,279,289,66,1,78,0.3455977141857147
1,279,289,66,2,77,0.3021978735923767
1,279,289,66,3,79,0.13884705305099487
1,279,289,66,4,76,0.11025820672512054
1,280,290,67,1,76,0.35018110275268555
1,280,290,67,2,77,0.21233806014060974
1,280,290,67,3,75,0.19870096445083618
1,280,290,67,4,78,0.16913235187530518
1,281,291,68,1,77,0.3911241292953491
1,281,291,68,2,76,0.32326897978782654
1,281,291,68,3,75,0.170607328414917
1,281,291,68,4,78,0.09205524623394012
1,282,292,67,1,78,0.34884652495384216
1,282,292,67,2,77,0.33629027009010315
1,282,292,67,3,79,0.1566103994846344
1,282,292,67,4,76,0.14063134789466858
1,283,293,67,1,77,0.6565886735916138
1,283,293,67,2,76,0.2678462862968445
1,283,293,67,3,78,0.060632314532995224
1,283,293,67,4,75,0.010459216311573982
1,284,294,66,1,77,0.480607271194458
1,284,294,66,2,76,0.43438756465911865
1,284,294,66,3,75,0.05518132448196411
1,284,294,66,4,78,0.028145935386419296
1,285,295,64,1,75,0.6440135836601257
1,285,295,64,2,76,0.19117292761802673
1,285,295,64,3,74,0.15480665862560272
1,285,295,64,4,77,0.0064500318840146065
1,286,296,62,1,72,0.8170901536941528
1,286,296,62,2,73,0.09596612304449081
1,286,296,62,3,71,0.0811525508761406
1,286,296,62,4,70,0.003279411233961582
1,287,297,60,1,69,0.6708512306213379
1,287,297,60,2,70,0.31240561604499817
1,287,297,60,3,68,0.008544362150132656
1,287,297,60,4,71,0.008116787299513817
1,288,298,58,1,67,0.7826369404792786
1,288,298,58,2,68,0.14013947546482086
1,288,298,58,3,66,0.0720774382352829
1,288,298,58,4,69,0.004474915098398924
1,289,299,55,1,65,0.8456700444221497
1,289,299,55,2,64,0.12074708938598633
1,289,299,55,3,66,0.03296502307057381
1,289,299,55,4,63,0.00042577256681397557
1,290,300,54,1,62,0.2902863025665283
1,290,300,54,2,63,0.22328519821166992
1,290,300,54,3,61,0.16278478503227234
1,290,300,54,4,65,0.06751281023025513
1,291,301,52,1,61,0.32905638217926025
1,291,301,52,2,60,0.24122288823127747
1,291,301,52,3,62,0.09307309985160828
1,291,301,52,4,59,0.054424356669187546
1,292,302,51,1,59,0.24462762475013733
1,292,302,51,2,60,0.20073223114013672
1,292,302,51,3,58,0.14307457208633423
1,292,302,51,4,65,0.06805254518985748
1,293,303,50,1,58,0.1956477016210556
1,293,303,50,2,64,0.17595519125461578
1,293,303,50,3,57,0.14587907493114471
1,293,303,50,4,63,0.11433795094490051
1,294,304,50,1,58,0.32972198724746704
1,294,304,50,2,52,0.19954432547092438
1,294,304,50,3,64,0.06853729486465454
1,294,304,50,4,63,0.06110229715704918
1,295,305,50,1,58,0.4253447353839874
1,295,305,50,2,64,0.12875111401081085
1,295,305,50,3,52,0.11235399544239044
1,295,305,50,4,65,0.09961913526058197
1,296,306,51,1,59,0.4070276916027069
1,296,306,51,2,65,0.1163206547498703
1,296,306,51,3,58,0.08841448277235031
1,296,306,51,4,53,0.08354011923074722
1,297,307,52,1,61,0.15465804934501648
1,297,307,52,2,60,0.1011224091053009
1,297,307,52,3,56,0.09744305163621902
1,297,307,52,4,58,0.09089437127113342
1,298,308,53,1,60,0.40805280208587646
1,298,308,53,2,59,0.17803451418876648
1,298,308,53,3,61,0.10909737646579742
1,298,308,53,4,58,0.09072436392307281
1,299,309,54,1,62,0.3406083285808563
1,299,309,54,2,63,0.1735297590494156
1,299,309,54,3,61,0.1278848648071289
1,299,309,54,4,60,0.06178325414657593
1,300,310,56,1,64,0.8654093742370605
1,300,310,56,2,63,0.06494643539190292
1,300,310,56,3,65,0.06021309271454811
1,300,310,56,4,70,0.003978426568210125
1,301,311,57,1,66,0.6692442893981934
1,301,311,57,2,67,0.3155139088630676
1,301,311,57,3,65,0.007732063066214323
1,301,311,57,4,68,0.00672964658588171
1,302,312,59,1,69,0.554645299911499
1,302,312,59,2,68,0.44070008397102356
1,302,312,59,3,70,0.003459945321083069
1,302,312,59,4,67,0.001140941632911563
1,303,313,60,1,70,0.8842369318008423
1,303,313,60,2,71,0.0993657261133194
1,303,313,60,3,69,0.013076390139758587
1,303,313,60,4,72,0.003127222415059805
1,304,314,61,1,72,0.5787423849105835
1,304,314,61,2,71,0.397091805934906
1,304,314,61,3,73,0.01746387593448162
1,304,314,61,4,70,0.006472933571785688
1,305,315,62,1,72,0.6084701418876648
1,305,315,62,2,73,0.37543535232543945
1,305,315,62,3,74,0.009747304953634739
1,305,315,62,4,71,0.0062070125713944435
1,306,316,62,1,73,0.7606176137924194
1,306,316,62,2,72,0.22119301557540894
1,306,316,62,3,74,0.017607679590582848
1,306,316,62,4,71,0.00041025475366041064
1,307,317,62,1,73,0.7486807107925415
1,307,317,62,2,72,0.21854443848133087
1,307,317,62,3,74,0.03225212171673775
1,307,317,62,4,71,0.00022849897504784167
1,308,318,62,1,73,0.6210817098617554
1,308,318,62,2,72,0.36770474910736084
1,308,318,62,3,74,0.010884949006140232
1,308,318,62,4,71,0.00021614483557641506
1,309,319,62,1,73,0.8387184739112854
1,309,319,62,2,74,0.12502321600914001
1,309,319,62,3,72,0.03459282964468002
1,309,319,62,4,75,0.0015267020789906383
1,310,320,63,1,72,0.9274570941925049
1,310,320,63,2,73,0.04389777407050133
1,310,320,63,3,71,0.028559623286128044
1,310,320,63,4,70,5.358528142096475e-05
1,311,321,65,1,71,0.8061003684997559
1,311,321,65,2,70,0.18603023886680603
1,311,321,65,3,72,0.007568936329334974
1,311,321,65,4,69,0.0002698308671824634
1,312,322,66,1,69,0.5684976577758789
1,312,322,66,2,70,0.4283338189125061
1,312,322,66,3,68,0.0023557802196592093
1,312,322,66,4,71,0.0008039153181016445
1,313,323,66,1,68,0.8242812156677246
1,313,323,66,2,67,0.14673613011837006
1,313,323,66,3,69,0.02868282049894333
1,313,323,66,4,66,0.00015552909462712705
1,314,324,66,1,66,0.9262279868125916
1,314,324,66,2,67,0.052843548357486725
1,314,324,66,3,65,0.02033790573477745
1,314,324,66,4,68,0.00023401383077725768
1,315,325,65,1,64,0.8736104965209961
1,315,325,65,2,65,0.12163613736629486
1,315,325,65,3,63,0.004607748705893755
1,315,325,65,4,66,5.2437309932429343e-05
1,316,326,64,1,63,0.634687066078186
1,316,326,64,2,64,0.3644593358039856
1,316,326,64,3,62,0.0005643147160299122
1,316,326,64,4,65,0.00018978781008627266
1,317,327,63,1,62,0.9550524950027466
1,317,327,63,2,61,0.04124592989683151
1,317,327,63,3,63,0.003691562218591571
1,317,327,63,4,69,2.943760591733735e-06
1,318,328,61,1,61,0.9770069718360901
1,318,328,61,2,62,0.020459802821278572
1,318,328,61,3,60,0.0025259507820010185
1,318,328,61,4,63,3.1169411158771254e-06
1,319,329,59,1,60,0.75010746717453
1,319,329,59,2,61,0.24879217147827148
1,319,329,59,3,59,0.0007303401944227517
1,319,329,59,4,62,0.00035273117828182876
1,320,330,57,1,59,0.8274692893028259
1,320,330,57,2,60,0.16726572811603546
1,320,330,57,3,58,0.0051577105186879635
1,320,330,57,4,61,6.101036342442967e-05
1,321,331,55,1,58,0.8717052936553955
1,321,331,55,2,59,0.12474039196968079
1,321,331,55,3,60,0.0023366061504930258
1,321,331,55,4,57,0.0008175464463420212
1,322,332,53,1,58,0.9678124189376831
1,322,332,53,2,59,0.028288329020142555
1,322,332,53,3,57,0.0034228104632347822
1,322,332,53,4,60,0.00031509410473518074
1,323,333,51,1,58,0.9696158170700073
1,323,333,51,2,59,0.016746560111641884
1,323,333,51,3,57,0.01319500245153904
1,323,333,51,4,60,0.0002485431032255292
1,324,334,50,1,58,0.630980372428894
1,324,334,50,2,57,0.36386412382125854
1,324,334,50,3,59,0.0033982587046921253
1,324,334,50,4,72,0.0006874111131764948
1,325,335,49,1,57,0.7080230712890625
1,325,335,49,2,58,0.281320720911026
1,325,335,49,3,56,0.004309642128646374
1,325,335,49,4,59,0.002550022676587105
1,326,336,48,1,57,0.9793983697891235
1,326,336,48,2,56,0.013849492184817791
1,326,336,48,3,58,0.006585585884749889
1,326,336,48,4,72,2.222778130089864e-05
1,327,337,48,1,57,0.9561276435852051
1,327,337,48,2,58,0.03679374232888222
1,327,337,48,3,56,0.006774815730750561
1,327,337,48,4,72,3.687480420921929e-05
1,328,338,49,1,58,0.9577980637550354
1,328,338,49,2,59,0.02828027680516243
1,328,338,49,3,57,0.013704598881304264
1,328,338,49,4,60,8.223312033805996e-05
1,329,339,50,1,59,0.9156036972999573
1,329,339,50,2,60,0.07750581204891205
1,329,339,50,3,58,0.006822916679084301
1,329,339,50,4,61,1.4720894796482753e-05
1,330,340,53,1,61,0.9770151376724243
1,330,340,53,2,60,0.018630171194672585
1,330,340,53,3,62,0.004313834477216005
1,330,340,53,4,67,1.0144904990738723e-05
1,331,341,55,1,63,0.8528614044189453
1,331,341,55,2,62,0.11941013485193253
1,331,341,55,3,64,0.02633650228381157
1,331,341,55,4,61,0.0004355584387667477
1,332,342,58,1,65,0.8998687267303467
1,332,342,58,2,64,0.059110384434461594
1,332,342,58,3,66,0.040572501718997955
1,332,342,58,4,67,0.0001759238657541573
1,333,343,60,1,68,0.8585600256919861
1,333,343,60,2,67,0.08800210058689117
1,333,343,60,3,69,0.05075501650571823
1,333,343,60,4,70,0.0019661039113998413
1,334,344,62,1,70,0.7124549746513367
1,334,344,62,2,69,0.21585455536842346
1,334,344,62,3,71,0.06358634680509567
1,334,344,62,4,68,0.006860361900180578
1,335,345,64,1,72,0.7984492182731628
1,335,345,64,2,71,0.12292692810297012
1,335,345,64,3,73,0.07695380598306656
1,335,345,64,4,74,0.0008315510349348187
1,336,346,66,1,73,0.5256205201148987
1,336,346,66,2,74,0.46366918087005615
1,336,346,66,3,75,0.006452486850321293
1,336,346,66,4,72,0.004238768946379423
1,337,347,67,1,74,0.7003837823867798
1,337,347,67,2,75,0.2749986946582794
1,337,347,67,3,73,0.024139413610100746
1,337,347,67,4,76,0.00043875336996279657
1,338,348,67,1,75,0.8940659761428833
1,338,348,67,2,76,0.05456480383872986
1,338,348,67,3,74,0.05044355243444443
1,338,348,67,4,77,0.0006069805240258574
1,339,349,67,1,76,0.7121448516845703
1,339,349,67,2,75,0.15361489355564117
1,339,349,67,3,77,0.13099104166030884
1,339,349,67,4,78,0.001987501047551632
1,340,350,66,1,76,0.5168300867080688
1,340,350,66,2,75,0.4685380458831787
1,340,350,66,3,77,0.013856038451194763
1,340,350,66,4,74,0.0005436713108792901
1,341,351,65,1,75,0.8256216049194336
1,341,351,65,2,76,0.16657660901546478
1,341,351,65,3,74,0.004932893440127373
1,341,351,65,4,77,0.0027981612365692854
1,342,352,64,1,74,0.8471874594688416
1,342,352,64,2,75,0.07920840382575989
1,342,352,64,3,73,0.07333918660879135
1,342,352,64,4,76,0.00014399297651834786
1,343,353,62,1,72,0.54336017370224
1,343,353,62,2,71,0.26733076572418213
1,343,353,62,3,73,0.1677522212266922
1,343,353,62,4,74,0.017722971737384796
1,344,354,60,1,70,0.43983545899391174
1,344,354,60,2,69,0.4039487838745117
1,344,354,60,3,71,0.13265733420848846
1,344,354,60,4,68,0.012090224772691727
1,345,355,57,1,67,0.7192221879959106
1,345,355,57,2,66,0.21365615725517273
1,345,355,57,3,68,0.05121048167347908
1,345,355,57,4,69,0.007470115087926388
1,346,356,55,1,65,0.7057600021362305
1,346,356,55,2,66,0.22714859247207642
1,346,356,55,3,64,0.03297567367553711
1,346,356,55,4,71,0.012391539290547371
1,347,357,53,1,62,0.8923155069351196
1,347,357,53,2,63,0.07675617188215256
1,347,357,53,3,61,0.030081260949373245
1,347,357,53,4,64,0.0003557172603905201
1,348,358,51,1,60,0.9063060879707336
1,348,358,51,2,61,0.06588585674762726
1,348,358,51,3,59,0.026970893144607544
1,348,358,51,4,62,0.00030757486820220947
1,349,359,49,1,58,0.8206214904785156
1,349,359,49,2,57,0.17202800512313843
1,349,359,49,3,59,0.006634532008320093
1,349,359,49,4,60,0.00033687290851958096
1,350,360,49,1,57,0.9734740853309631
1,350,360,49,2,56,0.013917534612119198
1,350,360,49,3,58,0.012532753869891167
1,350,360,49,4,72,2.757118818408344e-05
1,351,361,49,1,56,0.8167597055435181
1,351,361,49,2,57,0.18242040276527405
1,351,361,49,3,55,0.0005492388736456633
1,351,361,49,4,58,0.0002141494769603014
1,352,362,50,1,56,0.7355093955993652
1,352,362,50,2,57,0.2629569470882416
1,352,362,50,3,55,0.0007808756781741977
1,352,362,50,4,58,0.0006751132314093411
1,353,363,51,1,57,0.8886719942092896
1,353,363,51,2,58,0.10622048377990723
1,353,363,51,3,56,0.004909504670649767
1,353,363,51,4,52,4.975808406015858e-05
1,354,364,53,1,58,0.8551095724105835
1,354,364,53,2,59,0.13931578397750854
1,354,364,53,3,57,0.0043548159301280975
1,354,364,53,4,60,0.0010526671539992094
1,355,365,54,1,61,0.7382060289382935
1,355,365,54,2,60,0.2613457441329956
1,355,365,54,3,62,0.00033228652318939567
1,355,365,54,4,59,8.920865366235375e-05
1,356,366,56,1,63,0.706011176109314
1,356,366,56,2,62,0.28219297528266907
1,356,366,56,3,64,0.009941828437149525
1,356,366,56,4,61,0.0015090866945683956
1,357,367,58,1,65,0.9012738466262817
1,357,367,58,2,64,0.06801734119653702
1,357,367,58,3,66,0.02993977814912796
1,357,367,58,4,63,0.00020996738749090582
1,358,368,60,1,68,0.8077296614646912
1,358,368,60,2,69,0.10807590931653976
1,358,368,60,3,67,0.07798771560192108
1,358,368,60,4,70,0.005202160216867924
1,359,369,61,1,71,0.7385290265083313
1,359,369,61,2,72,0.18787795305252075
1,359,369,61,3,70,0.0716225802898407
1,359,369,61,4,73,0.001188297988846898
1,360,370,62,1,72,0.727542519569397
1,360,370,62,2,73,0.2538345158100128
1,360,370,62,3,71,0.015908123925328255
1,360,370,62,4,74,0.0026604493614286184
1,361,371,63,1,74,0.7769805788993835
1,361,371,63,2,73,0.19397008419036865
1,361,371,63,3,75,0.02663465216755867
1,361,371,63,4,72,0.002305244794115424
1,362,372,64,1,75,0.4918835759162903
1,362,372,64,2,74,0.4832237660884857
1,362,372,64,3,76,0.016140690073370934
1,362,372,64,4,73,0.008032470941543579
1,363,373,64,1,74,0.7392269372940063
1,363,373,64,2,75,0.2445027232170105
1,363,373,64,3,73,0.012597864493727684
1,363,373,64,4,76,0.0035769969690591097
1,364,374,63,1,75,0.6553616523742676
1,364,374,63,2,74,0.3135574758052826
1,364,374,63,3,76,0.02744128368794918
1,364,374,63,4,73,0.00300316559150815
1,365,375,63,1,75,0.6627159118652344
1,365,375,63,2,74,0.3266492486000061
1,365,375,63,3,76,0.007255148142576218
1,365,375,63,4,73,0.003226764965802431
1,366,376,62,1,74,0.7187777757644653
1,366,376,62,2,73,0.23695701360702515
1,366,376,62,3,75,0.04360940307378769
1,366,376,62,4,72,0.0005550251225940883
1,367,377,61,1,72,0.5526071190834045
1,367,377,61,2,71,0.25373581051826477
1,367,377,61,3,73,0.19152875244617462
1,367,377,61,4,74,0.0011016339994966984
1,368,378,59,1,70,0.7470300197601318
1,368,378,59,2,69,0.22482743859291077
1,368,378,59,3,71,0.027389012277126312
1,368,378,59,4,68,0.0006478698342107236
1,369,379,57,1,67,0.7158308029174805
1,369,379,57,2,68,0.2787122130393982
1,369,379,57,3,66,0.00354636088013649
1,369,379,57,4,69,0.0018138692248612642
1,370,380,53,1,66,0.8811819553375244
1,370,380,53,2,65,0.07763928920030594
1,370,380,53,3,67,0.0390746109187603
1,370,380,53,4,68,0.000346431159414351
1,371,381,49,1,64,0.8965158462524414
1,371,381,49,2,65,0.09031186997890472
1,371,381,49,3,63,0.011747199110686779
1,371,381,49,4,66,0.0005658775917254388
1,372,382,46,1,62,0.8044214844703674
1,372,382,46,2,63,0.19049318134784698
1,372,382,46,3,61,0.0036800135858356953
1,372,382,46,4,64,0.0008261274197138846
1,373,383,44,1,61,0.8473643064498901
1,373,383,44,2,62,0.07564570754766464
1,373,383,44,3,60,0.07521093636751175
1,373,383,44,4,63,0.00043188294512219727
1,374,384,42,1,60,0.9392447471618652
1,374,384,42,2,61,0.03077893890440464
1,374,384,42,3,59,0.02982386387884617
1,374,384,42,4,62,5.370140934246592e-05
1,375,385,42,1,59,0.9120463132858276
1,375,385,42,2,60,0.07864755392074585
1,375,385,42,3,58,0.009243765845894814
1,375,385,42,4,61,2.458060043863952e-05
1,376,386,43,1,59,0.9527457356452942
1,376,386,43,2,60,0.03265552222728729
1,376,386,43,3,58,0.014574876055121422
1,376,386,43,4,61,5.066648554929998e-06
1,377,387,45,1,59,0.8541158437728882
1,377,387,45,2,60,0.14250774681568146
1,377,387,45,3,58,0.0033466729801148176
1,377,387,45,4,61,2.0694460545200855e-05
1,378,388,48,1,60,0.9284849166870117
1,378,388,48,2,61,0.07078257948160172
1,378,388,48,3,59,0.0007156436331570148
1,378,388,48,4,62,7.009500222920906e-06
1,379,389,52,1,62,0.6964112520217896
1,379,389,52,2,61,0.300245463848114
1,379,389,52,3,63,0.003309042891487479
1,379,389,52,4,60,2.4872482754290104e-05
1,380,390,56,1,65,0.9120527505874634
1,380,390,56,2,66,0.07504019141197205
1,380,390,56,3,64,0.012554069980978966
1,380,390,56,4,67,0.00026721166796050966
1,381,391,60,1,70,0.7689520120620728
1,381,391,60,2,69,0.1657538115978241
1,381,391,60,3,71,0.06417611241340637
1,381,391,60,4,72,0.0007469028350897133
1,382,392,63,1,74,0.5769850015640259
1,382,392,63,2,73,0.37186574935913086
1,382,392,63,3,75,0.0493001863360405
1,382,392,63,4,72,0.0016938380431383848
1,383,393,66,1,77,0.9207026958465576
1,383,393,66,2,78,0.04787125438451767
1,383,393,66,3,76,0.03032716177403927
1,383,393,66,4,79,0.0008035278879106045
1,384,394,69,1,80,0.6583528518676758
1,384,394,69,2,81,0.19185909628868103
1,384,394,69,3,79,0.12900640070438385
1,384,394,69,4,82,0.01106085442006588
1,385,395,71,1,83,0.36153149604797363
1,385,395,71,2,82,0.3445572257041931
1,385,395,71,3,84,0.11670342087745667
1,385,395,71,4,81,0.1007489413022995
1,386,396,72,1,85,0.35500240325927734
1,386,396,72,2,84,0.23789724707603455
1,386,396,72,3,83,0.17851561307907104
1,386,396,72,4,82,0.10603129863739014
1,387,397,73,1,85,0.5652406811714172
1,387,397,73,2,84,0.1590173840522766
1,387,397,73,3,86,0.12406013160943985
1,387,397,73,4,83,0.12069033831357956
1,388,398,73,1,85,0.5014582872390747
1,388,398,73,2,84,0.3790787160396576
1,388,398,73,3,86,0.08685629814863205
1,388,398,73,4,83,0.024873167276382446
1,389,399,72,1,85,0.5635696649551392
1,389,399,72,2,86,0.2563330829143524
1,389,399,72,3,84,0.05195415019989014
1,389,399,72,4,87,0.04139595106244087
1,390,400,69,1,85,0.31897008419036865
1,390,400,69,2,83,0.30591675639152527
1,390,400,69,3,86,0.17466071248054504
1,390,400,69,4,84,0.08898577094078064
1,391,401,67,1,82,0.33236172795295715
1,391,401,67,2,81,0.24815873801708221
1,391,401,67,3,83,0.18345867097377777
1,391,401,67,4,85,0.08836185932159424
1,392,402,63,1,77,0.5264238119125366
1,392,402,63,2,78,0.3927046060562134
1,392,402,63,3,76,0.05202517658472061
1,392,402,63,4,79,0.027845343574881554
1,393,403,60,1,75,0.637546181678772
1,393,403,60,2,74,0.19670990109443665
1,393,403,60,3,76,0.13724905252456665
1,393,403,60,4,73,0.022610951215028763
1,394,404,56,1,68,0.3911150097846985
1,394,404,56,2,69,0.22767263650894165
1,394,404,56,3,70,0.14638572931289673
1,394,404,56,4,67,0.09927242994308472
1,395,405,52,1,64,0.27022409439086914
1,395,405,52,2,65,0.19109931588172913
1,395,405,52,3,71,0.16580842435359955
1,395,405,52,4,70,0.10890047252178192
1,396,406,49,1,60,0.4432632625102997
1,396,406,49,2,61,0.2796498239040375
1,396,406,49,3,59,0.07567572593688965
1,396,406,49,4,66,0.038297466933727264
1,397,407,46,1,58,0.8101205825805664
1,397,407,46,2,59,0.1569909304380417
1,397,407,46,3,57,0.020236177369952202
1,397,407,46,4,60,0.005510040558874607
1,398,408,44,1,55,0.4618479013442993
1,398,408,44,2,54,0.25158751010894775
1,398,408,44,3,56,0.23378923535346985
1,398,408,44,4,57,0.0265796035528183
1,399,409,43,1,53,0.6585555076599121
1,399,409,43,2,52,0.26100146770477295
1,399,409,43,3,54,0.07855406403541565
1,399,409,43,4,51,0.0015530610689893365
1,400,410,43,1,52,0.8418172597885132
1,400,410,43,2,53,0.1480962634086609
1,400,410,43,3,51,0.008910760283470154
1,400,410,43,4,54,0.0011062351986765862
1,401,411,45,1,53,0.5294950008392334
1,401,411,45,2,52,0.46759241819381714
1,401,411,45,3,54,0.002659126417711377
1,401,411,45,4,51,0.00021144513448234648
1,402,412,47,1,55,0.7332170009613037
1,402,412,47,2,56,0.26404044032096863
1,402,412,47,3,54,0.0016937879845499992
1,402,412,47,4,57,0.0007733648526482284
1,403,413,50,1,57,0.5153469443321228
1,403,413,50,2,58,0.47827452421188354
1,403,413,50,3,59,0.00466326205059886
1,403,413,50,4,56,0.0009551356779411435
1,404,414,53,1,61,0.8438072204589844
1,404,414,53,2,62,0.09648456424474716
1,404,414,53,3,60,0.047366008162498474
1,404,414,53,4,59,0.004842156078666449
1,405,415,57,1,66,0.5912101864814758
1,405,415,57,2,65,0.1912427842617035
1,405,415,57,3,67,0.180772066116333
1,405,415,57,4,64,0.020620526745915413
1,406,416,60,1,69,0.8127787113189697
1,406,416,60,2,70,0.18434476852416992
1,406,416,60,3,68,0.0025797495618462563
1,406,416,60,4,71,0.0002586596820037812
1,407,417,63,1,73,0.6008695960044861
1,407,417,63,2,74,0.3587459921836853
1,407,417,63,3,75,0.03657394275069237
1,407,417,63,4,72,0.0034907071385532618
1,408,418,66,1,79,0.3548027575016022
1,408,418,66,2,81,0.3003726303577423
1,408,418,66,3,80,0.18820461630821228
1,408,418,66,4,78,0.10445894300937653
1,409,419,68,1,82,0.4837913513183594
1,409,419,68,2,81,0.3602195382118225
1,409,419,68,3,80,0.06630770117044449
1,409,419,68,4,83,0.06268655508756638
1,410,420,71,1,85,0.32064172625541687
1,410,420,71,2,83,0.2700153887271881
1,410,420,71,3,84,0.1735777109861374
1,410,420,71,4,82,0.1153465062379837
1,411,421,73,1,85,0.3744772672653198
1,411,421,73,2,83,0.20341576635837555
1,411,421,73,3,84,0.1665651649236679
1,411,421,73,4,86,0.12922680377960205
1,412,422,74,1,85,0.4849940240383148
1,412,422,74,2,83,0.2430715560913086
1,412,422,74,3,84,0.12327434122562408
1,412,422,74,4,86,0.08696524798870087
1,413,423,74,1,83,0.4205859303474426
1,413,423,74,2,85,0.33445483446121216
1,413,423,74,3,84,0.12019481509923935
1,413,423,74,4,82,0.05120560899376869
1,414,424,74,1,82,0.5346177220344543
1,414,424,74,2,83,0.38977035880088806
1,414,424,74,3,81,0.06849505007266998
1,414,424,74,4,84,0.005557441618293524
1,415,425,72,1,80,0.6602544784545898
1,415,425,72,2,81,0.21848364174365997
1,415,425,72,3,79,0.11297950148582458
1,415,425,72,4,82,0.007158617954701185
1,416,426,70,1,77,0.518602192401886
1,416,426,70,2,78,0.22545073926448822
1,416,426,70,3,79,0.12737396359443665
1,416,426,70,4,76,0.10855616629123688
1,417,427,68,1,76,0.8182443380355835
1,417,427,68,2,75,0.10785142332315445
1,417,427,68,3,77,0.07120770961046219
1,417,427,68,4,74,0.001717668492347002
1,418,428,65,1,71,0.5481739044189453
1,418,428,65,2,72,0.2535761594772339
1,418,428,65,3,70,0.122829869389534
1,418,428,65,4,73,0.06338877975940704
1,419,429,62,1,68,0.5768799781799316
1,419,429,62,2,67,0.3364298343658447
1,419,429,62,3,69,0.05975150316953659
1,419,429,62,4,70,0.011255977675318718
1,420,430,58,1,63,0.542949914932251
1,420,430,58,2,64,0.36203497648239136
1,420,430,58,3,70,0.02414071373641491
1,420,430,58,4,71,0.02072533220052719
1,421,431,54,1,60,0.6481399536132812
1,421,431,54,2,61,0.3439665734767914
1,421,431,54,3,59,0.004667508881539106
1,421,431,54,4,62,0.0024033908266574144
1,422,432,51,1,57,0.8990616202354431
1,422,432,51,2,58,0.07194827497005463
1,422,432,51,3,56,0.028429552912712097
1,422,432,51,4,72,0.00010772219684440643
1,423,433,48,1,54,0.5379112958908081
1,423,433,48,2,55,0.3308714032173157
1,423,433,48,3,56,0.06104504317045212
1,423,433,48,4,53,0.06063830107450485
1,424,434,45,1,52,0.7453103065490723
1,424,434,45,2,51,0.10686156153678894
1,424,434,45,3,53,0.10298046469688416
1,424,434,45,4,50,0.02035551890730858
1,425,435,44,1,51,0.6636782884597778
1,425,435,44,2,50,0.23583094775676727
1,425,435,44,3,52,0.09920963644981384
1,425,435,44,4,49,0.0006442387239076197
1,426,436,43,1,51,0.9211615324020386
1,426,436,43,2,50,0.06502393633127213
1,426,436,43,3,52,0.013630914501845837
1,426,436,43,4,56,5.613354733213782e-05
1,427,437,44,1,52,0.8577054738998413
1,427,437,44,2,51,0.14115886390209198
1,427,437,44,3,53,0.0009901855373755097
1,427,437,44,4,50,9.432596561964601e-05
1,428,438,46,1,54,0.7672709822654724
1,428,438,46,2,53,0.2317075878381729
1,428,438,46,3,55,0.0006886367918923497
1,428,438,46,4,52,0.00026530722971074283
1,429,439,48,1,56,0.9177643060684204
1,429,439,48,2,55,0.046366915106773376
1,429,439,48,3,57,0.033752214163541794
1,429,439,48,4,58,0.0011386004043743014
1,430,440,52,1,59,0.49102452397346497
1,430,440,52,2,58,0.27709197998046875
1,430,440,52,3,60,0.21564823389053345
1,430,440,52,4,57,0.007184556219726801
1,431,441,56,1,64,0.5890023708343506
1,431,441,56,2,63,0.32083016633987427
1,431,441,56,3,65,0.04921367019414902
1,431,441,56,4,62,0.02470671385526657
1,432,442,60,1,67,0.8486080765724182
1,432,442,60,2,68,0.08098188787698746
1,432,442,60,3,66,0.06969732791185379
1,432,442,60,4,69,0.00020597950788214803
1,433,443,64,1,71,0.6793131232261658
1,433,443,64,2,70,0.18113349378108978
1,433,443,64,3,72,0.126516193151474
1,433,443,64,4,73,0.008438457734882832
1,434,444,67,1,75,0.512281596660614
1,434,444,67,2,76,0.4600943922996521
1,434,444,67,3,77,0.026839639991521835
1,434,444,67,4,74,0.0005980629939585924
1,435,445,70,1,79,0.6338573694229126
1,435,445,70,2,78,0.22132880985736847
1,435,445,70,3,80,0.1291702836751938
1,435,445,70,4,81,0.008471488952636719
1,436,446,72,1,81,0.48273029923439026
1,436,446,72,2,80,0.33513250946998596
1,436,446,72,3,82,0.1331169605255127
1,436,446,72,4,79,0.04092421010136604
1,437,447,73,1,82,0.4190502464771271
1,437,447,73,2,83,0.39236071705818176
1,437,447,73,3,84,0.08217687904834747
1,437,447,73,4,81,0.0777231827378273
1,438,448,74,1,82,0.5709035396575928
1,438,448,74,2,83,0.35963329672813416
1,438,448,74,3,84,0.028424644842743874
1,438,448,74,4,81,0.024143867194652557
1,439,449,74,1,83,0.6021524667739868
1,439,449,74,2,82,0.37135374546051025
1,439,449,74,3,84,0.023057714104652405
1,439,449,74,4,85,0.0017344487132504582
1,440,450,73,1,83,0.5476863384246826
1,440,450,73,2,82,0.3787725567817688
1,440,450,73,3,84,0.030796116217970848
1,440,450,73,4,85,0.026457326486706734
1,441,451,71,1,81,0.6256842017173767
1,441,451,71,2,80,0.3191223740577698
1,441,451,71,3,82,0.04984791576862335
1,441,451,71,4,83,0.0031064983922988176
1,442,452,69,1,79,0.6389998197555542
1,442,452,69,2,78,0.271772563457489
1,442,452,69,3,80,0.06894053518772125
1,442,452,69,4,77,0.018537476658821106
1,443,453,66,1,76,0.6434147953987122
1,443,453,66,2,77,0.2603304982185364
1,443,453,66,3,75,0.08715897798538208
1,443,453,66,4,78,0.00791124626994133
1,444,454,63,1,75,0.2944164276123047
1,444,454,63,2,74,0.23148007690906525
1,444,454,63,3,76,0.19490569829940796
1,444,454,63,4,73,0.1651490330696106
1,445,455,60,1,70,0.43297648429870605
1,445,455,60,2,69,0.31764844059944153
1,445,455,60,3,68,0.1914575695991516
1,445,455,60,4,71,0.03481839969754219
1,446,456,56,1,65,0.6066604852676392
1,446,456,56,2,64,0.1647578328847885
1,446,456,56,3,66,0.15829895436763763
1,446,456,56,4,70,0.026458676904439926
1,447,457,52,1,61,0.7332947254180908
1,447,457,52,2,60,0.25595730543136597
1,447,457,52,3,62,0.007689368911087513
1,447,457,52,4,59,0.0018537193536758423
1,448,458,49,1,57,0.860744297504425
1,448,458,49,2,58,0.10144101083278656
1,448,458,49,3,56,0.03632431849837303
1,448,458,49,4,60,0.00043096792069263756
1,449,459,46,1,54,0.8564291596412659
1,449,459,46,2,55,0.07371021807193756
1,449,459,46,3,53,0.06843331456184387
1,449,459,46,4,56,0.0007692804792895913
1,450,460,45,1,52,0.9328804016113281
1,450,460,45,2,51,0.050523702055215836
1,450,460,45,3,53,0.013846256770193577
1,450,460,45,4,50,0.00231557316146791
1,451,461,45,1,51,0.8710295557975769
1,451,461,45,2,50,0.08293847739696503
1,451,461,45,3,52,0.04584269970655441
1,451,461,45,4,56,5.2734045311808586e-05
1,452,462,46,1,51,0.5787184238433838
1,452,462,46,2,52,0.4207235872745514
1,452,462,46,3,50,0.00034368899650871754
1,452,462,46,4,53,0.0001352049148408696
1,453,463,47,1,53,0.9482786655426025
1,453,463,47,2,52,0.0356769822537899
1,453,463,47,3,54,0.015863755717873573
1,453,463,47,4,79,5.3631854825653136e-05
1,454,464,49,1,55,0.8682742714881897
1,454,464,49,2,56,0.13011731207370758
1,454,464,49,3,54,0.001206827349960804
1,454,464,49,4,57,0.00017864094115793705
1,455,465,52,1,58,0.6685817241668701
1,455,465,52,2,57,0.32829833030700684
1,455,465,52,3,59,0.0021893600933253765
1,455,465,52,4,56,0.00048763115773908794
1,456,466,55,1,61,0.8618713617324829
1,456,466,55,2,62,0.06595916301012039
1,456,466,55,3,60,0.054594628512859344
1,456,466,55,4,59,0.0058257319033145905
1,457,467,58,1,66,0.6342113018035889
1,457,467,58,2,65,0.34073054790496826
1,457,467,58,3,67,0.014678622595965862
1,457,467,58,4,64,0.009157579392194748
1,458,468,61,1,70,0.6731973886489868
1,458,468,61,2,69,0.23647931218147278
1,458,468,61,3,71,0.07956026494503021
1,458,468,61,4,72,0.008231142535805702
1,459,469,63,1,74,0.5090970993041992
1,459,469,63,2,73,0.33026227355003357
1,459,469,63,3,75,0.152218297123909
1,459,469,63,4,72,0.0050139352679252625
1,460,470,65,1,77,0.5959113240242004
1,460,470,65,2,78,0.3223578631877899
1,460,470,65,3,79,0.0589645616710186
1,460,470,65,4,76,0.020910106599330902
1,461,471,67,1,79,0.5077058672904968
1,461,471,67,2,78,0.40742939710617065
1,461,471,67,3,80,0.05240282043814659
1,461,471,67,4,77,0.030770353972911835
1,462,472,68,1,80,0.6567643284797668
1,462,472,68,2,82,0.1113593652844429
1,462,472,68,3,81,0.10689611732959747
1,462,472,68,4,79,0.10407727211713791
1,463,473,69,1,80,0.6494590044021606
1,463,473,69,2,81,0.1594826877117157
1,463,473,69,3,79,0.1187187060713768
1,463,473,69,4,82,0.06720355153083801
1,464,474,69,1,80,0.4753909409046173
1,464,474,69,2,81,0.4163416624069214
1,464,474,69,3,82,0.06049903482198715
1,464,474,69,4,79,0.04297890514135361
1,465,475,68,1,80,0.7115634679794312
1,465,475,68,2,81,0.15458554029464722
1,465,475,68,3,79,0.1214880645275116
1,465,475,68,4,82,0.010846830904483795
1,466,476,67,1,80,0.48811328411102295
1,466,476,67,2,79,0.47721102833747864
1,466,476,67,3,81,0.026484040543437004
1,466,476,67,4,78,0.006211853586137295
1,467,477,65,1,77,0.5072180032730103
1,467,477,65,2,78,0.37352681159973145
1,467,477,65,3,79,0.08354778587818146
1,467,477,65,4,76,0.03244868665933609
1,468,478,63,1,74,0.637602686882019
1,468,478,63,2,75,0.28304699063301086
1,468,478,63,3,73,0.04166622832417488
1,468,478,63,4,76,0.03422011062502861
1,469,479,61,1,72,0.5799250602722168
1,469,479,61,2,73,0.27769070863723755
1,469,479,61,3,71,0.12178494036197662
1,469,479,61,4,74,0.017893550917506218
1,470,480,59,1,69,0.5643404722213745
1,470,480,59,2,68,0.2871074378490448
1,470,480,59,3,70,0.14270135760307312
1,470,480,59,4,67,0.0027766015846282244
1,471,481,57,1,66,0.8233965635299683
1,471,481,57,2,65,0.1582256257534027
1,471,481,57,3,67,0.016201883554458618
1,471,481,57,4,64,0.0007768916548229754
1,472,482,55,1,61,0.47790005803108215
1,472,482,55,2,62,0.4769493639469147
1,472,482,55,3,63,0.03297918662428856
1,472,482,55,4,60,0.005631250329315662
1,473,483,53,1,59,0.8794464468955994
1,473,483,53,2,58,0.06524589657783508
1,473,483,53,3,60,0.054463960230350494
1,473,483,53,4,61,0.0003669373691082001
1,474,484,52,1,57,0.7613674998283386
1,474,484,52,2,58,0.23683054745197296
1,474,484,52,3,56,0.0014537533279508352
1,474,484,52,4,59,0.0002155240363208577
1,475,485,50,1,56,0.8790345191955566
1,475,485,50,2,55,0.11207273602485657
1,475,485,50,3,57,0.008270082995295525
1,475,485,50,4,58,0.00018334948981646448
1,476,486,49,1,55,0.8696843981742859
1,476,486,49,2,54,0.12554480135440826
1,476,486,49,3,56,0.004675648175179958
1,476,486,49,4,53,3.112379999947734e-05
1,477,487,49,1,55,0.84222412109375
1,477,487,49,2,56,0.15525059401988983
1,477,487,49,3,54,0.0023563262075185776
1,477,487,49,4,57,0.0001112522732000798
1,478,488,49,1,56,0.8832036256790161
1,478,488,49,2,57,0.11378698796033859
1,478,488,49,3,55,0.002656510565429926
1,478,488,49,4,58,0.0002987444750033319
1,479,489,50,1,57,0.5527696013450623
1,479,489,50,2,58,0.4454536736011505
1,479,489,50,3,59,0.0009438059059903026
1,479,489,50,4,56,0.0007426083320751786
1,480,490,51,1,59,0.8009321689605713
1,480,490,51,2,58,0.19388049840927124
1,480,490,51,3,60,0.00491498364135623
1,480,490,51,4,57,0.00019737952970899642
1,481,491,52,1,61,0.9077708721160889
1,481,491,52,2,60,0.08846251666545868
1,481,491,52,3,62,0.0036011619959026575
1,481,491,52,4,59,0.00010074585588881746
1,482,492,54,1,63,0.9442751407623291
1,482,492,54,2,64,0.03984720632433891
1,482,492,54,3,62,0.01579703576862812
1,482,492,54,4,65,2.508288889657706e-05
1,483,493,56,1,65,0.8699163198471069
1,483,493,56,2,66,0.1200944185256958
1,483,493,56,3,64,0.009351760149002075
1,483,493,56,4,67,0.00020491327450145036
1,484,494,57,1,67,0.8071175217628479
1,484,494,57,2,66,0.14725655317306519
1,484,494,57,3,68,0.044970665127038956
1,484,494,57,4,69,0.00031045760260894895
1,485,495,59,1,71,0.6723315119743347
1,485,495,59,2,70,0.23415851593017578
1,485,495,59,3,72,0.060201436281204224
1,485,495,59,4,69,0.018105871975421906
1,486,496,61,1,73,0.6413285136222839
1,486,496,61,2,72,0.28414416313171387
1,486,496,61,3,74,0.051179930567741394
1,486,496,61,4,75,0.016524557024240494
1,487,497,62,1,75,0.37232866883277893
1,487,497,62,2,73,0.2964745759963989
1,487,497,62,3,74,0.2162548005580902
1,487,497,62,4,72,0.04891324043273926
1,488,498,63,1,79,0.5345125198364258
1,488,498,63,2,80,0.18860964477062225
1,488,498,63,3,78,0.14173628389835358
1,488,498,63,4,77,0.05817333608865738
1,489,499,63,1,79,0.33558017015457153
1,489,499,63,2,74,0.2018095701932907
1,489,499,63,3,77,0.1040823832154274
1,489,499,63,4,75,0.09138824045658112
2,0,10,43,1,59,0.5832019448280334
2,0,10,43,2,51,0.26068565249443054
2,0,10,43,3,52,0.04791559278964996
2,0,10,43,4,86,0.02948034182190895
2,1,11,41,1,54,0.7480719089508057
2,1,11,41,2,53,0.23728951811790466
2,1,11,41,3,59,0.0047460212372243404
2,1,11,41,4,79,0.004294712096452713
2,2,12,41,1,53,0.9320531487464905
2,2,12,41,2,79,0.040142711251974106
2,2,12,41,3,78,0.009559016674757004
2,2,12,41,4,54,0.00572266336530447
2,3,13,41,1,53,0.3740490674972534
2,3,13,41,2,48,0.2650400996208191
2,3,13,41,3,47,0.22108644247055054
2,3,13,41,4,80,0.02106165885925293
2,4,14,42,1,79,0.9001736044883728
2,4,14,42,2,57,0.0513060986995697
2,4,14,42,3,64,0.017176194116473198
2,4,14,42,4,86,0.008927448652684689
2,5,15,45,1,58,0.45249322056770325
2,5,15,45,2,57,0.36581969261169434
2,5,15,45,3,59,0.14450308680534363
2,5,15,45,4,52,0.02271265536546707
2,6,16,47,1,60,0.3246718645095825
2,6,16,47,2,59,0.2213033139705658
2,6,16,47,3,64,0.1972913146018982
2,6,16,47,4,61,0.12609493732452393
2,7,17,51,1,66,0.906287670135498
2,7,17,51,2,62,0.015362488105893135
2,7,17,51,3,55,0.014454628340899944
2,7,17,51,4,59,0.014368420466780663
2,8,18,54,1,59,0.5208204984664917
2,8,18,54,2,64,0.42787182331085205
2,8,18,54,3,65,0.025385960936546326
2,8,18,54,4,71,0.010147126391530037
2,9,19,57,1,77,0.8193935751914978
2,9,19,57,2,56,0.1132269948720932
2,9,19,57,3,78,0.01650906540453434
2,9,19,57,4,94,0.01620842143893242
2,10,20,59,1,79,0.7912471890449524
2,10,20,59,2,78,0.18037885427474976
2,10,20,59,3,80,0.014132693409919739
2,10,20,59,4,77,0.010850813239812851
2,11,21,61,1,86,0.34349146485328674
2,11,21,61,2,79,0.25102418661117554
2,11,21,61,3,87,0.2031913846731186
2,11,21,61,4,78,0.1582874208688736
2,12,22,62,1,80,0.3065471649169922
2,12,22,62,2,86,0.2698926031589508
2,12,22,62,3,88,0.09949132055044174
2,12,22,62,4,87,0.08343511819839478
2,13,23,63,1,86,0.3581095337867737
2,13,23,63,2,85,0.29083600640296936
2,13,23,63,3,87,0.21434147655963898
2,13,23,63,4,88,0.05456600338220596
2,14,24,64,1,86,0.49713435769081116
2,14,24,64,2,88,0.42660459876060486
2,14,24,64,3,87,0.03319614380598068
2,14,24,64,4,89,0.02152896672487259
2,15,25,64,1,90,0.9928745031356812
2,15,25,64,2,88,0.0030080885626375675
2,15,25,64,3,93,0.0013961283257231116
2,15,25,64,4,91,0.0011934841750189662
2,16,26,63,1,92,0.541252076625824
2,16,26,63,2,87,0.07193002849817276
2,16,26,63,3,86,0.06300857663154602
2,16,26,63,4,91,0.05890796333551407
2,17,27,62,1,86,0.19063691794872284
2,17,27,62,2,71,0.12398960441350937
2,17,27,62,3,88,0.11742693930864334
2,17,27,62,4,85,0.11500177532434464
2,18,28,60,1,71,0.6970260739326477
2,18,28,60,2,70,0.13227982819080353
2,18,28,60,3,86,0.06612726300954819
2,18,28,60,4,87,0.034243565052747726
2,19,29,58,1,88,0.664052426815033
2,19,29,58,2,79,0.11168728768825531
2,19,29,58,3,71,0.05328167974948883
2,19,29,58,4,80,0.035146478563547134
2,20,30,56,1,85,0.8574403524398804
2,20,30,56,2,86,0.12303010374307632
2,20,30,56,3,70,0.00644257478415966
2,20,30,56,4,88,0.005008470732718706
2,21,31,54,1,66,0.8614037036895752
2,21,31,54,2,88,0.032715849578380585
2,21,31,54,3,80,0.026983793824911118
2,21,31,54,4,65,0.01608869805932045
2,22,32,52,1,59,0.5786523222923279
2,22,32,52,2,60,0.14492350816726685
2,22,32,52,3,64,0.05365068465471268
2,22,32,52,4,65,0.05304442718625069
2,23,33,50,1,64,0.45405933260917664
2,23,33,50,2,57,0.18651741743087769
2,23,33,50,3,65,0.12226768583059311
2,23,33,50,4,81,0.0721062645316124
2,24,34,48,1,64,0.7741353511810303
2,24,34,48,2,71,0.057166412472724915
2,24,34,48,3,73,0.050471510738134384
2,24,34,48,4,60,0.01899004355072975
2,25,35,46,1,71,0.38288047909736633
2,25,35,46,2,65,0.1615433394908905
2,25,35,46,3,80,0.07984477281570435
2,25,35,46,4,64,0.06814609467983246
2,26,36,45,1,65,0.19191107153892517
2,26,36,45,2,58,0.18255141377449036
2,26,36,45,3,57,0.1690891534090042
2,26,36,45,4,88,0.07818236947059631
2,27,37,45,1,58,0.18957611918449402
2,27,37,45,2,51,0.11819777637720108
2,27,37,45,3,47,0.1149761974811554
2,27,37,45,4,73,0.11217308789491653
2,28,38,45,1,66,0.37820497155189514
2,28,38,45,2,59,0.27175354957580566
2,28,38,45,3,60,0.18751093745231628
2,28,38,45,4,65,0.12152080237865448
2,29,39,46,1,80,0.6321853399276733
2,29,39,46,2,88,0.10769923031330109
2,29,39,46,3,87,0.10649912059307098
2,29,39,46,4,73,0.06781401485204697
2,30,40,50,1,66,0.33390599489212036
2,30,40,50,2,60,0.21919672191143036
2,30,40,50,3,59,0.16358336806297302
2,30,40,50,4,65,0.09195034205913544
2,31,41,54,1,71,0.5056222081184387
2,31,41,54,2,65,0.25767284631729126
2,31,41,54,3,72,0.08204596489667892
2,31,41,54,4,88,0.03806518018245697
2,32,42,57,1,65,0.818815290927887
2,32,42,57,2,71,0.0939762070775032
2,32,42,57,3,70,0.03942464664578438
2,32,42,57,4,66,0.02705666795372963
2,33,43,61,1,79,0.1646198183298111
2,33,43,61,2,80,0.1630571037530899
2,33,43,61,3,65,0.11979446560144424
2,33,43,61,4,60,0.102756567299366
2,34,44,64,1,81,0.3749818503856659
2,34,44,64,2,74,0.20146450400352478
2,34,44,64,3,73,0.14593496918678284
2,34,44,64,4,64,0.055251650512218475
2,35,45,67,1,65,0.8732694387435913
2,35,45,67,2,71,0.070405013859272
2,35,45,67,3,72,0.023564178496599197
2,35,45,67,4,79,0.01991637982428074
2,36,46,69,1,80,0.9362384080886841
2,36,46,69,2,81,0.02399427816271782
2,36,46,69,3,77,0.010366066358983517
2,36,46,69,4,88,0.009750884026288986
2,37,47,70,1,77,0.9389458894729614
2,37,47,70,2,78,0.01888669840991497
2,37,47,70,3,76,0.009321709163486958
2,37,47,70,4,95,0.004031802527606487
2,38,48,71,1,77,0.5050220489501953
2,38,48,71,2,78,0.27202072739601135
2,38,48,71,3,76,0.0632910281419754
2,38,48,71,4,80,0.05837748199701309
2,39,49,70,1,73,0.1960887312889099
2,39,49,70,2,78,0.19262787699699402
2,39,49,70,3,77,0.1488054394721985
2,39,49,70,4,94,0.13200415670871735
2,40,50,69,1,70,0.906268835067749
2,40,50,69,2,79,0.03267475962638855
2,40,50,69,3,81,0.02382294461131096
2,40,50,69,4,73,0.012211811728775501
2,41,51,68,1,80,0.3572736978530884
2,41,51,68,2,89,0.11400096118450165
2,41,51,68,3,96,0.11168995499610901
2,41,51,68,4,95,0.08019562065601349
2,42,52,65,1,80,0.32541438937187195
2,42,52,65,2,79,0.3233044445514679
2,42,52,65,3,70,0.15933160483837128
2,42,52,65,4,71,0.07981820404529572
2,43,53,63,1,77,0.8934013247489929
2,43,53,63,2,68,0.04259920120239258
2,43,53,63,3,78,0.022968057543039322
2,43,53,63,4,79,0.013634906150400639
2,44,54,59,1,77,0.7323833703994751
2,44,54,59,2,76,0.15648998320102692
2,44,54,59,3,57,0.048167452216148376
2,44,54,59,4,79,0.018015729263424873
2,45,55,56,1,70,0.4276454746723175
2,45,55,56,2,76,0.19599108397960663
2,45,55,56,3,69,0.18095657229423523
2,45,55,56,4,50,0.04216201230883598
2,46,56,52,1,77,0.5319105386734009
2,46,56,52,2,78,0.2656119465827942
2,46,56,52,3,56,0.09563963115215302
2,46,56,52,4,76,0.05111364275217056
2,47,57,49,1,77,0.27769362926483154
2,47,57,49,2,69,0.20424611866474152
2,47,57,49,3,79,0.16033273935317993
2,47,57,49,4,68,0.1025720089673996
2,48,58,46,1,71,0.4297144412994385
2,48,58,46,2,70,0.24370384216308594
2,48,58,46,3,72,0.17406664788722992
2,48,58,46,4,73,0.03946438059210777
2,49,59,43,1,71,0.4091699421405792
2,49,59,43,2,65,0.1904298961162567
2,49,59,43,3,64,0.14805710315704346
2,49,59,43,4,66,0.048712894320487976
2,50,60,44,1,59,0.2953542172908783
2,50,60,44,2,66,0.11291798949241638
2,50,60,44,3,58,0.11125592142343521
2,50,60,44,4,57,0.08617174625396729
2,51,61,45,1,59,0.5436553359031677
2,51,61,45,2,60,0.23723897337913513
2,51,61,45,3,65,0.13400769233703613
2,51,61,45,4,66,0.03404662385582924
2,52,62,47,1,77,0.3194020986557007
2,52,62,47,2,78,0.23320981860160828
2,52,62,47,3,79,0.20853599905967712
2,52,62,47,4,80,0.1990327388048172
2,53,63,49,1,58,0.37889364361763
2,53,63,49,2,81,0.14748752117156982
2,53,63,49,3,80,0.12350863218307495
2,53,63,49,4,79,0.08283583074808121
2,54,64,52,1,57,0.3693167567253113
2,54,64,52,2,58,0.23496738076210022
2,54,64,52,3,79,0.14650917053222656
2,54,64,52,4,71,0.05623940750956535
2,55,65,55,1,79,0.31283411383628845
2,55,65,55,2,80,0.2445726990699768
2,55,65,55,3,81,0.2127605676651001
2,55,65,55,4,88,0.10263864696025848
2,56,66,57,1,72,0.4132445454597473
2,56,66,57,2,71,0.23722445964813232
2,56,66,57,3,73,0.135197252035141
2,56,66,57,4,80,0.08229412138462067
2,57,67,59,1,77,0.2976958155632019
2,57,67,59,2,79,0.22214196622371674
2,57,67,59,3,78,0.1887969821691513
2,57,67,59,4,72,0.09687644243240356
2,58,68,61,1,80,0.38967087864875793
2,58,68,61,2,73,0.3814472556114197
2,58,68,61,3,77,0.04811280965805054
2,58,68,61,4,78,0.04250352457165718
2,59,69,63,1,79,0.4953654110431671
2,59,69,63,2,80,0.2609356939792633
2,59,69,63,3,78,0.17816376686096191
2,59,69,63,4,77,0.024768788367509842
2,60,70,64,1,80,0.3351065516471863
2,60,70,64,2,78,0.3277592658996582
2,60,70,64,3,79,0.2829398214817047
2,60,70,64,4,70,0.02586941607296467
2,61,71,64,1,80,0.7270114421844482
2,61,71,64,2,79,0.09605812281370163
2,61,71,64,3,77,0.05343065410852432
2,61,71,64,4,78,0.04252723231911659
2,62,72,64,1,94,0.24138031899929047
2,62,72,64,2,95,0.21273358166217804
2,62,72,64,3,96,0.10987460613250732
2,62,72,64,4,88,0.07509014010429382
2,63,73,63,1,88,0.413083553314209
2,63,73,63,2,80,0.2271668016910553
2,63,73,63,3,96,0.11617415398359299
2,63,73,63,4,87,0.042383961379528046
2,64,74,62,1,80,0.5632771849632263
2,64,74,62,2,87,0.0901128277182579
2,64,74,62,3,79,0.07055554538965225
2,64,74,62,4,86,0.06408175826072693
2,65,75,61,1,77,0.5046042203903198
2,65,75,61,2,78,0.4202425479888916
2,65,75,61,3,56,0.032861486077308655
2,65,75,61,4,76,0.02794725075364113
2,66,76,59,1,77,0.46178513765335083
2,66,76,59,2,78,0.16081635653972626
2,66,76,59,3,88,0.13329562544822693
2,66,76,59,4,79,0.0723772943019867
2,67,77,57,1,76,0.6886334419250488
2,67,77,57,2,77,0.14629636704921722
2,67,77,57,3,56,0.07681813836097717
2,67,77,57,4,70,0.014673745259642601
2,68,78,54,1,56,0.4915158152580261
2,68,78,54,2,76,0.25001269578933716
2,68,78,54,3,75,0.11532334983348846
2,68,78,54,4,94,0.05320260673761368
2,69,79,52,1,70,0.9694947004318237
2,69,79,52,2,71,0.006283743306994438
2,69,79,52,3,76,0.005968169774860144
2,69,79,52,4,55,0.005650546867400408
2,70,80,52,1,77,0.43544477224349976
2,70,80,52,2,79,0.2134370505809784
2,70,80,52,3,78,0.20933255553245544
2,70,80,52,4,76,0.07077676057815552
2,71,81,52,1,77,0.18388864398002625
2,71,81,52,2,80,0.15652886033058167
2,71,81,52,3,82,0.10839739441871643
2,71,81,52,4,76,0.10112703591585159
2,72,82,53,1,82,0.14146944880485535
2,72,82,53,2,77,0.1337641030550003
2,72,82,53,3,76,0.10929961502552032
2,72,82,53,4,59,0.08934614062309265
2,73,83,53,1,81,0.3394792973995209
2,73,83,53,2,79,0.30950677394866943
2,73,83,53,3,80,0.16713398694992065
2,73,83,53,4,59,0.06440022587776184
2,74,84,53,1,71,0.3713359236717224
2,74,84,53,2,88,0.17068685591220856
2,74,84,53,3,79,0.15315088629722595
2,74,84,53,4,85,0.07519103586673737
2,75,85,54,1,80,0.8302669525146484
2,75,85,54,2,81,0.05532015115022659
2,75,85,54,3,79,0.02245696447789669
2,75,85,54,4,82,0.021852340549230576
2,76,86,54,1,72,0.428570032119751
2,76,86,54,2,79,0.42584890127182007
2,76,86,54,3,71,0.04931844770908356
2,76,86,54,4,80,0.04909718036651611
2,77,87,54,1,81,0.5031073093414307
2,77,87,54,2,80,0.38602396845817566
2,77,87,54,3,88,0.02658175118267536
2,77,87,54,4,73,0.015312077477574348
2,78,88,54,1,68,0.1891183704137802
2,78,88,54,2,69,0.18828488886356354
2,78,88,54,3,86,0.17045336961746216
2,78,88,54,4,70,0.07339008897542953
2,79,89,54,1,80,0.740982174873352
2,79,89,54,2,81,0.08729209005832672
2,79,89,54,3,75,0.055430274456739426
2,79,89,54,4,79,0.04385016858577728
2,80,90,54,1,67,0.7188010811805725
2,80,90,54,2,68,0.2653162479400635
2,80,90,54,3,69,0.011803314089775085
2,80,90,54,4,66,0.0021943736355751753
2,81,91,54,1,69,0.49540290236473083
2,81,91,54,2,68,0.4675798714160919
2,81,91,54,3,70,0.018919453024864197
2,81,91,54,4,67,0.01308169774711132
2,82,92,54,1,69,0.8900066614151001
2,82,92,54,2,68,0.06289812177419662
2,82,92,54,3,70,0.04558369889855385
2,82,92,54,4,84,0.0005016290815547109
2,83,93,54,1,70,0.8622300028800964
2,83,93,54,2,71,0.12435338646173477
2,83,93,54,3,69,0.0032411525025963783
2,83,93,54,4,86,0.0017785270465537906
2,84,94,53,1,69,0.7828119397163391
2,84,94,53,2,70,0.21440313756465912
2,84,94,53,3,56,0.0004943350213579834
2,84,94,53,4,84,0.0004923063679598272
2,85,95,53,1,70,0.9522888660430908
2,85,95,53,2,69,0.03338899463415146
2,85,95,53,3,71,0.013102404773235321
2,85,95,53,4,84,0.000348456553183496
2,86,96,53,1,70,0.928564727306366
2,86,96,53,2,71,0.06344098597764969
2,86,96,53,3,56,0.003383265808224678
2,86,96,53,4,69,0.001890533952973783
2,87,97,53,1,70,0.7437546253204346
2,87,97,53,2,69,0.2420739233493805
2,87,97,53,3,56,0.005300917662680149
2,87,97,53,4,71,0.002140007447451353
2,88,98,52,1,69,0.6522266268730164
2,88,98,52,2,70,0.34057188034057617
2,88,98,52,3,84,0.0017324574291706085
2,88,98,52,4,71,0.0016481048660352826
2,89,99,52,1,70,0.8173713684082031
2,89,99,52,2,69,0.11291331052780151
2,89,99,52,3,71,0.060826826840639114
2,89,99,52,4,63,0.0020844193641096354
2,90,100,53,1,72,0.45797574520111084
2,90,100,53,2,71,0.37726056575775146
2,90,100,53,3,73,0.04175963252782822
2,90,100,53,4,79,0.03923448175191879
2,91,101,54,1,79,0.42658209800720215
2,91,101,54,2,72,0.2764779329299927
2,91,101,54,3,78,0.14260707795619965
2,91,101,54,4,71,0.0386383943259716
2,92,102,54,1,79,0.3899592161178589
2,92,102,54,2,80,0.24441593885421753
2,92,102,54,3,72,0.10515467822551727
2,92,102,54,4,73,0.0680437982082367
2,93,103,55,1,79,0.6638314127922058
2,93,103,55,2,80,0.3044910430908203
2,93,103,55,3,78,0.016889385879039764
2,93,103,55,4,72,0.004771142266690731
2,94,104,55,1,80,0.7522153854370117
2,94,104,55,2,81,0.10089054703712463
2,94,104,55,3,73,0.07315219193696976
2,94,104,55,4,72,0.019575001671910286
2,95,105,55,1,80,0.5049883723258972
2,95,105,55,2,81,0.16385896503925323
2,95,105,55,3,86,0.11239287257194519
2,95,105,55,4,79,0.07747320085763931
2,96,106,56,1,80,0.2906142771244049
2,96,106,56,2,88,0.17673271894454956
2,96,106,56,3,71,0.14799243211746216
2,96,106,56,4,86,0.13665060698986053
2,97,107,56,1,88,0.335470974445343
2,97,107,56,2,80,0.20488768815994263
2,97,107,56,3,86,0.19839125871658325
2,97,107,56,4,81,0.06885948777198792
2,98,108,55,1,80,0.3492095470428467
2,98,108,55,2,86,0.1555873304605484
2,98,108,55,3,79,0.08189374208450317
2,98,108,55,4,88,0.07361698150634766
2,99,109,55,1,80,0.6099632382392883
2,99,109,55,2,81,0.07221217453479767
2,99,109,55,3,78,0.05859006568789482
2,99,109,55,4,79,0.05756301060318947
2,100,110,55,1,70,0.7504794597625732
2,100,110,55,2,69,0.22425581514835358
2,100,110,55,3,68,0.0075335088185966015
2,100,110,55,4,76,0.0037662049289792776
2,101,111,54,1,69,0.9035611152648926
2,101,111,54,2,70,0.09423819929361343
2,101,111,54,3,68,0.0016097454354166985
2,101,111,54,4,71,0.00018695913604460657
2,102,112,54,1,69,0.8727363348007202
2,102,112,54,2,70,0.12374316155910492
2,102,112,54,3,68,0.0030359216034412384
2,102,112,54,4,71,0.0001743533503031358
2,103,113,53,1,69,0.9184669852256775
2,103,113,53,2,70,0.07055672258138657
2,103,113,53,3,68,0.010890176519751549
2,103,113,53,4,71,1.8548926163930446e-05
2,104,114,53,1,69,0.7834086418151855
2,104,114,53,2,70,0.21492600440979004
2,104,114,53,3,68,0.001215239753946662
2,104,114,53,4,71,0.0003220831276848912
2,105,115,52,1,69,0.9229501485824585
2,105,115,52,2,68,0.07380463182926178
2,105,115,52,3,70,0.0030951148364692926
2,105,115,52,4,67,3.282241232227534e-05
2,106,116,51,1,68,0.6706186532974243
2,106,116,51,2,69,0.3270173966884613
2,106,116,51,3,67,0.0021532250102609396
2,106,116,51,4,70,0.00013753723760601133
2,107,117,51,1,68,0.6135599613189697
2,107,117,51,2,67,0.3816007673740387
2,107,117,51,3,69,0.004736785776913166
2,107,117,51,4,66,5.097348912386224e-05
2,108,118,51,1,68,0.8958412408828735
2,108,118,51,2,67,0.10059624165296555
2,108,118,51,3,69,0.0035423622466623783
2,108,118,51,4,85,5.121793492435245e-06
2,109,119,51,1,68,0.9267950057983398
2,109,119,51,2,69,0.052421052008867264
2,109,119,51,3,67,0.020731059834361076
2,109,119,51,4,70,1.2195639101264533e-05
2,110,120,52,1,67,0.2892955541610718
2,110,120,52,2,68,0.24096950888633728
2,110,120,52,3,66,0.14670728147029877
2,110,120,52,4,72,0.06719876080751419
2,111,121,52,1,72,0.23885513842105865
2,111,121,52,2,77,0.1398337185382843
2,111,121,52,3,76,0.08276541531085968
2,111,121,52,4,70,0.06690707057714462
2,112,122,53,1,72,0.24165937304496765
2,112,122,53,2,66,0.1971711814403534
2,112,122,53,3,73,0.13369736075401306
2,112,122,53,4,78,0.0844009593129158
2,113,123,54,1,72,0.26599177718162537
2,113,123,54,2,78,0.22444875538349152
2,113,123,54,3,71,0.12119847536087036
2,113,123,54,4,66,0.10855285078287125
2,114,124,55,1,72,0.5984697937965393
2,114,124,55,2,71,0.21259289979934692
2,114,124,55,3,79,0.047514040023088455
2,114,124,55,4,80,0.03148563578724861
2,115,125,56,1,72,0.496818870306015
2,115,125,56,2,80,0.1604805886745453
2,115,125,56,3,79,0.14591272175312042
2,115,125,56,4,71,0.07808545231819153
2,116,126,56,1,80,0.5473376512527466
2,116,126,56,2,79,0.24325115978717804
2,116,126,56,3,72,0.08938432484865189
2,116,126,56,4,73,0.03658190369606018
2,117,127,57,1,80,0.28542476892471313
2,117,127,57,2,79,0.27548396587371826
2,117,127,57,3,86,0.1203751191496849
2,117,127,57,4,81,0.07894407957792282
2,118,128,57,1,80,0.2986140251159668
2,118,128,57,2,71,0.26708176732063293
2,118,128,57,3,79,0.1326146125793457
2,118,128,57,4,86,0.0605543777346611
2,119,129,57,1,71,0.14277082681655884
2,119,129,57,2,80,0.11518307030200958
2,119,129,57,3,72,0.07667452096939087
2,119,129,57,4,86,0.07383708655834198
2,120,130,56,1,69,0.5332197546958923
2,120,130,56,2,70,0.2018038034439087
2,120,130,56,3,68,0.14562633633613586
2,120,130,56,4,71,0.02502143569290638
2,121,131,56,1,70,0.9587317109107971
2,121,131,56,2,71,0.02594539150595665
2,121,131,56,3,69,0.014447248540818691
2,121,131,56,4,72,0.000255114515312016
2,122,132,55,1,70,0.7926081418991089
2,122,132,55,2,71,0.1878194361925125
2,122,132,55,3,69,0.01813357323408127
2,122,132,55,4,72,0.0010906847892329097
2,123,133,55,1,70,0.8108841180801392
2,123,133,55,2,71,0.1821555495262146
2,123,133,55,3,69,0.004235158674418926
2,123,133,55,4,72,0.002407004591077566
2,124,134,54,1,70,0.9505506157875061
2,124,134,54,2,69,0.041938140988349915
2,124,134,54,3,71,0.007266906090080738
2,124,134,54,4,96,3.623473094194196e-05
2,125,135,53,1,69,0.9682480692863464
2,125,135,53,2,70,0.027050379663705826
2,125,135,53,3,68,0.004650380462408066
2,125,135,53,4,71,2.582309207355138e-05
2,126,136,52,1,69,0.8467692732810974
2,126,136,52,2,68,0.1514250785112381
2,126,136,52,3,70,0.0016679696273058653
2,126,136,52,4,67,4.498047201195732e-05
2,127,137,51,1,68,0.9048832654953003
2,127,137,51,2,69,0.08834636211395264
2,127,137,51,3,67,0.006705949082970619
2,127,137,51,4,70,2.993943235196639e-05
2,128,138,51,1,67,0.8493541479110718
2,128,138,51,2,68,0.14930438995361328
2,128,138,51,3,66,0.0007399875903502107
2,128,138,51,4,69,0.0005489147733896971
2,129,139,50,1,67,0.8344183564186096
2,129,139,50,2,68,0.15921659767627716
2,129,139,50,3,66,0.00577514199540019
2,129,139,50,4,69,0.0005041442927904427
2,130,140,51,1,66,0.3190756142139435
2,130,140,51,2,65,0.25226181745529175
2,130,140,51,3,71,0.10420447587966919
2,130,140,51,4,70,0.08937143534421921
2,131,141,51,1,66,0.39919915795326233
2,131,141,51,2,65,0.22899845242500305
2,131,141,51,3,72,0.05582799017429352
2,131,141,51,4,70,0.0547524094581604
2,132,142,52,1,66,0.40812626481056213
2,132,142,52,2,65,0.27848199009895325
2,132,142,52,3,72,0.13953803479671478
2,132,142,52,4,78,0.04858899116516113
2,133,143,53,1,65,0.4475434720516205
2,133,143,53,2,72,0.1592688262462616
2,133,143,53,3,66,0.11602102965116501
2,133,143,53,4,71,0.10289740562438965
2,134,144,54,1,72,0.32679712772369385
2,134,144,54,2,78,0.2604529559612274
2,134,144,54,3,71,0.1608714461326599
2,134,144,54,4,59,0.06559523195028305
2,135,145,54,1,71,0.24680516123771667
2,135,145,54,2,72,0.2413284182548523
2,135,145,54,3,59,0.18021366000175476
2,135,145,54,4,79,0.10926342755556107
2,136,146,55,1,72,0.25578588247299194
2,136,146,55,2,80,0.19968576729297638
2,136,146,55,3,78,0.17340514063835144
2,136,146,55,4,79,0.10034824162721634
2,137,147,56,1,80,0.4725768566131592
2,137,147,56,2,72,0.18554973602294922
2,137,147,56,3,73,0.09199567139148712
2,137,147,56,4,79,0.08824852854013443
2,138,148,56,1,73,0.3669539988040924
2,138,148,56,2,80,0.2985196113586426
2,138,148,56,3,72,0.1245948076248169
2,138,148,56,4,79,0.05577876418828964
2,139,149,56,1,79,0.3534747064113617
2,139,149,56,2,80,0.2851863205432892
2,139,149,56,3,78,0.12373708188533783
2,139,149,56,4,71,0.04322163015604019
2,140,150,56,1,70,0.8232333660125732
2,140,150,56,2,69,0.10775449872016907
2,140,150,56,3,71,0.05369646102190018
2,140,150,56,4,79,0.00501274736598134
2,141,151,56,1,71,0.6223680973052979
2,141,151,56,2,70,0.26534396409988403
2,141,151,56,3,72,0.1082320362329483
2,141,151,56,4,73,0.0019053253345191479
2,142,152,56,1,71,0.722000002861023
2,142,152,56,2,72,0.24778689444065094
2,142,152,56,3,70,0.02761434018611908
2,142,152,56,4,73,0.0021504289470613003
2,143,153,55,1,71,0.8760000467300415
2,143,153,55,2,72,0.11220759153366089
2,143,153,55,3,70,0.01076357439160347
2,143,153,55,4,73,0.0007596343057230115
2,144,154,55,1,71,0.9607856273651123
2,144,154,55,2,72,0.0244646817445755
2,144,154,55,3,70,0.01441934797912836
2,144,154,55,4,88,6.86757848598063e-05
2,145,155,54,1,71,0.8665637373924255
2,145,155,54,2,70,0.1206175833940506
2,145,155,54,3,72,0.012386618182063103
2,145,155,54,4,69,7.23875782568939e-05
2,146,156,53,1,70,0.6075454354286194
2,146,156,53,2,69,0.3913479745388031
2,146,156,53,3,71,0.0007889235275797546
2,146,156,53,4,68,0.00012472420348785818
2,147,157,53,1,69,0.9791775345802307
2,147,157,53,2,68,0.01193969789892435
2,147,157,53,3,70,0.008861076086759567
2,147,157,53,4,96,3.7116039948159596e-06
2,148,158,52,1,69,0.73115074634552
2,148,158,52,2,68,0.26754650473594666
2,148,158,52,3,70,0.0007697119726799428
2,148,158,52,4,67,0.00044877533218823373
2,149,159,51,1,68,0.6822822690010071
2,149,159,51,2,69,0.3146633505821228
2,149,159,51,3,67,0.0028759841807186604
2,149,159,51,4,70,0.0001313456305069849
2,150,160,50,1,68,0.3256243169307709
2,150,160,50,2,67,0.24672579765319824
2,150,160,50,3,66,0.18902388215065002
2,150,160,50,4,69,0.06527434289455414
2,151,161,49,1,66,0.38634511828422546
2,151,161,49,2,67,0.31809625029563904
2,151,161,49,3,68,0.06959761679172516
2,151,161,49,4,73,0.06234276667237282
2,152,162,48,1,66,0.5512667894363403
2,152,162,48,2,72,0.09424777328968048
2,152,162,48,3,67,0.07936669886112213
2,152,162,48,4,78,0.05661965161561966
2,153,163,48,1,72,0.44477322697639465
2,153,163,48,2,66,0.23162434995174408
2,153,163,48,3,71,0.09293792396783829
2,153,163,48,4,65,0.07294836640357971
2,154,164,47,1,72,0.3880411386489868
2,154,164,47,2,78,0.22741469740867615
2,154,164,47,3,66,0.07093459367752075
2,154,164,47,4,65,0.06336531788110733
2,155,165,48,1,78,0.3443499803543091
2,155,165,48,2,77,0.1457819938659668
2,155,165,48,3,72,0.11887972801923752
2,155,165,48,4,79,0.0874711126089096
2,156,166,48,1,79,0.2743684649467468
2,156,166,48,2,78,0.24428530037403107
2,156,166,48,3,71,0.1728467345237732
2,156,166,48,4,59,0.09721770882606506
2,157,167,49,1,78,0.25015735626220703
2,157,167,49,2,79,0.18687453866004944
2,157,167,49,3,72,0.16400524973869324
2,157,167,49,4,80,0.15204517543315887
2,158,168,51,1,73,0.21194422245025635
2,158,168,51,2,80,0.19132816791534424
2,158,168,51,3,81,0.16603074967861176
2,158,168,51,4,75,0.08425350487232208
2,159,169,52,1,68,0.391501247882843
2,159,169,52,2,67,0.2605280876159668
2,159,169,52,3,80,0.11153709888458252
2,159,169,52,4,69,0.07112450152635574
2,160,170,53,1,71,0.5109810829162598
2,160,170,53,2,70,0.3292892873287201
2,160,170,53,3,79,0.05765458196401596
2,160,170,53,4,80,0.031144581735134125
2,161,171,55,1,71,0.7716400623321533
2,161,171,55,2,70,0.20288684964179993
2,161,171,55,3,72,0.024906612932682037
2,161,171,55,4,79,0.0001419219479430467
2,162,172,56,1,73,0.5538519024848938
2,162,172,56,2,72,0.4177074730396271
2,162,172,56,3,71,0.02719792164862156
2,162,172,56,4,74,0.0008944509900175035
2,163,173,57,1,73,0.690060019493103
2,163,173,57,2,74,0.3025689125061035
2,163,173,57,3,75,0.005692236591130495
2,163,173,57,4,72,0.0015582024352625012
2,164,174,58,1,75,0.871583878993988
2,164,174,58,2,74,0.07820434868335724
2,164,174,58,3,76,0.04782693088054657
2,164,174,58,4,73,0.001793811796233058
2,165,175,58,1,75,0.49340352416038513
2,165,175,58,2,76,0.47342032194137573
2,165,175,58,3,77,0.016495587304234505
2,165,175,58,4,74,0.016132963821291924
2,166,176,59,1,76,0.5045647025108337
2,166,176,59,2,75,0.44139593839645386
2,166,176,59,3,77,0.047170817852020264
2,166,176,59,4,74,0.0022827789653092623
2,167,177,59,1,75,0.60305255651474
2,167,177,59,2,76,0.3721380829811096
2,167,177,59,3,74,0.010924123227596283
2,167,177,59,4,82,0.006429308094084263
2,168,178,58,1,76,0.8529491424560547
2,168,178,58,2,75,0.12825074791908264
2,168,178,58,3,77,0.008634958416223526
2,168,178,58,4,74,0.004681631922721863
2,169,179,58,1,75,0.7494690418243408
2,169,179,58,2,76,0.20457711815834045
2,169,179,58,3,74,0.04161328449845314
2,169,179,58,4,77,0.0012722439132630825
2,170,180,58,1,79,0.20786499977111816
2,170,180,58,2,80,0.20371568202972412
2,170,180,58,3,78,0.19500479102134705
2,170,180,58,4,77,0.15051695704460144
2,171,181,57,1,73,0.22263288497924805
2,171,181,57,2,72,0.21822331845760345
2,171,181,57,3,79,0.13172408938407898
2,171,181,57,4,80,0.09186558425426483
2,172,182,57,1,73,0.3524993658065796
2,172,182,57,2,72,0.302488774061203
2,172,182,57,3,71,0.1283666044473648
2,172,182,57,4,80,0.0684957504272461
2,173,183,56,1,72,0.5065075755119324
2,173,183,56,2,73,0.186435729265213
2,173,183,56,3,80,0.12722423672676086
2,173,183,56,4,71,0.05435226857662201
2,174,184,55,1,80,0.34861886501312256
2,174,184,55,2,72,0.2751366198062897
2,174,184,55,3,73,0.12545348703861237
2,174,184,55,4,81,0.113759346306324
2,175,185,54,1,79,0.44943004846572876
2,175,185,54,2,80,0.21294477581977844
2,175,185,54,3,72,0.09266272932291031
2,175,185,54,4,81,0.04619771987199783
2,176,186,53,1,80,0.34681206941604614
2,176,186,53,2,79,0.30183178186416626
2,176,186,53,3,81,0.08580225706100464
2,176,186,53,4,59,0.055989038199186325
2,177,187,52,1,80,0.2569986879825592
2,177,187,52,2,79,0.24577678740024567
2,177,187,52,3,72,0.1547219157218933
2,177,187,52,4,78,0.08754703402519226
2,178,188,51,1,80,0.32111549377441406
2,178,188,51,2,72,0.17372183501720428
2,178,188,51,3,73,0.12448583543300629
2,178,188,51,4,81,0.11542961746454239
2,179,189,50,1,78,0.26916804909706116
2,179,189,50,2,72,0.19459058344364166
2,179,189,50,3,80,0.12121321260929108
2,179,189,50,4,73,0.10253772884607315
2,180,190,50,1,72,0.24651819467544556
2,180,190,50,2,67,0.11979823559522629
2,180,190,50,3,66,0.10588477551937103
2,180,190,50,4,71,0.09504856169223785
2,181,191,49,1,63,0.39760130643844604
2,181,191,49,2,64,0.2870234549045563
2,181,191,49,3,62,0.08321630954742432
2,181,191,49,4,65,0.05445314198732376
2,182,192,49,1,63,0.6705871820449829
2,182,192,49,2,64,0.30623406171798706
2,182,192,49,3,62,0.007781963795423508
2,182,192,49,4,65,0.005874151363968849
2,183,193,49,1,64,0.8852452635765076
2,183,193,49,2,63,0.10276710242033005
2,183,193,49,3,65,0.0069000814110040665
2,183,193,49,4,66,0.001329788938164711
2,184,194,49,1,65,0.7695015072822571
2,184,194,49,2,64,0.18390001356601715
2,184,194,49,3,66,0.043238598853349686
2,184,194,49,4,70,0.0008101080893538892
2,185,195,50,1,66,0.9136276841163635
2,185,195,50,2,67,0.07966359704732895
2,185,195,50,3,65,0.005957280285656452
2,185,195,50,4,68,0.00029459933284670115
2,186,196,51,1,67,0.8349101543426514
2,186,196,51,2,68,0.16367876529693604
2,186,196,51,3,69,0.0007488520932383835
2,186,196,51,4,66,0.0006339226965792477
2,187,197,51,1,69,0.5331801772117615
2,187,197,51,2,68,0.4648343324661255
2,187,197,51,3,67,0.0011244465131312609
2,187,197,51,4,70,0.0007247772300615907
2,188,198,52,1,69,0.6872907876968384
2,188,198,52,2,70,0.3100256025791168
2,188,198,52,3,68,0.0023450355511158705
2,188,198,52,4,71,0.00023571387282572687
2,189,199,53,1,71,0.7441883087158203
2,189,199,53,2,70,0.21414132416248322
2,189,199,53,3,72,0.040702179074287415
2,189,199,53,4,73,0.00047860213089734316
2,190,200,52,1,72,0.3355652987957001
2,190,200,52,2,73,0.2992885112762451
2,190,200,52,3,71,0.1491212099790573
2,190,200,52,4,74,0.054391443729400635
2,191,201,50,1,73,0.27182164788246155
2,191,201,50,2,80,0.18876558542251587
2,191,201,50,3,74,0.14691226184368134
2,191,201,50,4,75,0.11253438889980316
2,192,202,49,1,80,0.5854750275611877
2,192,202,49,2,73,0.10754355788230896
2,192,202,49,3,81,0.098159059882164
2,192,202,49,4,79,0.07991264760494232
2,193,203,48,1,80,0.6204879879951477
2,193,203,48,2,81,0.19270993769168854
2,193,203,48,3,79,0.05234286189079285
2,193,203,48,4,82,0.04172882065176964
2,194,204,47,1,80,0.7857465744018555
2,194,204,47,2,81,0.11979769170284271
2,194,204,47,3,79,0.06475402414798737
2,194,204,47,4,73,0.010561424307525158
2,195,205,47,1,81,0.2753772437572479
2,195,205,47,2,80,0.2566227614879608
2,195,205,47,3,82,0.16559696197509766
2,195,205,47,4,79,0.06304160505533218
2,196,206,47,1,80,0.3828248381614685
2,196,206,47,2,81,0.22287213802337646
2,196,206,47,3,73,0.1411961019039154
2,196,206,47,4,82,0.09577295929193497
2,197,207,48,1,81,0.2448764145374298
2,197,207,48,2,82,0.21549555659294128
2,197,207,48,3,80,0.21121789515018463
2,197,207,48,4,83,0.054337408393621445
2,198,208,49,1,75,0.21506695449352264
2,198,208,49,2,82,0.14524886012077332
2,198,208,49,3,81,0.1413310170173645
2,198,208,49,4,76,0.1324862688779831
2,199,209,50,1,81,0.4463587701320648
2,199,209,50,2,80,0.21062548458576202
2,199,209,50,3,82,0.11884631961584091
2,199,209,50,4,79,0.06478388607501984
2,200,210,51,1,69,0.4328705072402954
2,200,210,51,2,68,0.4313330352306366
2,200,210,51,3,70,0.04552256315946579
2,200,210,51,4,75,0.03872424364089966
2,201,211,53,1,70,0.8193160891532898
2,201,211,53,2,71,0.11040154099464417
2,201,211,53,3,69,0.03914610296487808
2,201,211,53,4,72,0.024288130924105644
2,202,212,54,1,71,0.7248542308807373
2,202,212,54,2,70,0.1762566864490509
2,202,212,54,3,72,0.09539961814880371
2,202,212,54,4,73,0.0032572608906775713
2,203,213,55,1,73,0.9587934017181396
2,203,213,55,2,72,0.02442261576652527
2,203,213,55,3,74,0.016306282952427864
2,203,213,55,4,71,0.0002233806299045682
2,204,214,57,1,74,0.5443108081817627
2,204,214,57,2,75,0.3231637179851532
2,204,214,57,3,73,0.12849514186382294
2,204,214,57,4,76,0.0037043020129203796
2,205,215,58,1,75,0.8921745419502258
2,205,215,58,2,76,0.0656777173280716
2,205,215,58,3,74,0.04017031192779541
2,205,215,58,4,73,0.0015222402289509773
2,206,216,58,1,76,0.8065545558929443
2,206,216,58,2,75,0.17298132181167603
2,206,216,58,3,77,0.019653677940368652
2,206,216,58,4,74,0.0003327647573314607
2,207,217,59,1,76,0.7142034769058228
2,207,217,59,2,75,0.15662986040115356
2,207,217,59,3,77,0.1267673820257187
2,207,217,59,4,74,0.001066446304321289
2,208,218,59,1,76,0.6925334930419922
2,208,218,59,2,77,0.28579676151275635
2,208,218,59,3,78,0.01069861464202404
2,208,218,59,4,75,0.006975038908421993
2,209,219,59,1,77,0.5883040428161621
2,209,219,59,2,76,0.3588258624076843
2,209,219,59,3,78,0.027611687779426575
2,209,219,59,4,79,0.013645045459270477
2,210,220,56,1,80,0.2221927046775818
2,210,220,56,2,79,0.18361684679985046
2,210,220,56,3,77,0.16731342673301697
2,210,220,56,4,76,0.1223212480545044
2,211,221,53,1,72,0.32351791858673096
2,211,221,53,2,80,0.216742143034935
2,211,221,53,3,73,0.199571892619133
2,211,221,53,4,79,0.07706547528505325
2,212,222,50,1,80,0.2380748987197876
2,212,222,50,2,81,0.20793619751930237
2,212,222,50,3,67,0.1185995489358902
2,212,222,50,4,72,0.10830274224281311
2,213,223,47,1,81,0.3131565749645233
2,213,223,47,2,80,0.25633227825164795
2,213,223,47,3,66,0.16834522783756256
2,213,223,47,4,79,0.06153811141848564
2,214,224,45,1,80,0.3315471410751343
2,214,224,45,2,81,0.2706579267978668
2,214,224,45,3,73,0.1048467829823494
2,214,224,45,4,66,0.0741201788187027
2,215,225,43,1,80,0.44279617071151733
2,215,225,43,2,81,0.25124046206474304
2,215,225,43,3,72,0.06036825105547905
2,215,225,43,4,79,0.05319315940141678
2,216,226,42,1,80,0.47498542070388794
2,216,226,42,2,81,0.29065030813217163
2,216,226,42,3,72,0.050070833414793015
2,216,226,42,4,73,0.046748995780944824
2,217,227,42,1,80,0.34969890117645264
2,217,227,42,2,81,0.23143771290779114
2,217,227,42,3,72,0.09669248759746552
2,217,227,42,4,79,0.06503123790025711
2,218,228,43,1,80,0.42208006978034973
2,218,228,43,2,81,0.23935654759407043
2,218,228,43,3,72,0.07484030723571777
2,218,228,43,4,66,0.054645419120788574
2,219,229,45,1,72,0.1645139455795288
2,219,229,45,2,73,0.16282540559768677
2,219,229,45,3,80,0.16129626333713531
2,219,229,45,4,78,0.0850575715303421
2,220,230,47,1,62,0.27495262026786804
2,220,230,47,2,61,0.13621990382671356
2,220,230,47,3,67,0.10019972920417786
2,220,230,47,4,72,0.09860197454690933
2,221,231,50,1,66,0.5274451971054077
2,221,231,50,2,65,0.3212819993495941
2,221,231,50,3,67,0.08623477816581726
2,221,231,50,4,64,0.03365816920995712
2,222,232,53,1,68,0.6776975393295288
2,222,232,53,2,69,0.31825053691864014
2,222,232,53,3,70,0.0030729034915566444
2,222,232,53,4,67,0.000913186464458704
2,223,233,56,1,73,0.49846401810646057
2,223,233,56,2,72,0.34635767340660095
2,223,233,56,3,71,0.12405705451965332
2,223,233,56,4,70,0.026146259158849716
2,224,234,58,1,75,0.8184549808502197
2,224,234,58,2,74,0.10805094242095947
2,224,234,58,3,76,0.06515314429998398
2,224,234,58,4,73,0.007672242820262909
2,225,235,61,1,77,0.4442044496536255
2,225,235,61,2,78,0.28727981448173523
2,225,235,61,3,79,0.24428389966487885
2,225,235,61,4,76,0.016365593299269676
2,226,236,62,1,82,0.6183317303657532
2,226,236,62,2,83,0.22324039041996002
2,226,236,62,3,81,0.09595656394958496
2,226,236,62,4,80,0.0415584072470665
2,227,237,64,1,83,0.5992391109466553
2,227,237,64,2,84,0.23689371347427368
2,227,237,64,3,85,0.10744483768939972
2,227,237,64,4,82,0.03044656291604042
2,228,238,65,1,85,0.561001718044281
2,228,238,65,2,84,0.20967921614646912
2,228,238,65,3,83,0.08814990520477295
2,228,238,65,4,86,0.0691385343670845
2,229,239,65,1,85,0.5596104264259338
2,229,239,65,2,84,0.1913425773382187
2,229,239,65,3,86,0.10678793489933014
2,229,239,65,4,83,0.050467826426029205
2,230,240,64,1,85,0.26676857471466064
2,230,240,64,2,86,0.18651336431503296
2,230,240,64,3,84,0.07988249510526657
2,230,240,64,4,91,0.07452993094921112
2,231,241,62,1,83,0.18948550522327423
2,231,241,62,2,84,0.1304003894329071
2,231,241,62,3,85,0.11292856931686401
2,231,241,62,4,82,0.09510800242424011
2,232,242,60,1,81,0.27557867765426636
2,232,242,60,2,80,0.1889953911304474
2,232,242,60,3,79,0.10687458515167236
2,232,242,60,4,82,0.0842847228050232
2,233,243,58,1,81,0.2888358235359192
2,233,243,58,2,80,0.1465347856283188
2,233,243,58,3,82,0.13144128024578094
2,233,243,58,4,73,0.13074728846549988
2,234,244,55,1,81,0.3464670181274414
2,234,244,55,2,80,0.1597556322813034
2,234,244,55,3,73,0.11518801748752594
2,234,244,55,4,82,0.0911094918847084
2,235,245,53,1,81,0.39037930965423584
2,235,245,53,2,80,0.26015040278434753
2,235,245,53,3,82,0.10525179654359818
2,235,245,53,4,79,0.043023012578487396
2,236,246,50,1,81,0.46631667017936707
2,236,246,50,2,66,0.14417657256126404
2,236,246,50,3,80,0.1429017186164856
2,236,246,50,4,79,0.03638637065887451
2,237,247,48,1,81,0.25780215859413147
2,237,247,48,2,65,0.1508534848690033
2,237,247,48,3,80,0.10320843756198883
2,237,247,48,4,66,0.08328697085380554
2,238,248,46,1,81,0.10175971686840057
2,238,248,46,2,66,0.09153886139392853
2,238,248,46,3,65,0.06963816285133362
2,238,248,46,4,84,0.05511714518070221
2,239,249,44,1,58,0.10727407783269882
2,239,249,44,2,81,0.10067784786224365
2,239,249,44,3,79,0.09090481698513031
2,239,249,44,4,65,0.08592560142278671
2,240,250,44,1,55,0.23388691246509552
2,240,250,44,2,71,0.15686820447444916
2,240,250,44,3,62,0.08787591755390167
2,240,250,44,4,60,0.062260787934064865
2,241,251,44,1,57,0.4046930968761444
2,241,251,44,2,56,0.20782849192619324
2,241,251,44,3,72,0.12798936665058136
2,241,251,44,4,71,0.03800901770591736
2,242,252,44,1,58,0.9323449730873108
2,242,252,44,2,57,0.04577701538801193
2,242,252,44,3,59,0.018524041399359703
2,242,252,44,4,72,0.0007230833871290088
2,243,253,46,1,60,0.7355619668960571
2,243,253,46,2,59,0.2575663626194
2,243,253,46,3,61,0.004932248964905739
2,243,253,46,4,86,0.00044008137774653733
2,244,254,48,1,62,0.531067967414856
2,244,254,48,2,63,0.4586692154407501
2,244,254,48,3,61,0.003728690557181835
2,244,254,48,4,69,0.0022470373660326004
2,245,255,50,1,64,0.47692734003067017
2,245,255,50,2,65,0.3432578444480896
2,245,255,50,3,66,0.08678345382213593
2,245,255,50,4,63,0.026812439784407616
2,246,256,52,1,69,0.8172698616981506
2,246,256,52,2,68,0.16838735342025757
2,246,256,52,3,70,0.014226941391825676
2,246,256,52,4,67,4.853943028138019e-05
2,247,257,55,1,71,0.605579137802124
2,247,257,55,2,72,0.2243334949016571
2,247,257,55,3,70,0.15578284859657288
2,247,257,55,4,73,0.013135408982634544
2,248,258,57,1,75,0.567300021648407
2,248,258,57,2,74,0.36278265714645386
2,248,258,57,3,73,0.0617474690079689
2,248,258,57,4,76,0.0076508307829499245
2,249,259,59,1,77,0.7827832102775574
2,249,259,59,2,78,0.11959632486104965
2,249,259,59,3,76,0.08792456239461899
2,249,259,59,4,79,0.008976563811302185
2,250,260,63,1,77,0.4565003216266632
2,250,260,63,2,78,0.36619630455970764
2,250,260,63,3,76,0.07522768527269363
2,250,260,63,4,79,0.05355473607778549
2,251,261,67,1,78,0.3946141004562378
2,251,261,67,2,77,0.39456140995025635
2,251,261,67,3,79,0.08126657456159592
2,251,261,67,4,76,0.05480918288230896
2,252,262,70,1,78,0.373900830745697
2,252,262,70,2,77,0.2642085552215576
2,252,262,70,3,76,0.09028756618499756
2,252,262,70,4,79,0.07447676360607147
2,253,263,72,1,78,0.22986266016960144
2,253,263,72,2,77,0.16384127736091614
2,253,263,72,3,83,0.12042592465877533
2,253,263,72,4,79,0.08750960230827332
2,254,264,74,1,83,0.1582670509815216
2,254,264,74,2,85,0.11210426688194275
2,254,264,74,3,86,0.10437624156475067
2,254,264,74,4,84,0.09704212844371796
2,255,265,74,1,79,0.21532687544822693
2,255,265,74,2,78,0.11964235454797745
2,255,265,74,3,83,0.10884463787078857
2,255,265,74,4,77,0.09167254716157913
2,256,266,74,1,78,0.18104912340641022
2,256,266,74,2,79,0.16860350966453552
2,256,266,74,3,86,0.13077257573604584
2,256,266,74,4,80,0.09988433867692947
2,257,267,73,1,78,0.3003086447715759
2,257,267,73,2,77,0.24790295958518982
2,257,267,73,3,79,0.10856436938047409
2,257,267,73,4,86,0.06699877977371216
2,258,268,71,1,78,0.3109632432460785
2,258,268,71,2,79,0.1404409557580948
2,258,268,71,3,77,0.1394333839416504
2,258,268,71,4,84,0.058391109108924866
2,259,269,68,1,78,0.33430591225624084
2,259,269,68,2,79,0.25146567821502686
2,259,269,68,3,77,0.17493030428886414
2,259,269,68,4,80,0.09648092836141586
2,260,270,65,1,79,0.22119708359241486
2,260,270,65,2,78,0.1832171231508255
2,260,270,65,3,80,0.12614785134792328
2,260,270,65,4,72,0.09499645233154297
2,261,271,61,1,66,0.23661328852176666
2,261,271,61,2,65,0.18810831010341644
2,261,271,61,3,67,0.12587951123714447
2,261,271,61,4,79,0.09933687746524811
2,262,272,57,1,65,0.3816137909889221
2,262,272,57,2,64,0.3164893388748169
2,262,272,57,3,70,0.06505105644464493
2,262,272,57,4,71,0.055470991879701614
2,263,273,53,1,60,0.8103612065315247
2,263,273,53,2,61,0.1419210135936737
2,263,273,53,3,67,0.015418174676597118
2,263,273,53,4,62,0.00788892712444067
2,264,274,49,1,59,0.6264809966087341
2,264,274,49,2,58,0.3622206449508667
2,264,274,49,3,60,0.0067308275029063225
2,264,274,49,4,65,0.0011852256720885634
2,265,275,45,1,57,0.32344698905944824
2,265,275,45,2,72,0.14143119752407074
2,265,275,45,3,56,0.10447774827480316
2,265,275,45,4,77,0.07850738614797592
2,266,276,42,1,54,0.7626473307609558
2,266,276,42,2,53,0.13988082110881805
2,266,276,42,3,55,0.07351712882518768
2,266,276,42,4,79,0.007618125528097153
2,267,277,40,1,51,0.6293885111808777
2,267,277,40,2,50,0.30509576201438904
2,267,277,40,3,52,0.02948131039738655
2,267,277,40,4,75,0.011691618710756302
2,268,278,39,1,50,0.8858697414398193
2,268,278,39,2,51,0.099851094186306
2,268,278,39,3,49,0.01286493893712759
2,268,278,39,4,56,0.0005560897989198565
2,269,279,39,1,51,0.9164257049560547
2,269,279,39,2,52,0.08212636411190033
2,269,279,39,3,50,0.0011038793018087745
2,269,279,39,4,57,0.00010993832256644964
2,270,280,43,1,55,0.2730565071105957
2,270,280,43,2,54,0.24486783146858215
2,270,280,43,3,53,0.121913842856884
2,270,280,43,4,52,0.10795891284942627
2,271,281,48,1,59,0.4325268864631653
2,271,281,48,2,58,0.2688080370426178
2,271,281,48,3,60,0.07446859776973724
2,271,281,48,4,57,0.05134494975209236
2,272,282,53,1,65,0.4242863953113556
2,272,282,53,2,64,0.1209949254989624
2,272,282,53,3,58,0.06006423383951187
2,272,282,53,4,59,0.048904113471508026
2,273,283,58,1,72,0.1658179610967636
2,273,283,58,2,61,0.08543875813484192
2,273,283,58,3,71,0.07864151895046234
2,273,283,58,4,65,0.07840360701084137
2,274,284,63,1,77,0.12911833822727203
2,274,284,63,2,72,0.10691951960325241
2,274,284,63,3,71,0.09918662160634995
2,274,284,63,4,61,0.08056232333183289
2,275,285,67,1,77,0.5458119511604309
2,275,285,67,2,76,0.23576174676418304
2,275,285,67,3,78,0.16064465045928955
2,275,285,67,4,70,0.032429289072752
2,276,286,71,1,80,0.24556557834148407
2,276,286,71,2,81,0.2091299295425415
2,276,286,71,3,82,0.13287441432476044
2,276,286,71,4,83,0.10714458674192429
2,277,287,73,1,84,0.260387122631073
2,277,287,73,2,83,0.22802193462848663
2,277,287,73,3,85,0.19966420531272888
2,277,287,73,4,86,0.08156365901231766
2,278,288,75,1,85,0.2745712101459503
2,278,288,75,2,86,0.18598058819770813
2,278,288,75,3,84,0.14713995158672333
2,278,288,75,4,87,0.10085196793079376
2,279,289,76,1,85,0.2861184775829315
2,279,289,76,2,86,0.19317270815372467
2,279,289,76,3,84,0.11486402899026871
2,279,289,76,4,94,0.07930441200733185
2,280,290,76,1,82,0.3289235234260559
2,280,290,76,2,81,0.20805475115776062
2,280,290,76,3,79,0.13347874581813812
2,280,290,76,4,83,0.06552524119615555
2,281,291,76,1,82,0.318764865398407
2,281,291,76,2,81,0.11744354665279388
2,281,291,76,3,75,0.06241143122315407
2,281,291,76,4,85,0.061390470713377
2,282,292,74,1,85,0.12831632792949677
2,282,292,74,2,82,0.07962161302566528
2,282,292,74,3,91,0.06591761112213135
2,282,292,74,4,94,0.06540369987487793
2,283,293,71,1,85,0.1655493974685669
2,283,293,71,2,94,0.1255987286567688
2,283,293,71,3,91,0.09868497401475906
2,283,293,71,4,86,0.09280352294445038
2,284,294,68,1,91,0.1767948865890503
2,284,294,68,2,85,0.143097922205925
2,284,294,68,3,92,0.09882020950317383
2,284,294,68,4,86,0.09732405841350555
2,285,295,64,1,85,0.2385210394859314
2,285,295,64,2,83,0.18123845756053925
2,285,295,64,3,84,0.11765193939208984
2,285,295,64,4,82,0.09415872395038605
2,286,296,60,1,76,0.45152634382247925
2,286,296,60,2,79,0.25834763050079346
2,286,296,60,3,77,0.09211333096027374
2,286,296,60,4,72,0.049049023538827896
2,287,297,55,1,76,0.6754541397094727
2,287,297,55,2,71,0.11708090454339981
2,287,297,55,3,72,0.05465288460254669
2,287,297,55,4,77,0.05177948251366615
2,288,298,51,1,65,0.2849506437778473
2,288,298,51,2,64,0.1488555371761322
2,288,298,51,3,63,0.14301066100597382
2,288,298,51,4,71,0.09990119934082031
2,289,299,46,1,59,0.3983760476112366
2,289,299,46,2,60,0.30374038219451904
2,289,299,46,3,58,0.2517971396446228
2,289,299,46,4,61,0.012410485185682774
2,290,300,45,1,57,0.3734264373779297
2,290,300,45,2,58,0.18217411637306213
2,290,300,45,3,56,0.15965259075164795
2,290,300,45,4,55,0.055920880287885666
2,291,301,44,1,58,0.28892087936401367
2,291,301,44,2,59,0.14609932899475098
2,291,301,44,3,57,0.12608110904693604
2,291,301,44,4,60,0.07648066431283951
2,292,302,44,1,58,0.29391735792160034
2,292,302,44,2,52,0.20244519412517548
2,292,302,44,3,59,0.13099455833435059
2,292,302,44,4,57,0.09662729501724243
2,293,303,45,1,57,0.5825434327125549
2,293,303,45,2,58,0.22128744423389435
2,293,303,45,3,52,0.06287046521902084
2,293,303,45,4,56,0.023187443614006042
2,294,304,46,1,45,0.43605899810791016
2,294,304,46,2,60,0.22497591376304626
2,294,304,46,3,59,0.11953144520521164
2,294,304,46,4,46,0.10045284777879715
2,295,305,47,1,52,0.3818836212158203
2,295,305,47,2,78,0.14224079251289368
2,295,305,47,3,58,0.09821224957704544
2,295,305,47,4,65,0.04529944807291031
2,296,306,50,1,60,0.2465478777885437
2,296,306,50,2,65,0.22635674476623535
2,296,306,50,3,66,0.19996917247772217
2,296,306,50,4,61,0.07944919168949127
2,297,307,52,1,61,0.26124659180641174
2,297,307,52,2,62,0.2582992613315582
2,297,307,52,3,60,0.1605232059955597
2,297,307,52,4,63,0.05966203659772873
2,298,308,54,1,67,0.14374275505542755
2,298,308,54,2,65,0.13797250390052795
2,298,308,54,3,66,0.12317395210266113
2,298,308,54,4,68,0.1096758022904396
2,299,309,56,1,76,0.1831861436367035
2,299,309,56,2,77,0.16775479912757874
2,299,309,56,3,75,0.15497659146785736
2,299,309,56,4,78,0.08959200978279114
2,300,310,58,1,77,0.472413033246994
2,300,310,58,2,76,0.21493060886859894
2,300,310,58,3,78,0.19294553995132446
2,300,310,58,4,75,0.05443353205919266
2,301,311,60,1,78,0.5034560561180115
2,301,311,60,2,77,0.31856369972229004
2,301,311,60,3,79,0.1382891684770584
2,301,311,60,4,76,0.020732389762997627
2,302,312,61,1,82,0.35678738355636597
2,302,312,61,2,83,0.22573141753673553
2,302,312,61,3,79,0.13156163692474365
2,302,312,61,4,80,0.11303044855594635
2,303,313,62,1,82,0.4878615736961365
2,303,313,62,2,83,0.2608524560928345
2,303,313,62,3,81,0.1673360913991928
2,303,313,62,4,80,0.03304234892129898
2,304,314,63,1,82,0.634436309337616
2,304,314,63,2,83,0.2860252857208252
2,304,314,63,3,84,0.03935258090496063
2,304,314,63,4,85,0.01914467103779316
2,305,315,63,1,83,0.616520345211029
2,305,315,63,2,82,0.2769118547439575
2,305,315,63,3,85,0.04193365201354027
2,305,315,63,4,84,0.025195186957716942
2,306,316,62,1,83,0.5107244849205017
2,306,316,62,2,82,0.32344958186149597
2,306,316,62,3,85,0.07107587903738022
2,306,316,62,4,86,0.04545855522155762
2,307,317,61,1,82,0.5780474543571472
2,307,317,61,2,83,0.17898009717464447
2,307,317,61,3,81,0.14431120455265045
2,307,317,61,4,80,0.05959949642419815
2,308,318,60,1,80,0.2771824300289154
2,308,318,60,2,82,0.2662258446216583
2,308,318,60,3,83,0.25704243779182434
2,308,318,60,4,81,0.13663598895072937
2,309,319,58,1,79,0.46332618594169617
2,309,319,58,2,78,0.34291356801986694
2,309,319,58,3,77,0.160539448261261
2,309,319,58,4,80,0.02297654002904892
2,310,320,59,1,76,0.4669289290904999
2,310,320,59,2,75,0.4360831677913666
2,310,320,59,3,77,0.04943221062421799
2,310,320,59,4,74,0.04308512434363365
2,311,321,59,1,71,0.5126723647117615
2,311,321,59,2,72,0.4439586102962494
2,311,321,59,3,70,0.025198113173246384
2,311,321,59,4,73,0.01758262701332569
2,312,322,59,1,69,0.7598247528076172
2,312,322,59,2,70,0.13574597239494324
2,312,322,59,3,68,0.1015753224492073
2,312,322,59,4,71,0.002400399185717106
2,313,323,59,1,67,0.5524802207946777
2,313,323,59,2,66,0.4350443184375763
2,313,323,59,3,68,0.01150582917034626
2,313,323,59,4,65,0.0005753718432970345
2,314,324,58,1,64,0.549241840839386
2,314,324,58,2,65,0.43673062324523926
2,314,324,58,3,66,0.0078361127525568
2,314,324,58,4,63,0.0043435427360236645
2,315,325,57,1,63,0.8458430767059326
2,315,325,57,2,62,0.14552874863147736
2,315,325,57,3,64,0.007639551535248756
2,315,325,57,4,61,0.0005862035322934389
2,316,326,56,1,61,0.5096411108970642
2,316,326,56,2,62,0.48603910207748413
2,316,326,56,3,63,0.0028149564750492573
2,316,326,56,4,60,0.0013062143698334694
2,317,327,55,1,60,0.7501343488693237
2,317,327,55,2,61,0.2490282505750656
2,317,327,55,3,59,0.0005113165243528783
2,317,327,55,4,62,0.00026107049779966474
2,318,328,53,1,61,0.5484341382980347
2,318,328,53,2,60,0.4509979784488678
2,318,328,53,3,62,0.00040268953307531774
2,318,328,53,4,59,0.0001240801066160202
2,319,329,52,1,61,0.9561473727226257
2,319,329,52,2,62,0.04254273697733879
2,319,329,52,3,60,0.0010400505270808935
2,319,329,52,4,63,0.00011859221558552235
2,320,330,51,1,61,0.957434356212616
2,320,330,51,2,60,0.04009903594851494
2,320,330,51,3,62,0.002334368648007512
2,320,330,51,4,59,3.706985808094032e-05
2,321,331,50,1,61,0.731059193611145
2,321,331,50,2,62,0.2683705687522888
2,321,331,50,3,63,0.0002999022835865617
2,321,331,50,4,60,0.00014121328422334045
2,322,332,49,1,62,0.8039283752441406
2,322,332,49,2,63,0.17028619349002838
2,322,332,49,3,61,0.024759313091635704
2,322,332,49,4,64,0.0004585324495565146
2,323,333,48,1,63,0.6004621982574463
2,323,333,48,2,62,0.3897044360637665
2,323,333,48,3,64,0.004994373768568039
2,323,333,48,4,61,0.003655544249340892
2,324,334,48,1,64,0.8545598387718201
2,324,334,48,2,63,0.13869956135749817
2,324,334,48,3,65,0.004583586938679218
2,324,334,48,4,71,0.0009901770390570164
2,325,335,48,1,64,0.8900859355926514
2,325,335,48,2,65,0.06926409155130386
2,325,335,48,3,63,0.03767360746860504
2,325,335,48,4,71,0.0013366281054913998
2,326,336,49,1,65,0.644778847694397
2,326,336,49,2,64,0.3525654971599579
2,326,336,49,3,66,0.0010898082982748747
2,326,336,49,4,63,0.0006068575312383473
2,327,337,49,1,65,0.9557127356529236
2,327,337,49,2,66,0.02803766168653965
2,327,337,49,3,64,0.014597856439650059
2,327,337,49,4,71,0.0010871720733121037
2,328,338,50,1,67,0.8301671743392944
2,328,338,50,2,66,0.10701578855514526
2,328,338,50,3,68,0.05854029953479767
2,328,338,50,4,69,0.0013201251858845353
2,329,339,51,1,68,0.8290274739265442
2,329,339,51,2,69,0.08384611457586288
2,329,339,51,3,67,0.07816331088542938
2,329,339,51,4,70,0.006504611112177372
2,330,340,55,1,70,0.6610527038574219
2,330,340,55,2,69,0.262236624956131
2,330,340,55,3,71,0.06299472600221634
2,330,340,55,4,68,0.012899418361485004
2,331,341,59,1,71,0.7157315611839294
2,331,341,59,2,72,0.24795742332935333
2,331,341,59,3,70,0.02729450911283493
2,331,341,59,4,73,0.00862037017941475
2,332,342,62,1,73,0.6143004894256592
2,332,342,62,2,72,0.3749249577522278
2,332,342,62,3,74,0.007291616406291723
2,332,342,62,4,71,0.00335894338786602
2,333,343,65,1,73,0.7535189986228943
2,333,343,65,2,74,0.20092201232910156
2,333,343,65,3,72,0.043028928339481354
2,333,343,65,4,75,0.0024095033295452595
2,334,344,67,1,74,0.5970659255981445
2,334,344,67,2,73,0.3721293807029724
2,334,344,67,3,75,0.026238324120640755
2,334,344,67,4,72,0.004052524454891682
2,335,345,68,1,74,0.646762490272522
2,335,345,68,2,75,0.3261431157588959
2,335,345,68,3,73,0.022806063294410706
2,335,345,68,4,76,0.003758859820663929
2,336,346,69,1,74,0.5951570868492126
2,336,346,69,2,75,0.36590272188186646
2,336,346,69,3,73,0.02557004615664482
2,336,346,69,4,76,0.011629262007772923
2,337,347,69,1,75,0.6033145785331726
2,337,347,69,2,76,0.26192760467529297
2,337,347,69,3,74,0.07373437285423279
2,337,347,69,4,77,0.025190159678459167
2,338,348,69,1,76,0.47218361496925354
2,338,348,69,2,75,0.367098867893219
2,338,348,69,3,77,0.091375432908535
2,338,348,69,4,79,0.022352423518896103
2,339,349,67,1,75,0.6536506414413452
2,339,349,67,2,76,0.3005939722061157
2,339,349,67,3,77,0.026768557727336884
2,339,349,67,4,74,0.014991061761975288
2,340,350,65,1,75,0.7973712086677551
2,340,350,65,2,74,0.17969782650470734
2,340,350,65,3,76,0.01828140951693058
2,340,350,65,4,73,0.0039377412758767605
2,341,351,63,1,73,0.715548574924469
2,341,351,63,2,74,0.22317177057266235
2,341,351,63,3,72,0.05710742622613907
2,341,351,63,4,75,0.002700254786759615
2,342,352,60,1,71,0.7430111765861511
2,342,352,60,2,72,0.13199445605278015
2,342,352,60,3,70,0.08095251023769379
2,342,352,60,4,73,0.0353488065302372
2,343,353,57,1,67,0.5928826332092285
2,343,353,57,2,68,0.21877828240394592
2,343,353,57,3,71,0.035999320447444916
2,343,353,57,4,66,0.033069316297769547
2,344,354,54,1,67,0.4655637741088867
2,344,354,54,2,66,0.13717971742153168
2,344,354,54,3,68,0.09987176209688187
2,344,354,54,4,71,0.09605517238378525
2,345,355,50,1,71,0.3008953332901001
2,345,355,50,2,64,0.0974680557847023
2,345,355,50,3,70,0.09063675999641418
2,345,355,50,4,72,0.059554409235715866
2,346,356,47,1,71,0.1556164026260376
2,346,356,47,2,72,0.1307980716228485
2,346,356,47,3,79,0.11005314439535141
2,346,356,47,4,62,0.06692982465028763
2,347,357,45,1,58,0.42231377959251404
2,347,357,45,2,59,0.34899500012397766
2,347,357,45,3,60,0.09849382936954498
2,347,357,45,4,72,0.06759946793317795
2,348,358,43,1,56,0.48319804668426514
2,348,358,43,2,57,0.426879346370697
2,348,358,43,3,55,0.06703752279281616
2,348,358,43,4,58,0.01619010604918003
2,349,359,41,1,55,0.8882381319999695
2,349,359,41,2,54,0.06422830373048782
2,349,359,41,3,56,0.046035829931497574
2,349,359,41,4,57,0.0006188178667798638
2,350,360,41,1,55,0.6991828083992004
2,350,360,41,2,56,0.29431235790252686
2,350,360,41,3,54,0.003293631598353386
2,350,360,41,4,57,0.0026269853115081787
2,351,361,41,1,56,0.945072591304779
2,351,361,41,2,55,0.03173251450061798
2,351,361,41,3,57,0.02276425063610077
2,351,361,41,4,58,0.0002538801054470241
2,352,362,42,1,58,0.8528202772140503
2,352,362,42,2,57,0.10362977534532547
2,352,362,42,3,59,0.03942818194627762
2,352,362,42,4,60,0.0026689523365348577
2,353,363,44,1,60,0.8141869306564331
2,353,363,44,2,59,0.15218451619148254
2,353,363,44,3,61,0.030411165207624435
2,353,363,44,4,58,0.002423687372356653
2,354,364,47,1,63,0.7078707814216614
2,354,364,47,2,64,0.19436970353126526
2,354,364,47,3,62,0.09327195584774017
2,354,364,47,4,61,0.00217627570964396
2,355,365,50,1,68,0.7989094853401184
2,355,365,50,2,69,0.16423283517360687
2,355,365,50,3,67,0.02928723208606243
2,355,365,50,4,70,0.006766263861209154
2,356,366,53,1,72,0.40403759479522705
2,356,366,53,2,71,0.3349784016609192
2,356,366,53,3,70,0.16663531959056854
2,356,366,53,4,73,0.0906728208065033
2,357,367,57,1,75,0.9030472040176392
2,357,367,57,2,76,0.08096912503242493
2,357,367,57,3,74,0.014189841225743294
2,357,367,57,4,77,0.0017304990906268358
2,358,368,60,1,79,0.6944851279258728
2,358,368,60,2,78,0.14944668114185333
2,358,368,60,3,80,0.1371949315071106
2,358,368,60,4,77,0.010698685422539711
2,359,369,62,1,82,0.6487476229667664
2,359,369,62,2,81,0.23314256966114044
2,359,369,62,3,83,0.1010914295911789
2,359,369,62,4,80,0.013767057098448277
2,360,370,64,1,85,0.3433496057987213
2,360,370,64,2,83,0.2399429827928543
2,360,370,64,3,86,0.16327911615371704
2,360,370,64,4,84,0.12334492802619934
2,361,371,66,1,86,0.3192078471183777
2,361,371,66,2,85,0.2671360373497009
2,361,371,66,3,87,0.08621878921985626
2,361,371,66,4,91,0.08466380834579468
2,362,372,67,1,86,0.4118286967277527
2,362,372,67,2,91,0.14338847994804382
2,362,372,67,3,85,0.13264882564544678
2,362,372,67,4,87,0.12790969014167786
2,363,373,67,1,86,0.3784087896347046
2,363,373,67,2,87,0.13623443245887756
2,363,373,67,3,91,0.1267746239900589
2,363,373,67,4,94,0.09855757653713226
2,364,374,67,1,86,0.4053647220134735
2,364,374,67,2,87,0.2588998079299927
2,364,374,67,3,88,0.19583603739738464
2,364,374,67,4,89,0.03858543187379837
2,365,375,66,1,86,0.33750879764556885
2,365,375,66,2,87,0.28905296325683594
2,365,375,66,3,88,0.1280945986509323
2,365,375,66,4,85,0.1082034781575203
2,366,376,65,1,86,0.323587566614151
2,366,376,65,2,88,0.2651634216308594
2,366,376,65,3,87,0.2604484260082245
2,366,376,65,4,85,0.040510352700948715
2,367,377,63,1,88,0.35407906770706177
2,367,377,63,2,86,0.31049323081970215
2,367,377,63,3,87,0.1562504768371582
2,367,377,63,4,85,0.11712934821844101
2,368,378,60,1,79,0.4554758369922638
2,368,378,60,2,80,0.17127811908721924
2,368,378,60,3,81,0.15697455406188965
2,368,378,60,4,77,0.06820350140333176
2,369,379,57,1,75,0.4230419993400574
2,369,379,57,2,76,0.2939044237136841
2,369,379,57,3,74,0.17268821597099304
2,369,379,57,4,73,0.061793003231287
2,370,380,54,1,71,0.5041576027870178
2,370,380,54,2,72,0.26753348112106323
2,370,380,54,3,73,0.0966511219739914
2,370,380,54,4,70,0.06359533220529556
2,371,381,50,1,67,0.7200384736061096
2,371,381,50,2,68,0.11957867443561554
2,371,381,50,3,66,0.10890846699476242
2,371,381,50,4,69,0.01601303555071354
2,372,382,46,1,63,0.6353621482849121
2,372,382,46,2,64,0.3243308663368225
2,372,382,46,3,71,0.014020365662872791
2,372,382,46,4,62,0.010439729318022728
2,373,383,43,1,61,0.8337464332580566
2,373,383,43,2,62,0.11635105311870575
2,373,383,43,3,60,0.04266366362571716
2,373,383,43,4,63,0.0038885781541466713
2,374,384,41,1,58,0.9710490107536316
2,374,384,41,2,59,0.02136506326496601
2,374,384,41,3,57,0.007120869122445583
2,374,384,41,4,60,0.00032400089548900723
2,375,385,40,1,57,0.9620755314826965
2,375,385,40,2,58,0.029517384245991707
2,375,385,40,3,56,0.008280386216938496
2,375,385,40,4,72,4.047190668643452e-05
2,376,386,40,1,56,0.9426587224006653
2,376,386,40,2,57,0.05318380147218704
2,376,386,40,3,55,0.003956751432269812
2,376,386,40,4,58,0.0001214190197060816
2,377,387,41,1,57,0.9067762494087219
2,377,387,41,2,56,0.08739667385816574
2,377,387,41,3,58,0.005710584577172995
2,377,387,41,4,55,3.664839459815994e-05
2,378,388,43,1,58,0.7538162469863892
2,378,388,43,2,59,0.24478784203529358
2,378,388,43,3,57,0.0010272094514220953
2,378,388,43,4,60,0.00023247899662237614
2,379,389,46,1,60,0.6020053029060364
2,379,389,46,2,61,0.3938792049884796
2,379,389,46,3,59,0.002907061716541648
2,379,389,46,4,62,0.0008889976888895035
2,380,390,50,1,64,0.5973246097564697
2,380,390,50,2,63,0.37154078483581543
2,380,390,50,3,62,0.012986414134502411
2,380,390,50,4,65,0.010220212861895561
2,381,391,53,1,69,0.5416439771652222
2,381,391,53,2,68,0.37065884470939636
2,381,391,53,3,70,0.07915057986974716
2,381,391,53,4,67,0.004088519606739283
2,382,392,57,1,74,0.4939325153827667
2,382,392,57,2,75,0.3272590637207031
2,382,392,57,3,73,0.17307619750499725
2,382,392,57,4,76,0.00457476731389761
2,383,393,60,1,82,0.333379328250885
2,383,393,60,2,79,0.21102125942707062
2,383,393,60,3,81,0.151540607213974
2,383,393,60,4,80,0.14022769033908844
2,384,394,63,1,85,0.35521021485328674
2,384,394,63,2,83,0.239922896027565
2,384,394,63,3,86,0.16686023771762848
2,384,394,63,4,84,0.08730971813201904
2,385,395,65,1,85,0.5263243317604065
2,385,395,65,2,86,0.3864625096321106
2,385,395,65,3,87,0.03808574378490448
2,385,395,65,4,84,0.026614263653755188
2,386,396,67,1,86,0.5225834250450134
2,386,396,67,2,85,0.25299781560897827
2,386,396,67,3,87,0.12184375524520874
2,386,396,67,4,88,0.04133409634232521
2,387,397,68,1,86,0.6263769268989563
2,387,397,68,2,87,0.14966484904289246
2,387,397,68,3,85,0.10468507558107376
2,387,397,68,4,88,0.06244459003210068
2,388,398,68,1,88,0.32509106397628784
2,388,398,68,2,87,0.22853977978229523
2,388,398,68,3,86,0.1043645441532135
2,388,398,68,4,91,0.1027614176273346
2,389,399,68,1,88,0.4379831850528717
2,389,399,68,2,87,0.17839574813842773
2,389,399,68,3,89,0.12391155958175659
2,389,399,68,4,91,0.10574224591255188
2,390,400,70,1,88,0.5109997987747192
2,390,400,70,2,87,0.1983979046344757
2,390,400,70,3,89,0.13730870187282562
2,390,400,70,4,91,0.05415285378694534
2,391,401,71,1,88,0.4894999861717224
2,391,401,71,2,87,0.13723856210708618
2,391,401,71,3,89,0.10280586779117584
2,391,401,71,4,91,0.09796846657991409
2,392,402,71,1,88,0.5679613947868347
2,392,402,71,2,87,0.24714741110801697
2,392,402,71,3,89,0.06830843538045883
2,392,402,71,4,86,0.05861012637615204
2,393,403,70,1,81,0.3298754096031189
2,393,403,70,2,82,0.2563702464103699
2,393,403,70,3,80,0.15176591277122498
2,393,403,70,4,79,0.1121288612484932
2,394,404,69,1,77,0.49399644136428833
2,394,404,69,2,78,0.3908977806568146
2,394,404,69,3,79,0.0584137886762619
2,394,404,69,4,76,0.05470569431781769
2,395,405,67,1,73,0.5596792697906494
2,395,405,67,2,72,0.2125026285648346
2,395,405,67,3,74,0.08627315610647202
2,395,405,67,4,71,0.07961563766002655
2,396,406,64,1,68,0.6076409816741943
2,396,406,64,2,67,0.3537716269493103
2,396,406,64,3,69,0.02327975630760193
2,396,406,64,4,66,0.005425251554697752
2,397,407,61,1,63,0.5387872457504272
2,397,407,61,2,64,0.24453115463256836
2,397,407,61,3,71,0.06638877093791962
2,397,407,61,4,62,0.04613898694515228
2,398,408,58,1,60,0.5521188378334045
2,398,408,58,2,61,0.42257800698280334
2,398,408,58,3,59,0.011120576411485672
2,398,408,58,4,62,0.006508467253297567
2,399,409,54,1,58,0.5234259963035583
2,399,409,54,2,57,0.4563722014427185
2,399,409,54,3,59,0.008479907177388668
2,399,409,54,4,60,0.0022313802037388086
2,400,410,51,1,56,0.8274741768836975
2,400,410,51,2,55,0.10125801712274551
2,400,410,51,3,57,0.06369864195585251
2,400,410,51,4,58,0.004691426642239094
2,401,411,47,1,54,0.8861297369003296
2,401,411,47,2,55,0.08729436248540878
2,401,411,47,3,53,0.02391001209616661
2,401,411,47,4,56,0.0014409401919692755
2,402,412,44,1,54,0.652573823928833
2,402,412,44,2,53,0.3219350576400757
2,402,412,44,3,52,0.01697096973657608
2,402,412,44,4,55,0.007083984557539225
2,403,413,42,1,54,0.5719736218452454
2,403,413,42,2,53,0.4131646156311035
2,403,413,42,3,52,0.012059449218213558
2,403,413,42,4,55,0.002153413835912943
2,404,414,41,1,54,0.5070537328720093
2,404,414,41,2,53,0.48041918873786926
2,404,414,41,3,52,0.010401012375950813
2,404,414,41,4,55,0.0016955682076513767
2,405,415,40,1,54,0.8237665891647339
2,405,415,40,2,53,0.17491881549358368
2,405,415,40,3,55,0.001121850567869842
2,405,415,40,4,52,0.00011014485062332824
2,406,416,41,1,55,0.7883007526397705
2,406,416,41,2,56,0.18895182013511658
2,406,416,41,3,54,0.01745515875518322
2,406,416,41,4,57,0.00318374321796
2,407,417,43,1,57,0.49746426939964294
2,407,417,43,2,58,0.45767802000045776
2,407,417,43,3,60,0.014653872698545456
2,407,417,43,4,59,0.014628628268837929
2,408,418,46,1,59,0.5160126686096191
2,408,418,46,2,60,0.3702816963195801
2,408,418,46,3,58,0.1058294028043747
2,408,418,46,4,61,0.005701831541955471
2,409,419,49,1,64,0.5775997638702393
2,409,419,49,2,63,0.22882549464702606
2,409,419,49,3,65,0.12050554156303406
2,409,419,49,4,66,0.021529238671064377
2,410,420,55,1,67,0.5631721615791321
2,410,420,55,2,68,0.21977484226226807
2,410,420,55,3,66,0.12983940541744232
2,410,420,55,4,69,0.019419871270656586
2,411,421,60,1,72,0.3910042941570282
2,411,421,60,2,73,0.3312118649482727
2,411,421,60,3,71,0.11807738989591599
2,411,421,60,4,74,0.04687638580799103
2,412,422,66,1,77,0.43649598956108093
2,412,422,66,2,78,0.24636399745941162
2,412,422,66,3,79,0.2047080099582672
2,412,422,66,4,76,0.05415652319788933
2,413,423,70,1,82,0.39226773381233215
2,413,423,70,2,81,0.27104249596595764
2,413,423,70,3,83,0.16133955121040344
2,413,423,70,4,80,0.09798187017440796
2,414,424,74,1,83,0.5110047459602356
2,414,424,74,2,82,0.35344555974006653
2,414,424,74,3,85,0.046539656817913055
2,414,424,74,4,84,0.04067157953977585
2,415,425,77,1,85,0.5808543562889099
2,415,425,77,2,86,0.240371435880661
2,415,425,77,3,84,0.0822705402970314
2,415,425,77,4,83,0.05485246703028679
2,416,426,79,1,86,0.5008023381233215
2,416,426,79,2,85,0.3558960556983948
2,416,426,79,3,87,0.054632846266031265
2,416,426,79,4,84,0.02153851091861725
2,417,427,80,1,85,0.5477213859558105
2,417,427,80,2,86,0.2624039053916931
2,417,427,80,3,87,0.06887805461883545
2,417,427,80,4,84,0.03373166546225548
2,418,428,80,1,87,0.34496647119522095
2,418,428,80,2,88,0.2661249041557312
2,418,428,80,3,89,0.11771249026060104
2,418,428,80,4,91,0.09959783405065536
2,419,429,79,1,87,0.3027437925338745
2,419,429,79,2,86,0.2988662123680115
2,419,429,79,3,88,0.27526965737342834
2,419,429,79,4,89,0.054939109832048416
2,420,430,77,1,88,0.43312299251556396
2,420,430,77,2,87,0.18869878351688385
2,420,430,77,3,89,0.11845576763153076
2,420,430,77,4,86,0.0880662202835083
2,421,431,74,1,86,0.32089540362358093
2,421,431,74,2,87,0.3058905601501465
2,421,431,74,3,88,0.2012822926044464
2,421,431,74,4,85,0.11840236932039261
2,422,432,70,1,79,0.38452062010765076
2,422,432,70,2,81,0.17731885612010956
2,422,432,70,3,80,0.1232934445142746
2,422,432,70,4,78,0.08378858119249344
2,423,433,66,1,77,0.5174131393432617
2,423,433,66,2,76,0.24336132407188416
2,423,433,66,3,78,0.1598537266254425
2,423,433,66,4,79,0.048684146255254745
2,424,434,61,1,71,0.3930690288543701
2,424,434,61,2,76,0.23717203736305237
2,424,434,61,3,77,0.09302708506584167
2,424,434,61,4,75,0.08877028524875641
2,425,435,56,1,66,0.3429200351238251
2,425,435,56,2,67,0.24886274337768555
2,425,435,56,3,71,0.12176650762557983
2,425,435,56,4,70,0.08378727734088898
2,426,436,51,1,62,0.2549513876438141
2,426,436,51,2,61,0.16760559380054474
2,426,436,51,3,63,0.13886168599128723
2,426,436,51,4,71,0.09581176191568375
2,427,437,46,1,56,0.3544275462627411
2,427,437,46,2,57,0.333565354347229
2,427,437,46,3,58,0.09232189506292343
2,427,437,46,4,61,0.059320151805877686
2,428,438,41,1,52,0.3939226269721985
2,428,438,41,2,53,0.18996858596801758
2,428,438,41,3,51,0.11031487584114075
2,428,438,41,4,56,0.08839011937379837
2,429,439,38,1,49,0.57411789894104
2,429,439,38,2,48,0.36214619874954224
2,429,439,38,3,50,0.04590046778321266
2,429,439,38,4,47,0.013930846937000751
2,430,440,39,1,48,0.851108193397522
2,430,440,39,2,49,0.10568485409021378
2,430,440,39,3,47,0.03796897828578949
2,430,440,39,4,46,0.004228792153298855
2,431,441,40,1,48,0.9264059662818909
2,431,441,40,2,47,0.04117883741855621
2,431,441,40,3,49,0.03200274333357811
2,431,441,40,4,46,0.00020439099171198905
2,432,442,43,1,49,0.8943114876747131
2,432,442,43,2,50,0.07864198833703995
2,432,442,43,3,48,0.0253928080201149
2,432,442,43,4,55,0.0004979402292519808
2,433,443,47,1,53,0.8096341490745544
2,433,443,47,2,52,0.122780442237854
2,433,443,47,3,54,0.061665862798690796
2,433,443,47,4,51,0.004482195246964693
2,434,444,51,1,57,0.7406038045883179
2,434,444,51,2,58,0.12304999679327011
2,434,444,51,3,56,0.1006595566868782
2,434,444,51,4,60,0.01794980652630329
2,435,445,55,1,62,0.3259015679359436
2,435,445,55,2,63,0.25508853793144226
2,435,445,55,3,61,0.1291576623916626
2,435,445,55,4,64,0.11421681195497513
2,436,446,59,1,70,0.39613041281700134
2,436,446,59,2,69,0.1543184518814087
2,436,446,59,3,68,0.1349480301141739
2,436,446,59,4,71,0.08391372859477997
2,437,447,63,1,74,0.33771955966949463
2,437,447,63,2,75,0.3094578981399536
2,437,447,63,3,73,0.26551783084869385
2,437,447,63,4,76,0.03706081211566925
2,438,448,66,1,82,0.327889621257782
2,438,448,66,2,81,0.3066796064376831
2,438,448,66,3,83,0.1543986052274704
2,438,448,66,4,75,0.05728143826127052
2,439,449,68,1,87,0.4886256456375122
2,439,449,68,2,86,0.22076107561588287
2,439,449,68,3,88,0.19046682119369507
2,439,449,68,4,89,0.042112745344638824
2,440,450,70,1,87,0.23924963176250458
2,440,450,70,2,86,0.20628482103347778
2,440,450,70,3,88,0.13694226741790771
2,440,450,70,4,89,0.07738455384969711
2,441,451,71,1,91,0.2359064817428589
2,441,451,71,2,90,0.14292140305042267
2,441,451,71,3,94,0.09716565907001495
2,441,451,71,4,86,0.09398418664932251
2,442,452,71,1,94,0.31046831607818604
2,442,452,71,2,91,0.21547967195510864
2,442,452,71,3,92,0.09826195240020752
2,442,452,71,4,90,0.08743975311517715
2,443,453,71,1,91,0.34824612736701965
2,443,453,71,2,89,0.12689746916294098
2,443,453,71,3,90,0.10141094774007797
2,443,453,71,4,88,0.09874070435762405
2,444,454,69,1,91,0.3885611593723297
2,444,454,69,2,89,0.15303345024585724
2,444,454,69,3,90,0.11487708985805511
2,444,454,69,4,94,0.09810798615217209
2,445,455,67,1,91,0.39123308658599854
2,445,455,67,2,90,0.15484897792339325
2,445,455,67,3,89,0.11487071216106415
2,445,455,67,4,88,0.09751386940479279
2,446,456,65,1,88,0.4521578550338745
2,446,456,65,2,89,0.13748329877853394
2,446,456,65,3,90,0.10460025072097778
2,446,456,65,4,87,0.09720625728368759
2,447,457,62,1,81,0.5067641139030457
2,447,457,62,2,82,0.4107828140258789
2,447,457,62,3,80,0.06398645788431168
2,447,457,62,4,83,0.010784401558339596
2,448,458,58,1,76,0.41852566599845886
2,448,458,58,2,77,0.19511330127716064
2,448,458,58,3,72,0.11632118374109268
2,448,458,58,4,71,0.08925725519657135
2,449,459,55,1,71,0.5157427787780762
2,449,459,55,2,73,0.23544563353061676
2,449,459,55,3,72,0.1386728286743164
2,449,459,55,4,70,0.05539419502019882
2,450,460,53,1,66,0.5648034811019897
2,450,460,53,2,65,0.3196113407611847
2,450,460,53,3,71,0.033894091844558716
2,450,460,53,4,67,0.02771337889134884
2,451,461,52,1,62,0.429091215133667
2,451,461,52,2,61,0.29587942361831665
2,451,461,52,3,63,0.17836709320545197
2,451,461,52,4,64,0.019567228853702545
2,452,462,51,1,58,0.838381290435791
2,452,462,51,2,59,0.08945804834365845
2,452,462,51,3,57,0.049733858555555344
2,452,462,51,4,60,0.013262213207781315
2,453,463,50,1,56,0.5061174035072327
2,453,463,50,2,55,0.45709463953971863
2,453,463,50,3,57,0.01915958896279335
2,453,463,50,4,58,0.007120586931705475
2,454,464,49,1,54,0.9507712125778198
2,454,464,49,2,55,0.036860302090644836
2,454,464,49,3,53,0.012163807637989521
2,454,464,49,4,56,6.501677125925198e-05
2,455,465,48,1,54,0.8018201589584351
2,455,465,48,2,53,0.19699864089488983
2,455,465,48,3,55,0.0009701389353722334
2,455,465,48,4,52,0.00014557379472535104
2,456,466,48,1,54,0.8873174786567688
2,456,466,48,2,55,0.1062762662768364
2,456,466,48,3,53,0.00616199616342783
2,456,466,48,4,56,0.0001540016382932663
2,457,467,48,1,56,0.924691379070282
2,457,467,48,2,57,0.0565621592104435
2,457,467,48,3,55,0.017238972708582878
2,457,467,48,4,58,0.0013003856875002384
2,458,468,49,1,58,0.49139004945755005
2,458,468,49,2,59,0.4850393831729889
2,458,468,49,3,60,0.014556894078850746
2,458,468,49,4,57,0.007740027271211147
2,459,469,49,1,62,0.6509559750556946
2,459,469,49,2,63,0.31606438755989075
2,459,469,49,3,61,0.028380034491419792
2,459,469,49,4,64,0.0034070771653205156
2,460,470,50,1,65,0.6397803425788879
2,460,470,50,2,64,0.33507150411605835
2,460,470,50,3,66,0.022774603217840195
2,460,470,50,4,63,0.0015252722660079598
2,461,471,51,1,66,0.8415725231170654
2,461,471,51,2,67,0.13767056167125702
2,461,471,51,3,65,0.01711408607661724
2,461,471,51,4,68,0.0029727004002779722
2,462,472,53,1,69,0.6208633184432983
2,462,472,53,2,68,0.2848217785358429
2,462,472,53,3,70,0.08895377814769745
2,462,472,53,4,67,0.00267642829567194
2,463,473,54,1,79,0.522232711315155
2,463,473,54,2,80,0.2394704818725586
2,463,473,54,3,72,0.06638728082180023
2,463,473,54,4,73,0.06350627541542053
2,464,474,55,1,79,0.5432376861572266
2,464,474,55,2,80,0.34994110465049744
2,464,474,55,3,78,0.05621035769581795
2,464,474,55,4,73,0.01706056110560894
2,465,475,56,1,88,0.3247614800930023
2,465,475,56,2,80,0.26471826434135437
2,465,475,56,3,79,0.1731032282114029
2,465,475,56,4,89,0.06585444509983063
2,466,476,57,1,79,0.3230481743812561
2,466,476,57,2,80,0.18923333287239075
2,466,476,57,3,78,0.13951422274112701
2,466,476,57,4,77,0.13661693036556244
2,467,477,57,1,77,0.20961636304855347
2,467,477,57,2,75,0.12179739773273468
2,467,477,57,3,76,0.12115687131881714
2,467,477,57,4,81,0.11568346619606018
2,468,478,58,1,75,0.25570565462112427
2,468,478,58,2,76,0.18410411477088928
2,468,478,58,3,77,0.1697368621826172
2,468,478,58,4,79,0.10528211295604706
2,469,479,58,1,77,0.18114253878593445
2,469,479,58,2,76,0.14753732085227966
2,469,479,58,3,80,0.14591234922409058
2,469,479,58,4,79,0.13700701296329498
2,470,480,60,1,79,0.3288974463939667
2,470,480,60,2,80,0.2804952561855316
2,470,480,60,3,81,0.11693115532398224
2,470,480,60,4,77,0.09220828115940094
2,471,481,62,1,75,0.45979034900665283
2,471,481,62,2,76,0.26615190505981445
2,471,481,62,3,77,0.11658516526222229
2,471,481,62,4,74,0.09987771511077881
2,472,482,64,1,75,0.6864227652549744
2,472,482,64,2,74,0.14196956157684326
2,472,482,64,3,76,0.12529882788658142
2,472,482,64,4,77,0.018945638090372086
2,473,483,65,1,74,0.5196473002433777
2,473,483,65,2,75,0.2661203145980835
2,473,483,65,3,73,0.18410390615463257
2,473,483,65,4,76,0.024465760216116905
2,474,484,65,1,73,0.7140681147575378
2,474,484,65,2,74,0.2741708755493164
2,474,484,65,3,72,0.009270492941141129
2,474,484,65,4,75,0.0024525574408471584
2,475,485,65,1,72,0.8739964365959167
2,475,485,65,2,71,0.06833496689796448
2,475,485,65,3,73,0.057024937123060226
2,475,485,65,4,70,0.00031607854180037975
2,476,486,64,1,70,0.697191596031189
2,476,486,64,2,71,0.27832889556884766
2,476,486,64,3,69,0.02323043718934059
2,476,486,64,4,72,0.0011642188765108585
2,477,487,63,1,68,0.7192494869232178
2,477,487,63,2,69,0.2789542078971863
2,477,487,63,3,70,0.0012866281904280186
2,477,487,63,4,67,0.0004984749830327928
2,478,488,61,1,67,0.6336395144462585
2,478,488,61,2,68,0.3619984984397888
2,478,488,61,3,69,0.00344076007604599
2,478,488,61,4,66,0.0008712257258594036
2,479,489,59,1,67,0.8131319284439087
2,479,489,59,2,66,0.184891015291214
2,479,489,59,3,68,0.0018724570982158184
2,479,489,59,4,65,4.0403880120720714e-05
2,480,490,57,1,65,0.9789820909500122
2,480,490,57,2,66,0.011998036876320839
2,480,490,57,3,64,0.008975793607532978
2,480,490,57,4,71,1.4853723769192584e-05
2,481,491,54,1,64,0.7541516423225403
2,481,491,54,2,63,0.2441318780183792
2,481,491,54,3,65,0.0013413220876827836
2,481,491,54,4,62,0.00016133231110870838
2,482,492,52,1,63,0.8363630771636963
2,482,492,52,2,64,0.13739119470119476
2,482,492,52,3,62,0.024390127509832382
2,482,492,52,4,69,0.0006154519505798817
2,483,493,49,1,61,0.5226266384124756
2,483,493,49,2,62,0.4432671070098877
2,483,493,49,3,63,0.025101274251937866
2,483,493,49,4,60,0.0040179151110351086
2,484,494,47,1,61,0.7165740132331848
2,484,494,47,2,62,0.24650938808918
2,484,494,47,3,60,0.01602262072265148
2,484,494,47,4,63,0.014777138829231262
2,485,495,46,1,60,0.761809229850769
2,485,495,46,2,59,0.11069431155920029
2,485,495,46,3,61,0.10911272466182709
2,485,495,46,4,66,0.0030432785861194134
2,486,496,44,1,59,0.8381393551826477
2,486,496,44,2,58,0.11541624367237091
2,486,496,44,3,60,0.036013200879096985
2,486,496,44,4,64,0.004176266025751829
2,487,497,44,1,58,0.5381240844726562
2,487,497,44,2,59,0.4559570848941803
2,487,497,44,3,60,0.004460732918232679
2,487,497,44,4,57,0.0010933184530586004
2,488,498,44,1,59,0.6892857551574707
2,488,498,44,2,58,0.29615944623947144
2,488,498,44,3,60,0.013227060437202454
2,488,498,44,4,57,0.0006873108213767409
2,489,499,45,1,60,0.6025910377502441
2,489,499,45,2,59,0.38877010345458984
2,489,499,45,3,61,0.005158118903636932
2,489,499,45,4,58,0.0027605551294982433
3,0,10,48,1,46,0.9885488152503967
3,0,10,48,2,59,0.007141237147152424
3,0,10,48,3,51,0.002095865784212947
3,0,10,48,4,69,0.00036404974525794387
3,1,11,49,1,54,0.7475892305374146
3,1,11,49,2,48,0.2239508181810379
3,1,11,49,3,45,0.010902443900704384
3,1,11,49,4,53,0.005235494114458561
3,2,12,53,1,48,0.43174195289611816
3,2,12,53,2,50,0.15708011388778687
3,2,12,53,3,54,0.10014047473669052
3,2,12,53,4,49,0.06322165578603745
3,3,13,57,1,48,0.9424710869789124
3,3,13,57,2,47,0.029411280527710915
3,3,13,57,3,53,0.008159644901752472
3,3,13,57,4,54,0.0067687067203223705
3,4,14,61,1,51,0.49682217836380005
3,4,14,61,2,56,0.1168186143040657
3,4,14,61,3,57,0.11156024038791656
3,4,14,61,4,55,0.10065391659736633
3,5,15,66,1,59,0.8583727478981018
3,5,15,66,2,60,0.0914074182510376
3,5,15,66,3,58,0.03518148139119148
3,5,15,66,4,66,0.006277535110712051
3,6,16,70,1,63,0.8189465403556824
3,6,16,70,2,58,0.13045452535152435
3,6,16,70,3,64,0.02359812520444393
3,6,16,70,4,66,0.015482231974601746
3,7,17,74,1,66,0.6531507968902588
3,7,17,74,2,67,0.13965539634227753
3,7,17,74,3,69,0.06874806433916092
3,7,17,74,4,62,0.04946734383702278
3,8,18,78,1,74,0.9145592451095581
3,8,18,78,2,73,0.06184827536344528
3,8,18,78,3,59,0.015974529087543488
3,8,18,78,4,66,0.0033467591274529696
3,9,19,81,1,77,0.750598132610321
3,9,19,81,2,63,0.08792449533939362
3,9,19,81,3,56,0.06894911825656891
3,9,19,81,4,70,0.02832423895597458
3,10,20,80,1,77,0.9323980212211609
3,10,20,80,2,63,0.030026905238628387
3,10,20,80,3,71,0.006578266620635986
3,10,20,80,4,70,0.006420264486223459
3,11,21,79,1,78,0.5656206607818604
3,11,21,79,2,72,0.210502490401268
3,11,21,79,3,79,0.11302675306797028
3,11,21,79,4,77,0.05133213475346565
3,12,22,77,1,76,0.9609177112579346
3,12,22,77,2,77,0.01670621894299984
3,12,22,77,3,71,0.003690722631290555
3,12,22,77,4,70,0.0029449162539094687
3,13,23,75,1,78,0.7520124912261963
3,13,23,75,2,69,0.08667834848165512
3,13,23,75,3,85,0.025726253166794777
3,13,23,75,4,88,0.02261471003293991
3,14,24,72,1,68,0.7247650623321533
3,14,24,72,2,74,0.10140091180801392
3,14,24,72,3,64,0.0474858283996582
3,14,24,72,4,75,0.03756719455122948
3,15,25,69,1,74,0.9764021635055542
3,15,25,69,2,66,0.006798060145229101
3,15,25,69,3,90,0.005906657315790653
3,15,25,69,4,67,0.0025902045890688896
3,16,26,66,1,63,0.27689340710639954
3,16,26,66,2,64,0.24087414145469666
3,16,26,66,3,71,0.23924751579761505
3,16,26,66,4,92,0.09670060873031616
3,17,27,62,1,68,0.5612503290176392
3,17,27,62,2,84,0.28900641202926636
3,17,27,62,3,85,0.08904916048049927
3,17,27,62,4,86,0.007353018503636122
3,18,28,59,1,63,0.9507837295532227
3,18,28,59,2,77,0.029320040717720985
3,18,28,59,3,64,0.010170566849410534
3,18,28,59,4,58,0.0029561901465058327
3,19,29,56,1,69,0.7699273824691772
3,19,29,56,2,68,0.1724853217601776
3,19,29,56,3,75,0.011999106965959072
3,19,29,56,4,77,0.011560389772057533
3,20,30,54,1,59,0.27265456318855286
3,20,30,54,2,51,0.2060670703649521
3,20,30,54,3,75,0.15085960924625397
3,20,30,54,4,60,0.06731007993221283
3,21,31,52,1,50,0.9184110760688782
3,21,31,52,2,53,0.01709836721420288
3,21,31,52,3,47,0.014784594997763634
3,21,31,52,4,51,0.008466130122542381
3,22,32,52,1,50,0.641146719455719
3,22,32,52,2,49,0.1652834415435791
3,22,32,52,3,60,0.05748876929283142
3,22,32,52,4,55,0.055917706340551376
3,23,33,52,1,47,0.49198731780052185
3,23,33,52,2,48,0.17249011993408203
3,23,33,52,3,84,0.11525768041610718
3,23,33,52,4,74,0.05691183730959892
3,24,34,54,1,76,0.4727468192577362
3,24,34,54,2,48,0.340364545583725
3,24,34,54,3,59,0.0542512871325016
3,24,34,54,4,60,0.024119719862937927
3,25,35,56,1,50,0.743867814540863
3,25,35,56,2,51,0.2173730432987213
3,25,35,56,3,46,0.03308253362774849
3,25,35,56,4,56,0.00224787974730134
3,26,36,59,1,54,0.8355621695518494
3,26,36,59,2,53,0.14402350783348083
3,26,36,59,3,47,0.009911269880831242
3,26,36,59,4,45,0.0027603195048868656
3,27,37,62,1,73,0.36433476209640503
3,27,37,62,2,51,0.10130549222230911
3,27,37,62,3,57,0.09893935918807983
3,27,37,62,4,58,0.09288843721151352
3,28,38,65,1,61,0.4645019769668579
3,28,38,65,2,60,0.2067250907421112
3,28,38,65,3,74,0.1668122410774231
3,28,38,65,4,51,0.04871094226837158
3,29,39,68,1,62,0.9685118198394775
3,29,39,68,2,61,0.03132655844092369
3,29,39,68,3,63,7.923417433630675e-05
3,29,39,68,4,69,4.0520877519156784e-05
3,30,40,68,1,60,0.3039211630821228
3,30,40,68,2,65,0.26783883571624756
3,30,40,68,3,62,0.10083228349685669
3,30,40,68,4,69,0.08730689436197281
3,31,41,68,1,69,0.563525915145874
3,31,41,68,2,68,0.2041175663471222
3,31,41,68,3,75,0.08476538211107254
3,31,41,68,4,71,0.055494192987680435
3,32,42,68,1,75,0.4505527913570404
3,32,42,68,2,69,0.2438313513994217
3,32,42,68,3,63,0.11782381683588028
3,32,42,68,4,68,0.08214398473501205
3,33,43,68,1,69,0.49977749586105347
3,33,43,68,2,70,0.2298915982246399
3,33,43,68,3,76,0.115424744784832
3,33,43,68,4,75,0.09003105759620667
3,34,44,68,1,57,0.6086916327476501
3,34,44,68,2,65,0.13358096778392792
3,34,44,68,3,73,0.1287166178226471
3,34,44,68,4,72,0.05371249094605446
3,35,45,67,1,77,0.20286008715629578
3,35,45,67,2,70,0.19480650126934052
3,35,45,67,3,71,0.1783619225025177
3,35,45,67,4,69,0.13016965985298157
3,36,46,66,1,56,0.33711275458335876
3,36,46,66,2,62,0.32660192251205444
3,36,46,66,3,61,0.06840433180332184
3,36,46,66,4,67,0.061189692467451096
3,37,47,65,1,50,0.36770325899124146
3,37,47,65,2,73,0.2809571921825409
3,37,47,65,3,55,0.11444554477930069
3,37,47,65,4,64,0.06435646861791611
3,38,48,64,1,55,0.4497484862804413
3,38,48,64,2,54,0.3791464865207672
3,38,48,64,3,56,0.11131768673658371
3,38,48,64,4,60,0.038718901574611664
3,39,49,63,1,70,0.3765304684638977
3,39,49,63,2,50,0.28784188628196716
3,39,49,63,3,75,0.12920671701431274
3,39,49,63,4,77,0.041711680591106415
3,40,50,62,1,64,0.4233063757419586
3,40,50,62,2,69,0.2678619623184204
3,40,50,62,3,70,0.12609709799289703
3,40,50,62,4,55,0.060300495475530624
3,41,51,61,1,69,0.7665432691574097
3,41,51,61,2,68,0.12801693379878998
3,41,51,61,3,70,0.05702972039580345
3,41,51,61,4,71,0.013534476980566978
3,42,52,61,1,57,0.9925932288169861
3,42,52,61,2,58,0.003379554022103548
3,42,52,61,3,56,0.001354222884401679
3,42,52,61,4,77,0.0008356104954145849
3,43,53,60,1,53,0.4251806437969208
3,43,53,60,2,67,0.25144219398498535
3,43,53,60,3,62,0.06747261434793472
3,43,53,60,4,76,0.04451455920934677
3,44,54,60,1,57,0.9714099764823914
3,44,54,60,2,58,0.00795759353786707
3,44,54,60,3,51,0.00533648207783699
3,44,54,60,4,64,0.005064071621745825
3,45,55,60,1,55,0.8670920133590698
3,45,55,60,2,54,0.08282577991485596
3,45,55,60,3,56,0.019740816205739975
3,45,55,60,4,57,0.018602745607495308
3,46,56,61,1,55,0.9713466763496399
3,46,56,61,2,54,0.02104545570909977
3,46,56,61,3,56,0.005572442431002855
3,46,56,61,4,49,0.0010370075469836593
3,47,57,61,1,57,0.8047152757644653
3,47,57,61,2,85,0.16249610483646393
3,47,57,61,3,56,0.018241379410028458
3,47,57,61,4,64,0.0018796817166730762
3,48,58,62,1,57,0.6712971329689026
3,48,58,62,2,58,0.3129819631576538
3,48,58,62,3,85,0.006378289312124252
3,48,58,62,4,72,0.002455075504258275
3,49,59,63,1,57,0.9215440154075623
3,49,59,63,2,56,0.027283573523163795
3,49,59,63,3,49,0.010504018515348434
3,49,59,63,4,51,0.00882494356483221
3,50,60,61,1,59,0.5165828466415405
3,50,60,61,2,57,0.14635410904884338
3,50,60,61,3,56,0.09936212748289108
3,50,60,61,4,60,0.07872854173183441
3,51,61,60,1,65,0.31416821479797363
3,51,61,60,2,60,0.22593116760253906
3,51,61,60,3,59,0.11707814037799835
3,51,61,60,4,52,0.10831247270107269
3,52,62,59,1,60,0.6942428350448608
3,52,62,59,2,49,0.06672575324773788
3,52,62,59,3,50,0.05423849821090698
3,52,62,59,4,65,0.03676188364624977
3,53,63,58,1,60,0.3729361295700073
3,53,63,58,2,52,0.32073843479156494
3,53,63,58,3,51,0.13735753297805786
3,53,63,58,4,61,0.04636643826961517
3,54,64,58,1,75,0.24266819655895233
3,54,64,58,2,60,0.17116595804691315
3,54,64,58,3,67,0.10587187856435776
3,54,64,58,4,56,0.08906612545251846
3,55,65,58,1,61,0.6746242642402649
3,55,65,58,2,67,0.07822445034980774
3,55,65,58,3,60,0.07338223606348038
3,55,65,58,4,55,0.07186632603406906
3,56,66,58,1,60,0.3962477445602417
3,56,66,58,2,55,0.1194065734744072
3,56,66,58,3,59,0.0998784527182579
3,56,66,58,4,64,0.05371377244591713
3,57,67,59,1,56,0.7177427411079407
3,57,67,59,2,65,0.05892004072666168
3,57,67,59,3,50,0.057087332010269165
3,57,67,59,4,51,0.05331685394048691
3,58,68,61,1,60,0.5279726386070251
3,58,68,61,2,56,0.14166390895843506
3,58,68,61,3,57,0.07833696156740189
3,58,68,61,4,65,0.07646439969539642
3,59,69,62,1,56,0.5221537351608276
3,59,69,62,2,55,0.27620047330856323
3,59,69,62,3,57,0.10573840886354446
3,59,69,62,4,65,0.05701896920800209
3,60,70,63,1,59,0.7924813628196716
3,60,70,63,2,60,0.17291903495788574
3,60,70,63,3,65,0.013483317568898201
3,60,70,63,4,58,0.011104950681328773
3,61,71,65,1,59,0.9543712139129639
3,61,71,65,2,60,0.04344513267278671
3,61,71,65,3,58,0.001927293837070465
3,61,71,65,4,74,6.372828647727147e-05
3,62,72,67,1,60,0.6068507432937622
3,62,72,67,2,61,0.3600773215293884
3,62,72,67,3,55,0.02887597866356373
3,62,72,67,4,56,0.0011120778508484364
3,63,73,68,1,61,0.5030451416969299
3,63,73,68,2,62,0.4963914155960083
3,63,73,68,3,68,0.00015833413635846227
3,63,73,68,4,63,0.00014079427637625486
3,64,74,69,1,62,0.9295095205307007
3,64,74,69,2,63,0.06567231565713882
3,64,74,69,3,61,0.0023683160543441772
3,64,74,69,4,56,0.0021170624531805515
3,65,75,70,1,63,0.8528115153312683
3,65,75,70,2,62,0.1467633694410324
3,65,75,70,3,64,0.00021620317420456558
3,65,75,70,4,78,6.603213114431128e-05
3,66,76,70,1,63,0.9882327914237976
3,66,76,70,2,64,0.010130003094673157
3,66,76,70,3,62,0.001456894213333726
3,66,76,70,4,78,6.273781764321029e-05
3,67,77,70,1,63,0.9806951284408569
3,67,77,70,2,64,0.01811673678457737
3,67,77,70,3,62,0.001106484211049974
3,67,77,70,4,57,2.2624008124694228e-05
3,68,78,70,1,62,0.9760955572128296
3,68,78,70,2,61,0.02335592359304428
3,68,78,70,3,63,0.0003522168844938278
3,68,78,70,4,56,0.00010544148972257972
3,69,79,70,1,61,0.8685576915740967
3,69,79,70,2,62,0.13130678236484528
3,69,79,70,3,60,5.127034819452092e-05
3,69,79,70,4,63,2.926407614722848e-05
3,70,80,67,1,61,0.3620285391807556
3,70,80,67,2,60,0.26836588978767395
3,70,80,67,3,62,0.15837621688842773
3,70,80,67,4,63,0.05797416344285011
3,71,81,63,1,57,0.27337804436683655
3,71,81,63,2,61,0.16118332743644714
3,71,81,63,3,56,0.14974196255207062
3,71,81,63,4,51,0.14654141664505005
3,72,82,60,1,54,0.2207966148853302
3,72,82,60,2,62,0.21317550539970398
3,72,82,60,3,56,0.13204331696033478
3,72,82,60,4,55,0.09335435926914215
3,73,83,57,1,55,0.28588396310806274
3,73,83,57,2,56,0.223391592502594
3,73,83,57,3,49,0.14824536442756653
3,73,83,57,4,50,0.10817518085241318
3,74,84,55,1,49,0.46381211280822754
3,74,84,55,2,55,0.17822711169719696
3,74,84,55,3,61,0.16545870900154114
3,74,84,55,4,68,0.04951033741235733
3,75,85,53,1,51,0.5308877825737
3,75,85,53,2,50,0.12846724689006805
3,75,85,53,3,57,0.10662025958299637
3,75,85,53,4,52,0.07532940059900284
3,76,86,52,1,57,0.2265285849571228
3,76,86,52,2,45,0.22336363792419434
3,76,86,52,3,64,0.136441171169281
3,76,86,52,4,51,0.0760655403137207
3,77,87,52,1,53,0.49143335223197937
3,77,87,52,2,64,0.08460567146539688
3,77,87,52,3,46,0.07664496451616287
3,77,87,52,4,45,0.06462794542312622
3,78,88,53,1,51,0.31840500235557556
3,78,88,53,2,52,0.18078352510929108
3,78,88,53,3,50,0.1257653385400772
3,78,88,53,4,53,0.10509911179542542
3,79,89,55,1,57,0.449944406747818
3,79,89,55,2,51,0.15906015038490295
3,79,89,55,3,52,0.08216073364019394
3,79,89,55,4,48,0.060558564960956573
3,80,90,58,1,52,0.8155044913291931
3,80,90,58,2,53,0.10680410265922546
3,80,90,58,3,57,0.02382211573421955
3,80,90,58,4,51,0.01799941435456276
3,81,91,61,1,56,0.9071828126907349
3,81,91,61,2,55,0.05177154392004013
3,81,91,61,3,54,0.01891448348760605
3,81,91,61,4,57,0.015595723874866962
3,82,92,64,1,58,0.972593367099762
3,82,92,64,2,57,0.025656528770923615
3,82,92,64,3,59,0.0016525518149137497
3,82,92,64,4,43,1.9769289792748168e-05
3,83,93,67,1,60,0.8341999650001526
3,83,93,67,2,61,0.16502350568771362
3,83,93,67,3,55,0.00018919236026704311
3,83,93,67,4,43,0.00010981372906826437
3,84,94,70,1,63,0.9713662266731262
3,84,94,70,2,64,0.028053289279341698
3,84,94,70,3,62,0.000422056473325938
3,84,94,70,4,65,0.00010113042662851512
3,85,95,72,1,65,0.988673746585846
3,85,95,72,2,66,0.00881904549896717
3,85,95,72,3,64,0.002473450731486082
3,85,95,72,4,83,5.0616736189113e-06
3,86,96,74,1,67,0.9756008386611938
3,86,96,74,2,66,0.019537383690476418
3,86,96,74,3,68,0.004666329361498356
3,86,96,74,4,59,8.415881893597543e-05
3,87,97,76,1,68,0.8761565685272217
3,87,97,76,2,67,0.1088198870420456
3,87,97,76,3,69,0.013570956885814667
3,87,97,76,4,83,0.00042821725946851075
3,88,98,77,1,69,0.8914494514465332
3,88,98,77,2,70,0.10572497546672821
3,88,98,77,3,84,0.0011675885180011392
3,88,98,77,4,68,0.0009320819517597556
3,89,99,77,1,69,0.9203275442123413
3,89,99,77,2,70,0.07398640364408493
3,89,99,77,3,68,0.0051664067432284355
3,89,99,77,4,84,0.00018159001774620265
3,90,100,74,1,67,0.3500099778175354
3,90,100,74,2,69,0.14900867640972137
3,90,100,74,3,66,0.12230553478002548
3,90,100,74,4,68,0.08649104833602905
3,91,101,71,1,63,0.47062715888023376
3,91,101,71,2,64,0.22537373006343842
3,91,101,71,3,62,0.08698415756225586
3,91,101,71,4,65,0.04576505720615387
3,92,102,68,1,61,0.4046703577041626
3,92,102,68,2,62,0.17490698397159576
3,92,102,68,3,60,0.1325162798166275
3,92,102,68,4,53,0.031333208084106445
3,93,103,64,1,57,0.15930664539337158
3,93,103,64,2,63,0.1486199051141739
3,93,103,64,3,58,0.12789800763130188
3,93,103,64,4,52,0.10707063972949982
3,94,104,61,1,54,0.24147596955299377
3,94,104,61,2,48,0.18303929269313812
3,94,104,61,3,53,0.16113142669200897
3,94,104,61,4,49,0.13153329491615295
3,95,105,57,1,52,0.24555599689483643
3,95,105,57,2,48,0.18313707411289215
3,95,105,57,3,51,0.13096514344215393
3,95,105,57,4,49,0.12654078006744385
3,96,106,54,1,53,0.2551632523536682
3,96,106,54,2,52,0.23554830253124237
3,96,106,54,3,51,0.13370457291603088
3,96,106,54,4,50,0.06556712090969086
3,97,107,52,1,45,0.211937814950943
3,97,107,52,2,46,0.1919853836297989
3,97,107,52,3,44,0.18686607480049133
3,97,107,52,4,43,0.1075088158249855
3,98,108,51,1,53,0.25005775690078735
3,98,108,51,2,45,0.18746697902679443
3,98,108,51,3,52,0.09592469781637192
3,98,108,51,4,43,0.0822947695851326
3,99,109,51,1,53,0.3086789548397064
3,99,109,51,2,52,0.13029783964157104
3,99,109,51,3,45,0.10286535322666168
3,99,109,51,4,46,0.08912724256515503
3,100,110,52,1,48,0.4558568596839905
3,100,110,52,2,49,0.22962510585784912
3,100,110,52,3,50,0.09869659692049026
3,100,110,52,4,52,0.07549303025007248
3,101,111,54,1,49,0.5517687797546387
3,101,111,54,2,50,0.20162999629974365
3,101,111,54,3,51,0.12564188241958618
3,101,111,54,4,52,0.11535332351922989
3,102,112,57,1,52,0.8797051310539246
3,102,112,57,2,51,0.108021579682827
3,102,112,57,3,53,0.01205123495310545
3,102,112,57,4,54,0.0001434358418919146
3,103,113,60,1,55,0.8656929731369019
3,103,113,60,2,54,0.11341103166341782
3,103,113,60,3,56,0.02055543288588524
3,103,113,60,4,57,0.0001355740532744676
3,104,114,63,1,57,0.5472615957260132
3,104,114,63,2,58,0.4464123547077179
3,104,114,63,3,59,0.003652106737717986
3,104,114,63,4,56,0.0010621098335832357
3,105,115,67,1,61,0.6859186887741089
3,105,115,67,2,60,0.3130103051662445
3,105,115,67,3,62,0.0002697760355658829
3,105,115,67,4,43,0.00017771858256310225
3,106,116,70,1,64,0.9834466576576233
3,106,116,70,2,63,0.013578698970377445
3,106,116,70,3,65,0.0027157862205058336
3,106,116,70,4,57,7.466239912901074e-05
3,107,117,73,1,65,0.6314549446105957
3,107,117,73,2,66,0.35972869396209717
3,107,117,73,3,64,0.006681419909000397
3,107,117,73,4,83,0.00028172379825264215
3,108,118,75,1,68,0.9654532670974731
3,108,118,75,2,69,0.03347542881965637
3,108,118,75,3,67,0.000994730507954955
3,108,118,75,4,85,2.0654020772781223e-05
3,109,119,77,1,69,0.9411288499832153
3,109,119,77,2,70,0.0416862815618515
3,109,119,77,3,68,0.01670871302485466
3,109,119,77,4,84,0.00021042423031758517
3,110,120,75,1,68,0.38193443417549133
3,110,120,75,2,69,0.3817076086997986
3,110,120,75,3,70,0.11190164089202881
3,110,120,75,4,67,0.04748373478651047
3,111,121,74,1,67,0.41168123483657837
3,111,121,74,2,68,0.20480898022651672
3,111,121,74,3,66,0.13017481565475464
3,111,121,74,4,69,0.041918717324733734
3,112,122,71,1,66,0.46812009811401367
3,112,122,71,2,65,0.23804646730422974
3,112,122,71,3,67,0.10117003321647644
3,112,122,71,4,61,0.03818410262465477
3,113,123,69,1,64,0.537468671798706
3,113,123,69,2,63,0.17418743669986725
3,113,123,69,3,65,0.13742156326770782
3,113,123,69,4,62,0.02604367770254612
3,114,124,66,1,59,0.1871374547481537
3,114,124,66,2,60,0.15514720976352692
3,114,124,66,3,78,0.13285645842552185
3,114,124,66,4,64,0.05362822860479355
3,115,125,63,1,69,0.1817917823791504
3,115,125,63,2,54,0.1461109220981598
3,115,125,63,3,55,0.1159747838973999
3,115,125,63,4,53,0.07981384545564651
3,116,126,60,1,52,0.2142823040485382
3,116,126,60,2,53,0.17467235028743744
3,116,126,60,3,51,0.09469958394765854
3,116,126,60,4,49,0.06767360866069794
3,117,127,58,1,51,0.207546204328537
3,117,127,58,2,50,0.2058674395084381
3,117,127,58,3,49,0.14582332968711853
3,117,127,58,4,52,0.06479469686746597
3,118,128,56,1,49,0.30593183636665344
3,118,128,56,2,50,0.12773269414901733
3,118,128,56,3,47,0.12223230302333832
3,118,128,56,4,48,0.11604540050029755
3,119,129,54,1,49,0.29744184017181396
3,119,129,54,2,48,0.1428215056657791
3,119,129,54,3,50,0.06706689298152924
3,119,129,54,4,47,0.06356030702590942
3,120,130,54,1,52,0.2560567259788513
3,120,130,54,2,53,0.20506232976913452
3,120,130,54,3,51,0.13040101528167725
3,120,130,54,4,54,0.09552150219678879
3,121,131,54,1,50,0.5511611700057983
3,121,131,54,2,49,0.21319207549095154
3,121,131,54,3,51,0.20955681800842285
3,121,131,54,4,52,0.014237677678465843
3,122,132,55,1,50,0.7366433143615723
3,122,132,55,2,49,0.22236204147338867
3,122,132,55,3,51,0.039505235850811005
3,122,132,55,4,52,0.0008945000008679926
3,123,133,56,1,51,0.9604835510253906
3,123,133,56,2,50,0.03474706411361694
3,123,133,56,3,52,0.004732669796794653
3,123,133,56,4,57,9.571307600708678e-06
3,124,134,58,1,53,0.7581331133842468
3,124,134,58,2,52,0.24009642004966736
3,124,134,58,3,54,0.0007924766978248954
3,124,134,58,4,51,0.0007912687724456191
3,125,135,61,1,55,0.9962736368179321
3,125,135,61,2,56,0.0032751450780779123
3,125,135,61,3,54,0.0003384840674698353
3,125,135,61,4,79,3.228237619623542e-05
3,126,136,63,1,57,0.8224486112594604
3,126,136,63,2,58,0.17652271687984467
3,126,136,63,3,59,0.0004170816973783076
3,126,136,63,4,64,0.00016267489991150796
3,127,137,66,1,59,0.5524559617042542
3,127,137,66,2,60,0.4460921585559845
3,127,137,66,3,43,0.0006440031575039029
3,127,137,66,4,53,0.00023879166110418737
3,128,138,69,1,62,0.8348678946495056
3,128,138,69,2,61,0.1566871702671051
3,128,138,69,3,63,0.007996970787644386
3,128,138,69,4,60,0.0003440236614551395
3,129,139,71,1,64,0.9267128109931946
3,129,139,71,2,65,0.0670928955078125
3,129,139,71,3,63,0.006115862634032965
3,129,139,71,4,66,1.847245221142657e-05
3,130,140,70,1,64,0.3881891965866089
3,130,140,70,2,63,0.18343371152877808
3,130,140,70,3,65,0.1791410744190216
3,130,140,70,4,66,0.0696224570274353
3,131,141,69,1,63,0.337281733751297
3,131,141,69,2,64,0.24423626065254211
3,131,141,69,3,62,0.10327834635972977
3,131,141,69,4,65,0.10201322287321091
3,132,142,68,1,63,0.20299912989139557
3,132,142,68,2,62,0.14644154906272888
3,132,142,68,3,64,0.13212203979492188
3,132,142,68,4,70,0.0883934274315834
3,133,143,66,1,61,0.22192221879959106
3,133,143,66,2,62,0.13763689994812012
3,133,143,66,3,64,0.13121436536312103
3,133,143,66,4,70,0.12489567697048187
3,134,144,65,1,62,0.22253483533859253
3,134,144,65,2,64,0.15466156601905823
3,134,144,65,3,65,0.07657992094755173
3,134,144,65,4,78,0.07392279803752899
3,135,145,63,1,56,0.2628573477268219
3,135,145,63,2,55,0.1661500334739685
3,135,145,63,3,78,0.15349332988262177
3,135,145,63,4,69,0.08529927581548691
3,136,146,62,1,55,0.22272706031799316
3,136,146,62,2,69,0.1998186856508255
3,136,146,62,3,70,0.17853835225105286
3,136,146,62,4,78,0.14023354649543762
3,137,147,61,1,54,0.3075348138809204
3,137,147,61,2,55,0.15962852537631989
3,137,147,61,3,53,0.1477905958890915
3,137,147,61,4,60,0.09626772254705429
3,138,148,59,1,51,0.22316423058509827
3,138,148,59,2,52,0.21548205614089966
3,138,148,59,3,60,0.08347033709287643
3,138,148,59,4,50,0.08344888687133789
3,139,149,59,1,52,0.28359800577163696
3,139,149,59,2,51,0.12810935080051422
3,139,149,59,3,53,0.11574642360210419
3,139,149,59,4,54,0.07601680606603622
3,140,150,58,1,52,0.3900201618671417
3,140,150,58,2,57,0.22835814952850342
3,140,150,58,3,53,0.07639773935079575
3,140,150,58,4,54,0.07040473073720932
3,141,151,58,1,52,0.6141966581344604
3,141,151,58,2,53,0.2918041944503784
3,141,151,58,3,54,0.06075405701994896
3,141,151,58,4,51,0.02750643901526928
3,142,152,59,1,52,0.5650514364242554
3,142,152,59,2,53,0.4167310297489166
3,142,152,59,3,51,0.006602889392524958
3,142,152,59,4,54,0.0052390675991773605
3,143,153,59,1,53,0.5084035992622375
3,143,153,59,2,54,0.4899328052997589
3,143,153,59,3,52,0.0010038199834525585
3,143,153,59,4,55,0.00018911912047769874
3,144,154,60,1,54,0.991377592086792
3,144,154,60,2,55,0.008409780450165272
3,144,154,60,3,53,0.00020448534633032978
3,144,154,60,4,56,1.0094117897097021e-06
3,145,155,62,1,56,0.943756103515625
3,145,155,62,2,55,0.05480660870671272
3,145,155,62,3,57,0.0013047191314399242
3,145,155,62,4,62,1.255736788152717e-05
3,146,156,63,1,57,0.6687452793121338
3,146,156,63,2,56,0.32929402589797974
3,146,156,63,3,58,0.0005133047816343606
3,146,156,63,4,51,0.00024422514252364635
3,147,157,64,1,57,0.6259246468544006
3,147,157,64,2,58,0.37374669313430786
3,147,157,64,3,59,9.545360080664977e-05
3,147,157,64,4,46,2.7083282475359738e-05
3,148,158,66,1,59,0.9724277257919312
3,148,158,66,2,60,0.023256443440914154
3,148,158,66,3,58,0.004215986933559179
3,148,158,66,4,66,1.9780472939601168e-05
3,149,159,67,1,60,0.9916679263114929
3,149,159,67,2,61,0.005123455077409744
3,149,159,67,3,59,0.003194322343915701
3,149,159,67,4,66,2.456905804137932e-06
3,150,160,66,1,60,0.2639757990837097
3,150,160,66,2,61,0.2637259364128113
3,150,160,66,3,59,0.16765087842941284
3,150,160,66,4,62,0.08821077644824982
3,151,161,64,1,59,0.3443526029586792
3,151,161,64,2,58,0.1793144941329956
3,151,161,64,3,60,0.10341095179319382
3,151,161,64,4,64,0.079696424305439
3,152,162,63,1,57,0.29327547550201416
3,152,162,63,2,58,0.16833893954753876
3,152,162,63,3,63,0.08790504932403564
3,152,162,63,4,56,0.06852851808071136
3,153,163,61,1,56,0.27019813656806946
3,153,163,61,2,57,0.114382803440094
3,153,163,61,3,55,0.10226772725582123
3,153,163,61,4,70,0.08801504224538803
3,154,164,60,1,55,0.5841973423957825
3,154,164,60,2,56,0.1758243888616562
3,154,164,60,3,62,0.04348662495613098
3,154,164,60,4,61,0.03406420350074768
3,155,165,59,1,54,0.5820944905281067
3,155,165,59,2,53,0.14121896028518677
3,155,165,59,3,61,0.061454057693481445
3,155,165,59,4,62,0.04407353699207306
3,156,166,59,1,51,0.28717392683029175
3,156,166,59,2,52,0.16426092386245728
3,156,166,59,3,53,0.12131098657846451
3,156,166,59,4,50,0.07258985936641693
3,157,167,59,1,52,0.2611311674118042
3,157,167,59,2,53,0.21146845817565918
3,157,167,59,3,54,0.1176520511507988
3,157,167,59,4,69,0.05492551624774933
3,158,168,59,1,51,0.2714681327342987
3,158,168,59,2,52,0.26056888699531555
3,158,168,59,3,53,0.06410305947065353
3,158,168,59,4,65,0.0556604377925396
3,159,169,59,1,54,0.344224750995636
3,159,169,59,2,56,0.12809474766254425
3,159,169,59,3,53,0.09797542542219162
3,159,169,59,4,55,0.09445074200630188
3,160,170,60,1,57,0.3842066526412964
3,160,170,60,2,58,0.30625200271606445
3,160,170,60,3,52,0.058835241943597794
3,160,170,60,4,61,0.05011811852455139
3,161,171,61,1,56,0.49457311630249023
3,161,171,61,2,57,0.4883470833301544
3,161,171,61,3,55,0.014788818545639515
3,161,171,61,4,58,0.0005919415270909667
3,162,172,62,1,57,0.7489129900932312
3,162,172,62,2,56,0.2501687705516815
3,162,172,62,3,58,0.00031457794830203056
3,162,172,62,4,55,0.00011629344226093963
3,163,173,64,1,58,0.8530117273330688
3,163,173,64,2,57,0.14543794095516205
3,163,173,64,3,59,0.0010625034337863326
3,163,173,64,4,85,7.524777174694464e-05
3,164,174,65,1,59,0.7887119054794312
3,164,174,65,2,58,0.21046914160251617
3,164,174,65,3,60,0.0006262985989451408
3,164,174,65,4,57,2.6736115614767186e-05
3,165,175,66,1,60,0.9870994687080383
3,165,175,66,2,59,0.011471344158053398
3,165,175,66,3,61,0.0013478784821927547
3,165,175,66,4,66,6.813182153564412e-06
3,166,176,67,1,60,0.5296171307563782
3,166,176,67,2,61,0.47017961740493774
3,166,176,67,3,62,6.0507871239678934e-05
3,166,176,67,4,75,2.9424738386296667e-05
3,167,177,68,1,61,0.9864180088043213
3,167,177,68,2,62,0.012808277271687984
3,167,177,68,3,60,0.0007676483946852386
3,167,177,68,4,55,1.4724622587891645e-06
3,168,178,69,1,62,0.979774534702301
3,168,178,69,2,61,0.01911254972219467
3,168,178,69,3,63,0.001081230933777988
3,168,178,69,4,78,1.9408060325076804e-05
3,169,179,69,1,62,0.7818288803100586
3,169,179,69,2,63,0.21788303554058075
3,169,179,69,3,61,0.0002310630661668256
3,169,179,69,4,78,2.4858585675247014e-05
3,170,180,67,1,61,0.35603439807891846
3,170,180,67,2,60,0.27905750274658203
3,170,180,67,3,59,0.10489776730537415
3,170,180,67,4,62,0.07108671218156815
3,171,181,65,1,58,0.2433413714170456
3,171,181,65,2,57,0.24161328375339508
3,171,181,65,3,59,0.12246046960353851
3,171,181,65,4,64,0.05962972715497017
3,172,182,62,1,56,0.2695850729942322
3,172,182,62,2,57,0.1590219885110855
3,172,182,62,3,55,0.12848933041095734
3,172,182,62,4,62,0.08609947562217712
3,173,183,60,1,52,0.28118211030960083
3,173,183,60,2,53,0.24291111528873444
3,173,183,60,3,54,0.0943978801369667
3,173,183,60,4,51,0.06371908634901047
3,174,184,58,1,51,0.431466281414032
3,174,184,58,2,52,0.35284939408302307
3,174,184,58,3,57,0.051865771412849426
3,174,184,58,4,50,0.045862048864364624
3,175,185,56,1,50,0.434143602848053
3,175,185,56,2,49,0.25888940691947937
3,175,185,56,3,51,0.09539861977100372
3,175,185,56,4,57,0.03914393484592438
3,176,186,55,1,50,0.35031959414482117
3,176,186,55,2,49,0.22050848603248596
3,176,186,55,3,57,0.07335352897644043
3,176,186,55,4,62,0.05377566069364548
3,177,187,55,1,49,0.2258908897638321
3,177,187,55,2,48,0.19016097486019135
3,177,187,55,3,47,0.12282785028219223
3,177,187,55,4,50,0.07489842921495438
3,178,188,55,1,49,0.2639237642288208
3,178,188,55,2,50,0.2364707738161087
3,178,188,55,3,51,0.10156571120023727
3,178,188,55,4,48,0.06600311398506165
3,179,189,56,1,53,0.12752866744995117
3,179,189,56,2,55,0.12451893091201782
3,179,189,56,3,54,0.11215674877166748
3,179,189,56,4,51,0.10722963511943817
3,180,190,58,1,57,0.37649860978126526
3,180,190,58,2,52,0.35305681824684143
3,180,190,58,3,58,0.19419950246810913
3,180,190,58,4,54,0.025107793509960175
3,181,191,60,1,57,0.5091091394424438
3,181,191,60,2,56,0.3012062609195709
3,181,191,60,3,54,0.0541464127600193
3,181,191,60,4,52,0.05084821581840515
3,182,192,62,1,56,0.7300357818603516
3,182,192,62,2,57,0.2692734897136688
3,182,192,62,3,55,0.00036519725108519197
3,182,192,62,4,58,8.649145456729457e-05
3,183,193,64,1,58,0.9746893048286438
3,183,193,64,2,57,0.023147158324718475
3,183,193,64,3,59,0.0018514676485210657
3,183,193,64,4,42,3.225289401598275e-05
3,184,194,66,1,60,0.9808391332626343
3,184,194,66,2,59,0.0180161502212286
3,184,194,66,3,61,0.00045839929953217506
3,184,194,66,4,75,0.00015477978740818799
3,185,195,69,1,62,0.9625165462493896
3,185,195,69,2,61,0.03588765859603882
3,185,195,69,3,63,0.0015415218658745289
3,185,195,69,4,69,1.4294225366029423e-05
3,186,196,70,1,63,0.9620716571807861
3,186,196,70,2,64,0.03778096288442612
3,186,196,70,3,62,7.682511204620823e-05
3,186,196,70,4,77,1.474970304116141e-05
3,187,197,72,1,64,0.899760365486145
3,187,197,72,2,65,0.09962065517902374
3,187,197,72,3,63,0.0005619126022793353
3,187,197,72,4,66,1.4183960956870578e-05
3,188,198,73,1,65,0.8014044165611267
3,188,198,73,2,66,0.1976398080587387
3,188,198,73,3,64,0.000919588899705559
3,188,198,73,4,67,1.6526337276445702e-05
3,189,199,74,1,66,0.9439608454704285
3,189,199,74,2,65,0.05008332431316376
3,189,199,74,3,67,0.005821460857987404
3,189,199,74,4,64,6.817573012085631e-05
3,190,200,71,1,64,0.4787555932998657
3,190,200,71,2,63,0.2081497311592102
3,190,200,71,3,65,0.1562090367078781
3,190,200,71,4,66,0.04505612701177597
3,191,201,69,1,62,0.4667852222919464
3,191,201,69,2,61,0.16902340948581696
3,191,201,69,3,63,0.14356929063796997
3,191,201,69,4,64,0.027154626324772835
3,192,202,66,1,59,0.4542430639266968
3,192,202,66,2,58,0.28380244970321655
3,192,202,66,3,64,0.050161682069301605
3,192,202,66,4,57,0.047144025564193726
3,193,203,63,1,55,0.3742380738258362
3,193,203,63,2,56,0.2083844542503357
3,193,203,63,3,62,0.18629346787929535
3,193,203,63,4,61,0.06447432190179825
3,194,204,60,1,52,0.666418194770813
3,194,204,60,2,53,0.1405552476644516
3,194,204,60,3,51,0.034263040870428085
3,194,204,60,4,54,0.025012776255607605
3,195,205,57,1,50,0.2788849472999573
3,195,205,57,2,63,0.14455237984657288
3,195,205,57,3,51,0.13851217925548553
3,195,205,57,4,64,0.12776418030261993
3,196,206,55,1,49,0.46672213077545166
3,196,206,55,2,50,0.2448108047246933
3,196,206,55,3,56,0.037546198815107346
3,196,206,55,4,63,0.03624219819903374
3,197,207,54,1,49,0.3758500814437866
3,197,207,54,2,48,0.13514938950538635
3,197,207,54,3,50,0.09640484303236008
3,197,207,54,4,47,0.07214809954166412
3,198,208,54,1,48,0.27791091799736023
3,198,208,54,2,49,0.26193130016326904
3,198,208,54,3,47,0.20106540620326996
3,198,208,54,4,50,0.03671656548976898
3,199,209,54,1,49,0.2983035147190094
3,199,209,54,2,48,0.1704786866903305
3,199,209,54,3,50,0.0972357839345932
3,199,209,54,4,47,0.07543790340423584
3,200,210,55,1,53,0.19113722443580627
3,200,210,55,2,51,0.18176278471946716
3,200,210,55,3,52,0.13355915248394012
3,200,210,55,4,50,0.13088510930538177
3,201,211,56,1,51,0.49782630801200867
3,201,211,56,2,52,0.4003680944442749
3,201,211,56,3,53,0.09195398539304733
3,201,211,56,4,54,0.006056901533156633
3,202,212,59,1,53,0.795721709728241
3,202,212,59,2,52,0.1191810891032219
3,202,212,59,3,54,0.08256637305021286
3,202,212,59,4,51,0.0009899220895022154
3,203,213,61,1,55,0.7670036554336548
3,203,213,61,2,56,0.23131759464740753
3,203,213,61,3,57,0.0008843052200973034
3,203,213,61,4,54,0.00042580097215250134
3,204,214,64,1,58,0.8957366943359375
3,204,214,64,2,57,0.10280033200979233
3,204,214,64,3,59,0.001178918988443911
3,204,214,64,4,52,8.412054012296721e-05
3,205,215,67,1,60,0.7142741084098816
3,205,215,67,2,61,0.28398966789245605
3,205,215,67,3,62,0.00017470255261287093
3,205,215,67,4,59,0.00016921741189435124
3,206,216,69,1,63,0.8910858035087585
3,206,216,69,2,62,0.10838134586811066
3,206,216,69,3,64,0.0004753479443024844
3,206,216,69,4,61,1.5193387298495509e-05
3,207,217,71,1,64,0.9587743282318115
3,207,217,71,2,65,0.03410062938928604
3,207,217,71,3,63,0.007060873322188854
3,207,217,71,4,66,2.311561729584355e-05
3,208,218,73,1,65,0.9039120674133301
3,208,218,73,2,66,0.08864308893680573
3,208,218,73,3,64,0.007393369451165199
3,208,218,73,4,67,3.108930104644969e-05
3,209,219,74,1,66,0.7091274261474609
3,209,219,74,2,67,0.2883095145225525
3,209,219,74,3,68,0.0019738085102289915
3,209,219,74,4,65,0.0005379228969104588
3,210,220,76,1,65,0.45718082785606384
3,210,220,76,2,66,0.24116909503936768
3,210,220,76,3,64,0.09487161040306091
3,210,220,76,4,67,0.06165435165166855
3,211,221,77,1,64,0.3770802915096283
3,211,221,77,2,63,0.2690967619419098
3,211,221,77,3,65,0.10609585791826248
3,211,221,77,4,62,0.04129401594400406
3,212,222,77,1,61,0.3139153718948364
3,212,222,77,2,60,0.1431756466627121
3,212,222,77,3,65,0.09446835517883301
3,212,222,77,4,66,0.07960546016693115
3,213,223,77,1,58,0.4826844036579132
3,213,223,77,2,57,0.1648150384426117
3,213,223,77,3,59,0.13445360958576202
3,213,223,77,4,64,0.09757056832313538
3,214,224,77,1,54,0.21970929205417633
3,214,224,77,2,55,0.21194320917129517
3,214,224,77,3,69,0.16184580326080322
3,214,224,77,4,62,0.11589355021715164
3,215,225,75,1,52,0.38100242614746094
3,215,225,75,2,51,0.15803562104701996
3,215,225,75,3,60,0.05120101943612099
3,215,225,75,4,50,0.04343033581972122
3,216,226,73,1,50,0.3111709654331207
3,216,226,73,2,51,0.19157902896404266
3,216,226,73,3,49,0.13908492028713226
3,216,226,73,4,52,0.058395158499479294
3,217,227,71,1,49,0.39366692304611206
3,217,227,71,2,50,0.1533457338809967
3,217,227,71,3,48,0.09068793058395386
3,217,227,71,4,56,0.04168844595551491
3,218,228,68,1,49,0.24421152472496033
3,218,228,68,2,48,0.23712177574634552
3,218,228,68,3,47,0.08744175732135773
3,218,228,68,4,50,0.05258028209209442
3,219,229,66,1,49,0.32225900888442993
3,219,229,66,2,50,0.11987732350826263
3,219,229,66,3,48,0.08309446275234222
3,219,229,66,4,51,0.06472671777009964
3,220,230,63,1,62,0.26397904753685
3,220,230,63,2,63,0.18119272589683533
3,220,230,63,3,69,0.10909435898065567
3,220,230,63,4,64,0.07413557171821594
3,221,231,60,1,57,0.3646326959133148
3,221,231,60,2,54,0.21265773475170135
3,221,231,60,3,58,0.20209228992462158
3,221,231,60,4,56,0.06852512061595917
3,222,232,58,1,52,0.5462226867675781
3,222,232,58,2,53,0.2669062316417694
3,222,232,58,3,54,0.08212986588478088
3,222,232,58,4,51,0.06831084191799164
3,223,233,56,1,51,0.5594266057014465
3,223,233,56,2,52,0.2680252194404602
3,223,233,56,3,50,0.08770612627267838
3,223,233,56,4,53,0.05918639525771141
3,224,234,54,1,49,0.5512328743934631
3,224,234,54,2,50,0.4136583209037781
3,224,234,54,3,48,0.018768735229969025
3,224,234,54,4,51,0.015002910979092121
3,225,235,54,1,49,0.5635128617286682
3,225,235,54,2,48,0.4330160617828369
3,225,235,54,3,47,0.0027647982351481915
3,225,235,54,4,50,0.0005933047505095601
3,226,236,54,1,49,0.8553980588912964
3,226,236,54,2,48,0.1382773220539093
3,226,236,54,3,50,0.005911644548177719
3,226,236,54,4,80,0.00013771324302069843
3,227,237,55,1,49,0.7354210615158081
3,227,237,55,2,50,0.2640661895275116
3,227,237,55,3,48,0.0002400831872364506
3,227,237,55,4,51,0.00020788646361324936
3,228,238,57,1,51,0.5737067461013794
3,228,238,57,2,52,0.4254360795021057
3,228,238,57,3,53,0.0006125937798060477
3,228,238,57,4,50,0.00016515741299372166
3,229,239,59,1,53,0.8311589360237122
3,229,239,59,2,52,0.16500014066696167
3,229,239,59,3,54,0.0024868061300367117
3,229,239,59,4,51,0.0010965472320094705
3,230,240,59,1,57,0.3113456964492798
3,230,240,59,2,56,0.21874257922172546
3,230,240,59,3,58,0.07859261333942413
3,230,240,59,4,55,0.07500754296779633
3,231,241,59,1,60,0.26740124821662903
3,231,241,59,2,61,0.22419840097427368
3,231,241,59,3,59,0.11480674892663956
3,231,241,59,4,55,0.07521358877420425
3,232,242,60,1,62,0.15255460143089294
3,232,242,60,2,63,0.13608257472515106
3,232,242,60,3,52,0.11098963022232056
3,232,242,60,4,57,0.08447592705488205
3,233,243,61,1,70,0.22581100463867188
3,233,243,61,2,64,0.22571197152137756
3,233,243,61,3,69,0.12560079991817474
3,233,243,61,4,65,0.12385375797748566
3,234,244,62,1,61,0.24679161608219147
3,234,244,62,2,56,0.1338263303041458
3,234,244,62,3,72,0.10512752830982208
3,234,244,62,4,55,0.08421920239925385
3,235,245,63,1,56,0.22172363102436066
3,235,245,63,2,61,0.1474287360906601
3,235,245,63,3,57,0.13859914243221283
3,235,245,63,4,62,0.11035659909248352
3,236,246,64,1,57,0.2026270627975464
3,236,246,64,2,56,0.12968997657299042
3,236,246,64,3,70,0.11271883547306061
3,236,246,64,4,62,0.08832721412181854
3,237,247,66,1,71,0.14321543276309967
3,237,247,66,2,70,0.1424204260110855
3,237,247,66,3,63,0.07930978387594223
3,237,247,66,4,76,0.0782642662525177
3,238,248,67,1,59,0.1584285944700241
3,238,248,67,2,69,0.14931310713291168
3,238,248,67,3,70,0.14689256250858307
3,238,248,67,4,58,0.09037114679813385
3,239,249,68,1,70,0.3615760803222656
3,239,249,68,2,69,0.15853996574878693
3,239,249,68,3,71,0.1227564737200737
3,239,249,68,4,63,0.03593261539936066
3,240,250,69,1,66,0.35462892055511475
3,240,250,69,2,67,0.2250959873199463
3,240,250,69,3,65,0.1238584816455841
3,240,250,69,4,62,0.06982801109552383
3,241,251,69,1,64,0.8760616779327393
3,241,251,69,2,65,0.061903998255729675
3,241,251,69,3,63,0.05920681729912758
3,241,251,69,4,66,0.0007573112961836159
3,242,252,69,1,64,0.6951448321342468
3,242,252,69,2,63,0.30050337314605713
3,242,252,69,3,65,0.0023465645499527454
3,242,252,69,4,62,0.0017657075077295303
3,243,253,69,1,63,0.9031164646148682
3,243,253,69,2,62,0.09469351172447205
3,243,253,69,3,64,0.0021351659670472145
3,243,253,69,4,61,1.4307836863736156e-05
3,244,254,69,1,62,0.9911167621612549
3,244,254,69,2,61,0.0062303789891302586
3,244,254,69,3,63,0.0026317457668483257
3,244,254,69,4,78,1.0456343261466827e-05
3,245,255,69,1,61,0.9322437644004822
3,245,255,69,2,62,0.06755000352859497
3,245,255,69,3,60,0.00018502399325370789
3,245,255,69,4,63,1.362366856483277e-05
3,246,256,68,1,61,0.8055043816566467
3,246,256,68,2,60,0.1936408132314682
3,246,256,68,3,62,0.0008093570941127837
3,246,256,68,4,59,3.128223033854738e-05
3,247,257,67,1,60,0.8255478143692017
3,247,257,67,2,59,0.17396986484527588
3,247,257,67,3,61,0.0004074170719832182
3,247,257,67,4,58,3.668500721687451e-05
3,248,258,66,1,59,0.7128753662109375
3,248,258,66,2,58,0.285805881023407
3,248,258,66,3,60,0.0011517103994265199
3,248,258,66,4,57,0.00013684798614121974
3,249,259,64,1,58,0.7294224500656128
3,249,259,64,2,57,0.2695388197898865
3,249,259,64,3,59,0.0009733936749398708
3,249,259,64,4,56,2.4392964405706152e-05
3,250,260,62,1,56,0.3667822480201721
3,250,260,62,2,57,0.21312010288238525
3,250,260,62,3,55,0.10024869441986084
3,250,260,62,4,52,0.08155743777751923
3,251,261,60,1,52,0.15157808363437653
3,251,261,60,2,54,0.1424112766981125
3,251,261,60,3,53,0.11550647765398026
3,251,261,60,4,49,0.11125335097312927
3,252,262,59,1,49,0.21208131313323975
3,252,262,59,2,50,0.15992212295532227
3,252,262,59,3,51,0.13742174208164215
3,252,262,59,4,55,0.0805855467915535
3,253,263,58,1,49,0.38825666904449463
3,253,263,58,2,50,0.2765330374240875
3,253,263,58,3,48,0.05880660563707352
3,253,263,58,4,54,0.04979448765516281
3,254,264,57,1,49,0.44101613759994507
3,254,264,57,2,50,0.22971025109291077
3,254,264,57,3,48,0.09018965065479279
3,254,264,57,4,54,0.05426738038659096
3,255,265,56,1,50,0.46165725588798523
3,255,265,56,2,49,0.3164568245410919
3,255,265,56,3,51,0.06760146468877792
3,255,265,56,4,48,0.05228690803050995
3,256,266,57,1,50,0.29635918140411377
3,256,266,57,2,49,0.26419687271118164
3,256,266,57,3,51,0.13675473630428314
3,256,266,57,4,48,0.09483768045902252
3,257,267,57,1,50,0.3931581974029541
3,257,267,57,2,51,0.2002291977405548
3,257,267,57,3,49,0.13147065043449402
3,257,267,57,4,55,0.062100913375616074
3,258,268,59,1,55,0.3313129246234894
3,258,268,59,2,54,0.1813059002161026
3,258,268,59,3,51,0.14204667508602142
3,258,268,59,4,52,0.09079039096832275
3,259,269,60,1,57,0.38039475679397583
3,259,269,60,2,56,0.2550981938838959
3,259,269,60,3,62,0.0852704644203186
3,259,269,60,4,55,0.06946688145399094
3,260,270,62,1,57,0.5191041231155396
3,260,270,62,2,58,0.26027870178222656
3,260,270,62,3,56,0.10134977102279663
3,260,270,62,4,59,0.08539554476737976
3,261,271,64,1,58,0.7223188877105713
3,261,271,64,2,59,0.2743043601512909
3,261,271,64,3,57,0.00250079738907516
3,261,271,64,4,60,0.0005548758781515062
3,262,272,66,1,59,0.6458868980407715
3,262,272,66,2,60,0.3532319664955139
3,262,272,66,3,58,0.0005517270183190703
3,262,272,66,4,61,0.00024100422160699964
3,263,273,67,1,61,0.8948990106582642
3,263,273,67,2,60,0.1036437600851059
3,263,273,67,3,62,0.0013145382981747389
3,263,273,67,4,59,2.2326636099023744e-05
3,264,274,69,1,62,0.9677609205245972
3,264,274,69,2,63,0.026010975241661072
3,264,274,69,3,61,0.006155652925372124
3,264,274,69,4,78,8.509633516950998e-06
3,265,275,70,1,63,0.8581256866455078
3,265,275,70,2,64,0.141617551445961
3,265,275,70,3,62,0.00011500140681164339
3,265,275,70,4,41,2.603940447443165e-05
3,266,276,71,1,64,0.8764563202857971
3,266,276,71,2,63,0.12226512283086777
3,266,276,71,3,65,0.0012246922124177217
3,266,276,71,4,62,1.9042843632632867e-05
3,267,277,72,1,64,0.5729538798332214
3,267,277,72,2,65,0.4254673719406128
3,267,277,72,3,63,0.0009129352401942015
3,267,277,72,4,66,0.0005569817731156945
3,268,278,72,1,64,0.9729885458946228
3,268,278,72,2,65,0.014612391591072083
3,268,278,72,3,63,0.012365839444100857
3,268,278,72,4,57,6.292581929301377e-06
3,269,279,72,1,64,0.9592025279998779
3,269,279,72,2,63,0.038962092250585556
3,269,279,72,3,65,0.001804047031328082
3,269,279,72,4,57,9.746829164214432e-06
3,270,280,70,1,63,0.33769679069519043
3,270,280,70,2,64,0.21057768166065216
3,270,280,70,3,62,0.12061385065317154
3,270,280,70,4,59,0.0727386623620987
3,271,281,68,1,61,0.36017507314682007
3,271,281,68,2,62,0.26152342557907104
3,271,281,68,3,60,0.08720104396343231
3,271,281,68,4,63,0.05767662078142166
3,272,282,66,1,60,0.34514692425727844
3,272,282,66,2,61,0.2532936930656433
3,272,282,66,3,59,0.060083597898483276
3,272,282,66,4,65,0.04111393541097641
3,273,283,64,1,58,0.34972357749938965
3,273,283,64,2,59,0.1735735833644867
3,273,283,64,3,51,0.12400740385055542
3,273,283,64,4,50,0.06664541363716125
3,274,284,62,1,49,0.46594369411468506
3,274,284,62,2,56,0.17921489477157593
3,274,284,62,3,50,0.13501036167144775
3,274,284,62,4,57,0.10677464306354523
3,275,285,60,1,55,0.3460666239261627
3,275,285,60,2,49,0.26101335883140564
3,275,285,60,3,56,0.12478102743625641
3,275,285,60,4,54,0.05901249125599861
3,276,286,59,1,49,0.2623750865459442
3,276,286,59,2,48,0.13204632699489594
3,276,286,59,3,53,0.10360275208950043
3,276,286,59,4,54,0.07474426925182343
3,277,287,57,1,48,0.18507622182369232
3,277,287,57,2,47,0.16060596704483032
3,277,287,57,3,53,0.09861869364976883
3,277,287,57,4,49,0.08880606293678284
3,278,288,57,1,49,0.22751003503799438
3,278,288,57,2,48,0.14793691039085388
3,278,288,57,3,47,0.1383044570684433
3,278,288,57,4,50,0.1086789146065712
3,279,289,56,1,49,0.27855849266052246
3,279,289,56,2,50,0.2334461212158203
3,279,289,56,3,51,0.17488977313041687
3,279,289,56,4,52,0.07136121392250061
3,280,290,57,1,52,0.271339476108551
3,280,290,57,2,53,0.235552117228508
3,280,290,57,3,54,0.13967265188694
3,280,290,57,4,51,0.11176304519176483
3,281,291,57,1,52,0.6319651007652283
3,281,291,57,2,53,0.18370093405246735
3,281,291,57,3,51,0.16161181032657623
3,281,291,57,4,54,0.020130978897213936
3,282,292,59,1,53,0.6929473876953125
3,282,292,59,2,54,0.18018542230129242
3,282,292,59,3,52,0.12005098909139633
3,282,292,59,4,55,0.00472356379032135
3,283,293,60,1,54,0.796111524105072
3,283,293,60,2,55,0.19691672921180725
3,283,293,60,3,53,0.0053792959079146385
3,283,293,60,4,56,0.0012934562982991338
3,284,294,62,1,56,0.5040456652641296
3,284,294,62,2,57,0.4918433427810669
3,284,294,62,3,55,0.0025230098981410265
3,284,294,62,4,58,0.0007325594779103994
3,285,295,64,1,58,0.9337347149848938
3,285,295,64,2,57,0.06256897002458572
3,285,295,64,3,59,0.0035942725371569395
3,285,295,64,4,43,8.143982995534316e-06
3,286,296,66,1,59,0.9629220366477966
3,286,296,66,2,60,0.0348028726875782
3,286,296,66,3,58,0.0021060241851955652
3,286,296,66,4,43,7.446926611009985e-05
3,287,297,68,1,61,0.9602378606796265
3,287,297,68,2,62,0.033895108848810196
3,287,297,68,3,60,0.005840005818754435
3,287,297,68,4,63,1.1435075066401623e-05
3,288,298,69,1,62,0.9076462984085083
3,288,298,69,2,63,0.0902998298406601
3,288,298,69,3,61,0.001981050008907914
3,288,298,69,4,64,4.8888883611653e-05
3,289,299,70,1,64,0.66607666015625
3,289,299,70,2,63,0.3306712210178375
3,289,299,70,3,65,0.0024639498442411423
3,289,299,70,4,62,0.0007308829808607697
3,290,300,70,1,63,0.35757625102996826
3,290,300,70,2,64,0.2836513817310333
3,290,300,70,3,62,0.0991019755601883
3,290,300,70,4,65,0.0844118595123291
3,291,301,70,1,64,0.4016000032424927
3,291,301,70,2,63,0.187757670879364
3,291,301,70,3,65,0.10886381566524506
3,291,301,70,4,59,0.07941794395446777
3,292,302,70,1,63,0.28062430024147034
3,292,302,70,2,62,0.1789310872554779
3,292,302,70,3,57,0.11804130673408508
3,292,302,70,4,58,0.09993845224380493
3,293,303,69,1,62,0.1522606611251831
3,293,303,69,2,56,0.1450064480304718
3,293,303,69,3,63,0.1292242854833603
3,293,303,69,4,55,0.08797870576381683
3,294,304,68,1,61,0.6739456057548523
3,294,304,68,2,60,0.06626787781715393
3,294,304,68,3,62,0.05009276792407036
3,294,304,68,4,68,0.04896371811628342
3,295,305,66,1,69,0.18660396337509155
3,295,305,66,2,54,0.16972693800926208
3,295,305,66,3,60,0.09437330812215805
3,295,305,66,4,61,0.0788058415055275
3,296,306,65,1,57,0.487839937210083
3,296,306,65,2,51,0.11194372177124023
3,296,306,65,3,56,0.06184495985507965
3,296,306,65,4,63,0.057320401072502136
3,297,307,64,1,69,0.1747318059206009
3,297,307,64,2,68,0.14502611756324768
3,297,307,64,3,56,0.12928490340709686
3,297,307,64,4,55,0.12026389688253403
3,298,308,62,1,50,0.31849557161331177
3,298,308,62,2,49,0.15906724333763123
3,298,308,62,3,55,0.10571251809597015
3,298,308,62,4,56,0.07177063077688217
3,299,309,61,1,56,0.18819552659988403
3,299,309,61,2,55,0.16108810901641846
3,299,309,61,3,54,0.14752912521362305
3,299,309,61,4,51,0.0727895051240921
3,300,310,60,1,57,0.2313857227563858
3,300,310,60,2,58,0.15773403644561768
3,300,310,60,3,60,0.14698320627212524
3,300,310,60,4,59,0.10433170199394226
3,301,311,59,1,57,0.5362713932991028
3,301,311,59,2,58,0.23435606062412262
3,301,311,59,3,52,0.07855452597141266
3,301,311,59,4,53,0.05071597918868065
3,302,312,59,1,54,0.38671964406967163
3,302,312,59,2,53,0.21483439207077026
3,302,312,59,3,56,0.13186797499656677
3,302,312,59,4,57,0.1257942169904709
3,303,313,59,1,53,0.6308265924453735
3,303,313,59,2,52,0.2073495090007782
3,303,313,59,3,54,0.14897596836090088
3,303,313,59,4,51,0.004699423909187317
3,304,314,59,1,53,0.9157871007919312
3,304,314,59,2,54,0.07649064064025879
3,304,314,59,3,52,0.007576685398817062
3,304,314,59,4,55,1.8922059098258615e-05
3,305,315,60,1,54,0.6793339252471924
3,305,315,60,2,53,0.3158039450645447
3,305,315,60,3,55,0.0037875226698815823
3,305,315,60,4,52,0.0008296285523101687
3,306,316,61,1,54,0.972419261932373
3,306,316,61,2,55,0.02303994819521904
3,306,316,61,3,53,0.004483883734792471
3,306,316,61,4,56,1.9392056856304407e-05
3,307,317,62,1,55,0.8089567422866821
3,307,317,62,2,56,0.18647447228431702
3,307,317,62,3,54,0.00433882512152195
3,307,317,62,4,57,4.904747402179055e-05
3,308,318,63,1,57,0.5285279750823975
3,308,318,63,2,56,0.4707953929901123
3,308,318,63,3,55,0.0002613557444419712
3,308,318,63,4,58,0.00015740489470772445
3,309,319,64,1,57,0.8233331441879272
3,309,319,64,2,58,0.1752910614013672
3,309,319,64,3,56,0.0006690627196803689
3,309,319,64,4,59,0.0003869484062306583
3,310,320,65,1,59,0.9627431035041809
3,310,320,65,2,58,0.033530306071043015
3,310,320,65,3,60,0.0035854927264153957
3,310,320,65,4,57,2.1492807718459517e-05
3,311,321,65,1,60,0.9698021411895752
3,311,321,65,2,61,0.019277382642030716
3,311,321,65,3,59,0.010858442634344101
3,311,321,65,4,67,1.1216146958759055e-05
3,312,322,65,1,60,0.6848910450935364
3,312,322,65,2,61,0.3148154616355896
3,312,322,65,3,59,0.0002377015189267695
3,312,322,65,4,62,2.501731250958983e-05
3,313,323,66,1,61,0.9183667302131653
3,313,323,66,2,62,0.08126550912857056
3,313,323,66,3,60,0.0003201544168405235
3,313,323,66,4,63,4.206770972814411e-05
3,314,324,66,1,62,0.9170355796813965
3,314,324,66,2,61,0.07527056336402893
3,314,324,66,3,63,0.007633288856595755
3,314,324,66,4,78,2.56112889474025e-05
3,315,325,66,1,62,0.8361601829528809
3,315,325,66,2,61,0.16345612704753876
3,315,325,66,3,63,0.0003627866390161216
3,315,325,66,4,60,1.4700889551022556e-05
3,316,326,66,1,62,0.9302651882171631
3,316,326,66,2,61,0.06732144206762314
3,316,326,66,3,63,0.0023966124281287193
3,316,326,66,4,60,5.7729716900212225e-06
3,317,327,66,1,61,0.7076329588890076
3,317,327,66,2,62,0.2920946478843689
3,317,327,66,3,60,0.00019932581926696002
3,317,327,66,4,63,6.864094757474959e-05
3,318,328,66,1,61,0.983132541179657
3,318,328,66,2,62,0.011233650147914886
3,318,328,66,3,60,0.005627261474728584
3,318,328,66,4,63,2.0292711724323453e-06
3,319,329,65,1,60,0.5861997604370117
3,319,329,65,2,61,0.41254180669784546
3,319,329,65,3,59,0.0008728806860744953
3,319,329,65,4,62,0.0003695960040204227
3,320,330,65,1,59,0.5669650435447693
3,320,330,65,2,60,0.4321448504924774
3,320,330,65,3,61,0.0005891587934456766
3,320,330,65,4,58,0.00019190047169104218
3,321,331,64,1,59,0.9480520486831665
3,321,331,64,2,60,0.03018220327794552
3,321,331,64,3,58,0.02169063501060009
3,321,331,64,4,61,2.8023940103594214e-05
3,322,332,64,1,58,0.7085381746292114
3,322,332,64,2,59,0.289798766374588
3,322,332,64,3,57,0.001133407698944211
3,322,332,64,4,60,0.0004353146650828421
3,323,333,64,1,58,0.731951117515564
3,323,333,64,2,57,0.26518768072128296
3,323,333,64,3,59,0.002519823843613267
3,323,333,64,4,56,0.00022752871154807508
3,324,334,63,1,57,0.9676423072814941
3,324,334,63,2,58,0.019908029586076736
3,324,334,63,3,56,0.011991573497653008
3,324,334,63,4,52,0.0002677463344298303
3,325,335,63,1,56,0.5458257794380188
3,325,335,63,2,57,0.4521646499633789
3,325,335,63,3,58,0.0011036302894353867
3,325,335,63,4,55,0.0006880279397591949
3,326,336,63,1,56,0.9603704214096069
3,326,336,63,2,57,0.03479234501719475
3,326,336,63,3,55,0.004709314554929733
3,326,336,63,4,58,5.714937287848443e-05
3,327,337,63,1,56,0.9752340316772461
3,327,337,63,2,55,0.01919211633503437
3,327,337,63,3,57,0.005515408236533403
3,327,337,63,4,58,6.946466783119831e-06
3,328,338,62,1,56,0.729464590549469
3,328,338,62,2,55,0.27027076482772827
3,328,338,62,3,57,0.00011058301606681198
3,328,338,62,4,54,9.99668991426006e-05
3,329,339,62,1,56,0.9898950457572937
3,329,339,62,2,55,0.008138362318277359
3,329,339,62,3,57,0.0019332905067130923
3,329,339,62,4,54,3.634951781350537e-06
3,330,340,62,1,56,0.9793506264686584
3,330,340,62,2,55,0.01936999522149563
3,330,340,62,3,57,0.0012359254760667682
3,330,340,62,4,54,6.775852398277493e-06
3,331,341,61,1,56,0.785621166229248
3,331,341,61,2,57,0.21315811574459076
3,331,341,61,3,55,0.0008979363483376801
3,331,341,61,4,58,0.00014996793470345438
3,332,342,61,1,56,0.695574164390564
3,332,342,61,2,57,0.30314934253692627
3,332,342,61,3,55,0.0007158914813771844
3,332,342,61,4,58,0.00043045857455581427
3,333,343,61,1,56,0.5733169913291931
3,333,343,61,2,57,0.42588889598846436
3,333,343,61,3,55,0.0004388699308037758
3,333,343,61,4,58,0.0002102782018482685
3,334,344,61,1,57,0.9512181282043457
3,334,344,61,2,58,0.04779826104640961
3,334,344,61,3,56,0.0006797778187319636
3,334,344,61,4,52,9.545369539409876e-05
3,335,345,61,1,57,0.9852285385131836
3,335,345,61,2,58,0.012588364072144032
3,335,345,61,3,56,0.002047402085736394
3,335,345,61,4,51,3.6319874197943136e-05
3,336,346,62,1,57,0.8964428901672363
3,336,346,62,2,58,0.10295284539461136
3,336,346,62,3,56,0.0004683069419115782
3,336,346,62,4,52,2.6040001102956012e-05
3,337,347,62,1,57,0.6432825326919556
3,337,347,62,2,58,0.3562735915184021
3,337,347,62,3,56,0.00016368113574571908
3,337,347,62,4,52,7.93239232734777e-05
3,338,348,63,1,58,0.9510484933853149
3,338,348,63,2,59,0.04738158360123634
3,338,348,63,3,57,0.0014613923849537969
3,338,348,63,4,52,4.265319148544222e-05
3,339,349,64,1,59,0.7231108546257019
3,339,349,64,2,58,0.27551931142807007
3,339,349,64,3,60,0.0011616464471444488
3,339,349,64,4,57,0.00011855093907797709
3,340,350,64,1,59,0.8502668142318726
3,340,350,64,2,58,0.14586816728115082
3,340,350,64,3,60,0.0036757064517587423
3,340,350,64,4,57,6.031481098034419e-05
3,341,351,65,1,60,0.5396466851234436
3,341,351,65,2,59,0.4585091769695282
3,341,351,65,3,61,0.0012983707711100578
3,341,351,65,4,58,0.00045442383270710707
3,342,352,66,1,60,0.748494029045105
3,342,352,66,2,59,0.248006671667099
3,342,352,66,3,61,0.0032003612723201513
3,342,352,66,4,58,0.00020774395670741796
3,343,353,66,1,60,0.9532105326652527
3,343,353,66,2,61,0.034156717360019684
3,343,353,66,3,59,0.012526181526482105
3,343,353,66,4,54,2.7705164029612206e-05
3,344,354,67,1,60,0.8986843228340149
3,344,354,67,2,61,0.09781615436077118
3,344,354,67,3,59,0.0033738284837454557
3,344,354,67,4,62,4.020331834908575e-05
3,345,355,67,1,60,0.8945959806442261
3,345,355,67,2,61,0.09864973276853561
3,345,355,67,3,59,0.006661375053226948
3,345,355,67,4,62,6.483127071987838e-05
3,346,356,67,1,60,0.9330052137374878
3,346,356,67,2,59,0.037929899990558624
3,346,356,67,3,61,0.02895108424127102
3,346,356,67,4,62,4.856253508478403e-05
3,347,357,67,1,60,0.9411609768867493
3,347,357,67,2,61,0.05545385554432869
3,347,357,67,3,59,0.003320222022011876
3,347,357,67,4,62,2.2063471988076344e-05
3,348,358,67,1,60,0.807558000087738
3,348,358,67,2,59,0.1915522664785385
3,348,358,67,3,61,0.0008499366231262684
3,348,358,67,4,58,2.4282922822749242e-05
3,349,359,67,1,59,0.9704570174217224
3,349,359,67,2,60,0.027831578627228737
3,349,359,67,3,58,0.0016920604975894094
3,349,359,67,4,61,5.3279563871910796e-06
3,350,360,65,1,59,0.9608221054077148
3,350,360,65,2,60,0.03774930536746979
3,350,360,65,3,58,0.0014065939467400312
3,350,360,65,4,61,7.705576535954606e-06
3,351,361,64,1,58,0.7623540759086609
3,351,361,64,2,59,0.23704424500465393
3,351,361,64,3,57,0.00041977042565122247
3,351,361,64,4,60,8.583343151258305e-05
3,352,362,62,1,58,0.9829460382461548
3,352,362,62,2,59,0.01259976252913475
3,352,362,62,3,57,0.004370932932943106
3,352,362,62,4,52,3.439280408201739e-05
3,353,363,61,1,58,0.6109147071838379
3,353,363,61,2,57,0.3884417712688446
3,353,363,61,3,52,0.00022464663197752088
3,353,363,61,4,59,0.0001974909973796457
3,354,364,60,1,57,0.8782094717025757
3,354,364,60,2,56,0.11883662641048431
3,354,364,60,3,58,0.0021812072955071926
3,354,364,60,4,52,0.00041388883255422115
3,355,365,59,1,56,0.5987492799758911
3,355,365,59,2,57,0.3973237872123718
3,355,365,59,3,55,0.00272442982532084
3,355,365,59,4,58,0.0006358408136293292
3,356,366,59,1,56,0.7758883833885193
3,356,366,59,2,55,0.22046004235744476
3,356,366,59,3,57,0.002426807302981615
3,356,366,59,4,54,0.0010807628277689219
3,357,367,59,1,55,0.8350985050201416
3,357,367,59,2,56,0.1338222175836563
3,357,367,59,3,54,0.030755193904042244
3,357,367,59,4,57,0.00015001501014921814
3,358,368,59,1,55,0.8657667636871338
3,358,368,59,2,56,0.07183685898780823
3,358,368,59,3,54,0.06213394179940224
3,358,368,59,4,53,9.809228504309431e-05
3,359,369,60,1,54,0.5150914788246155
3,359,369,60,2,55,0.47424444556236267
3,359,369,60,3,56,0.008265072479844093
3,359,369,60,4,53,0.0021968602668493986
3,360,370,60,1,56,0.60072922706604
3,360,370,60,2,55,0.39622294902801514
3,360,370,60,3,54,0.0021361110266298056
3,360,370,60,4,57,0.0008147385669872165
3,361,371,62,1,56,0.9377192854881287
3,361,371,62,2,55,0.042960405349731445
3,361,371,62,3,57,0.019016189500689507
3,361,371,62,4,54,0.00011571043432923034
3,362,372,63,1,57,0.9186581969261169
3,362,372,63,2,56,0.05085715278983116
3,362,372,63,3,58,0.030003545805811882
3,362,372,63,4,52,0.00018322118557989597
3,363,373,64,1,58,0.873470664024353
3,363,373,64,2,57,0.11845698207616806
3,363,373,64,3,59,0.0077607822604477406
3,363,373,64,4,52,0.00015252409502863884
3,364,374,65,1,58,0.8524304032325745
3,364,374,65,2,59,0.1432793140411377
3,364,374,65,3,57,0.0039224643260240555
3,364,374,65,4,60,0.0002715190639719367
3,365,375,66,1,60,0.903834879398346
3,365,375,66,2,59,0.07379239052534103
3,365,375,66,3,61,0.02219540625810623
3,365,375,66,4,58,7.568838191218674e-05
3,366,376,68,1,61,0.5195292234420776
3,366,376,68,2,60,0.47738561034202576
3,366,376,68,3,59,0.0022801943123340607
3,366,376,68,4,62,0.0007597599760629237
3,367,377,68,1,61,0.8207225203514099
3,367,377,68,2,62,0.17876982688903809
3,367,377,68,3,60,0.0003578035975806415
3,367,377,68,4,63,0.00014352519065141678
3,368,378,69,1,62,0.9678021669387817
3,368,378,69,2,63,0.027740593999624252
3,368,378,69,3,61,0.004424362909048796
3,368,378,69,4,64,1.7991957065532915e-05
3,369,379,69,1,62,0.9327383041381836
3,369,379,69,2,61,0.06001745164394379
3,369,379,69,3,63,0.0072000096552073956
3,369,379,69,4,60,2.101467725879047e-05
3,370,380,68,1,63,0.539380669593811
3,370,380,68,2,62,0.4601742625236511
3,370,380,68,3,61,0.000274424790404737
3,370,380,68,4,64,0.00013753684470430017
3,371,381,67,1,61,0.8877993822097778
3,371,381,67,2,62,0.11180184781551361
3,371,381,67,3,60,0.00034436455462127924
3,371,381,67,4,63,4.659923069993965e-05
3,372,382,66,1,61,0.9680898785591125
3,372,382,66,2,60,0.030009377747774124
3,372,382,66,3,62,0.0018648067489266396
3,372,382,66,4,59,2.4664923330419697e-05
3,373,383,65,1,61,0.8206244707107544
3,373,383,65,2,60,0.17771926522254944
3,373,383,65,3,62,0.0011807209812104702
3,373,383,65,4,59,0.0004325333866290748
3,374,384,64,1,59,0.7919840812683105
3,374,384,64,2,60,0.2058412730693817
3,374,384,64,3,58,0.0017476854845881462
3,374,384,64,4,61,0.00035701843444257975
3,375,385,62,1,59,0.9346186518669128
3,375,385,62,2,58,0.04847847670316696
3,375,385,62,3,60,0.016751384362578392
3,375,385,62,4,57,7.627670129295439e-05
3,376,386,61,1,58,0.5867713093757629
3,376,386,61,2,57,0.40764719247817993
3,376,386,61,3,59,0.0029337373562157154
3,376,386,61,4,56,0.0013172238832339644
3,377,387,60,1,57,0.9380854964256287
3,377,387,60,2,56,0.03529691323637962
3,377,387,60,3,58,0.0262508075684309
3,377,387,60,4,55,0.000136888847919181
3,378,388,60,1,56,0.9406581521034241
3,378,388,60,2,57,0.03257901966571808
3,378,388,60,3,55,0.026217002421617508
3,378,388,60,4,54,0.0002002586843445897
3,379,389,59,1,55,0.7780425548553467
3,379,389,59,2,56,0.12723755836486816
3,379,389,59,3,54,0.09331190586090088
3,379,389,59,4,53,0.000608075235504657
3,380,390,59,1,55,0.837131142616272
3,380,390,59,2,56,0.08346466720104218
3,380,390,59,3,54,0.07814458012580872
3,380,390,59,4,53,0.0009351662010885775
3,381,391,59,1,54,0.7126715183258057
3,381,391,59,2,55,0.2683773934841156
3,381,391,59,3,53,0.014740248210728168
3,381,391,59,4,56,0.003533042035996914
3,382,392,60,1,55,0.8307672739028931
3,382,392,60,2,54,0.14324580132961273
3,382,392,60,3,56,0.02415323629975319
3,382,392,60,4,53,0.001602152013219893
3,383,393,61,1,55,0.77395099401474
3,383,393,61,2,56,0.15717937052249908
3,383,393,61,3,54,0.06718499958515167
3,383,393,61,4,53,0.0010694232769310474
3,384,394,62,1,56,0.8793386816978455
3,384,394,62,2,55,0.1095573827624321
3,384,394,62,3,57,0.009503863751888275
3,384,394,62,4,54,0.0010970638832077384
3,385,395,63,1,57,0.8710800409317017
3,385,395,63,2,58,0.09036405384540558
3,385,395,63,3,56,0.03523627296090126
3,385,395,63,4,52,0.001847964245826006
3,386,396,64,1,58,0.9043925404548645
3,386,396,64,2,59,0.07231859862804413
3,386,396,64,3,57,0.0222429521381855
3,386,396,64,4,52,0.0006138546159490943
3,387,397,65,1,59,0.9656895399093628
3,387,397,65,2,58,0.022714437916874886
3,387,397,65,3,60,0.011521350592374802
3,387,397,65,4,57,1.4554178960679565e-05
3,388,398,66,1,59,0.7371033430099487
3,388,398,66,2,60,0.2623562514781952
3,388,398,66,3,58,0.0004755860136356205
3,388,398,66,4,61,3.575102164177224e-05
3,389,399,67,1,61,0.7440434098243713
3,389,399,67,2,60,0.2553340494632721
3,389,399,67,3,62,0.00048257785965688527
3,389,399,67,4,59,0.00012751706526614726
3,390,400,67,1,61,0.7152119874954224
3,390,400,67,2,62,0.2842966616153717
3,390,400,67,3,60,0.00032862488296814263
3,390,400,67,4,63,0.00014388110139407218
3,391,401,67,1,62,0.8850342631340027
3,391,401,67,2,61,0.11101721227169037
3,391,401,67,3,63,0.003937737550586462
3,391,401,67,4,60,2.746035761447274e-06
3,392,402,67,1,62,0.9090531468391418
3,392,402,67,2,61,0.08981029689311981
3,392,402,67,3,63,0.0011160072172060609
3,392,402,67,4,60,7.306069619517075e-06
3,393,403,66,1,61,0.7414319515228271
3,393,403,66,2,62,0.2582399547100067
3,393,403,66,3,60,0.00027050229255110025
3,393,403,66,4,63,4.2371095332782716e-05
3,394,404,65,1,61,0.8019490838050842
3,394,404,65,2,62,0.19765609502792358
3,394,404,65,3,60,0.00032309864764101803
3,394,404,65,4,63,4.453213477972895e-05
3,395,405,65,1,61,0.9322692155838013
3,395,405,65,2,60,0.06423406302928925
3,395,405,65,3,62,0.0034220402594655752
3,395,405,65,4,59,4.353063559392467e-05
3,396,406,64,1,60,0.775367259979248
3,396,406,64,2,61,0.21667763590812683
3,396,406,64,3,59,0.007289892062544823
3,396,406,64,4,62,0.00042164348997175694
3,397,407,63,1,59,0.7909079790115356
3,397,407,63,2,60,0.2078954577445984
3,397,407,63,3,58,0.0006706226849928498
3,397,407,63,4,61,0.00041044337558560073
3,398,408,63,1,59,0.7504240274429321
3,398,408,63,2,58,0.24614807963371277
3,398,408,63,3,60,0.0032096041832119226
3,398,408,63,4,57,0.00014420667139347643
3,399,409,62,1,58,0.924015462398529
3,399,409,62,2,57,0.052950404584407806
3,399,409,62,3,59,0.022546906024217606
3,399,409,62,4,52,0.00020658424182329327
3,400,410,62,1,57,0.7746400833129883
3,400,410,62,2,58,0.22152025997638702
3,400,410,62,3,56,0.0031516579911112785
3,400,410,62,4,59,0.0004186560108792037
3,401,411,61,1,57,0.5658408999443054
3,401,411,61,2,56,0.4316422939300537
3,401,411,61,3,58,0.0017287670634686947
3,401,411,61,4,55,0.0005951377097517252
3,402,412,61,1,56,0.9523209929466248
3,402,412,61,2,57,0.03742726519703865
3,402,412,61,3,55,0.009929022751748562
3,402,412,61,4,52,8.53241654112935e-05
3,403,413,61,1,56,0.9755208492279053
3,403,413,61,2,55,0.01857496239244938
3,403,413,61,3,57,0.005807794630527496
3,403,413,61,4,54,1.2106711437809281e-05
3,404,414,62,1,56,0.9555845856666565
3,404,414,62,2,55,0.042493898421525955
3,404,414,62,3,57,0.0018115751445293427
3,404,414,62,4,54,3.229423236916773e-05
3,405,415,62,1,56,0.8759480714797974
3,405,415,62,2,55,0.12281891703605652
3,405,415,62,3,57,0.0008942484273575246
3,405,415,62,4,54,0.00017677032155916095
3,406,416,62,1,56,0.9346637725830078
3,406,416,62,2,57,0.06254002451896667
3,406,416,62,3,55,0.0025583081878721714
3,406,416,62,4,52,4.151706525590271e-05
3,407,417,63,1,57,0.8699551820755005
3,407,417,63,2,56,0.12608729302883148
3,407,417,63,3,58,0.0030854661017656326
3,407,417,63,4,51,0.00021268060663715005
3,408,418,64,1,57,0.9693268537521362
3,408,418,64,2,56,0.02135371044278145
3,408,418,64,3,58,0.008843322284519672
3,408,418,64,4,52,0.00012316618813201785
3,409,419,64,1,58,0.9601432085037231
3,409,419,64,2,57,0.0337444469332695
3,409,419,64,3,59,0.004968509078025818
3,409,419,64,4,52,0.0007762677269056439
3,410,420,63,1,58,0.9758220314979553
3,410,420,63,2,57,0.020444773137569427
3,410,420,63,3,59,0.0033281093928962946
3,410,420,63,4,52,0.00016434573626611382
3,411,421,61,1,59,0.9732534885406494
3,411,421,61,2,60,0.016473185271024704
3,411,421,61,3,58,0.010250912979245186
3,411,421,61,4,61,2.6863792754738824e-06
3,412,422,59,1,59,0.7857052087783813
3,412,422,59,2,60,0.2131083458662033
3,412,422,59,3,58,0.0009672169690020382
3,412,422,59,4,61,0.00018755666678771377
3,413,423,58,1,59,0.8273218870162964
3,413,423,58,2,60,0.17060579359531403
3,413,423,58,3,58,0.0018409519689157605
3,413,423,58,4,61,0.0001920687354868278
3,414,424,58,1,59,0.6885242462158203
3,414,424,58,2,60,0.3098394274711609
3,414,424,58,3,58,0.0012112526455894113
3,414,424,58,4,61,0.0003488856600597501
3,415,425,57,1,59,0.7099754214286804
3,415,425,57,2,60,0.2888065576553345
3,415,425,57,3,58,0.0008223045151680708
3,415,425,57,4,61,0.00031067649251781404
3,416,426,57,1,60,0.9537222385406494
3,416,426,57,2,59,0.03152487799525261
3,416,426,57,3,61,0.01463822927325964
3,416,426,57,4,54,4.912377698929049e-05
3,417,427,58,1,59,0.8381884098052979
3,417,427,58,2,60,0.16076573729515076
3,417,427,58,3,58,0.0009804085129871964
3,417,427,58,4,61,3.214633761672303e-05
3,418,428,59,1,59,0.9680166840553284
3,418,428,59,2,60,0.024568520486354828
3,418,428,59,3,58,0.007327307015657425
3,418,428,59,4,53,3.568705142242834e-05
3,419,429,60,1,59,0.8765725493431091
3,419,429,60,2,58,0.1156158596277237
3,419,429,60,3,60,0.0074078976176679134
3,419,429,60,4,57,0.00011972084757871926
3,420,430,62,1,59,0.9669873118400574
3,420,430,62,2,60,0.017354058101773262
3,420,430,62,3,58,0.015586416237056255
3,420,430,62,4,53,1.9001156033482403e-05
3,421,431,64,1,60,0.9469812512397766
3,421,431,64,2,61,0.036079540848731995
3,421,431,64,3,59,0.016832880675792694
3,421,431,64,4,62,3.1257804948836565e-05
3,422,432,65,1,61,0.93296217918396
3,422,432,65,2,60,0.06595449149608612
3,422,432,65,3,62,0.0009914885740727186
3,422,432,65,4,59,8.286219235742465e-05
3,423,433,67,1,61,0.6811485290527344
3,423,433,67,2,62,0.3177434802055359
3,423,433,67,3,60,0.0007672294159419835
3,423,433,67,4,63,0.0002885375579353422
3,424,434,68,1,62,0.618645429611206
3,424,434,68,2,61,0.3802969455718994
3,424,434,68,3,63,0.0009953625267371535
3,424,434,68,4,60,3.6110199289396405e-05
3,425,435,69,1,62,0.5470138192176819
3,425,435,69,2,63,0.4465835690498352
3,425,435,69,3,61,0.005583126097917557
3,425,435,69,4,64,0.0007841678452678025
3,426,436,70,1,63,0.6687858700752258
3,426,436,70,2,64,0.32866957783699036
3,426,436,70,3,62,0.002246193354949355
3,426,436,70,4,65,0.00026395401800982654
3,427,437,71,1,64,0.5894463658332825
3,427,437,71,2,63,0.4095497727394104
3,427,437,71,3,65,0.000673361704684794
3,427,437,71,4,62,0.00028369249776005745
3,428,438,71,1,64,0.9663808345794678
3,428,438,71,2,63,0.03076252155005932
3,428,438,71,3,65,0.0028038551099598408
3,428,438,71,4,57,1.4289073988038581e-05
3,429,439,71,1,63,0.8071303963661194
3,429,439,71,2,64,0.19205595552921295
3,429,439,71,3,62,0.0007384712225757539
3,429,439,71,4,65,3.9940357964951545e-05
3,430,440,73,1,63,0.8150131106376648
3,430,440,73,2,62,0.1843957006931305
3,430,440,73,3,64,0.000494403182528913
3,430,440,73,4,61,4.4349297240842134e-05
3,431,441,74,1,62,0.8508590459823608
3,431,441,74,2,61,0.14868631958961487
3,431,441,74,3,63,0.0004265286843292415
3,431,441,74,4,49,4.555200121103553e-06
3,432,442,75,1,61,0.9969093203544617
3,432,442,75,2,62,0.0018582798074930906
3,432,442,75,3,60,0.0012288338039070368
3,432,442,75,4,54,2.778841121653386e-07
3,433,443,76,1,60,0.8595452308654785
3,433,443,76,2,59,0.13423587381839752
3,433,443,76,3,61,0.006050528027117252
3,433,443,76,4,58,0.00011036776413675398
3,434,444,76,1,59,0.9560919404029846
3,434,444,76,2,58,0.034293804317712784
3,434,444,76,3,60,0.00942901335656643
3,434,444,76,4,54,5.495487857842818e-05
3,435,445,75,1,57,0.742255687713623
3,435,445,75,2,58,0.2554260194301605
3,435,445,75,3,56,0.0013699978590011597
3,435,445,75,4,52,0.0005434505292214453
3,436,446,74,1,56,0.7689777612686157
3,436,446,74,2,57,0.21369755268096924
3,436,446,74,3,55,0.014834875240921974
3,436,446,74,4,58,0.0013387227663770318
3,437,447,72,1,55,0.4864865839481354
3,437,447,72,2,54,0.3965051770210266
3,437,447,72,3,56,0.08938615769147873
3,437,447,72,4,53,0.018489854410290718
3,438,448,70,1,54,0.5605369806289673
3,438,448,70,2,53,0.37697869539260864
3,438,448,70,3,52,0.04364577680826187
3,438,448,70,4,55,0.016666974872350693
3,439,449,68,1,53,0.6194107532501221
3,439,449,68,2,52,0.359572172164917
3,439,449,68,3,54,0.015447014011442661
3,439,449,68,4,51,0.004981511272490025
3,440,450,65,1,52,0.9095790982246399
3,440,450,65,2,53,0.0594743974506855
3,440,450,65,3,51,0.0299725029617548
3,440,450,65,4,50,0.0005989745841361582
3,441,451,63,1,51,0.4706136882305145
3,441,451,63,2,52,0.31017836928367615
3,441,451,63,3,50,0.18334850668907166
3,441,451,63,4,48,0.022379426285624504
3,442,452,60,1,51,0.4884720742702484
3,442,452,60,2,50,0.4852701425552368
3,442,452,60,3,48,0.011388789862394333
3,442,452,60,4,49,0.00614681513980031
3,443,453,58,1,50,0.6551222205162048
3,443,453,58,2,51,0.3238784670829773
3,443,453,58,3,49,0.009066207334399223
3,443,453,58,4,48,0.007854728028178215
3,444,454,57,1,50,0.8263965249061584
3,444,454,57,2,51,0.1480206698179245
3,444,454,57,3,49,0.0173883605748415
3,444,454,57,4,48,0.006429712753742933
3,445,455,55,1,50,0.4678236246109009
3,445,455,55,2,49,0.4571320712566376
3,445,455,55,3,48,0.07104023545980453
3,445,455,55,4,47,0.002569656353443861
3,446,456,55,1,49,0.7601377964019775
3,446,456,55,2,48,0.22747117280960083
3,446,456,55,3,50,0.010631653480231762
3,446,456,55,4,47,0.0015357229858636856
3,447,457,55,1,50,0.6667732000350952
3,447,457,55,2,49,0.3319046199321747
3,447,457,55,3,48,0.000748217455111444
3,447,457,55,4,51,0.0003791597264353186
3,448,458,56,1,50,0.9892141222953796
3,448,458,56,2,51,0.007831316441297531
3,448,458,56,3,49,0.0028969906270503998
3,448,458,56,4,56,1.4913807717675809e-05
3,449,459,57,1,51,0.8164100646972656
3,449,459,57,2,52,0.1789722889661789
3,449,459,57,3,50,0.0037561364006251097
3,449,459,57,4,53,0.0006317795487120748
3,450,460,60,1,53,0.9309409260749817
3,450,460,60,2,52,0.03714088350534439
3,450,460,60,3,54,0.03027511015534401
3,450,460,60,4,79,0.0008734798757359385
3,451,461,63,1,55,0.8368728756904602
3,451,461,63,2,56,0.13748346269130707
3,451,461,63,3,54,0.020916882902383804
3,451,461,63,4,53,0.0018133623525500298
3,452,462,66,1,58,0.687689483165741
3,452,462,66,2,57,0.30298978090286255
3,452,462,66,3,59,0.006890789605677128
3,452,462,66,4,52,0.0010871238773688674
3,453,463,69,1,60,0.618752658367157
3,453,463,69,2,59,0.2668892741203308
3,453,463,69,3,61,0.06009823828935623
3,453,463,69,4,58,0.04170077294111252
3,454,464,71,1,60,0.647394597530365
3,454,464,71,2,61,0.3395437002182007
3,454,464,71,3,59,0.009508292190730572
3,454,464,71,4,62,0.0020532035268843174
3,455,465,73,1,63,0.7772241234779358
3,455,465,73,2,64,0.21416674554347992
3,455,465,73,3,62,0.007458099629729986
3,455,465,73,4,65,0.0007968319696374238
3,456,466,75,1,64,0.8397167921066284
3,456,466,75,2,63,0.1341703087091446
3,456,466,75,3,65,0.025552062317728996
3,456,466,75,4,62,0.0002886881120502949
3,457,467,76,1,65,0.9354760050773621
3,457,467,76,2,66,0.04565997049212456
3,457,467,76,3,64,0.018718166276812553
3,457,467,76,4,67,8.474336937069893e-05
3,458,468,76,1,66,0.6656949520111084
3,458,468,76,2,67,0.32642534375190735
3,458,468,76,3,65,0.005733512341976166
3,458,468,76,4,68,0.0019989758729934692
3,459,469,76,1,66,0.8989753723144531
3,459,469,76,2,65,0.05800914391875267
3,459,469,76,3,67,0.04255858436226845
3,459,469,76,4,64,0.00028524018125608563
3,460,470,76,1,65,0.7866091728210449
3,460,470,76,2,66,0.2107114940881729
3,460,470,76,3,64,0.002485519740730524
3,460,470,76,4,67,0.00010246293823001906
3,461,471,75,1,64,0.918181300163269
3,461,471,75,2,63,0.07858170568943024
3,461,471,75,3,65,0.003182577434927225
3,461,471,75,4,62,1.3606269021693151e-05
3,462,472,73,1,64,0.9265413284301758
3,462,472,73,2,63,0.06562256067991257
3,462,472,73,3,65,0.007646330166608095
3,462,472,73,4,51,3.013723653566558e-05
3,463,473,71,1,62,0.7191533446311951
3,463,473,71,2,63,0.27367138862609863
3,463,473,71,3,61,0.006849741563200951
3,463,473,71,4,64,0.00012208853149786592
3,464,474,69,1,61,0.8693161606788635
3,464,474,69,2,62,0.12840278446674347
3,464,474,69,3,60,0.0017939384561032057
3,464,474,69,4,63,0.0003650320286396891
3,465,475,66,1,59,0.8095952272415161
3,465,475,66,2,58,0.18070748448371887
3,465,475,66,3,53,0.005051092244684696
3,465,475,66,4,60,0.0013846625806763768
3,466,476,63,1,57,0.8398691415786743
3,466,476,63,2,58,0.07582256942987442
3,466,476,63,3,56,0.043292805552482605
3,466,476,63,4,52,0.027636904269456863
3,467,477,61,1,56,0.7551155090332031
3,467,477,61,2,55,0.1160479187965393
3,467,477,61,3,52,0.06618501245975494
3,467,477,61,4,54,0.02206336334347725
3,468,478,58,1,52,0.8568214774131775
3,468,478,58,2,53,0.11482919752597809
3,468,478,58,3,51,0.027970047667622566
3,468,478,58,4,54,0.00011639096919680014
3,469,479,56,1,51,0.8014968633651733
3,469,479,56,2,50,0.17910915613174438
3,469,479,56,3,52,0.017580799758434296
3,469,479,56,4,49,0.000602907151915133
3,470,480,53,1,50,0.7262824773788452
3,470,480,53,2,49,0.22600233554840088
3,470,480,53,3,48,0.034944675862789154
3,470,480,53,4,51,0.010903353802859783
3,471,481,50,1,49,0.49783018231391907
3,471,481,50,2,48,0.4934249520301819
3,471,481,50,3,47,0.0063340631313622
3,471,481,50,4,50,0.002129835542291403
3,472,482,48,1,48,0.7580505013465881
3,472,482,48,2,49,0.2413647621870041
3,472,482,48,3,47,0.00039086700417101383
3,472,482,48,4,50,0.0001381950278300792
3,473,483,48,1,49,0.796491801738739
3,473,483,48,2,50,0.20202213525772095
3,473,483,48,3,48,0.0013320234138518572
3,473,483,48,4,55,4.1277584386989474e-05
3,474,484,49,1,50,0.941724419593811
3,474,484,49,2,51,0.053543463349342346
3,474,484,49,3,49,0.004609003663063049
3,474,484,49,4,48,1.630604856472928e-05
3,475,485,52,1,53,0.8089694976806641
3,475,485,52,2,52,0.1870427280664444
3,475,485,52,3,51,0.002011355012655258
3,475,485,52,4,54,0.0015377388335764408
3,476,486,55,1,55,0.8427798748016357
3,476,486,55,2,54,0.0876840278506279
3,476,486,55,3,56,0.0542452335357666
3,476,486,55,4,53,0.011679304763674736
3,477,487,59,1,57,0.6721487641334534
3,477,487,59,2,56,0.29297879338264465
3,477,487,59,3,58,0.02932243049144745
3,477,487,59,4,55,0.0038907018024474382
3,478,488,64,1,59,0.7659033536911011
3,478,488,64,2,60,0.16103750467300415
3,478,488,64,3,58,0.060176409780979156
3,478,488,64,4,53,0.006314250640571117
3,479,489,68,1,62,0.6251434683799744
3,479,489,68,2,61,0.33569231629371643
3,479,489,68,3,63,0.037371739745140076
3,479,489,68,4,60,0.0006004850729368627
3,480,490,72,1,65,0.7198103666305542
3,480,490,72,2,66,0.26606276631355286
3,480,490,72,3,64,0.011735503561794758
3,480,490,72,4,67,0.0011354004964232445
3,481,491,76,1,69,0.6022483706474304
3,481,491,76,2,70,0.3620753288269043
3,481,491,76,3,68,0.03306606039404869
3,481,491,76,4,71,0.0023397859185934067
3,482,492,79,1,72,0.921387255191803
3,482,492,79,2,73,0.05713654309511185
3,482,492,79,3,71,0.02090257965028286
3,482,492,79,4,70,0.0002786971745081246
3,483,493,81,1,73,0.8269150853157043
3,483,493,81,2,74,0.11349699646234512
3,483,493,81,3,72,0.05928671360015869
3,483,493,81,4,75,0.00020337311434559524
3,484,494,82,1,74,0.7638105154037476
3,484,494,82,2,75,0.22062093019485474
3,484,494,82,3,73,0.01456576120108366
3,484,494,82,4,76,0.0008925239671953022
3,485,495,83,1,75,0.5531125068664551
3,485,495,83,2,74,0.43860581517219543
3,485,495,83,3,73,0.004190748557448387
3,485,495,83,4,76,0.003809745889157057
3,486,496,83,1,74,0.5840935111045837
3,486,496,83,2,75,0.4075067937374115
3,486,496,83,3,73,0.006886703427881002
3,486,496,83,4,76,0.0014707958325743675
3,487,497,82,1,74,0.7892712950706482
3,487,497,82,2,73,0.1777152121067047
3,487,497,82,3,75,0.03213702514767647
3,487,497,82,4,72,0.0006515742279589176
3,488,498,81,1,72,0.5153734683990479
3,488,498,81,2,71,0.31427836418151855
3,488,498,81,3,73,0.11967025697231293
3,488,498,81,4,70,0.04262427240610123
3,489,499,78,1,71,0.6148340106010437
3,489,499,78,2,70,0.3128001093864441
3,489,499,78,3,72,0.05285776033997536
3,489,499,78,4,73,0.01010451652109623
4,0,10,47,1,59,0.5977591276168823
4,0,10,47,2,51,0.3345446288585663
4,0,10,47,3,86,0.019950535148382187
4,0,10,47,4,46,0.00905681774020195
4,1,11,46,1,54,0.7638624906539917
4,1,11,46,2,46,0.1756984293460846
4,1,11,46,3,53,0.02610349841415882
4,1,11,46,4,55,0.020147651433944702
4,2,12,46,1,49,0.7517321705818176
4,2,12,46,2,54,0.1285417228937149
4,2,12,46,3,55,0.04711616784334183
4,2,12,46,4,62,0.02755439281463623
4,3,13,47,1,55,0.4753316342830658
4,3,13,47,2,53,0.2054048776626587
4,3,13,47,3,54,0.11524619907140732
4,3,13,47,4,48,0.033291950821876526
4,4,14,49,1,51,0.9055393934249878
4,4,14,49,2,52,0.06466319411993027
4,4,14,49,3,53,0.016917910426855087
4,4,14,49,4,64,0.007421948481351137
4,5,15,52,1,52,0.24697203934192657
4,5,15,52,2,55,0.18003472685813904
4,5,15,52,3,57,0.17789611220359802
4,5,15,52,4,72,0.14627711474895477
4,6,16,55,1,53,0.28042590618133545
4,6,16,55,2,60,0.25160276889801025
4,6,16,55,3,59,0.2035781443119049
4,6,16,55,4,50,0.12874948978424072
4,7,17,59,1,62,0.9973530769348145
4,7,17,59,2,61,0.002253832295536995
4,7,17,59,3,55,0.0001801861508283764
4,7,17,59,4,51,5.297447933116928e-05
4,8,18,63,1,51,0.9283710718154907
4,8,18,63,2,64,0.0328272208571434
4,8,18,63,3,57,0.008933031931519508
4,8,18,63,4,74,0.0068536424078047276
4,9,19,66,1,56,0.8938014507293701
4,9,19,66,2,70,0.028054820373654366
4,9,19,66,3,51,0.021039951592683792
4,9,19,66,4,57,0.01821834407746792
4,10,20,68,1,84,0.20958495140075684
4,10,20,68,2,82,0.19829511642456055
4,10,20,68,3,68,0.14869531989097595
4,10,20,68,4,77,0.1173921748995781
4,11,21,70,1,76,0.3850603997707367
4,11,21,70,2,89,0.2841736078262329
4,11,21,70,3,71,0.10949982702732086
4,11,21,70,4,79,0.05472370982170105
4,12,22,71,1,80,0.950189471244812
4,12,22,71,2,76,0.014582238160073757
4,12,22,71,3,88,0.01373231504112482
4,12,22,71,4,71,0.007034667301923037
4,13,23,71,1,78,0.3344038426876068
4,13,23,71,2,80,0.32544344663619995
4,13,23,71,3,79,0.25195324420928955
4,13,23,71,4,88,0.026487255468964577
4,14,24,71,1,74,0.5449787378311157
4,14,24,71,2,73,0.14934496581554413
4,14,24,71,3,51,0.08315914869308472
4,14,24,71,4,52,0.05029236525297165
4,15,25,71,1,74,0.540818452835083
4,15,25,71,2,90,0.2568305730819702
4,15,25,71,3,82,0.17573484778404236
4,15,25,71,4,75,0.01661866158246994
4,16,26,70,1,65,0.2726180851459503
4,16,26,70,2,73,0.24144424498081207
4,16,26,70,3,66,0.17339231073856354
4,16,26,70,4,80,0.05659941956400871
4,17,27,68,1,59,0.8217768669128418
4,17,27,68,2,86,0.08893108367919922
4,17,27,68,3,77,0.048223044723272324
4,17,27,68,4,87,0.005739289335906506
4,18,28,66,1,73,0.6626980304718018
4,18,28,66,2,77,0.14994561672210693
4,18,28,66,3,90,0.03343164920806885
4,18,28,66,4,76,0.030381815508008003
4,19,29,64,1,59,0.3541185259819031
4,19,29,64,2,60,0.3108576238155365
4,19,29,64,3,53,0.06820789724588394
4,19,29,64,4,54,0.059567831456661224
4,20,30,61,1,88,0.275752991437912
4,20,30,61,2,86,0.12105624377727509
4,20,30,61,3,77,0.11747000366449356
4,20,30,61,4,78,0.07586755603551865
4,21,31,58,1,88,0.5175761580467224
4,21,31,58,2,54,0.17141133546829224
4,21,31,58,3,55,0.1591923087835312
4,21,31,58,4,59,0.026712073013186455
4,22,32,56,1,77,0.6629048585891724
4,22,32,56,2,76,0.20625001192092896
4,22,32,56,3,78,0.0883958712220192
4,22,32,56,4,62,0.012302666902542114
4,23,33,54,1,51,0.6334616541862488
4,23,33,54,2,79,0.18524567782878876
4,23,33,54,3,71,0.057676125317811966
4,23,33,54,4,86,0.01824166625738144
4,24,34,52,1,53,0.855478823184967
4,24,34,52,2,48,0.05259132757782936
4,24,34,52,3,52,0.03031870163977146
4,24,34,52,4,54,0.02346857264637947
4,25,35,50,1,52,0.29696106910705566
4,25,35,50,2,70,0.19344238936901093
4,25,35,50,3,51,0.15649442374706268
4,25,35,50,4,69,0.07714904844760895
4,26,36,50,1,52,0.46810340881347656
4,26,36,50,2,53,0.33920955657958984
4,26,36,50,3,51,0.18635445833206177
4,26,36,50,4,43,0.00233270856551826
4,27,37,50,1,51,0.8872476816177368
4,27,37,50,2,55,0.06764733046293259
4,27,37,50,3,53,0.022363008931279182
4,27,37,50,4,54,0.014670554548501968
4,28,38,50,1,53,0.6467114686965942
4,28,38,50,2,54,0.35240185260772705
4,28,38,50,3,59,0.0004705596948042512
4,28,38,50,4,60,7.136168278520927e-05
4,29,39,52,1,54,0.9967280626296997
4,29,39,52,2,55,0.0022549491841346025
4,29,39,52,3,53,0.0009691286832094193
4,29,39,52,4,59,1.3562429558078293e-05
4,30,40,54,1,57,0.6384609341621399
4,30,40,54,2,56,0.18060334026813507
4,30,40,54,3,55,0.06851313263177872
4,30,40,54,4,59,0.05340473726391792
4,31,41,57,1,57,0.29211515188217163
4,31,41,57,2,53,0.26477745175361633
4,31,41,57,3,62,0.09860599786043167
4,31,41,57,4,54,0.07914581894874573
4,32,42,60,1,59,0.8906338810920715
4,32,42,60,2,70,0.02954489178955555
4,32,42,60,3,58,0.025703955441713333
4,32,42,60,4,57,0.01886582560837269
4,33,43,63,1,72,0.45118391513824463
4,33,43,63,2,61,0.329545259475708
4,33,43,63,3,56,0.11639164388179779
4,33,43,63,4,66,0.05387590080499649
4,34,44,66,1,63,0.8011519312858582
4,34,44,66,2,69,0.1195637658238411
4,34,44,66,3,77,0.0338679663836956
4,34,44,66,4,58,0.013677114620804787
4,35,45,68,1,78,0.527118980884552
4,35,45,68,2,79,0.4358046054840088
4,35,45,68,3,72,0.026798736304044724
4,35,45,68,4,60,0.0036582297179847956
4,36,46,70,1,67,0.5873931050300598
4,36,46,70,2,61,0.33878153562545776
4,36,46,70,3,74,0.037089310586452484
4,36,46,70,4,76,0.01552516222000122
4,37,47,71,1,69,0.9445933103561401
4,37,47,71,2,62,0.03890051692724228
4,37,47,71,3,78,0.010560890659689903
4,37,47,71,4,77,0.001267538871616125
4,38,48,72,1,72,0.8112043142318726
4,38,48,72,2,79,0.15409044921398163
4,38,48,72,3,78,0.031388573348522186
4,38,48,72,4,80,0.0009614396840333939
4,39,49,72,1,78,0.24986068904399872
4,39,49,72,2,80,0.11623191833496094
4,39,49,72,3,55,0.11228407919406891
4,39,49,72,4,62,0.10066577047109604
4,40,50,71,1,73,0.8740483522415161
4,40,50,71,2,88,0.07321872562170029
4,40,50,71,3,66,0.01559845358133316
4,40,50,71,4,71,0.007924411445856094
4,41,51,70,1,80,0.35075920820236206
4,41,51,70,2,47,0.1339915543794632
4,41,51,70,3,79,0.10694582760334015
4,41,51,70,4,76,0.08426827192306519
4,42,52,69,1,74,0.9835351705551147
4,42,52,69,2,75,0.005775216035544872
4,42,52,69,3,71,0.003093509469181299
4,42,52,69,4,55,0.002667898777872324
4,43,53,67,1,74,0.6989672780036926
4,43,53,67,2,73,0.1168653592467308
4,43,53,67,3,75,0.030590295791625977
4,43,53,67,4,72,0.022832386195659637
4,44,54,64,1,55,0.8473849892616272
4,44,54,64,2,50,0.0772685706615448
4,44,54,64,3,69,0.023329351097345352
4,44,54,64,4,56,0.013132872059941292
4,45,55,61,1,68,0.44893044233322144
4,45,55,61,2,69,0.27671995759010315
4,45,55,61,3,67,0.1804216206073761
4,45,55,61,4,70,0.06737280637025833
4,46,56,59,1,69,0.1593598574399948
4,46,56,59,2,64,0.14903251826763153
4,46,56,59,3,50,0.10495592653751373
4,46,56,59,4,51,0.09349478036165237
4,47,57,56,1,62,0.6880899667739868
4,47,57,56,2,69,0.09474267810583115
4,47,57,56,3,60,0.088142991065979
4,47,57,56,4,61,0.04323571175336838
4,48,58,54,1,61,0.6711191534996033
4,48,58,54,2,60,0.1237361952662468
4,48,58,54,3,62,0.056661903858184814
4,48,58,54,4,56,0.048096202313899994
4,49,59,52,1,55,0.9828659892082214
4,49,59,52,2,54,0.01626463793218136
4,49,59,52,3,70,0.00036060315323993564
4,49,59,52,4,53,8.782585064182058e-05
4,50,60,51,1,54,0.736818253993988
4,50,60,51,2,53,0.23141366243362427
4,50,60,51,3,55,0.012577732093632221
4,50,60,51,4,57,0.008212528191506863
4,51,61,51,1,55,0.9490597248077393
4,51,61,51,2,49,0.048130396753549576
4,51,61,51,3,48,0.000742219970561564
4,51,61,51,4,52,0.0005997373373247683
4,52,62,51,1,51,0.3793528079986572
4,52,62,51,2,57,0.24790756404399872
4,52,62,51,3,52,0.09236304461956024
4,52,62,51,4,46,0.08715321868658066
4,53,63,52,1,61,0.4755912125110626
4,53,63,52,2,47,0.1150793731212616
4,53,63,52,3,73,0.10016483068466187
4,53,63,52,4,49,0.08279028534889221
4,54,64,54,1,57,0.7616930603981018
4,54,64,54,2,58,0.06348547339439392
4,54,64,54,3,90,0.03404579311609268
4,54,64,54,4,52,0.03131945803761482
4,55,65,56,1,55,0.4465133547782898
4,55,65,56,2,61,0.14979712665081024
4,55,65,56,3,49,0.12038145959377289
4,55,65,56,4,50,0.10075581073760986
4,56,66,58,1,57,0.3422953486442566
4,56,66,58,2,68,0.27792397141456604
4,56,66,58,3,56,0.16402089595794678
4,56,66,58,4,78,0.07234843075275421
4,57,67,60,1,61,0.3385581374168396
4,57,67,60,2,54,0.20769721269607544
4,57,67,60,3,57,0.07406315207481384
4,57,67,60,4,68,0.05222040414810181
4,58,68,62,1,62,0.6076425909996033
4,58,68,62,2,68,0.13272854685783386
4,58,68,62,3,57,0.08454947173595428
4,58,68,62,4,63,0.05572381243109703
4,59,69,64,1,67,0.646851658821106
4,59,69,64,2,66,0.3111722469329834
4,59,69,64,3,72,0.016597555950284004
4,59,69,64,4,68,0.0151500403881073
4,60,70,65,1,68,0.5351053476333618
4,60,70,65,2,56,0.29518088698387146
4,60,70,65,3,55,0.037202805280685425
4,60,70,65,4,62,0.03401925414800644
4,61,71,67,1,70,0.9892415404319763
4,61,71,67,2,84,0.004980466328561306
4,61,71,67,3,69,0.0028360863216221333
4,61,71,67,4,94,0.0006995826843194664
4,62,72,67,1,70,0.8228302597999573
4,62,72,67,2,86,0.06525248289108276
4,62,72,67,3,71,0.03306855261325836
4,62,72,67,4,56,0.019665952771902084
4,63,73,68,1,72,0.9848317503929138
4,63,73,68,2,73,0.008402777835726738
4,63,73,68,3,71,0.003806638764217496
4,63,73,68,4,74,0.002480822615325451
4,64,74,68,1,72,0.5374674797058105
4,64,74,68,2,86,0.15093477070331573
4,64,74,68,3,62,0.0800870731472969
4,64,74,68,4,57,0.07611755281686783
4,65,75,67,1,71,0.6683847904205322
4,65,75,67,2,72,0.2535289227962494
4,65,75,67,3,73,0.033514656126499176
4,65,75,67,4,74,0.014563260599970818
4,66,76,66,1,71,0.9245786666870117
4,66,76,66,2,70,0.06876565515995026
4,66,76,66,3,72,0.0039929659105837345
4,66,76,66,4,59,0.0011902215192094445
4,67,77,65,1,70,0.9506415128707886
4,67,77,65,2,69,0.0488249845802784
4,67,77,65,3,71,0.0003951198887079954
4,67,77,65,4,55,2.3441465600626543e-05
4,68,78,64,1,68,0.6298542618751526
4,68,78,64,2,67,0.3404334783554077
4,68,78,64,3,69,0.009423143230378628
4,68,78,64,4,66,0.005206204950809479
4,69,79,62,1,67,0.44901713728904724
4,69,79,62,2,66,0.30161988735198975
4,69,79,62,3,69,0.08732252568006516
4,69,79,62,4,68,0.08338677883148193
4,70,80,57,1,69,0.846984326839447
4,70,80,57,2,70,0.11021912842988968
4,70,80,57,3,46,0.00625282246619463
4,70,80,57,4,64,0.005771373398602009
4,71,81,53,1,50,0.5413326621055603
4,71,81,53,2,60,0.2057906687259674
4,71,81,53,3,61,0.0729386955499649
4,71,81,53,4,68,0.051875676959753036
4,72,82,50,1,76,0.6776050925254822
4,72,82,50,2,75,0.1227097138762474
4,72,82,50,3,63,0.09688358008861542
4,72,82,50,4,70,0.021090049296617508
4,73,83,47,1,63,0.46543172001838684
4,73,83,47,2,69,0.13248293101787567
4,73,83,47,3,57,0.0894823670387268
4,73,83,47,4,68,0.0710868090391159
4,74,84,45,1,57,0.3306438624858856
4,74,84,45,2,64,0.1664794385433197
4,74,84,45,3,63,0.12496834993362427
4,74,84,45,4,58,0.10073275864124298
4,75,85,44,1,70,0.48963820934295654
4,75,85,44,2,69,0.35320600867271423
4,75,85,44,3,57,0.09672262519598007
4,75,85,44,4,56,0.03789079934358597
4,76,86,45,1,55,0.7775890827178955
4,76,86,45,2,61,0.07713711261749268
4,76,86,45,3,69,0.06429362297058105
4,76,86,45,4,62,0.024433903396129608
4,77,87,47,1,55,0.2724910080432892
4,77,87,47,2,50,0.2296631634235382
4,77,87,47,3,51,0.19090153276920319
4,77,87,47,4,59,0.17283257842063904
4,78,88,50,1,61,0.4710516929626465
4,78,88,50,2,59,0.18930195271968842
4,78,88,50,3,53,0.11218533664941788
4,78,88,50,4,54,0.09346335381269455
4,79,89,54,1,56,0.2766544818878174
4,79,89,54,2,55,0.20101577043533325
4,79,89,54,3,57,0.17661406099796295
4,79,89,54,4,58,0.14007316529750824
4,80,90,58,1,69,0.4692758023738861
4,80,90,58,2,70,0.18023790419101715
4,80,90,58,3,61,0.11236570030450821
4,80,90,58,4,63,0.09833262860774994
4,81,91,62,1,66,0.8755329251289368
4,81,91,62,2,67,0.09129198640584946
4,81,91,62,3,65,0.02307635173201561
4,81,91,62,4,68,0.00800266582518816
4,82,92,65,1,69,0.5204105377197266
4,82,92,65,2,70,0.44916820526123047
4,82,92,65,3,68,0.03001469373703003
4,82,92,65,4,75,8.132050425047055e-05
4,83,93,69,1,73,0.5556224584579468
4,83,93,69,2,72,0.42753148078918457
4,83,93,69,3,74,0.015022861771285534
4,83,93,69,4,71,0.0015048520872369409
4,84,94,72,1,75,0.5518264174461365
4,84,94,72,2,76,0.43461525440216064
4,84,94,72,3,74,0.0069703408516943455
4,84,94,72,4,77,0.0025128284469246864
4,85,95,74,1,77,0.9620862603187561
4,85,95,74,2,78,0.03343936428427696
4,85,95,74,3,76,0.004178652074187994
4,85,95,74,4,79,0.0002443118137307465
4,86,96,76,1,79,0.5397188663482666
4,86,96,76,2,80,0.4581321179866791
4,86,96,76,3,78,0.0012167072854936123
4,86,96,76,4,81,0.0008738777250982821
4,87,97,76,1,80,0.9425841569900513
4,87,97,76,2,79,0.03196634724736214
4,87,97,76,3,81,0.024730317294597626
4,87,97,76,4,82,0.0006480920128524303
4,88,98,77,1,80,0.6672923564910889
4,88,98,77,2,81,0.32027727365493774
4,88,98,77,3,79,0.007010680623352528
4,88,98,77,4,82,0.004347085952758789
4,89,99,76,1,80,0.8851085305213928
4,89,99,76,2,81,0.06173189356923103
4,89,99,76,3,79,0.05300875008106232
4,89,99,76,4,82,0.00011999780690530315
4,90,100,72,1,77,0.3768868148326874
4,90,100,72,2,78,0.2799874544143677
4,90,100,72,3,79,0.1963646113872528
4,90,100,72,4,76,0.07525870203971863
4,91,101,68,1,72,0.2478371113538742
4,91,101,68,2,71,0.23400966823101044
4,91,101,68,3,73,0.17181113362312317
4,91,101,68,4,70,0.1224881187081337
4,92,102,63,1,76,0.18634819984436035
4,92,102,63,2,75,0.15827018022537231
4,92,102,63,3,60,0.11751364916563034
4,92,102,63,4,74,0.10511521995067596
4,93,103,58,1,76,0.23940594494342804
4,93,103,58,2,70,0.17821595072746277
4,93,103,58,3,77,0.1724049150943756
4,93,103,58,4,62,0.10266419500112534
4,94,104,53,1,77,0.5431606769561768
4,94,104,53,2,76,0.38882002234458923
4,94,104,53,3,70,0.03334220126271248
4,94,104,53,4,57,0.004667546600103378
4,95,105,49,1,52,0.33030086755752563
4,95,105,49,2,64,0.23107828199863434
4,95,105,49,3,63,0.2196826934814453
4,95,105,49,4,77,0.06502288579940796
4,96,106,46,1,52,0.2995308041572571
4,96,106,46,2,51,0.24507157504558563
4,96,106,46,3,65,0.09845149517059326
4,96,106,46,4,74,0.07444344460964203
4,97,107,43,1,46,0.1902093142271042
4,97,107,43,2,62,0.09976999461650848
4,97,107,43,3,57,0.09922637790441513
4,97,107,43,4,56,0.09154444932937622
4,98,108,43,1,61,0.13535204529762268
4,98,108,43,2,60,0.12020054459571838
4,98,108,43,3,57,0.10445814579725266
4,98,108,43,4,56,0.08408421277999878
4,99,109,43,1,46,0.5574400424957275
4,99,109,43,2,47,0.06598130613565445
4,99,109,43,3,60,0.05271235480904579
4,99,109,43,4,45,0.044610098004341125
4,100,110,46,1,48,0.6689173579216003
4,100,110,46,2,49,0.32865798473358154
4,100,110,46,3,47,0.0016064596129581332
4,100,110,46,4,46,0.00023862524540163577
4,101,111,49,1,51,0.943325400352478
4,101,111,49,2,52,0.04749011993408203
4,101,111,49,3,50,0.008975010365247726
4,101,111,49,4,49,0.00014888477744534612
4,102,112,53,1,56,0.5161120891571045
4,102,112,53,2,55,0.4689163565635681
4,102,112,53,3,57,0.010556766763329506
4,102,112,53,4,58,0.0022882716730237007
4,103,113,58,1,61,0.8362179398536682
4,103,113,58,2,60,0.15235835313796997
4,103,113,58,3,62,0.009391098283231258
4,103,113,58,4,59,0.0017923822160810232
4,104,114,62,1,65,0.6432995796203613
4,104,114,62,2,66,0.3432033956050873
4,104,114,62,3,64,0.00889976229518652
4,104,114,62,4,67,0.0034220353700220585
4,105,115,66,1,70,0.8672744631767273
4,105,115,66,2,71,0.0772520899772644
4,105,115,66,3,69,0.05367133393883705
4,105,115,66,4,72,0.00043106020893901587
4,106,116,70,1,74,0.893528401851654
4,106,116,70,2,75,0.07797867804765701
4,106,116,70,3,73,0.028079766780138016
4,106,116,70,4,76,0.00024873207439668477
4,107,117,73,1,78,0.7741744518280029
4,107,117,73,2,79,0.12703411281108856
4,107,117,73,3,77,0.09826363623142242
4,107,117,73,4,80,0.000310137722408399
4,108,118,76,1,80,0.7158495187759399
4,108,118,76,2,81,0.24053101241588593
4,108,118,76,3,79,0.03962406516075134
4,108,118,76,4,82,0.0038294049445539713
4,109,119,78,1,82,0.7189167737960815
4,109,119,78,2,83,0.2393663078546524
4,109,119,78,3,84,0.026238011196255684
4,109,119,78,4,81,0.015008620917797089
4,110,120,78,1,83,0.2837030291557312
4,110,120,78,2,82,0.27786093950271606
4,110,120,78,3,80,0.15316471457481384
4,110,120,78,4,81,0.13405747711658478
4,111,121,77,1,84,0.35068845748901367
4,111,121,77,2,85,0.13037703931331635
4,111,121,77,3,77,0.112737275660038
4,111,121,77,4,81,0.060719430446624756
4,112,122,76,1,82,0.14279115200042725
4,112,122,76,2,77,0.11874879896640778
4,112,122,76,3,76,0.09547154605388641
4,112,122,76,4,75,0.08706942200660706
4,113,123,74,1,70,0.23635032773017883
4,113,123,74,2,71,0.23280081152915955
4,113,123,74,3,72,0.0832856222987175
4,113,123,74,4,69,0.052183762192726135
4,114,124,71,1,69,0.3167344927787781
4,114,124,71,2,70,0.25634410977363586
4,114,124,71,3,68,0.04804423823952675
4,114,124,71,4,85,0.04580006003379822
4,115,125,68,1,86,0.14361290633678436
4,115,125,68,2,85,0.11343421041965485
4,115,125,68,3,87,0.09040336310863495
4,115,125,68,4,65,0.07351633906364441
4,116,126,64,1,85,0.17738693952560425
4,116,126,64,2,61,0.09835868328809738
4,116,126,64,3,60,0.09025487303733826
4,116,126,64,4,70,0.07441100478172302
4,117,127,60,1,57,0.24489235877990723
4,117,127,60,2,56,0.15114650130271912
4,117,127,60,3,84,0.14966022968292236
4,117,127,60,4,82,0.05874117836356163
4,118,128,57,1,53,0.4304196834564209
4,118,128,57,2,52,0.07742982357740402
4,118,128,57,3,54,0.07339558005332947
4,118,128,57,4,55,0.04408861696720123
4,119,129,53,1,51,0.5397362112998962
4,119,129,53,2,50,0.15490999817848206
4,119,129,53,3,63,0.08670374751091003
4,119,129,53,4,57,0.05462968349456787
4,120,130,50,1,53,0.5033979415893555
4,120,130,50,2,51,0.20025409758090973
4,120,130,50,3,52,0.1553192138671875
4,120,130,50,4,48,0.07160349190235138
4,121,131,47,1,49,0.6462215185165405
4,121,131,47,2,50,0.20886510610580444
4,121,131,47,3,48,0.09640705585479736
4,121,131,47,4,51,0.04393824189901352
4,122,132,46,1,49,0.6824665069580078
4,122,132,46,2,48,0.30961015820503235
4,122,132,46,3,50,0.004263944923877716
4,122,132,46,4,47,0.0015792666235938668
4,123,133,46,1,48,0.7398625612258911
4,123,133,46,2,49,0.2586222290992737
4,123,133,46,3,47,0.0009227629052475095
4,123,133,46,4,67,0.00021277068299241364
4,124,134,46,1,49,0.9854084849357605
4,124,134,46,2,50,0.013660376891493797
4,124,134,46,3,48,0.0008654281846247613
4,124,134,46,4,76,1.2970322131877765e-05
4,125,135,48,1,51,0.9824175238609314
4,125,135,48,2,52,0.014138570986688137
4,125,135,48,3,50,0.003398357657715678
4,125,135,48,4,53,4.962806542607723e-06
4,126,136,51,1,54,0.5501893758773804
4,126,136,51,2,55,0.4493899345397949
4,126,136,51,3,53,0.00033495816751383245
4,126,136,51,4,56,1.4654375263489783e-05
4,127,137,54,1,58,0.6953325271606445
4,127,137,54,2,57,0.29493069648742676
4,127,137,54,3,59,0.009462645277380943
4,127,137,54,4,56,9.317610965808854e-05
4,128,138,58,1,61,0.9482779502868652
4,128,138,58,2,60,0.04964064061641693
4,128,138,58,3,62,0.0019477492896839976
4,128,138,58,4,55,2.527961623854935e-05
4,129,139,62,1,65,0.9583552479743958
4,129,139,62,2,64,0.024214347824454308
4,129,139,62,3,66,0.016978692263364792
4,129,139,62,4,81,0.00010758626740425825
4,130,140,64,1,67,0.49404311180114746
4,130,140,64,2,66,0.295477956533432
4,130,140,64,3,68,0.07106642425060272
4,130,140,64,4,69,0.05388109013438225
4,131,141,66,1,68,0.25992387533187866
4,131,141,66,2,69,0.19211041927337646
4,131,141,66,3,67,0.12358265370130539
4,131,141,66,4,70,0.07202616333961487
4,132,142,68,1,70,0.1455746442079544
4,132,142,68,2,69,0.1383763700723648
4,132,142,68,3,76,0.12962700426578522
4,132,142,68,4,71,0.09531562030315399
4,133,143,70,1,67,0.12097032368183136
4,133,143,70,2,78,0.09030532091856003
4,133,143,70,3,71,0.08602435886859894
4,133,143,70,4,77,0.07425235211849213
4,134,144,70,1,71,0.26467445492744446
4,134,144,70,2,78,0.08043720573186874
4,134,144,70,3,72,0.06599704176187515
4,134,144,70,4,86,0.057722512632608414
4,135,145,71,1,87,0.23649826645851135
4,135,145,71,2,71,0.1861811727285385
4,135,145,71,3,89,0.11056546866893768
4,135,145,71,4,72,0.07101253420114517
4,136,146,71,1,79,0.16370847821235657
4,136,146,71,2,89,0.15075677633285522
4,136,146,71,3,87,0.13254670798778534
4,136,146,71,4,71,0.11267828941345215
4,137,147,70,1,87,0.17850732803344727
4,137,147,70,2,89,0.13426166772842407
4,137,147,70,3,79,0.09266268461942673
4,137,147,70,4,80,0.07902254909276962
4,138,148,69,1,70,0.1739465892314911
4,138,148,69,2,63,0.11309635639190674
4,138,148,69,3,77,0.09176766872406006
4,138,148,69,4,64,0.07119940221309662
4,139,149,67,1,63,0.0947449803352356
4,139,149,67,2,86,0.0860469862818718
4,139,149,67,3,77,0.0827137678861618
4,139,149,67,4,78,0.054427262395620346
4,140,150,65,1,63,0.34431201219558716
4,140,150,65,2,64,0.16231468319892883
4,140,150,65,3,65,0.07176695019006729
4,140,150,65,4,71,0.06490102410316467
4,141,151,62,1,63,0.8018012046813965
4,141,151,62,2,64,0.10070261359214783
4,141,151,62,3,62,0.08591179549694061
4,141,151,62,4,65,0.006800537463277578
4,142,152,60,1,61,0.7662869095802307
4,142,152,60,2,62,0.22193418443202972
4,142,152,60,3,60,0.010406434535980225
4,142,152,60,4,63,0.0013138208305463195
4,143,153,57,1,60,0.978733479976654
4,143,153,57,2,61,0.016831418499350548
4,143,153,57,3,59,0.004178235772997141
4,143,153,57,4,66,6.67350395815447e-05
4,144,154,55,1,57,0.7708320021629333
4,144,154,55,2,58,0.22805404663085938
4,144,154,55,3,90,0.0001330116792814806
4,144,154,55,4,64,0.00013003744243178517
4,145,155,53,1,56,0.9558000564575195
4,145,155,53,2,55,0.039091791957616806
4,145,155,53,3,57,0.0037386782933026552
4,145,155,53,4,93,0.0002500935806892812
4,146,156,51,1,54,0.5924297571182251
4,146,156,51,2,55,0.4013545513153076
4,146,156,51,3,53,0.005582013633102179
4,146,156,51,4,56,9.863467130344361e-05
4,147,157,50,1,53,0.8364793658256531
4,147,157,50,2,54,0.1633043885231018
4,147,157,50,3,52,0.00011269591050222516
4,147,157,50,4,55,2.9724862542934716e-05
4,148,158,50,1,53,0.987288236618042
4,148,158,50,2,52,0.012061617337167263
4,148,158,50,3,54,0.0006024186732247472
4,148,158,50,4,59,1.512424205429852e-05
4,149,159,50,1,53,0.9930150508880615
4,149,159,50,2,54,0.00544904125854373
4,149,159,50,3,52,0.0014675017446279526
4,149,159,50,4,59,1.8400223780190572e-05
4,150,160,54,1,53,0.4812982678413391
4,150,160,54,2,54,0.250694215297699
4,150,160,54,3,52,0.14677086472511292
4,150,160,54,4,55,0.026294423267245293
4,151,161,57,1,54,0.3937244415283203
4,151,161,57,2,53,0.19535957276821136
4,151,161,57,3,55,0.08932013809680939
4,151,161,57,4,52,0.05322291702032089
4,152,162,61,1,55,0.15177947282791138
4,152,162,61,2,56,0.1232270896434784
4,152,162,61,3,57,0.10124307125806808
4,152,162,61,4,53,0.09222665429115295
4,153,163,65,1,58,0.2514393627643585
4,153,163,65,2,53,0.21432016789913177
4,153,163,65,3,63,0.12345195561647415
4,153,163,65,4,64,0.09010244905948639
4,154,164,68,1,58,0.14626072347164154
4,154,164,68,2,54,0.13102945685386658
4,154,164,68,3,71,0.1060214638710022
4,154,164,68,4,59,0.10223164409399033
4,155,165,71,1,68,0.1289679855108261
4,155,165,71,2,62,0.1138012558221817
4,155,165,71,3,58,0.08599288761615753
4,155,165,71,4,74,0.08003227412700653
4,156,166,73,1,64,0.32931503653526306
4,156,166,73,2,60,0.16162119805812836
4,156,166,73,3,63,0.110993891954422
4,156,166,73,4,59,0.06400086730718613
4,157,167,75,1,66,0.32080507278442383
4,157,167,75,2,65,0.17093423008918762
4,157,167,75,3,67,0.10126639157533646
4,157,167,75,4,64,0.06639017909765244
4,158,168,76,1,66,0.376995712518692
4,158,168,76,2,67,0.2413633167743683
4,158,168,76,3,68,0.07878134399652481
4,158,168,76,4,73,0.045138031244277954
4,159,169,76,1,68,0.3493900001049042
4,159,169,76,2,69,0.3198801279067993
4,159,169,76,3,70,0.12189925462007523
4,159,169,76,4,71,0.06369014084339142
4,160,170,75,1,77,0.5332789421081543
4,160,170,75,2,78,0.20437787473201752
4,160,170,75,3,76,0.17005635797977448
4,160,170,75,4,75,0.04688575118780136
4,161,171,74,1,75,0.46439021825790405
4,161,171,74,2,74,0.24307756125926971
4,161,171,74,3,76,0.1783832311630249
4,161,171,74,4,77,0.08195136487483978
4,162,172,72,1,74,0.7683475613594055
4,162,172,72,2,73,0.12872351706027985
4,162,172,72,3,75,0.10118590295314789
4,162,172,72,4,76,0.0011763330549001694
4,163,173,69,1,72,0.5169633030891418
4,163,173,69,2,71,0.2795006334781647
4,163,173,69,3,73,0.1734256148338318
4,163,173,69,4,70,0.01924523338675499
4,164,174,66,1,69,0.5537011623382568
4,164,174,66,2,70,0.4196586310863495
4,164,174,66,3,68,0.021549485623836517
4,164,174,66,4,71,0.00459908926859498
4,165,175,63,1,66,0.9339806437492371
4,165,175,63,2,67,0.04609057679772377
4,165,175,63,3,65,0.019887804985046387
4,165,175,63,4,64,1.1242201253480744e-05
4,166,176,60,1,63,0.5380964875221252
4,166,176,60,2,62,0.45832276344299316
4,166,176,60,3,61,0.003057690802961588
4,166,176,60,4,64,0.00040114446892403066
4,167,177,56,1,59,0.9132469892501831
4,167,177,56,2,60,0.07600022852420807
4,167,177,56,3,58,0.009973635897040367
4,167,177,56,4,53,0.00032235414255410433
4,168,178,53,1,56,0.9518061876296997
4,168,178,53,2,57,0.028746988624334335
4,168,178,53,3,55,0.019310936331748962
4,168,178,53,4,58,2.1047490008641034e-05
4,169,179,50,1,53,0.6264773011207581
4,169,179,50,2,54,0.3682785630226135
4,169,179,50,3,55,0.00359592167660594
4,169,179,50,4,52,0.0013744919560849667
4,170,180,46,1,54,0.38546544313430786
4,170,180,46,2,53,0.3760140538215637
4,170,180,46,3,52,0.12224780768156052
4,170,180,46,4,55,0.039289169013500214
4,171,181,43,1,53,0.3938836455345154
4,171,181,43,2,54,0.20637229084968567
4,171,181,43,3,55,0.10988032072782516
4,171,181,43,4,52,0.07561923563480377
4,172,182,41,1,56,0.48939281702041626
4,172,182,41,2,55,0.13537274301052094
4,172,182,41,3,57,0.08243034034967422
4,172,182,41,4,46,0.05825533717870712
4,173,183,41,1,58,0.2564963102340698
4,173,183,41,2,57,0.15687397122383118
4,173,183,41,3,49,0.13664403557777405
4,173,183,41,4,48,0.12426983565092087
4,174,184,43,1,60,0.2601546347141266
4,174,184,43,2,50,0.18308843672275543
4,174,184,43,3,51,0.14131870865821838
4,174,184,43,4,61,0.10104390978813171
4,175,185,47,1,63,0.37283843755722046
4,175,185,47,2,52,0.12362334877252579
4,175,185,47,3,57,0.12265206128358841
4,175,185,47,4,53,0.11120214313268661
4,176,186,51,1,64,0.21404747664928436
4,176,186,51,2,56,0.15645508468151093
4,176,186,51,3,54,0.1282026618719101
4,176,186,51,4,55,0.10337550938129425
4,177,187,56,1,61,0.17347681522369385
4,177,187,56,2,63,0.17086762189865112
4,177,187,56,3,62,0.16196438670158386
4,177,187,56,4,64,0.10698120296001434
4,178,188,61,1,66,0.18352308869361877
4,178,188,61,2,64,0.17078962922096252
4,178,188,61,3,65,0.13175994157791138
4,178,188,61,4,67,0.11142953485250473
4,179,189,66,1,68,0.36292439699172974
4,179,189,66,2,69,0.17449575662612915
4,179,189,66,3,67,0.140034481883049
4,179,189,66,4,70,0.1092676967382431
4,180,190,71,1,73,0.3166358768939972
4,180,190,71,2,74,0.28036123514175415
4,180,190,71,3,75,0.165205180644989
4,180,190,71,4,72,0.09182941913604736
4,181,191,75,1,78,0.767487108707428
4,181,191,75,2,77,0.22401916980743408
4,181,191,75,3,79,0.006050438620150089
4,181,191,75,4,76,0.0023985570296645164
4,182,192,78,1,81,0.47258883714675903
4,182,192,78,2,79,0.18134805560112
4,182,192,78,3,80,0.15166828036308289
4,182,192,78,4,82,0.11175896972417831
4,183,193,80,1,83,0.49800682067871094
4,183,193,80,2,82,0.4005919396877289
4,183,193,80,3,84,0.08091673254966736
4,183,193,80,4,85,0.013864345848560333
4,184,194,82,1,86,0.5657176375389099
4,184,194,82,2,85,0.19811928272247314
4,184,194,82,3,87,0.13185462355613708
4,184,194,82,4,84,0.08456483483314514
4,185,195,82,1,86,0.4518337845802307
4,185,195,82,2,85,0.3968099057674408
4,185,195,82,3,87,0.09793488681316376
4,185,195,82,4,84,0.029362257570028305
4,186,196,82,1,86,0.5952386856079102
4,186,196,82,2,87,0.24514056742191315
4,186,196,82,3,85,0.1287863850593567
4,186,196,82,4,88,0.012246828526258469
4,187,197,81,1,85,0.35095176100730896
4,187,197,81,2,86,0.3095771074295044
4,187,197,81,3,84,0.2010669857263565
4,187,197,81,4,87,0.0942937582731247
4,188,198,79,1,82,0.46468064188957214
4,188,198,79,2,83,0.24131996929645538
4,188,198,79,3,84,0.21521508693695068
4,188,198,79,4,85,0.046491846442222595
4,189,199,76,1,79,0.49239426851272583
4,189,199,76,2,80,0.37118208408355713
4,189,199,76,3,81,0.06949134916067123
4,189,199,76,4,78,0.046550508588552475
4,190,200,70,1,76,0.13000643253326416
4,190,200,70,2,75,0.12527433037757874
4,190,200,70,3,79,0.10822293162345886
4,190,200,70,4,72,0.10745695233345032
4,191,201,63,1,67,0.14761611819267273
4,191,201,63,2,66,0.13909661769866943
4,191,201,63,3,65,0.08987541496753693
4,191,201,63,4,68,0.08540252596139908
4,192,202,57,1,59,0.20796562731266022
4,192,202,57,2,58,0.19067007303237915
4,192,202,57,3,60,0.0987601950764656
4,192,202,57,4,57,0.05952742323279381
4,193,203,50,1,57,0.15185928344726562
4,193,203,50,2,56,0.09172876179218292
4,193,203,50,3,68,0.07837440073490143
4,193,203,50,4,55,0.06709201633930206
4,194,204,45,1,51,0.11246280372142792
4,194,204,45,2,52,0.10583321750164032
4,194,204,45,3,50,0.09824641793966293
4,194,204,45,4,53,0.063027523458004
4,195,205,41,1,52,0.09096628427505493
4,195,205,41,2,51,0.0662330761551857
4,195,205,41,3,46,0.06138385459780693
4,195,205,41,4,48,0.05531587824225426
4,196,206,38,1,43,0.216890349984169
4,196,206,38,2,42,0.17875264585018158
4,196,206,38,3,44,0.1323232203722
4,196,206,38,4,41,0.09296420216560364
4,197,207,38,1,43,0.20569778978824615
4,197,207,38,2,42,0.1574186086654663
4,197,207,38,3,41,0.13632114231586456
4,197,207,38,4,45,0.10886405408382416
4,198,208,41,1,41,0.18241646885871887
4,198,208,41,2,44,0.1447630673646927
4,198,208,41,3,42,0.14222490787506104
4,198,208,41,4,43,0.13263219594955444
4,199,209,45,1,46,0.6162319779396057
4,199,209,45,2,47,0.12194349616765976
4,199,209,45,3,45,0.12097778916358948
4,199,209,45,4,44,0.0474187508225441
4,200,210,51,1,50,0.4627678394317627
4,200,210,51,2,51,0.2878725826740265
4,200,210,51,3,52,0.08902861177921295
4,200,210,51,4,49,0.05700385197997093
4,201,211,57,1,58,0.4462009072303772
4,201,211,57,2,57,0.15927210450172424
4,201,211,57,3,59,0.11819382756948471
4,201,211,57,4,56,0.07934746146202087
4,202,212,63,1,63,0.2876951992511749
4,202,212,63,2,65,0.17417889833450317
4,202,212,63,3,64,0.12214948236942291
4,202,212,63,4,66,0.11715227365493774
4,203,213,69,1,71,0.7556179165840149
4,203,213,69,2,72,0.13828140497207642
4,203,213,69,3,70,0.08959779143333435
4,203,213,69,4,73,0.008936717174947262
4,204,214,74,1,76,0.735831618309021
4,204,214,74,2,77,0.17344564199447632
4,204,214,74,3,78,0.04060182347893715
4,204,214,74,4,75,0.0312412828207016
4,205,215,78,1,81,0.705056369304657
4,205,215,78,2,82,0.23122835159301758
4,205,215,78,3,80,0.0539747029542923
4,205,215,78,4,79,0.007244804408401251
4,206,216,82,1,87,0.49210187792778015
4,206,216,82,2,86,0.33094730973243713
4,206,216,82,3,88,0.09109856188297272
4,206,216,82,4,85,0.06433168053627014
4,207,217,85,1,87,0.3601832091808319
4,207,217,85,2,89,0.19904109835624695
4,207,217,85,3,88,0.1806357502937317
4,207,217,85,4,90,0.15376801788806915
4,208,218,86,1,92,0.4132830500602722
4,208,218,86,2,91,0.21864831447601318
4,208,218,86,3,93,0.16757170855998993
4,208,218,86,4,90,0.08585906773805618
4,209,219,87,1,92,0.4474693834781647
4,209,219,87,2,91,0.2188905030488968
4,209,219,87,3,94,0.10900542140007019
4,209,219,87,4,93,0.08133664727210999
4,210,220,88,1,91,0.20458319783210754
4,210,220,88,2,92,0.184362530708313
4,210,220,88,3,93,0.11270403116941452
4,210,220,88,4,90,0.10775411128997803
4,211,221,87,1,85,0.140045166015625
4,211,221,87,2,84,0.12062934786081314
4,211,221,87,3,86,0.11433795094490051
4,211,221,87,4,83,0.10754688829183578
4,212,222,85,1,83,0.12927313148975372
4,212,222,85,2,82,0.11187133938074112
4,212,222,85,3,86,0.11088256537914276
4,212,222,85,4,81,0.07633234560489655
4,213,223,83,1,83,0.12236669659614563
4,213,223,83,2,84,0.08136789500713348
4,213,223,83,3,82,0.07580658793449402
4,213,223,83,4,75,0.06690558791160583
4,214,224,79,1,70,0.13668620586395264
4,214,224,79,2,69,0.1325494945049286
4,214,224,79,3,71,0.08989560604095459
4,214,224,79,4,68,0.08335995674133301
4,215,225,75,1,63,0.17144885659217834
4,215,225,75,2,62,0.13487040996551514
4,215,225,75,3,64,0.0683656558394432
4,215,225,75,4,86,0.06543166935443878
4,216,226,70,1,57,0.1734818071126938
4,216,226,70,2,56,0.11471090465784073
4,216,226,70,3,58,0.07822301983833313
4,216,226,70,4,61,0.06158699095249176
4,217,227,65,1,55,0.1410416066646576
4,217,227,65,2,56,0.11500487476587296
4,217,227,65,3,54,0.0706862211227417
4,217,227,65,4,53,0.054080214351415634
4,218,228,59,1,46,0.06894489377737045
4,218,228,59,2,47,0.06818420439958572
4,218,228,59,3,49,0.06538692116737366
4,218,228,59,4,48,0.0651187151670456
4,219,229,54,1,44,0.15570694208145142
4,219,229,54,2,41,0.1280122846364975
4,219,229,54,3,45,0.1166319027543068
4,219,229,54,4,43,0.09810078144073486
4,220,230,49,1,43,0.22760167717933655
4,220,230,49,2,40,0.1684415638446808
4,220,230,49,3,44,0.13605409860610962
4,220,230,49,4,41,0.11953210085630417
4,221,231,45,1,46,0.4528345465660095
4,221,231,45,2,45,0.17631319165229797
4,221,231,45,3,47,0.12893874943256378
4,221,231,45,4,48,0.08636616170406342
4,222,232,42,1,41,0.26467424631118774
4,222,232,42,2,42,0.2631528079509735
4,222,232,42,3,43,0.20540636777877808
4,222,232,42,4,44,0.14975887537002563
4,223,233,41,1,42,0.42693811655044556
4,223,233,41,2,43,0.39939141273498535
4,223,233,41,3,44,0.15142211318016052
4,223,233,41,4,45,0.011628702282905579
4,224,234,41,1,44,0.7955549359321594
4,224,234,41,2,45,0.16869312524795532
4,224,234,41,3,43,0.01828693598508835
4,224,234,41,4,46,0.01372832152992487
4,225,235,44,1,46,0.527988851070404
4,225,235,44,2,47,0.44433313608169556
4,225,235,44,3,48,0.01593371480703354
4,225,235,44,4,45,0.008694743737578392
4,226,236,48,1,50,0.5174689292907715
4,226,236,48,2,51,0.4506979286670685
4,226,236,48,3,52,0.01829390600323677
4,226,236,48,4,49,0.010184966027736664
4,227,237,53,1,55,0.6870613098144531
4,227,237,53,2,54,0.26545092463493347
4,227,237,53,3,53,0.02430993691086769
4,227,237,53,4,56,0.018805481493473053
4,228,238,58,1,61,0.4361726641654968
4,228,238,58,2,60,0.323697030544281
4,228,238,58,3,62,0.16404542326927185
4,228,238,58,4,59,0.04425115883350372
4,229,239,63,1,67,0.5193514227867126
4,229,239,63,2,66,0.22893507778644562
4,229,239,63,3,65,0.08823229372501373
4,229,239,63,4,68,0.04148749262094498
4,230,240,68,1,72,0.22901292145252228
4,230,240,68,2,73,0.2223353534936905
4,230,240,68,3,71,0.1696564257144928
4,230,240,68,4,70,0.11134056746959686
4,231,241,74,1,76,0.1966172456741333
4,231,241,74,2,77,0.1886863261461258
4,231,241,74,3,75,0.14446291327476501
4,231,241,74,4,74,0.07278523594141006
4,232,242,78,1,77,0.12693341076374054
4,232,242,78,2,78,0.10707699507474899
4,232,242,78,3,79,0.07540279626846313
4,232,242,78,4,80,0.06225297972559929
4,233,243,82,1,82,0.11440573632717133
4,233,243,82,2,81,0.10634148120880127
4,233,243,82,3,83,0.07368915528059006
4,233,243,82,4,86,0.061851050704717636
4,234,244,84,1,78,0.06083624064922333
4,234,244,84,2,87,0.059139423072338104
4,234,244,84,3,86,0.0556258000433445
4,234,244,84,4,89,0.05391622334718704
4,235,245,86,1,93,0.0855393260717392
4,235,245,86,2,87,0.06339050084352493
4,235,245,86,3,96,0.06258972734212875
4,235,245,86,4,95,0.061925046145915985
4,236,246,87,1,95,0.10486111044883728
4,236,246,87,2,94,0.08365164697170258
4,236,246,87,3,93,0.08327356725931168
4,236,246,87,4,96,0.07435209304094315
4,237,247,86,1,93,0.16244103014469147
4,237,247,86,2,91,0.0659554973244667
4,237,247,86,3,95,0.06020558625459671
4,237,247,86,4,92,0.05608965829014778
4,238,248,85,1,91,0.12267402559518814
4,238,248,85,2,93,0.10290886461734772
4,238,248,85,3,90,0.0660000592470169
4,238,248,85,4,92,0.05748593434691429
4,239,249,82,1,88,0.06969857215881348
4,239,249,82,2,89,0.06959429383277893
4,239,249,82,3,92,0.06865736842155457
4,239,249,82,4,86,0.06459442526102066
4,240,250,79,1,80,0.08671925961971283
4,240,250,79,2,81,0.0654660239815712
4,240,250,79,3,79,0.06429823487997055
4,240,250,79,4,82,0.06291307508945465
4,241,251,75,1,75,0.12836486101150513
4,241,251,75,2,74,0.11140286177396774
4,241,251,75,3,76,0.10329161584377289
4,241,251,75,4,73,0.07439447194337845
4,242,252,71,1,72,0.2064780294895172
4,242,252,71,2,73,0.1633489429950714
4,242,252,71,3,74,0.10861560702323914
4,242,252,71,4,71,0.09068797528743744
4,243,253,65,1,71,0.13051486015319824
4,243,253,65,2,74,0.12972451746463776
4,243,253,65,3,72,0.10453802347183228
4,243,253,65,4,70,0.09067767858505249
4,244,254,60,1,59,0.44007056951522827
4,244,254,60,2,58,0.2736588418483734
4,244,254,60,3,60,0.20832490921020508
4,244,254,60,4,61,0.01758728176355362
4,245,255,55,1,60,0.22971370816230774
4,245,255,55,2,61,0.19566123187541962
4,245,255,55,3,58,0.10319387167692184
4,245,255,55,4,59,0.08466780185699463
4,246,256,50,1,52,0.4315528869628906
4,246,256,50,2,51,0.36444899439811707
4,246,256,50,3,53,0.14626441895961761
4,246,256,50,4,50,0.03493613749742508
4,247,257,45,1,48,0.49395403265953064
4,247,257,45,2,47,0.37211719155311584
4,247,257,45,3,49,0.09019401669502258
4,247,257,45,4,46,0.030540551990270615
4,248,258,43,1,45,0.5481263399124146
4,248,258,43,2,46,0.16674968600273132
4,248,258,43,3,47,0.15528985857963562
4,248,258,43,4,44,0.042014461010694504
4,249,259,41,1,43,0.3784538507461548
4,249,259,41,2,45,0.2743905186653137
4,249,259,41,3,44,0.26844513416290283
4,249,259,41,4,42,0.04621671140193939
4,250,260,41,1,44,0.3963632881641388
4,250,260,41,2,45,0.3063199818134308
4,250,260,41,3,43,0.10973438620567322
4,250,260,41,4,46,0.09427444636821747
4,251,261,42,1,48,0.19475960731506348
4,251,261,42,2,47,0.18952834606170654
4,251,261,42,3,45,0.13859421014785767
4,251,261,42,4,46,0.13677485287189484
4,252,262,46,1,52,0.1557951718568802
4,252,262,46,2,51,0.14489474892616272
4,252,262,46,3,50,0.12202844768762589
4,252,262,46,4,53,0.09356227517127991
4,253,263,50,1,59,0.10545198619365692
4,253,263,50,2,52,0.10541226714849472
4,253,263,50,3,56,0.10332580655813217
4,253,263,50,4,60,0.08521567285060883
4,254,264,55,1,60,0.1409132480621338
4,254,264,55,2,61,0.13070455193519592
4,254,264,55,3,56,0.10461661219596863
4,254,264,55,4,55,0.0926966667175293
4,255,265,60,1,65,0.13886837661266327
4,255,265,60,2,66,0.09425076097249985
4,255,265,60,3,67,0.09051714837551117
4,255,265,60,4,68,0.0752888023853302
4,256,266,65,1,70,0.1303509622812271
4,256,266,65,2,66,0.12223812937736511
4,256,266,65,3,65,0.1156945526599884
4,256,266,65,4,71,0.09240218251943588
4,257,267,69,1,79,0.12666967511177063
4,257,267,69,2,72,0.06617123633623123
4,257,267,69,3,78,0.06589295715093613
4,257,267,69,4,77,0.06274132430553436
4,258,268,74,1,81,0.14737991988658905
4,258,268,74,2,82,0.14300785958766937
4,258,268,74,3,80,0.13468776643276215
4,258,268,74,4,79,0.10792288184165955
4,259,269,77,1,82,0.13400624692440033
4,259,269,77,2,83,0.12063616514205933
4,259,269,77,3,84,0.09834315627813339
4,259,269,77,4,86,0.09671789407730103
4,260,270,80,1,82,0.33530259132385254
4,260,270,80,2,83,0.24919211864471436
4,260,270,80,3,81,0.09654024988412857
4,260,270,80,4,86,0.08290690183639526
4,261,271,81,1,86,0.41623544692993164
4,261,271,81,2,85,0.3139052987098694
4,261,271,81,3,84,0.08914966136217117
4,261,271,81,4,87,0.0832313746213913
4,262,272,82,1,87,0.4279462695121765
4,262,272,82,2,88,0.2956378161907196
4,262,272,82,3,89,0.09197205305099487
4,262,272,82,4,90,0.07354943454265594
4,263,273,82,1,87,0.3078778088092804
4,263,273,82,2,86,0.2218184620141983
4,263,273,82,3,89,0.16366134583950043
4,263,273,82,4,88,0.15892446041107178
4,264,274,81,1,87,0.28922632336616516
4,264,274,81,2,86,0.2094096839427948
4,264,274,81,3,88,0.18573346734046936
4,264,274,81,4,89,0.08358316868543625
4,265,275,79,1,87,0.2126910537481308
4,265,275,79,2,89,0.16389067471027374
4,265,275,79,3,88,0.15505540370941162
4,265,275,79,4,86,0.1354607790708542
4,266,276,76,1,80,0.16035056114196777
4,266,276,76,2,81,0.11659055948257446
4,266,276,76,3,78,0.11339262127876282
4,266,276,76,4,79,0.11109616607427597
4,267,277,73,1,74,0.4912054240703583
4,267,277,73,2,73,0.34319373965263367
4,267,277,73,3,75,0.12151288986206055
4,267,277,73,4,76,0.024643253535032272
4,268,278,69,1,71,0.4333012104034424
4,268,278,69,2,72,0.28050804138183594
4,268,278,69,3,70,0.14455148577690125
4,268,278,69,4,73,0.1097087562084198
4,269,279,65,1,66,0.5420494675636292
4,269,279,65,2,67,0.3981779217720032
4,269,279,65,3,68,0.03158041089773178
4,269,279,65,4,65,0.02356579154729843
4,270,280,59,1,61,0.24442236125469208
4,270,280,59,2,62,0.13838446140289307
4,270,280,59,3,60,0.12404477596282959
4,270,280,59,4,59,0.08665119856595993
4,271,281,54,1,55,0.16182588040828705
4,271,281,54,2,56,0.15054383873939514
4,271,281,54,3,54,0.11280511319637299
4,271,281,54,4,57,0.09326524287462234
4,272,282,49,1,52,0.09844785928726196
4,272,282,49,2,53,0.08472474664449692
4,272,282,49,3,54,0.08303449302911758
4,272,282,49,4,51,0.07342125475406647
4,273,283,45,1,51,0.11182373762130737
4,273,283,45,2,52,0.08893019706010818
4,273,283,45,3,50,0.08014273643493652
4,273,283,45,4,49,0.06703827530145645
4,274,284,42,1,43,0.19965612888336182
4,274,284,42,2,42,0.0920947939157486
4,274,284,42,3,45,0.08675569295883179
4,274,284,42,4,44,0.08320833742618561
4,275,285,41,1,44,0.14308218657970428
4,275,285,41,2,45,0.13562779128551483
4,275,285,41,3,43,0.11027240753173828
4,275,285,41,4,47,0.07307056337594986
4,276,286,42,1,46,0.11878000199794769
4,276,286,42,2,47,0.10856201499700546
4,276,286,42,3,50,0.08336528390645981
4,276,286,42,4,49,0.0804072916507721
4,277,287,44,1,47,0.16776160895824432
4,277,287,44,2,48,0.13294875621795654
4,277,287,44,3,50,0.11842600256204605
4,277,287,44,4,51,0.11137311905622482
4,278,288,48,1,53,0.24078544974327087
4,278,288,48,2,52,0.14434312283992767
4,278,288,48,3,54,0.1257745623588562
4,278,288,48,4,51,0.11316618323326111
4,279,289,52,1,56,0.2933180332183838
4,279,289,52,2,55,0.2428690791130066
4,279,289,52,3,54,0.12181133776903152
4,279,289,52,4,57,0.10228472203016281
4,280,290,57,1,62,0.23471170663833618
4,280,290,57,2,61,0.18932490050792694
4,280,290,57,3,60,0.16774553060531616
4,280,290,57,4,63,0.09649475663900375
4,281,291,62,1,65,0.3053116202354431
4,281,291,62,2,64,0.2001282125711441
4,281,291,62,3,66,0.10282283276319504
4,281,291,62,4,67,0.09687235951423645
4,282,292,67,1,71,0.47625499963760376
4,282,292,67,2,72,0.2682119607925415
4,282,292,67,3,70,0.18689264357089996
4,282,292,67,4,73,0.03954961523413658
4,283,293,71,1,76,0.6188852190971375
4,283,293,71,2,77,0.2320345938205719
4,283,293,71,3,75,0.12777739763259888
4,283,293,71,4,78,0.01303236186504364
4,284,294,75,1,80,0.7634387612342834
4,284,294,75,2,79,0.18860192596912384
4,284,294,75,3,81,0.03896511346101761
4,284,294,75,4,82,0.007427712436765432
4,285,295,78,1,83,0.3646884560585022
4,285,295,78,2,82,0.29317769408226013
4,285,295,78,3,84,0.23808665573596954
4,285,295,78,4,85,0.08001460880041122
4,286,296,80,1,85,0.5013521909713745
4,286,296,80,2,86,0.26181626319885254
4,286,296,80,3,84,0.17112836241722107
4,286,296,80,4,87,0.049222446978092194
4,287,297,81,1,87,0.3655661940574646
4,287,297,81,2,86,0.19593191146850586
4,287,297,81,3,85,0.10042193531990051
4,287,297,81,4,90,0.05792917683720589
4,288,298,82,1,86,0.48178350925445557
4,288,298,82,2,87,0.16980376839637756
4,288,298,82,3,85,0.14460882544517517
4,288,298,82,4,88,0.09385837614536285
4,289,299,81,1,87,0.4039943218231201
4,289,299,81,2,86,0.3829723000526428
4,289,299,81,3,88,0.07420738786458969
4,289,299,81,4,85,0.05792403966188431
4,290,300,79,1,85,0.15901197493076324
4,290,300,79,2,84,0.11429401487112045
4,290,300,79,3,83,0.10221314430236816
4,290,300,79,4,86,0.09549417346715927
4,291,301,76,1,80,0.1264193207025528
4,291,301,76,2,81,0.10462523996829987
4,291,301,76,3,79,0.09862809628248215
4,291,301,76,4,83,0.08867285400629044
4,292,302,72,1,78,0.1512000560760498
4,292,302,72,2,77,0.13811561465263367
4,292,302,72,3,79,0.12890540063381195
4,292,302,72,4,80,0.10793980956077576
4,293,303,68,1,77,0.0716988667845726
4,293,303,68,2,76,0.06764939427375793
4,293,303,68,3,79,0.060733940452337265
4,293,303,68,4,75,0.05816066265106201
4,294,304,63,1,71,0.11445918679237366
4,294,304,63,2,70,0.1017393171787262
4,294,304,63,3,65,0.07346372306346893
4,294,304,63,4,66,0.07325311005115509
4,295,305,58,1,65,0.09404364973306656
4,295,305,58,2,62,0.08285103738307953
4,295,305,58,3,64,0.07988375425338745
4,295,305,58,4,63,0.07833085209131241
4,296,306,54,1,61,0.07488605380058289
4,296,306,54,2,58,0.0743655264377594
4,296,306,54,3,60,0.06938676536083221
4,296,306,54,4,59,0.0683329850435257
4,297,307,49,1,52,0.0892447829246521
4,297,307,49,2,49,0.08336647599935532
4,297,307,49,3,51,0.08069995045661926
4,297,307,49,4,50,0.07089705765247345
4,298,308,46,1,52,0.09166760742664337
4,298,308,46,2,53,0.08966782689094543
4,298,308,46,3,50,0.08176480233669281
4,298,308,46,4,49,0.07565794885158539
4,299,309,44,1,49,0.09170164167881012
4,299,309,44,2,45,0.08849814534187317
4,299,309,44,3,44,0.08750616014003754
4,299,309,44,4,46,0.07970204949378967
4,300,310,43,1,44,0.4577406346797943
4,300,310,43,2,45,0.3377798795700073
4,300,310,43,3,46,0.1484937220811844
4,300,310,43,4,47,0.019440073519945145
4,301,311,44,1,46,0.8733323812484741
4,301,311,44,2,47,0.11357474327087402
4,301,311,44,3,48,0.008333602920174599
4,301,311,44,4,45,0.004217818845063448
4,302,312,46,1,48,0.6346659660339355
4,302,312,46,2,49,0.34927189350128174
4,302,312,46,3,47,0.008267228491604328
4,302,312,46,4,50,0.00661561219021678
4,303,313,49,1,52,0.6420761942863464
4,303,313,49,2,51,0.17461007833480835
4,303,313,49,3,53,0.165094256401062
4,303,313,49,4,54,0.013080312870442867
4,304,314,53,1,56,0.42141029238700867
4,304,314,53,2,57,0.26556554436683655
4,304,314,53,3,55,0.17823666334152222
4,304,314,53,4,58,0.09867995977401733
4,305,315,57,1,61,0.5429061055183411
4,305,315,57,2,62,0.3567858338356018
4,305,315,57,3,60,0.07239562273025513
4,305,315,57,4,63,0.020935077220201492
4,306,316,62,1,64,0.7848027944564819
4,306,316,62,2,65,0.18210053443908691
4,306,316,62,3,63,0.02621130645275116
4,306,316,62,4,66,0.004903513006865978
4,307,317,66,1,70,0.4826931357383728
4,307,317,66,2,71,0.3414538502693176
4,307,317,66,3,72,0.08974649012088776
4,307,317,66,4,69,0.07224604487419128
4,308,318,70,1,74,0.5760438442230225
4,308,318,70,2,73,0.3691369891166687
4,308,318,70,3,75,0.04937175288796425
4,308,318,70,4,72,0.0029467858839780092
4,309,319,73,1,78,0.6549765467643738
4,309,319,73,2,77,0.28099489212036133
4,309,319,73,3,79,0.059289269149303436
4,309,319,73,4,76,0.004143408499658108
4,310,320,75,1,81,0.4721453785896301
4,310,320,75,2,80,0.31734004616737366
4,310,320,75,3,82,0.17599210143089294
4,310,320,75,4,79,0.02835894376039505
4,311,321,76,1,83,0.38572391867637634
4,311,321,76,2,82,0.3588005304336548
4,311,321,76,3,84,0.12609818577766418
4,311,321,76,4,85,0.05598263069987297
4,312,322,76,1,85,0.31669875979423523
4,312,322,76,2,86,0.1568479984998703
4,312,322,76,3,87,0.13234089314937592
4,312,322,76,4,83,0.13151830434799194
4,313,323,76,1,85,0.2711842656135559
4,313,323,76,2,86,0.22903332114219666
4,313,323,76,3,83,0.2146238535642624
4,313,323,76,4,82,0.11173459142446518
4,314,324,74,1,82,0.2718871533870697
4,314,324,74,2,83,0.24762454628944397
4,314,324,74,3,85,0.21972888708114624
4,314,324,74,4,86,0.08441480249166489
4,315,325,73,1,81,0.5413362383842468
4,315,325,73,2,82,0.402240127325058
4,315,325,73,3,83,0.03659283369779587
4,315,325,73,4,80,0.014098540879786015
4,316,326,70,1,79,0.4361334443092346
4,316,326,70,2,78,0.28336554765701294
4,316,326,70,3,80,0.1630319356918335
4,316,326,70,4,77,0.07609468698501587
4,317,327,67,1,76,0.4323687255382538
4,317,327,67,2,75,0.3003399670124054
4,317,327,67,3,77,0.19727888703346252
4,317,327,67,4,78,0.030259782448410988
4,318,328,64,1,72,0.3928000032901764
4,318,328,64,2,73,0.3001342713832855
4,318,328,64,3,71,0.26919081807136536
4,318,328,64,4,74,0.029454970732331276
4,319,329,61,1,68,0.47347021102905273
4,319,329,61,2,69,0.4686722755432129
4,319,329,61,3,67,0.03656874597072601
4,319,329,61,4,70,0.01766238920390606
4,320,330,57,1,64,0.6370967626571655
4,320,330,57,2,63,0.338372141122818
4,320,330,57,3,65,0.018142325803637505
4,320,330,57,4,62,0.005917725153267384
4,321,331,54,1,59,0.6635992527008057
4,321,331,54,2,60,0.31171607971191406
4,321,331,54,3,58,0.01839280128479004
4,321,331,54,4,61,0.005927615333348513
4,322,332,51,1,55,0.6555657982826233
4,322,332,51,2,56,0.25298547744750977
4,322,332,51,3,54,0.0849718451499939
4,322,332,51,4,57,0.002907531801611185
4,323,333,49,1,52,0.7600623965263367
4,323,333,49,2,51,0.2014887034893036
4,323,333,49,3,53,0.03463122248649597
4,323,333,49,4,50,0.003423262620344758
4,324,334,47,1,50,0.8586838245391846
4,324,334,47,2,49,0.13203805685043335
4,324,334,47,3,51,0.009092633612453938
4,324,334,47,4,48,9.773287456482649e-05
4,325,335,47,1,49,0.9512953758239746
4,325,335,47,2,50,0.04683654010295868
4,325,335,47,3,48,0.0017826339462772012
4,325,335,47,4,55,4.263029768480919e-05
4,326,336,47,1,50,0.9841669201850891
4,326,336,47,2,49,0.00999304000288248
4,326,336,47,3,51,0.005789515562355518
4,326,336,47,4,56,1.5959278243826702e-05
4,327,337,49,1,52,0.9674513339996338
4,327,337,49,2,51,0.024719251319766045
4,327,337,49,3,53,0.007631334476172924
4,327,337,49,4,50,0.00011793524026870728
4,328,338,51,1,54,0.8573632836341858
4,328,338,51,2,55,0.13247525691986084
4,328,338,51,3,53,0.00913852546364069
4,328,338,51,4,56,0.0007820412283763289
4,329,339,54,1,57,0.8641287684440613
4,329,339,54,2,56,0.10604628920555115
4,329,339,54,3,58,0.029011135920882225
4,329,339,54,4,55,0.00027135596610605717
4,330,340,56,1,60,0.5543245077133179
4,330,340,56,2,61,0.4426880478858948
4,330,340,56,3,59,0.0019217025255784392
4,330,340,56,4,62,0.0007209333125501871
4,331,341,59,1,63,0.8517619967460632
4,331,341,59,2,62,0.07276899367570877
4,331,341,59,3,64,0.06794890761375427
4,331,341,59,4,57,0.0021418961696326733
4,332,342,61,1,67,0.7744535207748413
4,332,342,61,2,68,0.1646420955657959
4,332,342,61,3,66,0.05557871237397194
4,332,342,61,4,69,0.004501152317970991
4,333,343,64,1,71,0.5407750010490417
4,333,343,64,2,70,0.3055737018585205
4,333,343,64,3,72,0.12592899799346924
4,333,343,64,4,69,0.02452787384390831
4,334,344,66,1,73,0.4634850025177002
4,334,344,66,2,74,0.35296350717544556
4,334,344,66,3,75,0.15888431668281555
4,334,344,66,4,72,0.020269209519028664
4,335,345,67,1,75,0.6650281548500061
4,335,345,67,2,76,0.22595350444316864
4,335,345,67,3,74,0.06758923083543777
4,335,345,67,4,77,0.0370662659406662
4,336,346,69,1,77,0.5650327205657959
4,336,346,69,2,78,0.17898735404014587
4,336,346,69,3,76,0.16627004742622375
4,336,346,69,4,79,0.06587377935647964
4,337,347,69,1,77,0.6955558657646179
4,337,347,69,2,78,0.1849062144756317
4,337,347,69,3,79,0.08745662122964859
4,337,347,69,4,76,0.028427092358469963
4,338,348,70,1,77,0.8978620767593384
4,338,348,70,2,76,0.06989360600709915
4,338,348,70,3,78,0.03035641461610794
4,338,348,70,4,79,0.0016644308343529701
4,339,349,69,1,78,0.45659926533699036
4,339,349,69,2,77,0.2884300947189331
4,339,349,69,3,79,0.2439105361700058
4,339,349,69,4,80,0.005666117183864117
4,340,350,69,1,76,0.5426056981086731
4,340,350,69,2,77,0.4289434254169464
4,340,350,69,3,75,0.02304307371377945
4,340,350,69,4,78,0.005301296710968018
4,341,351,67,1,75,0.6912769079208374
4,341,351,67,2,74,0.21881386637687683
4,341,351,67,3,76,0.08621375262737274
4,341,351,67,4,73,0.0025362493470311165
4,342,352,66,1,72,0.6389303803443909
4,342,352,66,2,73,0.18477760255336761
4,342,352,66,3,71,0.17175352573394775
4,342,352,66,4,74,0.0025692409835755825
4,343,353,64,1,69,0.47711679339408875
4,343,353,64,2,70,0.448202908039093
4,343,353,64,3,71,0.05146505683660507
4,343,353,64,4,68,0.021632961928844452
4,344,354,62,1,66,0.9022948145866394
4,344,354,62,2,67,0.09078624844551086
4,344,354,62,3,65,0.0064178830944001675
4,344,354,62,4,68,0.0003556633600965142
4,345,355,59,1,64,0.8915064930915833
4,345,355,59,2,63,0.0760408267378807
4,345,355,59,3,65,0.03198293596506119
4,345,355,59,4,62,0.00013897387543693185
4,346,356,57,1,61,0.7310726642608643
4,346,356,57,2,60,0.25045424699783325
4,346,356,57,3,62,0.01438245177268982
4,346,356,57,4,59,0.0033130627125501633
4,347,357,55,1,58,0.7538942098617554
4,347,357,55,2,59,0.23646463453769684
4,347,357,55,3,60,0.0068421745672822
4,347,357,55,4,57,0.0025051238480955362
4,348,358,53,1,56,0.6541523337364197
4,348,358,53,2,57,0.32892340421676636
4,348,358,53,3,58,0.013545975089073181
4,348,358,53,4,55,0.00169871945399791
4,349,359,52,1,55,0.8885174989700317
4,349,359,52,2,56,0.07729248702526093
4,349,359,52,3,54,0.03376162797212601
4,349,359,52,4,57,0.00014585630560759455
4,350,360,50,1,54,0.9315317273139954
4,350,360,50,2,55,0.06444613635540009
4,350,360,50,3,53,0.0039045868907123804
4,350,360,50,4,56,7.330780499614775e-05
4,351,361,49,1,54,0.9802539944648743
4,351,361,49,2,53,0.010196740739047527
4,351,361,49,3,55,0.009515372104942799
4,351,361,49,4,60,5.116701686347369e-06
4,352,362,49,1,54,0.9368314743041992
4,352,362,49,2,55,0.061789028346538544
4,352,362,49,3,53,0.0013207868905737996
4,352,362,49,4,56,2.607874557725154e-05
4,353,363,50,1,55,0.8763688802719116
4,353,363,50,2,56,0.1099214255809784
4,353,363,50,3,54,0.013221587985754013
4,353,363,50,4,57,0.00033221999183297157
4,354,364,51,1,57,0.8904553055763245
4,354,364,51,2,56,0.09061826765537262
4,354,364,51,3,58,0.01870124228298664
4,354,364,51,4,55,6.133291026344523e-05
4,355,365,53,1,59,0.9193729758262634
4,355,365,53,2,60,0.041437700390815735
4,355,365,53,3,58,0.039008837193250656
4,355,365,53,4,57,5.513235737453215e-05
4,356,366,55,1,61,0.9753822088241577
4,356,366,55,2,60,0.022166157141327858
4,356,366,55,3,62,0.00239451858215034
4,356,366,55,4,67,4.6681848289154004e-06
4,357,367,57,1,63,0.8200973272323608
4,357,367,57,2,62,0.1705046147108078
4,357,367,57,3,64,0.008979689329862595
4,357,367,57,4,61,0.0002966107858810574
4,358,368,60,1,65,0.7120286822319031
4,358,368,60,2,66,0.28393131494522095
4,358,368,60,3,64,0.0032641286961734295
4,358,368,60,4,67,0.0007556570344604552
4,359,369,63,1,67,0.9014883637428284
4,359,369,63,2,68,0.06957727670669556
4,359,369,63,3,66,0.028794031590223312
4,359,369,63,4,69,0.00010947692499030381
4,360,370,65,1,71,0.6371617317199707
4,360,370,65,2,70,0.32738837599754333
4,360,370,65,3,72,0.029011238366365433
4,360,370,65,4,69,0.006099469028413296
4,361,371,67,1,72,0.5046499371528625
4,361,371,67,2,73,0.478156715631485
4,361,371,67,3,71,0.011474933475255966
4,361,371,67,4,74,0.005554654635488987
4,362,372,68,1,74,0.5438867807388306
4,362,372,68,2,73,0.27160292863845825
4,362,372,68,3,75,0.16742852330207825
4,362,372,68,4,72,0.011322361417114735
4,363,373,69,1,75,0.4492686986923218
4,363,373,69,2,74,0.31089112162590027
4,363,373,69,3,76,0.19605319201946259
4,363,373,69,4,73,0.02416897937655449
4,364,374,70,1,74,0.5336098074913025
4,364,374,70,2,75,0.3794824481010437
4,364,374,70,3,73,0.044729121029376984
4,364,374,70,4,76,0.04012212157249451
4,365,375,70,1,74,0.5771560072898865
4,365,375,70,2,73,0.33996719121932983
4,365,375,70,3,75,0.07950140535831451
4,365,375,70,4,76,0.001923481933772564
4,366,376,69,1,74,0.7879483103752136
4,366,376,69,2,73,0.14073924720287323
4,366,376,69,3,75,0.07062014937400818
4,366,376,69,4,76,0.00040009705116972327
4,367,377,68,1,73,0.8664660453796387
4,367,377,68,2,74,0.10564146935939789
4,367,377,68,3,72,0.027147874236106873
4,367,377,68,4,75,0.0006578332395292819
4,368,378,67,1,71,0.7338218688964844
4,368,378,67,2,72,0.24421536922454834
4,368,378,67,3,70,0.01943107880651951
4,368,378,67,4,73,0.0024318371433764696
4,369,379,65,1,69,0.5141507387161255
4,369,379,65,2,68,0.4662232995033264
4,369,379,65,3,70,0.014156637713313103
4,369,379,65,4,67,0.004807095509022474
4,370,380,62,1,67,0.548888623714447
4,370,380,62,2,66,0.43174976110458374
4,370,380,62,3,68,0.016362706199288368
4,370,380,62,4,69,0.0008029648452065885
4,371,381,59,1,65,0.5899720191955566
4,371,381,59,2,64,0.40209007263183594
4,371,381,59,3,66,0.003293246729299426
4,371,381,59,4,63,0.0021353329066187143
4,372,382,56,1,62,0.6036010384559631
4,372,382,56,2,63,0.3721296191215515
4,372,382,56,3,61,0.017218999564647675
4,372,382,56,4,64,0.00299846101552248
4,373,383,53,1,59,0.546522855758667
4,373,383,53,2,60,0.4342363476753235
4,373,383,53,3,61,0.010365848429501057
4,373,383,53,4,58,0.008339613676071167
4,374,384,51,1,57,0.8780217170715332
4,374,384,51,2,58,0.11428916454315186
4,374,384,51,3,56,0.00663995323702693
4,374,384,51,4,59,0.00033063520095311105
4,375,385,49,1,56,0.9090654850006104
4,375,385,49,2,55,0.07077766954898834
4,375,385,49,3,57,0.019068162888288498
4,375,385,49,4,58,0.0006835939129814506
4,376,386,48,1,54,0.7033718824386597
4,376,386,48,2,55,0.29260480403900146
4,376,386,48,3,53,0.0023079493548721075
4,376,386,48,4,56,0.0016309658531099558
4,377,387,48,1,54,0.95810467004776
4,377,387,48,2,55,0.024288281798362732
4,377,387,48,3,53,0.017559099942445755
4,377,387,48,4,56,2.141248478437774e-05
4,378,388,49,1,54,0.9678671360015869
4,378,388,49,2,53,0.027591563761234283
4,378,388,49,3,55,0.004508874844759703
4,378,388,49,4,52,1.0451956768520176e-05
4,379,389,50,1,54,0.5556800365447998
4,379,389,50,2,55,0.44073301553726196
4,379,389,50,3,53,0.002065827837213874
4,379,389,50,4,56,0.0014370488934218884
4,380,390,53,1,56,0.5350097417831421
4,380,390,53,2,57,0.45951735973358154
4,380,390,53,3,58,0.004608124494552612
4,380,390,53,4,55,0.0007415630389004946
4,381,391,55,1,59,0.7431877255439758
4,381,391,55,2,58,0.25310152769088745
4,381,391,55,3,60,0.003159583080559969
4,381,391,55,4,57,0.0003921667521353811
4,382,392,58,1,61,0.5956292152404785
4,382,392,58,2,62,0.4027750492095947
4,382,392,58,3,63,0.0011321476195007563
4,382,392,58,4,60,0.0004306667542550713
4,383,393,61,1,64,0.7387606501579285
4,383,393,61,2,65,0.25640368461608887
4,383,393,61,3,63,0.0025488873943686485
4,383,393,61,4,66,0.0021706914994865656
4,384,394,63,1,67,0.648090124130249
4,384,394,63,2,68,0.3252393305301666
4,384,394,63,3,66,0.02170158177614212
4,384,394,63,4,69,0.004620477091521025
4,385,395,66,1,70,0.6576826572418213
4,385,395,66,2,71,0.2872076630592346
4,385,395,66,3,69,0.04107886925339699
4,385,395,66,4,72,0.013921377249062061
4,386,396,68,1,73,0.8637397885322571
4,386,396,68,2,72,0.11775613576173782
4,386,396,68,3,74,0.017992060631513596
4,386,396,68,4,71,0.0004283655434846878
4,387,397,69,1,74,0.8633731603622437
4,387,397,69,2,75,0.09719786792993546
4,387,397,69,3,73,0.03915548324584961
4,387,397,69,4,76,0.00019090001296717674
4,388,398,70,1,75,0.700944185256958
4,388,398,70,2,74,0.28362736105918884
4,388,398,70,3,76,0.01144183985888958
4,388,398,70,4,73,0.0038586040027439594
4,389,399,71,1,75,0.5392258167266846
4,389,399,71,2,76,0.4364835321903229
4,389,399,71,3,77,0.016463682055473328
4,389,399,71,4,74,0.006402041297405958
4,390,400,70,1,75,0.7432234883308411
4,390,400,70,2,76,0.24676458537578583
4,390,400,70,3,74,0.006541064009070396
4,390,400,70,4,77,0.0032760025933384895
4,391,401,69,1,75,0.9223898649215698
4,391,401,69,2,76,0.038571957498788834
4,391,401,69,3,74,0.03857092931866646
4,391,401,69,4,77,0.00029816949972882867
4,392,402,67,1,74,0.7451691627502441
4,392,402,67,2,75,0.1463659405708313
4,392,402,67,3,73,0.10742882639169693
4,392,402,67,4,76,0.000716828741133213
4,393,403,65,1,72,0.468803346157074
4,393,403,65,2,71,0.40898141264915466
4,393,403,65,3,73,0.0969594419002533
4,393,403,65,4,70,0.015651315450668335
4,394,404,62,1,70,0.5889979004859924
4,394,404,62,2,69,0.2824455797672272
4,394,404,62,3,71,0.11934728920459747
4,394,404,62,4,72,0.006166660692542791
4,395,405,60,1,67,0.6986947059631348
4,395,405,60,2,66,0.2666812837123871
4,395,405,60,3,68,0.025781743228435516
4,395,405,60,4,69,0.003445145208388567
4,396,406,57,1,65,0.6515295505523682
4,396,406,57,2,64,0.2663531005382538
4,396,406,57,3,66,0.04013488441705704
4,396,406,57,4,79,0.01178758218884468
4,397,407,55,1,62,0.7959832549095154
4,397,407,55,2,61,0.1590423285961151
4,397,407,55,3,63,0.04429805278778076
4,397,407,55,4,64,0.0001903725933516398
4,398,408,52,1,59,0.8068112134933472
4,398,408,52,2,58,0.14007005095481873
4,398,408,52,3,60,0.052091218531131744
4,398,408,52,4,61,0.00030763764516450465
4,399,409,51,1,57,0.9080643653869629
4,399,409,51,2,58,0.05214596912264824
4,399,409,51,3,56,0.038562580943107605
4,399,409,51,4,72,0.0002775343891698867
4,400,410,50,1,55,0.8435239791870117
4,400,410,50,2,56,0.08969683945178986
4,400,410,50,3,54,0.06604696810245514
4,400,410,50,4,53,0.0002577048144303262
4,401,411,50,1,54,0.9178118705749512
4,401,411,50,2,53,0.0774662047624588
4,401,411,50,3,55,0.004627629648894072
4,401,411,50,4,52,7.144932169467211e-05
4,402,412,50,1,54,0.9630979299545288
4,402,412,50,2,53,0.03267353028059006
4,402,412,50,3,55,0.004194866865873337
4,402,412,50,4,52,9.155871339316946e-06
4,403,413,51,1,54,0.7558503746986389
4,403,413,51,2,55,0.2423381507396698
4,403,413,51,3,53,0.0016289481427520514
4,403,413,51,4,56,0.00013680571282748133
4,404,414,53,1,56,0.9343512058258057
4,404,414,53,2,57,0.043198112398386
4,404,414,53,3,55,0.02190265990793705
4,404,414,53,4,58,0.000408967025578022
4,405,415,55,1,58,0.89836585521698
4,405,415,55,2,57,0.09428103268146515
4,405,415,55,3,59,0.007155836559832096
4,405,415,55,4,52,3.945851494790986e-05
4,406,416,57,1,60,0.6751558184623718
4,406,416,57,2,61,0.32157841324806213
4,406,416,57,3,59,0.0025213814806193113
4,406,416,57,4,62,0.00022001581965014338
4,407,417,60,1,62,0.6417555809020996
4,407,417,60,2,63,0.3563527464866638
4,407,417,60,3,61,0.0009699618094600737
4,407,417,60,4,64,0.0007614958449266851
4,408,418,62,1,66,0.9131537079811096
4,408,418,62,2,65,0.07066497206687927
4,408,418,62,3,67,0.016051404178142548
4,408,418,62,4,64,9.356309601571411e-05
4,409,419,64,1,68,0.9193812012672424
4,409,419,64,2,69,0.049344271421432495
4,409,419,64,3,67,0.030987773090600967
4,409,419,64,4,70,0.00023945070279296488
4,410,420,68,1,70,0.7847384810447693
4,410,420,68,2,69,0.14165757596492767
4,410,420,68,3,71,0.07078181952238083
4,410,420,68,4,68,0.0019657860975712538
4,411,421,72,1,72,0.7467953562736511
4,411,421,72,2,73,0.1557854861021042
4,411,421,72,3,71,0.0924035906791687
4,411,421,72,4,74,0.0037350754719227552
4,412,422,75,1,74,0.49414166808128357
4,412,422,75,2,73,0.381612628698349
4,412,422,75,3,75,0.09272434562444687
4,412,422,75,4,72,0.02934553101658821
4,413,423,78,1,74,0.5905464887619019
4,413,423,78,2,73,0.32987502217292786
4,413,423,78,3,75,0.07736959308385849
4,413,423,78,4,72,0.0014813223388046026
4,414,424,79,1,73,0.7828037738800049
4,414,424,79,2,74,0.14546948671340942
4,414,424,79,3,72,0.06987214088439941
4,414,424,79,4,75,0.0017316166777163744
4,415,425,80,1,73,0.6136889457702637
4,415,425,80,2,74,0.3724256753921509
4,415,425,80,3,75,0.009587985463440418
4,415,425,80,4,72,0.004258133936673403
4,416,426,80,1,72,0.6720808148384094
4,416,426,80,2,73,0.31043893098831177
4,416,426,80,3,71,0.01404567901045084
4,416,426,80,4,74,0.0033588360529392958
4,417,427,79,1,71,0.827688992023468
4,417,427,79,2,72,0.09050450474023819
4,417,427,79,3,70,0.08040361106395721
4,417,427,79,4,73,0.0009979096939787269
4,418,428,77,1,69,0.7298204898834229
4,418,428,77,2,68,0.18557298183441162
4,418,428,77,3,70,0.07668197900056839
4,418,428,77,4,67,0.004536972381174564
4,419,429,75,1,67,0.7242177128791809
4,419,429,75,2,66,0.2630668580532074
4,419,429,75,3,68,0.011480549350380898
4,419,429,75,4,69,0.00036475382512435317
4,420,430,72,1,64,0.4947117865085602
4,420,430,72,2,65,0.45736783742904663
4,420,430,72,3,66,0.01667669042944908
4,420,430,72,4,63,0.010117683559656143
4,421,431,68,1,62,0.7562240958213806
4,421,431,68,2,63,0.13589251041412354
4,421,431,68,3,61,0.1068992018699646
4,421,431,68,4,64,0.0003193359589204192
4,422,432,64,1,59,0.7449777126312256
4,422,432,64,2,60,0.23780302703380585
4,422,432,64,3,58,0.009751539677381516
4,422,432,64,4,61,0.006808015983551741
4,423,433,60,1,58,0.8364169597625732
4,423,433,60,2,57,0.1545490324497223
4,423,433,60,3,59,0.007383184041827917
4,423,433,60,4,63,0.0005102085997350514
4,424,434,55,1,56,0.8654394149780273
4,424,434,55,2,57,0.1182948648929596
4,424,434,55,3,55,0.010248737409710884
4,424,434,55,4,58,0.0026505310088396072
4,425,435,51,1,53,0.7247235178947449
4,425,435,51,2,52,0.20135709643363953
4,425,435,51,3,54,0.07019443064928055
4,425,435,51,4,51,0.003143406007438898
4,426,436,48,1,50,0.6844530701637268
4,426,436,48,2,51,0.30044490098953247
4,426,436,48,3,49,0.013215139508247375
4,426,436,48,4,52,0.0016785869374871254
4,427,437,46,1,49,0.751794695854187
4,427,437,46,2,48,0.23076780140399933
4,427,437,46,3,47,0.012093210592865944
4,427,437,46,4,50,0.005058069713413715
4,428,438,44,1,47,0.8237988948822021
4,428,438,44,2,48,0.10605913400650024
4,428,438,44,3,46,0.06431879103183746
4,428,438,44,4,45,0.004786687903106213
4,429,439,45,1,47,0.6843098402023315
4,429,439,45,2,48,0.2988453805446625
4,429,439,45,3,46,0.011463924311101437
4,429,439,45,4,49,0.005038662347942591
4,430,440,47,1,48,0.7525858879089355
4,430,440,47,2,49,0.2419089823961258
4,430,440,47,3,47,0.005286070518195629
4,430,440,47,4,50,8.202360186260194e-05
4,431,441,50,1,51,0.7417356371879578
4,431,441,50,2,50,0.20914912223815918
4,431,441,50,3,49,0.03181692957878113
4,431,441,50,4,52,0.01522725261747837
4,432,442,54,1,54,0.6332056522369385
4,432,442,54,2,55,0.3413175642490387
4,432,442,54,3,53,0.012406609952449799
4,432,442,54,4,56,0.011667698621749878
4,433,443,58,1,58,0.767046332359314
4,433,443,58,2,57,0.1710933893918991
4,433,443,58,3,59,0.05533747375011444
4,433,443,58,4,60,0.004465412814170122
4,434,444,62,1,62,0.7776076793670654
4,434,444,62,2,63,0.21212659776210785
4,434,444,62,3,61,0.007743087597191334
4,434,444,62,4,64,0.0015597271267324686
4,435,445,66,1,67,0.3778060972690582
4,435,445,66,2,66,0.27226942777633667
4,435,445,66,3,68,0.13397283852100372
4,435,445,66,4,70,0.08533716946840286
4,436,446,70,1,71,0.47382476925849915
4,436,446,70,2,70,0.4543229043483734
4,436,446,70,3,72,0.05623023584485054
4,436,446,70,4,69,0.012907275930047035
4,437,447,73,1,74,0.5322130918502808
4,437,447,73,2,73,0.4273158013820648
4,437,447,73,3,75,0.037395745515823364
4,437,447,73,4,72,0.0028351708315312862
4,438,448,75,1,77,0.786212682723999
4,438,448,75,2,76,0.16724053025245667
4,438,448,75,3,78,0.04562671482563019
4,438,448,75,4,75,0.0005805800901725888
4,439,449,77,1,78,0.46176978945732117
4,439,449,77,2,79,0.3995061218738556
4,439,449,77,3,77,0.1186663880944252
4,439,449,77,4,80,0.0137361204251647
4,440,450,77,1,80,0.6441559195518494
4,440,450,77,2,79,0.29222723841667175
4,440,450,77,3,81,0.057928264141082764
4,440,450,77,4,82,0.002979255048558116
4,441,451,77,1,80,0.5592890977859497
4,441,451,77,2,81,0.40408632159233093
4,441,451,77,3,82,0.023463381454348564
4,441,451,77,4,79,0.012831807136535645
4,442,452,77,1,80,0.6813502311706543
4,442,452,77,2,79,0.20682594180107117
4,442,452,77,3,81,0.11099381744861603
4,442,452,77,4,82,0.0005765201058238745
4,443,453,75,1,79,0.6593921780586243
4,443,453,75,2,80,0.2706989347934723
4,443,453,75,3,78,0.06060640141367912
4,443,453,75,4,81,0.007901282049715519
4,444,454,73,1,75,0.5894079208374023
4,444,454,73,2,76,0.34380483627319336
4,444,454,73,3,77,0.04880706965923309
4,444,454,73,4,74,0.01625874452292919
4,445,455,70,1,74,0.5816217064857483
4,445,455,70,2,75,0.3217655420303345
4,445,455,70,3,73,0.07396917045116425
4,445,455,70,4,76,0.02104848623275757
4,446,456,67,1,71,0.5105689167976379
4,446,456,67,2,70,0.42273956537246704
4,446,456,67,3,72,0.06125660613179207
4,446,456,67,4,73,0.004065949935466051
4,447,457,64,1,67,0.6402499079704285
4,447,457,64,2,66,0.35449761152267456
4,447,457,64,3,68,0.0038018752820789814
4,447,457,64,4,65,0.0011102636344730854
4,448,458,60,1,62,0.6061907410621643
4,448,458,60,2,63,0.37658482789993286
4,448,458,60,3,61,0.015330122783780098
4,448,458,60,4,64,0.001757775666192174
4,449,459,56,1,59,0.7702956199645996
4,449,459,56,2,58,0.19976072013378143
4,449,459,56,3,60,0.027991201728582382
4,449,459,56,4,57,0.0005648367223329842
4,450,460,55,1,55,0.791110634803772
4,450,460,55,2,56,0.17132022976875305
4,450,460,55,3,54,0.03612176701426506
4,450,460,55,4,57,0.0007858256576582789
4,451,461,54,1,52,0.8227667212486267
4,451,461,54,2,51,0.13894864916801453
4,451,461,54,3,53,0.03300014138221741
4,451,461,54,4,50,0.004971938207745552
4,452,462,54,1,50,0.6402155160903931
4,452,462,54,2,49,0.35124167799949646
4,452,462,54,3,51,0.005467562470585108
4,452,462,54,4,48,0.002829687437042594
4,453,463,54,1,49,0.9118816256523132
4,453,463,54,2,48,0.08283790946006775
4,453,463,54,3,50,0.003761680331081152
4,453,463,54,4,47,0.001113038044422865
4,454,464,54,1,48,0.7525538802146912
4,454,464,54,2,49,0.24619007110595703
4,454,464,54,3,47,0.0010862761409953237
4,454,464,54,4,61,3.7550526030827314e-05
4,455,465,55,1,50,0.6831789016723633
4,455,465,55,2,49,0.3161517083644867
4,455,465,55,3,51,0.0004284208989702165
4,455,465,55,4,55,8.966232417151332e-05
4,456,466,56,1,51,0.4578525125980377
4,456,466,56,2,52,0.4549832046031952
4,456,466,56,3,50,0.08388786017894745
4,456,466,56,4,53,0.0024416903033852577
4,457,467,57,1,54,0.9220799803733826
4,457,467,57,2,53,0.06648935377597809
4,457,467,57,3,55,0.010540278628468513
4,457,467,57,4,52,0.0006622116779908538
4,458,468,58,1,57,0.6975213289260864
4,458,468,58,2,58,0.29651951789855957
4,458,468,58,3,59,0.0027038559783250093
4,458,468,58,4,56,0.0023557364474982023
4,459,469,59,1,61,0.8596985340118408
4,459,469,59,2,60,0.08900874853134155
4,459,469,59,3,62,0.04602338373661041
4,459,469,59,4,59,0.0026239268481731415
4,460,470,61,1,62,0.6088201999664307
4,460,470,61,2,63,0.2622719407081604
4,460,470,61,3,61,0.09832289814949036
4,460,470,61,4,64,0.016026578843593597
4,461,471,62,1,63,0.5516143441200256
4,461,471,62,2,64,0.436043381690979
4,461,471,62,3,62,0.006653765682131052
4,461,471,62,4,65,0.005226601846516132
4,462,472,63,1,65,0.6832748055458069
4,462,472,63,2,64,0.30853140354156494
4,462,472,63,3,66,0.006549999583512545
4,462,472,63,4,63,0.001569170504808426
4,463,473,64,1,66,0.9578593969345093
4,463,473,64,2,67,0.03592213988304138
4,463,473,64,3,65,0.006096717901527882
4,463,473,64,4,68,7.93116632848978e-05
4,464,474,64,1,68,0.853618323802948
4,464,474,64,2,69,0.14181673526763916
4,464,474,64,3,67,0.00392167130485177
4,464,474,64,4,70,0.000584102759603411
4,465,475,64,1,68,0.9554715156555176
4,465,475,64,2,67,0.04203725606203079
4,465,475,64,3,69,0.0024528242647647858
4,465,475,64,4,85,9.771008990355767e-06
4,466,476,64,1,68,0.8698258399963379
4,466,476,64,2,69,0.126775324344635
4,466,476,64,3,67,0.0032167164608836174
4,466,476,64,4,70,0.00014358926273416728
4,467,477,64,1,68,0.9463831782341003
4,467,477,64,2,67,0.04393468052148819
4,467,477,64,3,69,0.009626820683479309
4,467,477,64,4,85,1.2482909369282424e-05
4,468,478,64,1,67,0.7816329002380371
4,468,478,64,2,68,0.21758964657783508
4,468,478,64,3,69,0.0004847982490900904
4,468,478,64,4,66,0.00026183249428868294
4,469,479,63,1,67,0.9101881384849548
4,469,479,63,2,66,0.08761222660541534
4,469,479,63,3,68,0.0021126947831362486
4,469,479,63,4,81,1.9312716176500544e-05
4,470,480,64,1,65,0.8941636681556702
4,470,480,64,2,66,0.1000591441988945
4,470,480,64,3,64,0.005474833305925131
4,470,480,64,4,67,0.00024514406686648726
4,471,481,65,1,64,0.9335467219352722
4,471,481,65,2,65,0.05173277482390404
4,471,481,65,3,63,0.014612690545618534
4,471,481,65,4,66,6.415991811081767e-05
4,472,482,66,1,63,0.9434866905212402
4,472,482,66,2,62,0.05578090250492096
4,472,482,66,3,64,0.0006895696860738099
4,472,482,66,4,69,1.2460311154427473e-05
4,473,483,67,1,61,0.5575213432312012
4,473,483,67,2,62,0.4416312277317047
4,473,483,67,3,63,0.000664411170873791
4,473,483,67,4,60,0.00014004542026668787
4,474,484,67,1,61,0.8806551098823547
4,474,484,67,2,60,0.1187884733080864
4,474,484,67,3,62,0.0005287479725666344
4,474,484,67,4,59,1.6901765775401145e-05
4,475,485,67,1,59,0.7285542488098145
4,475,485,67,2,60,0.27112358808517456
4,475,485,67,3,58,0.0002476024383213371
4,475,485,67,4,61,5.470587348099798e-05
4,476,486,66,1,59,0.9036478400230408
4,476,486,66,2,58,0.08572713285684586
4,476,486,66,3,60,0.010571032762527466
4,476,486,66,4,57,2.8073747671442106e-05
4,477,487,65,1,58,0.9461639523506165
4,477,487,65,2,59,0.05231209471821785
4,477,487,65,3,57,0.0014696635771542788
4,477,487,65,4,60,1.3698109796678182e-05
4,478,488,64,1,58,0.7631094455718994
4,478,488,64,2,57,0.2364681512117386
4,478,488,64,3,59,0.0003093953419011086
4,478,488,64,4,52,2.8413829568307847e-05
4,479,489,62,1,58,0.9914311766624451
4,479,489,62,2,59,0.004335679579526186
4,479,489,62,3,57,0.004196049179881811
4,479,489,62,4,60,8.740243174543139e-06
4,480,490,60,1,57,0.6810389757156372
4,480,490,60,2,58,0.3186855614185333
4,480,490,60,3,56,9.051312372321263e-05
4,480,490,60,4,59,6.160797056509182e-05
4,481,491,59,1,57,0.983430027961731
4,481,491,59,2,56,0.013662416487932205
4,481,491,59,3,58,0.00281221279874444
4,481,491,59,4,72,2.846297138603404e-05
4,482,492,57,1,57,0.9462730884552002
4,482,492,57,2,56,0.049104951322078705
4,482,492,57,3,58,0.004407008644193411
4,482,492,57,4,72,5.989768396830186e-05
4,483,493,55,1,56,0.6064890027046204
4,483,493,55,2,57,0.39090898633003235
4,483,493,55,3,58,0.0020079424139112234
4,483,493,55,4,55,0.0004151661123614758
4,484,494,54,1,57,0.9513309597969055
4,484,494,54,2,56,0.04516137018799782
4,484,494,54,3,58,0.003453709650784731
4,484,494,54,4,72,1.5746338249300607e-05
4,485,495,53,1,56,0.8241079449653625
4,485,495,53,2,57,0.1718778759241104
4,485,495,53,3,55,0.0020634925458580256
4,485,495,53,4,58,0.001834410591982305
4,486,496,53,1,56,0.953555703163147
4,486,496,53,2,57,0.04295650124549866
4,486,496,53,3,55,0.003359204391017556
4,486,496,53,4,58,9.691646846476942e-05
4,487,497,53,1,56,0.9750121831893921
4,487,497,53,2,57,0.021858520805835724
4,487,497,53,3,55,0.003035184694454074
4,487,497,53,4,58,6.231576116988435e-05
4,488,498,53,1,56,0.9013186693191528
4,488,498,53,2,57,0.0959279015660286
4,488,498,53,3,55,0.002376770367845893
4,488,498,53,4,58,0.0003341404371894896
4,489,499,54,1,57,0.6580575108528137
4,489,499,54,2,58,0.3404213488101959
4,489,499,54,3,56,0.0012609438272193074
4,489,499,54,4,59,0.00018551146786194295
