path,observed_token_count,oracle_mood_0,oracle_mood_1,oracle_mood_2,oracle_mood_3,trained_raw_mood_0,trained_raw_mood_1,trained_raw_mood_2,trained_raw_mood_3,trained_projected_mood_0,trained_projected_mood_1,trained_projected_mood_2,trained_projected_mood_3,random_init_raw_mood_0,random_init_raw_mood_1,random_init_raw_mood_2,random_init_raw_mood_3,random_init_projected_mood_0,random_init_projected_mood_1,random_init_projected_mood_2,random_init_projected_mood_3
1,1,0.11000000000000001,0.67,0.11000000000000001,0.11000000000000001,0.14385578036308289,1.0313348770141602,-1.2615283727645874,1.0098228454589844,0.0,0.5107560157775879,0.0,0.4892439842224121,-0.3304401934146881,-0.6117087006568909,0.7051094770431519,1.357146143913269,0.0,0.0,0.1739816665649414,0.8260183334350586
1,2,0.11000000000000001,0.67,0.11000000000000001,0.11000000000000001,0.6417051553726196,0.4027228355407715,-0.2695513367652893,0.18250079452991486,0.5660622119903564,0.3270798921585083,0.0,0.10685785114765167,0.8578052520751953,-1.0678091049194336,0.1575908064842224,0.9729578495025635,0.4424237012863159,0.0,0.0,0.5575762987136841
1,3,0.11000000000000001,0.67,0.11000000000000001,0.11000000000000001,0.3836820721626282,0.3940114378929138,-0.19569025933742523,0.43477436900138855,0.3128594358762105,0.32318880160649616,0.0,0.3639517327149709,-2.2087485790252686,0.08735314011573792,0.837476372718811,2.4107134342193604,0.0,0.0,0.0,1.0
1,4,0.11000000000000001,0.67,0.11000000000000001,0.11000000000000001,0.8060437440872192,0.04072831571102142,0.4819713830947876,-0.29275745153427124,0.6620361804962158,0.0,0.3379638195037842,0.0,-0.4617352783679962,1.2725112438201904,-0.6332364082336426,0.775004506111145,0.0,0.7487533092498779,0.0,0.2512465715408325
1,5,0.11000000000000001,0.67,0.11000000000000001,0.11000000000000001,0.6722729206085205,-0.1549784541130066,1.0112236738204956,-0.4907890558242798,0.33052462339401245,0.0,0.6694753766059875,0.0,0.12139284610748291,-1.2338013648986816,1.4839205741882324,0.8219069242477417,0.0,0.0,0.8310067653656006,0.16899311542510986
1,6,0.11000000000000001,0.67,0.11000000000000001,0.11000000000000001,0.10635757446289062,0.6291781663894653,0.8294426202774048,-0.5963879823684692,0.0,0.3998677730560303,0.6001322269439697,0.0,-0.6381324529647827,0.1775687038898468,0.7298108339309692,0.8452764749526978,0.0,0.0,0.44226717948913574,0.5577328205108643
1,7,0.11000000000000001,0.67,0.11000000000000001,0.11000000000000001,0.4570425748825073,0.97408527135849,0.2881773114204407,-0.725640594959259,0.21727422873179117,0.7343169252077738,0.04840896526972452,0.0,-0.8220754861831665,-1.7055587768554688,1.1170010566711426,2.4463272094726562,0.0,0.0,0.0,1.0
1,8,0.11000000000000001,0.67,0.11000000000000001,0.11000000000000001,0.49523109197616577,-0.5235118865966797,0.8909919857978821,0.15969905257225037,0.30211955308914185,0.0,0.6978804469108582,0.0,-0.002023637294769287,-0.19485127925872803,-0.002383023500442505,1.2746412754058838,0.0,0.0,0.0,1.0
1,9,0.11000000000000001,0.67,0.11000000000000001,0.11000000000000001,0.10797148942947388,0.13840432465076447,0.5014311075210571,0.22640888392925262,0.11441753804683685,0.14485037326812744,0.5078771561384201,0.2328549325466156,-0.9378395080566406,-1.1875736713409424,1.5311248302459717,1.6725876331329346,0.0,0.0,0.42926859855651855,0.5707314014434814
1,10,0.11000000000000001,0.67,0.11000000000000001,0.11000000000000001,-0.15946197509765625,0.6514765620231628,-0.2371589094400406,0.7215495109558105,0.0,0.46496349573135376,0.0,0.5350364446640015,-0.05272465944290161,-0.6664379239082336,1.1405445337295532,0.5091029405593872,0.0,0.0,0.815720796585083,0.184279203414917
1,11,0.11000000000000001,0.67,0.11000000000000001,0.11000000000000001,0.541878879070282,-0.5028153657913208,0.38884395360946655,0.5807130932807922,0.3714002172152201,0.0,0.2183652917544047,0.41023443142573035,-0.2312902808189392,-0.9100233912467957,0.6995456218719482,1.4056470394134521,0.0,0.0,0.14694929122924805,0.853050708770752
1,12,0.11000000000000001,0.67,0.11000000000000001,0.11000000000000001,0.47417905926704407,0.3879154324531555,-0.09042076766490936,0.24731571972370148,0.43770896395047504,0.3514453371365865,0.0,0.21084562440713248,0.5157802104949951,-0.9033710360527039,0.352437287569046,1.053452491760254,0.2085568904876709,0.0,0.0452139675617218,0.7462291717529297
1,13,0.11000000000000001,0.67,0.11000000000000001,0.11000000000000001,-0.18708524107933044,1.0901929140090942,-0.15079282224178314,0.19226884841918945,0.0,0.9489620327949524,0.0,0.05103796720504761,0.381769597530365,0.14750826358795166,-0.2091566026210785,0.7231460809707642,0.2976283033688863,0.06336696942647298,0.0,0.6390047868092855
1,14,0.11000000000000001,0.67,0.11000000000000001,0.11000000000000001,0.07417555153369904,-0.29891353845596313,0.910194456577301,0.33416748046875,0.0,0.0,0.7880135178565979,0.21198654174804688,0.2503875195980072,-0.4283987283706665,0.9327688217163086,0.2211029827594757,0.11563441157341003,0.0,0.7980157136917114,0.08634987473487854
1,15,0.11000000000000001,0.67,0.11000000000000001,0.11000000000000001,0.44065672159194946,0.3133172392845154,-0.10508517920970917,0.3355697691440582,0.41080878178278607,0.283469299475352,0.0,0.30572182933489483,0.3070887327194214,-0.7581451535224915,0.05269832909107208,1.315048098564148,0.0,0.0,0.0,1.0
1,16,0.11000000000000001,0.67,0.11000000000000001,0.11000000000000001,0.10553650557994843,0.9576694965362549,0.425639271736145,-0.5193852186203003,0.0,0.7660151124000549,0.23398488759994507,0.0,0.7769696712493896,0.9830136299133301,-0.5350447297096252,-0.15622884035110474,0.3969780206680298,0.6030219793319702,0.0,0.0
1,17,0.11000000000000001,0.67,0.11000000000000001,0.11000000000000001,0.49565285444259644,0.0368693470954895,0.4678760766983032,-0.024727806448936462,0.49552009503046673,0.03673658768335978,0.4677433172861735,0.0,-0.538368821144104,0.8450859189033508,0.5554854273796082,0.11795847117900848,0.0,0.6448002457618713,0.35519975423812866,0.0
1,18,0.11000000000000001,0.67,0.11000000000000001,0.11000000000000001,0.35994476079940796,1.2403409481048584,-0.655297040939331,0.04210926592350006,0.05980187654495239,0.9401980638504028,0.0,0.0,2.326704263687134,-1.7930262088775635,-1.3442087173461914,1.7076594829559326,0.8095223903656006,0.0,0.0,0.19047760963439941
1,19,0.11000000000000001,0.67,0.11000000000000001,0.11000000000000001,0.11415630578994751,1.0057275295257568,0.41980454325675964,-0.5431593656539917,0.0,0.7929614782333374,0.2070384919643402,0.0,0.846489667892456,-0.24647995829582214,0.5987331867218018,-0.01778748631477356,0.6238782405853271,0.0,0.37612175941467285,0.0
1,20,0.11000000000000001,0.67,0.11000000000000001,0.11000000000000001,0.36952829360961914,0.2979234457015991,0.8186709880828857,-0.49962109327316284,0.20748738447825113,0.1358825365702311,0.6566300789515177,0.0,0.5099090337753296,0.19136641919612885,0.1472330093383789,0.156635582447052,0.5086230039596558,0.19008038938045502,0.14594697952270508,0.15534955263137817
1,21,0.10171339563862927,0.694859813084112,0.1017133956386293,0.1017133956386293,0.7386527061462402,0.3829532265663147,0.045539841055870056,-0.1506548672914505,0.6778497695922852,0.3221502900123596,0.0,0.0,0.0586279034614563,-0.8779762387275696,0.5129138231277466,1.3161263465881348,0.0,0.0,0.09839373826980591,0.9016062617301941
1,22,0.10171339563862927,0.694859813084112,0.1017133956386293,0.1017133956386293,0.6156424283981323,0.19579894840717316,0.23217831552028656,-0.021677151322364807,0.6011025110880533,0.1812590310970942,0.2176383982102076,0.0,0.22901615500450134,-0.23758438229560852,0.3719941973686218,0.6688563823699951,0.13906054695447284,0.0,0.2820385893185933,0.5789007743199667
1,23,0.10171339563862927,0.694859813084112,0.1017133956386293,0.1017133956386293,0.24671953916549683,0.6331965327262878,-0.28723108768463135,0.38438743352890015,0.15861839056015015,0.5450953841209412,0.0,0.29628628492355347,0.5757591128349304,0.5745186805725098,-0.9068644642829895,0.700110673904419,0.29229627052942914,0.2910558382670085,0.0,0.41664783159891766
1,24,0.10171339563862927,0.694859813084112,0.1017133956386293,0.1017133956386293,0.11887972056865692,0.8530855774879456,0.3574461042881012,-0.2843777537345886,0.009075924754142761,0.7432817816734314,0.24764230847358704,0.0,0.6294332146644592,1.1152987480163574,-0.31471025943756104,-0.5566885471343994,0.2570672631263733,0.7429327964782715,0.0,0.0
1,25,0.10171339563862927,0.694859813084112,0.1017133956386293,0.1017133956386293,0.17008155584335327,1.4817616939544678,-0.43455713987350464,-0.2270042449235916,0.0,1.0,0.0,0.0,0.9596066474914551,0.023284703493118286,-0.33500951528549194,0.25148165225982666,0.8540624976158142,0.0,0.0,0.1459375023841858
1,26,0.10171339563862927,0.694859813084112,0.1017133956386293,0.1017133956386293,0.47402215003967285,0.5946637392044067,-0.09382893145084381,0.028293311595916748,0.43967920541763306,0.5603207945823669,0.0,0.0,1.515097975730896,0.70573890209198,-0.595623254776001,-0.775388240814209,0.904679536819458,0.09532046318054199,0.0,0.0
1,27,0.10171339563862927,0.694859813084112,0.1017133956386293,0.1017133956386293,-0.036217451095581055,0.8242504000663757,0.025663048028945923,0.1815725564956665,0.0,0.8137550950050354,0.01516774296760559,0.17107725143432617,0.28806543350219727,0.27370110154151917,-0.042168766260147095,0.44658195972442627,0.28528261184692383,0.2709182798862457,0.0,0.44379913806915283
1,28,0.10171339563862927,0.694859813084112,0.1017133956386293,0.1017133956386293,0.4717680811882019,0.6620020866394043,0.6403518319129944,-0.745158851146698,0.2137274146080017,0.4039614200592041,0.3823111653327942,0.0,1.266789197921753,0.4150945544242859,-0.5982457399368286,0.03352680802345276,0.9258472919464111,0.07415264844894409,0.0,0.0
1,29,0.10171339563862927,0.694859813084112,0.1017133956386293,0.1017133956386293,0.1439129263162613,0.9164173603057861,0.4676786959171295,-0.5204360485076904,0.0,0.7243693470954895,0.2756306827068329,0.0,0.17329141497612,-0.9964370131492615,0.4596312940120697,1.3869473934173584,0.0,0.0,0.03634193539619446,0.9636580348014832
1,30,0.10171339563862927,0.694859813084112,0.1017133956386293,0.1017133956386293,0.29708439111709595,0.7099528908729553,0.31726735830307007,-0.31448763608932495,0.18898286422093707,0.6018513639767965,0.2091658314069112,0.0,0.551593542098999,-1.22092866897583,1.1204837560653687,0.5229529142379761,0.15325013796488446,0.0,0.7221403519312541,0.12460951010386151
1,31,0.10171339563862927,0.694859813084112,0.1017133956386293,0.1017133956386293,0.2984086871147156,0.6260385513305664,0.5902951955795288,-0.5148120522499084,0.1268278956413269,0.45445775985717773,0.41871440410614014,0.0,0.6101738810539246,0.8515656590461731,-0.003552556037902832,-0.3698042929172516,0.37930411100387573,0.6206958889961243,0.0,0.0
1,32,0.10171339563862927,0.694859813084112,0.1017133956386293,0.1017133956386293,0.6489671468734741,0.19049286842346191,0.6169809699058533,-0.4682427644729614,0.49682017167409265,0.03834589322408041,0.4648339947064718,0.0,0.3235282003879547,-0.5230050683021545,0.40332311391830444,0.7595959901809692,0.1613791286945343,0.0,0.24117404222488403,0.5974469184875488
1,33,0.10171339563862927,0.694859813084112,0.1017133956386293,0.1017133956386293,0.469618558883667,0.43226194381713867,0.5359258651733398,-0.43372809886932373,0.3236831029256185,0.2863264878590902,0.3899904092152914,0.0,1.4711090326309204,1.6165492534637451,-1.9573757648468018,-0.2203366458415985,0.42727982997894287,0.5727200508117676,0.0,0.0
1,34,0.10171339563862927,0.694859813084112,0.1017133956386293,0.1017133956386293,1.237526535987854,-0.2839772701263428,0.3174189329147339,-0.2566787600517273,0.9600538015365601,0.0,0.03994619846343994,0.0,0.1337118297815323,-1.6516013145446777,0.5010402202606201,1.9838734865188599,0.0,0.0,0.0,1.0
1,35,0.10171339563862927,0.694859813084112,0.1017133956386293,0.1017133956386293,0.636357843875885,0.37169376015663147,0.35949331521987915,-0.40600264072418213,0.5138428807258606,0.24917879700660706,0.23697835206985474,0.0,-0.3118837773799896,-0.33133381605148315,0.38219255208969116,1.3791229724884033,0.0,0.0,0.0015347599983215332,0.9984651803970337
1,36,0.10171339563862927,0.694859813084112,0.1017133956386293,0.1017133956386293,0.4144296944141388,0.4054262936115265,0.45126575231552124,-0.2731843590736389,0.3240557809670766,0.3150523801644643,0.36089183886845905,0.0,0.20654511451721191,-0.07996293902397156,-0.2684124708175659,1.2720880508422852,0.0,0.0,0.0,1.0
1,37,0.10171339563862927,0.694859813084112,0.1017133956386293,0.1017133956386293,0.39245519042015076,0.7365368604660034,0.25411590933799744,-0.36877501010894775,0.26475251714388526,0.6088341871897379,0.12641323606173197,0.0,0.0323011577129364,1.3496489524841309,-0.6295509338378906,0.17544811964035034,0.0,1.0,0.0,0.0
1,38,0.10171339563862927,0.694859813084112,0.1017133956386293,0.1017133956386293,0.19391018152236938,0.30691075325012207,0.7632257342338562,-0.26139140129089355,0.10589462518692017,0.21889519691467285,0.675210177898407,0.0,0.18800169229507446,2.0649638175964355,-0.5124666690826416,-0.7072879076004028,0.0,1.0,0.0,0.0
1,39,0.10171339563862927,0.694859813084112,0.1017133956386293,0.1017133956386293,0.1788814812898636,0.8990909457206726,0.3257184326648712,-0.4592050313949585,0.04431783656279245,0.7645273009936014,0.19115478793780008,0.0,0.9113667011260986,-1.1148083209991455,1.0964171886444092,0.04931889474391937,0.4074747562408447,0.0,0.5925252437591553,0.0
1,40,0.10171339563862927,0.694859813084112,0.1017133956386293,0.1017133956386293,0.4561680555343628,0.16952918469905853,0.6741418242454529,-0.30975550413131714,0.3562217156092326,0.06958284477392833,0.5741954843203226,0.0,0.7118896842002869,0.46753066778182983,-0.16887503862380981,-0.022732466459274292,0.6221795082092285,0.3778204917907715,0.0,0.0
1,41,0.6195077696101238,0.16226388759653862,0.10911417139666885,0.10911417139666885,0.2161451131105423,0.5383853912353516,0.44826841354370117,-0.2353070229291916,0.14854545891284943,0.4707857370376587,0.3806687593460083,0.0,0.9431544542312622,-1.6848015785217285,1.002274751663208,0.7498705387115479,0.3780545790990194,0.0,0.4371748765309652,0.18477066357930505
1,42,0.6195077696101238,0.16226388759653862,0.10911417139666885,0.10911417139666885,0.18102723360061646,0.19269493222236633,0.4956372082233429,0.1407669484615326,0.1784956455230713,0.19016334414482117,0.49310562014579773,0.13823536038398743,-0.5610834360122681,-1.2259206771850586,0.4211376905441284,2.476325511932373,0.0,0.0,0.0,1.0
1,43,0.6195077696101238,0.16226388759653862,0.10911417139666885,0.10911417139666885,0.36112329363822937,-0.2700313925743103,0.9186341762542725,-0.05222521722316742,0.22124454379081726,0.0,0.7787554264068604,0.0,0.4339405596256256,-0.7378875613212585,0.3934691846370697,0.9268484115600586,0.18252117435137433,0.0,0.14204979936281842,0.6754290262858074
1,44,0.6195077696101238,0.16226388759653862,0.10911417139666885,0.10911417139666885,-0.1100466251373291,0.6416889429092407,0.936911940574646,-0.4529576301574707,0.0,0.35238850116729736,0.6476114988327026,0.0,1.8498327732086182,0.05232448875904083,-0.19215533137321472,-0.6466224193572998,1.0,0.0,0.0,0.0
1,45,0.6195077696101238,0.16226388759653862,0.10911417139666885,0.10911417139666885,0.2638514041900635,0.16187044978141785,0.3986121416091919,0.19323253631591797,0.2594597637653351,0.15747880935668945,0.3942205011844635,0.18884089589118958,0.2629123330116272,-0.33744776248931885,0.4818357229232788,0.696191668510437,0.11593244473139444,0.0,0.334855834643046,0.5492117802302042
1,46,0.6195077696101238,0.16226388759653862,0.10911417139666885,0.10911417139666885,-0.4491865634918213,0.5188392400741577,0.9234294295310974,-0.006764069199562073,0.0,0.29770493507385254,0.7022951245307922,0.0,0.029762744903564453,0.8957169055938721,0.3437317907810211,-0.2549855411052704,0.0,0.7759925723075867,0.22400745749473572,0.0
1,47,0.6195077696101238,0.16226388759653862,0.10911417139666885,0.10911417139666885,-1.1738547086715698,1.5959198474884033,1.0919265747070312,-0.45541447401046753,0.0,0.751996636390686,0.24800336360931396,0.0,-0.9064610004425049,0.11866743862628937,0.8154528141021729,1.0704647302627563,0.0,0.0,0.37249404191970825,0.6275059580802917
1,48,0.6195077696101238,0.16226388759653862,0.10911417139666885,0.10911417139666885,-0.014526605606079102,-0.25311213731765747,1.1545954942703247,0.10032407939434052,0.0,0.0,1.0,0.0,-0.38685253262519836,0.7498407363891602,1.141231894493103,-0.45488473773002625,0.0,0.30430442094802856,0.6956955790519714,0.0
1,49,0.6195077696101238,0.16226388759653862,0.10911417139666885,0.10911417139666885,-0.5575694441795349,0.900279700756073,0.5605429410934448,0.06553710997104645,0.0,0.6698684096336365,0.3301316499710083,0.0,0.15804404020309448,-1.070814609527588,0.9145044684410095,0.9946261644363403,0.0,0.0,0.459939181804657,0.5400608777999878
1,50,0.6195077696101238,0.16226388759653862,0.10911417139666885,0.10911417139666885,-0.27304917573928833,0.952038586139679,0.11842826008796692,0.18075931072235107,0.0,0.8682965238889059,0.0346861978371938,0.09701724847157796,1.5660343170166016,0.07414908707141876,0.037202492356300354,-0.7975937128067017,1.0,0.0,0.0,0.0
1,51,0.6195077696101238,0.16226388759653862,0.10911417139666885,0.10911417139666885,0.1380351185798645,0.2471776157617569,0.13775555789470673,0.4771009087562561,0.13801783323287964,0.24716033041477203,0.13773827254772186,0.47708362340927124,1.2291927337646484,-1.7775332927703857,1.1942654848098755,0.3669591248035431,0.5174636840820312,0.0,0.4825364351272583,0.0
1,52,0.6195077696101238,0.16226388759653862,0.10911417139666885,0.10911417139666885,0.26087355613708496,1.290402889251709,-0.3314085006713867,-0.28976041078567505,0.0,1.0,0.0,0.0,1.0236791372299194,-1.95133376121521,0.7891824841499329,1.2171400785446167,0.347011923789978,0.0,0.11251527070999146,0.5404728651046753
1,53,0.6195077696101238,0.16226388759653862,0.10911417139666885,0.10911417139666885,0.17716306447982788,0.41260871291160583,0.5882405638694763,-0.1532810479402542,0.1178256074587504,0.3532712558905284,0.5289031068483988,0.0,0.503093957901001,1.345850944519043,-0.029048800468444824,-0.8447651863098145,0.078621506690979,0.921378493309021,0.0,0.0
1,54,0.6195077696101238,0.16226388759653862,0.10911417139666885,0.10911417139666885,0.17494317889213562,0.9357451796531677,0.2930004596710205,-0.4095432758331299,0.04038020968437195,0.801182210445404,0.15843749046325684,0.0,-0.34735432267189026,0.7049534916877747,0.0868062824010849,0.5599788427352905,0.0,0.5724872946739197,0.0,0.42751264572143555
1,55,0.6195077696101238,0.16226388759653862,0.10911417139666885,0.10911417139666885,-0.1343591809272766,0.7153729200363159,0.5884186625480652,-0.20114384591579437,0.0,0.5634771585464478,0.436522901058197,0.0,0.9068253040313721,-0.9629889130592346,0.8349528312683105,0.12612536549568176,0.5359362363815308,0.0,0.46406376361846924,0.0
1,56,0.6195077696101238,0.16226388759653862,0.10911417139666885,0.10911417139666885,-0.3117820620536804,0.7442837357521057,1.061730980873108,-0.4879911541938782,0.0,0.3412763476371765,0.6587235927581787,0.0,0.5480741262435913,-0.7824355959892273,0.6381008625030518,0.6739525198936462,0.2613649368286133,0.0,0.35139167308807373,0.3872433304786682
1,57,0.6195077696101238,0.16226388759653862,0.10911417139666885,0.10911417139666885,0.24322351813316345,0.6474518775939941,0.5389469861984253,-0.36239659786224365,0.10001604755719504,0.5042444070180258,0.3957395156224569,0.0,-0.23176050186157227,0.7625820636749268,1.1066887378692627,-0.6697359085083008,0.0,0.32794666290283203,0.672053337097168,0.0
1,58,0.6195077696101238,0.16226388759653862,0.10911417139666885,0.10911417139666885,0.6536599397659302,1.1203827857971191,-0.2642701268196106,-0.5648601651191711,0.2666385769844055,0.7333614230155945,0.0,0.0,0.28854838013648987,-0.3109060525894165,0.3740392029285431,0.5949318408966064,0.20270859201749164,0.0,0.28819941480954486,0.5090920527776083
1,59,0.6195077696101238,0.16226388759653862,0.10911417139666885,0.10911417139666885,0.4020112156867981,0.2205679714679718,0.42698246240615845,-0.02279062569141388,0.38549067576726276,0.2040474315484365,0.4104619224866231,0.0,0.591679573059082,-0.4110336899757385,0.4343017041683197,0.46707019209861755,0.42732906341552734,0.0,0.269951194524765,0.30271968245506287
1,60,0.6195077696101238,0.16226388759653862,0.10911417139666885,0.10911417139666885,0.018261924386024475,0.7971299290657043,0.5662305355072021,-0.40390121936798096,0.0,0.6154497265815735,0.3845503330230713,0.0,0.6045403480529785,0.5058846473693848,0.00568215548992157,-0.12526407837867737,0.5493278503417969,0.4506721496582031,0.0,0.0
1,61,0.6936038172344915,0.10272770216686404,0.10183424029932227,0.10183424029932227,0.7672175168991089,-0.4499480128288269,0.17728033661842346,0.49273455142974854,0.6214733918507894,0.0,0.03153621157010397,0.3469904263814291,1.4622995853424072,-1.0931799411773682,0.5533729195594788,0.1729976236820221,0.9544633626937866,0.0,0.045536696910858154,0.0
1,62,0.6936038172344915,0.10272770216686404,0.10183424029932227,0.10183424029932227,-0.08927279710769653,-0.08110806345939636,0.7754369378089905,0.4082186222076416,0.0,0.0,0.6836091876029968,0.31639087200164795,0.6560863256454468,-0.3909284472465515,1.762693166732788,-0.7817928791046143,0.0,0.0,1.0,0.0
1,63,0.6936038172344915,0.10272770216686404,0.10183424029932227,0.10183424029932227,0.4107605516910553,-0.17781168222427368,1.063887596130371,-0.29419416189193726,0.1734364926815033,0.0,0.8265635371208191,0.0,1.5084447860717773,-0.2400064468383789,0.1924518346786499,-0.46952465176582336,1.0,0.0,0.0,0.0
1,64,0.6936038172344915,0.10272770216686404,0.10183424029932227,0.10183424029932227,0.19791138172149658,-0.49342530965805054,0.8507273197174072,0.489440381526947,0.01855166753133139,0.0,0.6713676055272421,0.31008066733678186,0.5475082397460938,-0.3714051842689514,0.5538543462753296,0.36748552322387695,0.391225536664327,0.0,0.39757164319356286,0.2112028201421102
1,65,0.6936038172344915,0.10272770216686404,0.10183424029932227,0.10183424029932227,-0.09181246161460876,-0.07057017087936401,0.7540898323059082,0.42910924553871155,0.0,0.0,0.6624903082847595,0.33750972151756287,0.11508873105049133,0.9377396106719971,-0.44175225496292114,0.4451957941055298,0.0,0.7462719082832336,0.0,0.25372809171676636
1,66,0.6936038172344915,0.10272770216686404,0.10183424029932227,0.10183424029932227,-0.12742021679878235,0.175082266330719,0.2821585237979889,0.7048419117927551,0.0,0.12105470895767212,0.22813096642494202,0.6508143544197083,1.374616026878357,-1.1075143814086914,1.1444565057754517,-0.420452743768692,0.6150797605514526,0.0,0.38492023944854736,0.0
1,67,0.6936038172344915,0.10272770216686404,0.10183424029932227,0.10183424029932227,0.22065624594688416,-0.24394860863685608,0.2312573790550232,0.7812155485153198,0.1429465313752492,0.0,0.15354766448338825,0.7035058339436849,0.09287916123867035,0.4388808012008667,-0.3926335573196411,0.8535856008529663,0.0,0.2926476001739502,0.0,0.7073523998260498
1,68,0.6936038172344915,0.10272770216686404,0.10183424029932227,0.10183424029932227,0.25889185070991516,-0.5171626210212708,0.7668399810791016,0.5496983528137207,0.06708179910977682,0.0,0.5750299294789633,0.3578883012135824,0.16774600744247437,0.5278617739677429,0.11327603459358215,0.1178533285856247,0.18606171011924744,0.546177476644516,0.13159173727035522,0.13616903126239777
1,69,0.6936038172344915,0.10272770216686404,0.10183424029932227,0.10183424029932227,0.352786660194397,-0.021536320447921753,0.36239904165267944,0.3482382893562317,0.33164532979329425,0.0,0.3412577112515767,0.32709695895512897,1.017993450164795,-1.5045719146728516,-0.03903704881668091,1.4969929456710815,0.2605001926422119,0.0,0.0,0.7394996881484985
1,70,0.6936038172344915,0.10272770216686404,0.10183424029932227,0.10183424029932227,0.10771487653255463,-0.04262760281562805,0.9949249029159546,-0.07540632784366608,0.05639497935771942,0.0,0.9436050057411194,0.0,-0.3531965911388397,0.1408897191286087,0.946723222732544,0.43259525299072266,0.0,0.0,0.7570639848709106,0.24293601512908936
1,71,0.6936038172344915,0.10272770216686404,0.10183424029932227,0.10183424029932227,-0.03297415375709534,0.32319164276123047,1.5095096826553345,-0.7671309113502502,0.0,0.0,1.0,0.0,0.11774197220802307,-0.08014887571334839,0.7261424660682678,0.2429511696100235,0.08879676461219788,0.0,0.6971972584724426,0.2140059620141983
1,72,0.6936038172344915,0.10272770216686404,0.10183424029932227,0.10183424029932227,-0.15781259536743164,0.7571305632591248,1.0771502256393433,-0.6876711845397949,0.0,0.33999019861221313,0.6600098609924316,0.0,-1.246084451675415,1.2334966659545898,0.41546279191970825,0.755497932434082,0.0,0.7389993667602539,0.0,0.2610006332397461
1,73,0.6936038172344915,0.10272770216686404,0.10183424029932227,0.10183424029932227,0.3899928331375122,0.8957429528236389,0.269807368516922,-0.5220568776130676,0.2048117717107137,0.7105618913968405,0.0846263070901235,0.0,0.0793803334236145,-0.7440882921218872,1.100313663482666,0.4371287226676941,0.0,0.0,0.8315924406051636,0.16840749979019165
1,74,0.6936038172344915,0.10272770216686404,0.10183424029932227,0.10183424029932227,0.7142334580421448,0.3315737247467041,0.37537267804145813,-0.4172050356864929,0.5738401611646017,0.19118042786916098,0.234979381163915,0.0,1.8910800218582153,-0.21808752417564392,-0.3321184515953064,-0.3631449043750763,1.0,0.0,0.0,0.0
1,75,0.6936038172344915,0.10272770216686404,0.10183424029932227,0.10183424029932227,0.2893316447734833,1.1593940258026123,-0.10654972493648529,-0.3240238428115845,0.06496879458427429,0.9350311756134033,0.0,0.0,-0.09569314122200012,1.2013390064239502,-0.5212538242340088,0.447462260723114,0.0,0.8769383430480957,0.0,0.12306159734725952
1,76,0.6936038172344915,0.10272770216686404,0.10183424029932227,0.10183424029932227,-0.012578964233398438,0.8770225644111633,0.8881330490112305,-0.7878182530403137,0.0,0.4944447875022888,0.505555272102356,0.0,-0.0563199520111084,0.9653674960136414,-0.009997546672821045,0.1477401852607727,0.0,0.9088136553764343,0.0,0.09118634462356567
1,77,0.6936038172344915,0.10272770216686404,0.10183424029932227,0.10183424029932227,0.524734616279602,0.35838621854782104,1.0212173461914062,-0.866542398929596,0.2232885758082072,0.05694017807642621,0.7197713057200115,0.0,0.6960060000419617,-0.11217868328094482,-0.45527684688568115,0.7349121570587158,0.48054689168930054,0.0,0.0,0.5194530487060547
1,78,0.6936038172344915,0.10272770216686404,0.10183424029932227,0.10183424029932227,0.9312790632247925,0.4865366816520691,0.07211261987686157,-0.45839208364486694,0.7223712205886841,0.2776288390159607,0.0,0.0,0.9775431156158447,-0.28754836320877075,0.02053917944431305,0.2393922656774521,0.8690754175186157,0.0,0.0,0.13092456758022308
1,79,0.6936038172344915,0.10272770216686404,0.10183424029932227,0.10183424029932227,0.720560610294342,0.3577117323875427,-0.0216987282037735,-0.01971389353275299,0.6814244389533997,0.31857556104660034,0.0,0.0,0.3999559283256531,-0.9562811255455017,1.556981086730957,-0.039379894733428955,0.0,0.0,1.0,0.0
1,80,0.6936038172344915,0.10272770216686404,0.10183424029932227,0.10183424029932227,0.7727103233337402,0.2398253232240677,0.3205447196960449,-0.3454585075378418,0.6616835196812948,0.1287985195716222,0.20951791604359943,0.0,0.5109093189239502,0.27284500002861023,0.148513525724411,0.06710481643676758,0.5110661387443542,0.2730018198490143,0.14867034554481506,0.06726163625717163
1,81,0.6953858097238486,0.10154703351768743,0.10153357837923199,0.10153357837923199,0.799368679523468,0.18904902040958405,-0.03632645308971405,0.08895105123519897,0.7735791007677714,0.16325944165388742,0.0,0.06316147247950236,0.17312900722026825,0.24395214021205902,0.08498583734035492,0.38490062952041626,0.20138709247112274,0.2722102254629135,0.11324392259120941,0.41315871477127075
1,82,0.6953858097238486,0.10154703351768743,0.10153357837923199,0.10153357837923199,0.35191768407821655,0.3259631097316742,0.7251892685890198,-0.4308924078941345,0.21756098667780557,0.19160641233126322,0.5908325711886088,0.0,-0.002057671546936035,-1.2278945446014404,1.5079209804534912,0.6780852675437927,0.0,0.0,0.9149178266525269,0.08508211374282837
1,83,0.6953858097238486,0.10154703351768743,0.10153357837923199,0.10153357837923199,-0.2612800598144531,1.0014524459838867,0.8088937997817993,-0.5573434829711914,0.0,0.5962793231010437,0.4037206768989563,0.0,-0.13542190194129944,0.6553901433944702,-0.5062354207038879,0.9666213989257812,0.0,0.3443843722343445,0.0,0.6556156277656555
1,84,0.6953858097238486,0.10154703351768743,0.10153357837923199,0.10153357837923199,0.04182767868041992,0.8009440302848816,0.4891853332519531,-0.3081764578819275,0.0,0.6558793187141418,0.3441206216812134,0.0,0.12675483524799347,0.22665007412433624,0.5206958651542664,0.11603181064128876,0.12922169268131256,0.22911693155765533,0.5231627225875854,0.11849866807460785
1,85,0.6953858097238486,0.10154703351768743,0.10153357837923199,0.10153357837923199,0.19704291224479675,0.3484497368335724,0.17056387662887573,0.3095303177833557,0.1906462013721466,0.34205302596092224,0.16416716575622559,0.30313360691070557,-0.14501652121543884,-0.37311476469039917,-0.43998396396636963,1.9750568866729736,0.0,0.0,0.0,1.0
1,86,0.6953858097238486,0.10154703351768743,0.10153357837923199,0.10153357837923199,0.17215082049369812,0.2872312664985657,0.41821062564849854,0.10806205868721008,0.1757371425628662,0.29081758856773376,0.4217969477176666,0.11164838075637817,0.3321765959262848,-0.28736811876296997,0.2888111472129822,0.6847122311592102,0.23027657469113666,0.0,0.18691112597783405,0.5828122099240621
1,87,0.6953858097238486,0.10154703351768743,0.10153357837923199,0.10153357837923199,0.2197670042514801,0.14996394515037537,0.07284703850746155,0.5888879299163818,0.211900532245636,0.14209747314453125,0.06498056650161743,0.5810214579105377,-0.6782982349395752,-1.698943853378296,1.761324405670166,1.6364095211029053,0.0,0.0,0.5624574422836304,0.43754255771636963
1,88,0.6953858097238486,0.10154703351768743,0.10153357837923199,0.10153357837923199,-0.11729812622070312,0.5062304735183716,0.8776450157165527,-0.21294830739498138,0.0,0.3142927289009094,0.6857072710990906,0.0,-0.6740007400512695,0.4180433750152588,0.17967578768730164,1.1990537643432617,0.0,0.10949480533599854,0.0,0.8905051946640015
1,89,0.6953858097238486,0.10154703351768743,0.10153357837923199,0.10153357837923199,0.4182329773902893,0.37607264518737793,-0.012949660420417786,0.27024874091148376,0.39671486616134644,0.35455453395843506,0.0,0.2487306296825409,-0.3139022886753082,0.6690317392349243,0.7834082841873169,-0.0476815402507782,0.0,0.4428117275238037,0.5571882724761963,0.0
1,90,0.6953858097238486,0.10154703351768743,0.10153357837923199,0.10153357837923199,0.020264893770217896,0.11593975126743317,0.5515815019607544,0.3721778094768524,0.005273908376693726,0.100948765873909,0.5365905165672302,0.35718682408332825,0.007200703024864197,1.5001177787780762,-0.8056249022483826,0.2853044867515564,0.0,1.0,0.0,0.0
1,91,0.6953858097238486,0.10154703351768743,0.10153357837923199,0.10153357837923199,0.9892535209655762,-0.17006996273994446,0.12643462419509888,-0.011582627892494202,0.931409478187561,0.0,0.06859058141708374,0.0,0.8890819549560547,0.16913917660713196,-0.3825300931930542,0.3692004084587097,0.7466080983479818,0.02666531999905905,0.0,0.2267265518506368
1,92,0.6953858097238486,0.10154703351768743,0.10153357837923199,0.10153357837923199,0.15222251415252686,-0.11279037594795227,1.5064009428024292,-0.5021481513977051,0.0,0.0,1.0,0.0,-0.07903578877449036,0.2640446722507477,-0.29667556285858154,1.2427881956100464,0.0,0.01062825322151184,0.0,0.9893717765808105
1,93,0.6953858097238486,0.10154703351768743,0.10153357837923199,0.10153357837923199,0.868791937828064,-0.3997037410736084,0.8146289587020874,-0.25365835428237915,0.5270814895629883,0.0,0.4729185104370117,0.0,-0.5270642042160034,0.48489439487457275,-0.0064276158809661865,1.0245441198349,0.0,0.23017513751983643,0.0,0.7698248624801636
1,94,0.6953858097238486,0.10154703351768743,0.10153357837923199,0.10153357837923199,0.7868102192878723,-0.361333966255188,0.8328636288642883,-0.25279784202575684,0.476973295211792,0.0,0.523026704788208,0.0,-0.1815319061279297,1.1577935218811035,0.028235629200935364,-0.041153669357299805,0.0,1.0,0.0,0.0
1,95,0.6953858097238486,0.10154703351768743,0.10153357837923199,0.10153357837923199,0.34051862359046936,0.22720682621002197,0.7255756855010986,-0.33506065607070923,0.24275158842404682,0.12943979104359943,0.6278086503346761,0.0,-0.49002376198768616,-0.041095227003097534,0.4318379759788513,0.9975458383560181,0.0,0.0,0.217146098613739,0.7828539609909058
1,96,0.6953858097238486,0.10154703351768743,0.10153357837923199,0.10153357837923199,0.16044241189956665,-0.2774693965911865,1.1812398433685303,-0.05776755511760712,0.0,0.0,1.0,0.0,0.2010878324508667,-0.08621826767921448,0.9014527797698975,0.12874162197113037,0.12399375438690186,0.0,0.8243587017059326,0.05164754390716553
1,97,0.6953858097238486,0.10154703351768743,0.10153357837923199,0.10153357837923199,0.545725405216217,0.5625362396240234,1.3207833766937256,-1.3739972114562988,0.06937708457310993,0.08618791898091632,0.8444350560506184,0.0,0.5728879570960999,-0.5837885141372681,0.8775218725204468,0.17756029963493347,0.34768301248550415,0.0,0.6523169279098511,0.0
1,98,0.6953858097238486,0.10154703351768743,0.10153357837923199,0.10153357837923199,0.6130582094192505,0.1771702766418457,0.6927484273910522,-0.49824827909469604,0.45206590493520105,0.016177972157796233,0.5317561229070028,0.0,0.004183754324913025,0.9358697533607483,0.2440323382616043,-0.14563292264938354,0.0,0.8459187150001526,0.1540812999010086,0.0
1,99,0.6953858097238486,0.10154703351768743,0.10153357837923199,0.10153357837923199,0.28918567299842834,0.6037505865097046,1.0712834596633911,-0.9274606108665466,0.0,0.26623356342315674,0.7337664365768433,0.0,0.5429716110229492,-0.11991271376609802,0.5271551012992859,0.0019740164279937744,0.5079082250595093,0.0,0.49209171533584595,0.0
1,100,0.6953858097238486,0.10154703351768743,0.10153357837923199,0.10153357837923199,0.6599987149238586,0.4526368975639343,-0.21855978667736053,0.09907536208629608,0.5894284049669901,0.38206658760706586,0.0,0.028505052129427597,0.5861673355102539,0.39521321654319763,-0.046535611152648926,0.05501902103424072,0.5740341345469157,0.38308001557985943,0.0,0.042885820070902504
1,101,0.16240486840087262,0.10911296890813296,0.10911176142570682,0.6193704012652875,0.41877061128616333,0.6507275104522705,0.12003389000892639,-0.13061819970607758,0.35559330383936566,0.5875502030054728,0.05685658256212871,0.0,0.2858252227306366,0.1376945674419403,-0.1307925283908844,0.6686657667160034,0.2550966838995616,0.10696602861086528,0.0,0.6379372278849283
1,102,0.16240486840087262,0.10911296890813296,0.10911176142570682,0.6193704012652875,0.514552116394043,-0.051893144845962524,0.6181531548500061,-0.05225802958011627,0.4481995105743408,0.0,0.551800549030304,0.0,0.3421930968761444,0.8435575366020203,-0.11058613657951355,-0.10204270482063293,0.24931779503822327,0.7506822347640991,0.0,0.0
1,103,0.16240486840087262,0.10911296890813296,0.10911176142570682,0.6193704012652875,1.1131999492645264,0.08856672048568726,-0.014169707894325256,-0.21600262820720673,1.0,0.0,0.0,0.0,1.1066981554031372,-0.4216504693031311,0.621222734451294,-0.36688336730003357,0.7427377104759216,0.0,0.25726228952407837,0.0
1,104,0.16240486840087262,0.10911296890813296,0.10911176142570682,0.6193704012652875,0.6836963295936584,0.15856331586837769,0.4494839906692505,-0.24084632098674774,0.5864484111467997,0.061315397421518966,0.3522360722223918,0.0,0.2030567079782486,0.7042106986045837,-0.6419784426689148,0.800112247467041,0.0,0.452049195766449,0.0,0.5479507446289062
1,105,0.16240486840087262,0.10911296890813296,0.10911176142570682,0.6193704012652875,0.7504291534423828,0.27000343799591064,0.6578027606010437,-0.6526327729225159,0.5243506828943888,0.04392496744791666,0.4317242900530497,0.0,0.9233666658401489,-0.6613635420799255,-0.2461228370666504,1.0835620164871216,0.41990232467651367,0.0,0.0,0.5800976753234863
1,106,0.16240486840087262,0.10911296890813296,0.10911176142570682,0.6193704012652875,0.24042178690433502,0.4981379508972168,0.7037400603294373,-0.4778028726577759,0.0929885059595108,0.3507046699523926,0.556306779384613,0.0,0.21123512089252472,0.590374231338501,-0.3181689381599426,0.5323054790496826,0.09993016223112743,0.4790692726771037,0.0,0.42100052038828534
1,107,0.16240486840087262,0.10911296890813296,0.10911176142570682,0.6193704012652875,-0.04544517397880554,0.6336848139762878,0.18419790267944336,0.20286042988300323,0.0,0.6267704367637634,0.17728352546691895,0.19594605267047882,-0.0373462438583374,-0.18691080808639526,-0.2897684574127197,1.555569052696228,0.0,0.0,0.0,1.0
1,108,0.16240486840087262,0.10911296890813296,0.10911176142570682,0.6193704012652875,0.5539312362670898,-0.26829981803894043,0.5834545493125916,0.1328921914100647,0.4638385772705078,0.0,0.4933618903160095,0.042799532413482666,0.42808806896209717,0.06671373546123505,0.44003307819366455,0.19734519720077515,0.3950430452823639,0.03366871178150177,0.4069880545139313,0.16430017352104187
1,109,0.16240486840087262,0.10911296890813296,0.10911176142570682,0.6193704012652875,0.26906993985176086,0.2513371407985687,0.6288213729858398,-0.11042095720767975,0.21932712197303772,0.20159432291984558,0.5790785551071167,0.0,0.8734022378921509,-1.04793119430542,0.5893288850784302,0.5673483610153198,0.5300424496332805,0.0,0.24596909681955975,0.2239885727564494
1,110,0.16240486840087262,0.10911296890813296,0.10911176142570682,0.6193704012652875,0.3858206868171692,0.25881651043891907,0.2888505756855011,0.08101987838745117,0.38219377398490906,0.25518959760665894,0.28522366285324097,0.07739296555519104,0.7018404006958008,0.25688436627388,-0.7241016626358032,0.780523419380188,0.4554243485132853,0.010468314091364533,0.0,0.5341073671976725
1,111,0.16240486840087262,0.10911296890813296,0.10911176142570682,0.6193704012652875,0.7322186231613159,-1.0579824447631836e-05,0.915203332901001,-0.5903756618499756,0.40850764513015747,0.0,0.5914923548698425,0.0,0.9667280912399292,-0.2973135709762573,0.5266664028167725,-0.15404757857322693,0.7200308442115784,0.0,0.27996915578842163,0.0
1,112,0.16240486840087262,0.10911296890813296,0.10911176142570682,0.6193704012652875,-0.02342885732650757,-0.05458071827888489,1.457695722579956,-0.37844759225845337,0.0,0.0,1.0,0.0,0.6004310846328735,-0.40784674882888794,0.4140930771827698,0.522606611251831,0.4213874737421671,0.0,0.23504946629206339,0.34356300036112464
1,113,0.16240486840087262,0.10911296890813296,0.10911176142570682,0.6193704012652875,0.27497705817222595,0.33785420656204224,0.6612755656242371,-0.27338093519210815,0.1836081047852834,0.24648525317509967,0.5699066122372946,0.0,0.1776708960533142,-0.2798847556114197,0.013407304883003235,1.0733710527420044,0.052149951457977295,0.0,0.0,0.9478501081466675
1,114,0.16240486840087262,0.10911296890813296,0.10911176142570682,0.6193704012652875,0.11308236420154572,0.8222452998161316,0.4193228483200073,-0.3916648030281067,0.0,0.7014612555503845,0.29853880405426025,0.0,0.6100442409515381,0.27034199237823486,-0.23726758360862732,0.33293652534484863,0.5389366547266642,0.19923440615336102,0.0,0.2618289391199748
1,115,0.16240486840087262,0.10911296890813296,0.10911176142570682,0.6193704012652875,0.6333867311477661,-0.10040745139122009,0.7160397171974182,-0.23912592232227325,0.45867347717285156,0.0,0.5413264632225037,0.0,0.6397422552108765,-0.24962353706359863,0.14661641418933868,0.5042333602905273,0.5428782304128011,0.0,0.04975238939126332,0.40736933549245197
1,116,0.16240486840087262,0.10911296890813296,0.10911176142570682,0.6193704012652875,0.8614457845687866,-0.212950199842453,0.2922441363334656,0.08686284720897675,0.7812615633010864,0.0,0.21205991506576538,0.00667862594127655,0.7445969581604004,-0.464180052280426,0.15976768732070923,0.5640547275543213,0.588457187016805,0.0,0.00362791617711386,0.40791495641072595
1,117,0.16240486840087262,0.10911296890813296,0.10911176142570682,0.6193704012652875,0.4717862904071808,0.11668623983860016,-0.0361262708902359,0.4989122748374939,0.44265801707903546,0.08755796651045482,0.0,0.46978400150934857,-0.32626548409461975,-0.7335010766983032,0.3538293242454529,1.5252659320831299,0.0,0.0,0.0,1.0
1,118,0.16240486840087262,0.10911296890813296,0.10911176142570682,0.6193704012652875,0.7773410081863403,-0.00933036208152771,-0.060551270842552185,0.28830766677856445,0.7445166707038879,0.0,0.0,0.25548332929611206,1.023466944694519,-0.7317800521850586,-0.3808315396308899,0.9781992435455322,0.5226339101791382,0.0,0.0,0.47736620903015137
1,119,0.16240486840087262,0.10911296890813296,0.10911176142570682,0.6193704012652875,0.9833616614341736,-0.10661134123802185,0.16220270097255707,-0.08065281808376312,0.91057950258255,0.0,0.08942054212093353,0.0,1.3258346319198608,0.9693108201026917,-1.2711565494537354,0.012763410806655884,0.6782618761062622,0.321738064289093,0.0,0.0
1,120,0.16240486840087262,0.10911296890813296,0.10911176142570682,0.6193704012652875,0.17842209339141846,0.1436324417591095,0.6765643358230591,-0.009897217154502869,0.17888247966766357,0.14409282803535461,0.6770247220993042,0.0,0.2822054922580719,0.2710716426372528,0.1202896237373352,0.3279740512371063,0.28182026743888855,0.27068641781806946,0.11990439891815186,0.327588826417923
1,121,0.10273066062113538,0.10183461549143441,0.10183459518893521,0.6936001286984949,-0.03420323133468628,0.16763615608215332,0.9550625085830688,-0.039392903447151184,0.0,0.10628682374954224,0.8937131762504578,0.0,-1.164157509803772,0.06244532763957977,1.8664882183074951,0.2388473004102707,0.0,0.0,1.0,0.0
1,122,0.10273066062113538,0.10183461549143441,0.10183459518893521,0.6936001286984949,0.3395274579524994,-0.20674395561218262,0.5024137496948242,0.3381277322769165,0.2795044680436452,0.0,0.44239075978597003,0.2781047423680623,0.9741398096084595,-0.20833832025527954,0.11148631572723389,0.11309109628200531,0.9079007307688395,0.0,0.04524723688761394,0.04685201744238536
1,123,0.10273066062113538,0.10183461549143441,0.10183459518893521,0.6936001286984949,0.11862628161907196,0.07238346338272095,0.10955849289894104,0.7354941368103027,0.1096106618642807,0.06336784362792969,0.10054287314414978,0.7264785170555115,0.4940800666809082,-0.03472191095352173,-1.072479009628296,1.5502060651779175,0.0,0.0,0.0,1.0
1,124,0.10273066062113538,0.10183461549143441,0.10183459518893521,0.6936001286984949,0.25121355056762695,0.17504149675369263,0.4223945140838623,0.14177978038787842,0.2536062151193619,0.17743416130542755,0.42478717863559723,0.14417244493961334,0.9659053087234497,0.30153214931488037,-0.7933655381202698,0.5854101181030273,0.6816227833429973,0.017249623934427916,0.0,0.3011275927225749
1,125,0.10273066062113538,0.10183461549143441,0.10183459518893521,0.6936001286984949,0.34776583313941956,-0.287664532661438,0.7120201587677002,0.2501562237739563,0.24445175131162006,0.0,0.6087060769399008,0.1468421419461568,0.06628814339637756,-0.36603856086730957,1.1391003131866455,0.1269223392009735,0.0,0.0,1.0,0.0
1,126,0.10273066062113538,0.10183461549143441,0.10183459518893521,0.6936001286984949,-0.13461661338806152,0.34741151332855225,1.1639076471328735,-0.3742814064025879,0.0,0.09175193309783936,0.9082480669021606,0.0,1.1991811990737915,0.26721593737602234,0.5659242868423462,-1.0441186428070068,0.8166284561157227,0.0,0.18337154388427734,0.0
1,127,0.10273066062113538,0.10183461549143441,0.10183459518893521,0.6936001286984949,-0.03688761591911316,0.22863100469112396,1.2987658977508545,-0.48388779163360596,0.0,0.0,1.0,0.0,1.3343772888183594,-1.506140947341919,0.9387933611869812,0.2661629915237427,0.6977919340133667,0.0,0.3022080063819885,0.0
1,128,0.10273066062113538,0.10183461549143441,0.10183459518893521,0.6936001286984949,0.2196827232837677,0.30686962604522705,0.504195511341095,-0.06100998818874359,0.20943342645963034,0.29662032922108966,0.4939462145169576,0.0,0.4736477732658386,0.8479192852973938,-0.16399136185646057,-0.09799632430076599,0.3128642439842224,0.6871357560157776,0.0,0.0
1,129,0.10273066062113538,0.10183461549143441,0.10183459518893521,0.6936001286984949,0.08483901619911194,0.6813713312149048,0.4286041855812073,-0.17018483579158783,0.01990082859992981,0.6164331436157227,0.36366599798202515,0.0,1.4726104736328125,0.4132627844810486,-0.9207902550697327,0.05613529682159424,1.0,0.0,0.0,0.0
1,130,0.10273066062113538,0.10183461549143441,0.10183459518893521,0.6936001286984949,0.25628527998924255,0.5915934443473816,0.9295556545257568,-0.7340922355651855,0.0,0.33101886510849,0.6689810752868652,0.0,1.5199397802352905,-0.22059401869773865,-1.0012695789337158,0.7067424058914185,0.906598687171936,0.0,0.0,0.09340131282806396
1,131,0.10273066062113538,0.10183461549143441,0.10183459518893521,0.6936001286984949,0.18038135766983032,0.5943142175674438,0.6771610975265503,-0.44360101222991943,0.029762486616770417,0.4436953465143839,0.5265422264734904,0.0,0.7171809673309326,-1.8218059539794922,1.6956634521484375,0.5033373236656189,0.010758757591247559,0.0,0.9892412424087524,0.0
1,132,0.10273066062113538,0.10183461549143441,0.10183459518893521,0.6936001286984949,0.5653276443481445,0.2543017566204071,0.6039122939109802,-0.43997126817703247,0.42414704958597815,0.11312116185824075,0.46273169914881385,0.0,-0.2306489646434784,-0.21414628624916077,1.8176772594451904,-0.21163460612297058,0.0,0.0,1.0,0.0
1,133,0.10273066062113538,0.10183461549143441,0.10183459518893521,0.6936001286984949,0.3295576572418213,0.4054843783378601,0.7981992363929749,-0.545011043548584,0.1518105665842692,0.22773728768030801,0.6204521457354227,0.0,1.346534252166748,-0.09099367260932922,-0.8031328320503235,0.5078719258308411,0.9193311929702759,0.0,0.0,0.0806688666343689
1,134,0.10273066062113538,0.10183461549143441,0.10183459518893521,0.6936001286984949,-0.07043468952178955,1.2748680114746094,0.5289362072944641,-0.7159106731414795,0.0,0.872965931892395,0.12703412771224976,0.0,0.6829308271408081,-0.8050382733345032,0.3195917010307312,0.7865986824035645,0.41989044348398846,0.0,0.05655131737391156,0.5235582987467449
1,135,0.10273066062113538,0.10183461549143441,0.10183459518893521,0.6936001286984949,0.13119876384735107,1.2783474922180176,0.127624049782753,-0.5584814548492432,0.0,1.0,0.0,0.0,0.8236955404281616,-1.2339305877685547,0.19140265882015228,1.2283958196640015,0.2976498603820801,0.0,0.0,0.7023501396179199
1,136,0.10273066062113538,0.10183461549143441,0.10183459518893521,0.6936001286984949,0.2665866017341614,0.026854947209358215,0.6344559788703918,0.09171795845031738,0.2616827189922333,0.021951064467430115,0.6295520961284637,0.08681407570838928,-0.032473206520080566,-1.1218795776367188,0.9406000971794128,1.26241934299469,0.0,0.0,0.33909040689468384,0.6609096527099609
1,137,0.10273066062113538,0.10183461549143441,0.10183459518893521,0.6936001286984949,0.3610982596874237,0.3796888291835785,0.09480792284011841,0.1540263295173645,0.36369292438030243,0.3822834938764572,0.09740258753299713,0.15662099421024323,0.8586215972900391,-0.4139772057533264,-0.22089308500289917,0.7061111927032471,0.576255202293396,0.0,0.0,0.423744797706604
1,138,0.10273066062113538,0.10183461549143441,0.10183459518893521,0.6936001286984949,0.46745535731315613,-0.04701194167137146,0.8167442083358765,-0.18863235414028168,0.32535555958747864,0.0,0.674644410610199,0.0,-0.1982368528842926,-0.8129366040229797,0.6393409371376038,1.4438574314117432,0.0,0.0,0.09774178266525269,0.9022582769393921
1,139,0.10273066062113538,0.10183461549143441,0.10183459518893521,0.6936001286984949,0.4968024492263794,0.10734525322914124,0.10070976614952087,0.29037871956825256,0.4979934096336365,0.10853621363639832,0.10190072655677795,0.29156967997550964,-0.17644003033638,-0.2313464879989624,0.6281306147575378,0.8010373115539551,0.0,0.0,0.413546621799469,0.5864533185958862
1,140,0.10273066062113538,0.10183461549143441,0.10183459518893521,0.6936001286984949,0.48808106780052185,-0.1818850040435791,0.5117490887641907,0.18117453157901764,0.427746186653773,0.0,0.45141420761744183,0.12083965043226877,0.2026757299900055,0.03434889018535614,0.23877203464508057,0.5302948951721191,0.20115286111831665,0.0328260213136673,0.23724916577339172,0.5287720263004303
1,141,0.10154708609148863,0.10153359198029414,0.10153359167454594,0.6953857302536713,0.34969955682754517,-0.5053206086158752,0.49518880248069763,0.6908449530601501,0.17112181584040323,0.0,0.31661106149355567,0.5122672120730082,0.4919374883174896,-1.3277690410614014,0.6946523785591125,1.0939589738845825,0.06508788466453552,0.0,0.26780277490615845,0.6671093702316284
1,142,0.10154708609148863,0.10153359198029414,0.10153359167454594,0.6953857302536713,0.27299225330352783,-0.6866812705993652,0.9780758619308472,0.4935879111289978,0.024773597717285156,0.0,0.7298572063446045,0.24536925554275513,0.2961665987968445,-0.41066092252731323,0.93678218126297,0.25704488158226013,0.13283536831537882,0.0,0.7734509507815043,0.09371365110079447
1,143,0.10154708609148863,0.10153359198029414,0.10153359167454594,0.6953857302536713,0.34008467197418213,-0.42475825548171997,0.735568642616272,0.3904239535331726,0.18472560246785483,0.0,0.5802095731099447,0.2350648840268453,-1.0039278268814087,-0.6040028929710388,0.9921176433563232,1.6998692750930786,0.0,0.0,0.14612412452697754,0.8538757562637329
1,144,0.10154708609148863,0.10153359198029414,0.10153359167454594,0.6953857302536713,1.2086420059204102,-0.8621402382850647,0.0570535808801651,0.5704092383384705,0.8191163539886475,0.0,0.0,0.18088358640670776,0.9072624444961548,-1.5091323852539062,0.14231902360916138,1.4012137651443481,0.2530243396759033,0.0,0.0,0.7469756603240967
1,145,0.10154708609148863,0.10153359198029414,0.10153359167454594,0.6953857302536713,0.9346960783004761,-0.7442605495452881,0.28183233737945557,0.5322856903076172,0.6850913763046265,0.0,0.03222763538360596,0.2826809883117676,-0.3164949119091034,0.6125129461288452,-0.5340690016746521,1.1575193405151367,0.0,0.22749680280685425,0.0,0.7725031971931458
1,146,0.10154708609148863,0.10153359198029414,0.10153359167454594,0.6953857302536713,0.5022441148757935,-0.6036496162414551,0.8366871476173401,0.28204742074012756,0.295251210530599,0.0,0.6296942432721456,0.07505451639493307,-0.1824655532836914,0.5877654552459717,-1.0080409049987793,1.6290581226348877,0.0,0.0,0.0,1.0
1,147,0.10154708609148863,0.10153359198029414,0.10153359167454594,0.6953857302536713,0.43353861570358276,-0.16472399234771729,0.8872923254966736,-0.1459544450044632,0.2731231451034546,0.0,0.7268768548965454,0.0,0.4139195382595062,-0.17766427993774414,1.1894454956054688,-0.3356151282787323,0.11223700642585754,0.0,0.8877629637718201,0.0
1,148,0.10154708609148863,0.10153359198029414,0.10153359167454594,0.6953857302536713,0.37175512313842773,-0.2379394769668579,1.2614903450012207,-0.34773069620132446,0.055132389068603516,0.0,0.9448676109313965,0.0,0.4216751456260681,0.3425309956073761,0.09895193576812744,0.1489987075328827,0.41863593459129333,0.3394917845726013,0.09591272473335266,0.1459594964981079
1,149,0.10154708609148863,0.10153359198029414,0.10153359167454594,0.6953857302536713,-0.304934024810791,0.15514469146728516,1.5990570783615112,-0.4081078767776489,0.0,0.0,1.0,0.0,0.003455802798271179,0.6772294640541077,0.661268949508667,-0.24988001585006714,0.0,0.5079802870750427,0.49201977252960205,0.0
1,150,0.10154708609148863,0.10153359198029414,0.10153359167454594,0.6953857302536713,-0.09466072916984558,0.08329279720783234,1.2756714820861816,-0.275559663772583,0.0,0.0,1.0,0.0,0.8603024482727051,-0.8421290516853333,0.646747350692749,0.3508375585079193,0.5743399858474731,0.0,0.3607848882675171,0.06487509608268738
1,151,0.10154708609148863,0.10153359198029414,0.10153359167454594,0.6953857302536713,-0.0638573169708252,-0.09505283832550049,0.947019636631012,0.23350104689598083,0.0,0.0,0.8567593097686768,0.14324072003364563,1.5213276147842407,0.4248758554458618,-0.9830644726753235,0.04060198366641998,1.0,0.0,0.0,0.0
1,152,0.10154708609148863,0.10153359198029414,0.10153359167454594,0.6953857302536713,-0.24109724164009094,0.08426803350448608,0.7222477197647095,0.40261656045913696,0.0,0.014557222525278732,0.6525369087855021,0.3329057494799296,0.10922661423683167,0.3506207764148712,0.5139131546020508,0.11273391544818878,0.08760300278663635,0.3289971649646759,0.49228954315185547,0.09111030399799347
1,153,0.10154708609148863,0.10153359198029414,0.10153359167454594,0.6953857302536713,-0.23134297132492065,-0.12912753224372864,1.329408049583435,0.07666613161563873,0.0,0.0,1.0,0.0,0.21053485572338104,-0.1937600076198578,0.6983066201210022,0.34573787450790405,0.1256750871737798,0.0,0.613446851571401,0.2608781059583028
1,154,0.10154708609148863,0.10153359198029414,0.10153359167454594,0.6953857302536713,-0.554648756980896,0.2312304824590683,0.9278309345245361,0.43689215183258057,0.0,0.03257928788661957,0.7291797399520874,0.23824095726013184,0.2558899521827698,1.226433515548706,-0.7054588198661804,0.1262376606464386,0.014728248119354248,0.9852718114852905,0.0,0.0
1,155,0.10154708609148863,0.10153359198029414,0.10153359167454594,0.6953857302536713,-0.5712211728096008,-0.032258450984954834,1.3551312685012817,0.28677329421043396,0.0,0.0,1.0,0.0,0.12060196697711945,-1.0793066024780273,0.7389921545982361,1.263978362083435,0.0,0.0,0.2375069260597229,0.7624931335449219
1,156,0.10154708609148863,0.10153359198029414,0.10153359167454594,0.6953857302536713,-0.5727090835571289,0.29607540369033813,0.8344454169273376,0.4345896244049072,0.0,0.10770525534947714,0.6460752685864767,0.24621947606404623,-0.664137601852417,0.20287999510765076,0.7591680288314819,0.6452264785766602,0.0,0.0004551510016123361,0.5567431847254435,0.4428016344706217
1,157,0.10154708609148863,0.10153359198029414,0.10153359167454594,0.6953857302536713,0.02848730981349945,0.1283400058746338,0.7105298638343811,0.1916651427745819,0.013731732964515686,0.11358442902565002,0.6957742869853973,0.17690956592559814,0.1326061189174652,-0.8372651934623718,0.08377765119075775,1.5562881231307983,0.0,0.0,0.0,1.0
1,158,0.10154708609148863,0.10153359198029414,0.10153359167454594,0.6953857302536713,-0.2602088451385498,0.3776496350765228,0.6921094059944153,0.23891431093215942,0.0,0.2747585078080495,0.589218278725942,0.1360231836636861,-0.1964140236377716,0.5145308971405029,0.10191047191619873,0.5428683757781982,0.0,0.46142764886220294,0.048807223637898765,0.48976512749989826
1,159,0.10154708609148863,0.10153359198029414,0.10153359167454594,0.6953857302536713,-0.0741727352142334,0.17383012175559998,0.6842246651649475,0.2728751301765442,0.0,0.13018680612246195,0.6405813495318095,0.22923181454340616,-0.6395370960235596,-0.04053613543510437,0.22207532823085785,1.485582709312439,0.0,0.0,0.0,1.0
1,160,0.10154708609148863,0.10153359198029414,0.10153359167454594,0.6953857302536713,0.4714350998401642,0.058274298906326294,0.13336463272571564,0.34184783697128296,0.470204621553421,0.05704382061958313,0.13213415443897247,0.3406173586845398,0.3346424698829651,0.2526562511920929,0.1461765170097351,0.2656872272491455,0.33485184609889984,0.25286562740802765,0.14638589322566986,0.26589660346508026
1,161,0.10152543339002051,0.101525230682404,0.10152523067781107,0.6954241052497645,0.9507783055305481,0.0667797327041626,-0.22989700734615326,0.19695846736431122,0.8769099116325378,0.0,0.0,0.12309007346630096,0.39958199858665466,0.20775939524173737,-0.1712709367275238,0.3970035910606384,0.39813368519147235,0.20631108184655508,0.0,0.3955552776654561
1,162,0.10152543339002051,0.101525230682404,0.10152523067781107,0.6954241052497645,0.7818569540977478,0.3727647066116333,-0.37377649545669556,0.19809280335903168,0.6642854809761047,0.25519323348999023,0.0,0.08052133023738861,-0.036425620317459106,-0.7435921430587769,0.33628150820732117,1.4278115034103394,0.0,0.0,0.0,1.0
1,163,0.10152543339002051,0.101525230682404,0.10152523067781107,0.6954241052497645,-0.439866840839386,1.2776916027069092,0.35887789726257324,-0.24851806461811066,0.0,0.959406852722168,0.04059314727783203,0.0,0.23675814270973206,0.5314582586288452,-0.016100287437438965,0.21668517589569092,0.24179096023241678,0.5364910761515299,0.0,0.22171799341837564
1,164,0.10152543339002051,0.101525230682404,0.10152523067781107,0.6954241052497645,-0.2933514714241028,0.7481536865234375,0.4309368133544922,0.09613287448883057,0.0,0.6564125617345175,0.3391956885655721,0.004391749699910477,-0.33427074551582336,-0.5827634334564209,0.5659247636795044,1.331497073173523,0.0,0.0,0.11721384525299072,0.8827861547470093
1,165,0.10152543339002051,0.101525230682404,0.10152523067781107,0.6954241052497645,0.08392179012298584,-0.009805858135223389,0.9637570381164551,-0.0723404735326767,0.06008237600326538,0.0,0.9399176239967346,0.0,1.0741626024246216,-0.6922404170036316,-0.05397146940231323,0.5694921016693115,0.752335250377655,0.0,0.0,0.24766474962234497
1,166,0.10152543339002051,0.101525230682404,0.10152523067781107,0.6954241052497645,0.08109496533870697,0.39199191331863403,0.6455384492874146,-0.11434240639209747,0.04155316452185313,0.3524501125017802,0.6059966484705607,0.0,-0.3659730851650238,1.3994956016540527,-0.1606334149837494,0.22896066308021545,0.0,1.0,0.0,0.0
1,167,0.10152543339002051,0.101525230682404,0.10152523067781107,0.6954241052497645,0.20152321457862854,-0.03431004285812378,-0.026835128664970398,0.864151120185852,0.16868606209754944,0.0,0.0,0.831313967704773,0.11470754444599152,-0.47870367765426636,0.30007481575012207,1.0864825248718262,0.0,0.0,0.10679614543914795,0.893203854560852
1,168,0.10152543339002051,0.101525230682404,0.10152523067781107,0.6954241052497645,-0.40356171131134033,0.14912523329257965,1.205931305885315,0.05462557077407837,0.0,0.0,1.0,0.0,-0.6926178932189941,0.4851532578468323,-0.005584120750427246,1.1487643718719482,0.0,0.1681944727897644,0.0,0.8318055868148804
1,169,0.10152543339002051,0.101525230682404,0.10152523067781107,0.6954241052497645,0.13766980171203613,0.0685349851846695,0.6469486951828003,0.08757713437080383,0.1524871587753296,0.08335234224796295,0.6617660522460938,0.10239449143409729,0.9581366777420044,-1.5426247119903564,0.43406087160110474,1.146685004234314,0.4057258367538452,0.0,0.0,0.5942741632461548
1,170,0.10152543339002051,0.101525230682404,0.10152523067781107,0.6954241052497645,0.9085058569908142,-0.8383350968360901,0.598392903804779,0.2951992154121399,0.641139845053355,0.0,0.33102689186731976,0.0278332034746806,-0.2535707652568817,-0.4211251735687256,1.50636887550354,0.20077913999557495,0.0,0.0,1.0,0.0
1,171,0.10152543339002051,0.101525230682404,0.10152523067781107,0.6954241052497645,-0.2763631343841553,0.030544713139533997,1.0668119192123413,0.2053927481174469,0.0,0.0,0.9307096004486084,0.06929042935371399,-0.5235188007354736,-0.19482138752937317,0.4167259931564331,1.2174757719039917,0.0,0.0,0.0996251106262207,0.9003748893737793
1,172,0.10152543339002051,0.101525230682404,0.10152523067781107,0.6954241052497645,0.22702114284038544,-0.5305877923965454,0.644646406173706,0.6570824980735779,0.050771122177441924,0.0,0.46839638551076257,0.4808324774106344,0.09280329942703247,-0.33060622215270996,0.3959643244743347,0.7260888814926147,0.02118450403213501,0.0,0.32434552907943726,0.6544700860977173
1,173,0.10152543339002051,0.101525230682404,0.10152523067781107,0.6954241052497645,0.41479769349098206,-0.9717140793800354,1.212806224822998,0.33567315340042114,0.09370532631874084,0.0,0.8917138576507568,0.014580786228179932,-0.21299806237220764,0.9036551117897034,0.5528287887573242,-0.12571707367897034,0.0,0.675413191318512,0.3245868682861328,0.0
1,174,0.10152543339002051,0.101525230682404,0.10152523067781107,0.6954241052497645,0.44568097591400146,-0.2955958843231201,0.6574206352233887,0.2085113227367401,0.3418099880218506,0.0,0.5535496473312378,0.10464033484458923,-0.2055078148841858,-0.8330478072166443,1.6314599514007568,0.4265437126159668,0.0,0.0,1.0,0.0
1,175,0.10152543339002051,0.101525230682404,0.10152523067781107,0.6954241052497645,0.4270617365837097,-0.5771750807762146,0.5726367831230164,0.6015167832374573,0.22665661573410034,0.0,0.372231662273407,0.4011116623878479,-0.27819570899009705,-0.4725363850593567,0.5798168182373047,1.263469934463501,0.0,0.0,0.15817344188690186,0.8418265581130981
1,176,0.10152543339002051,0.101525230682404,0.10152523067781107,0.6954241052497645,0.2856539785861969,-0.2142125368118286,0.3456299602985382,0.5616868138313293,0.22133039434750873,0.0,0.28130637605985004,0.4973632295926412,0.07430647313594818,-0.3934343457221985,0.01742386817932129,1.403594732284546,0.0,0.0,0.0,1.0
1,177,0.10152543339002051,0.101525230682404,0.10152523067781107,0.6954241052497645,0.5238586664199829,-0.7695197463035583,0.6385310292243958,0.6316813826560974,0.2591683069864909,0.0,0.37384066979090375,0.3669910232226054,-0.7030811309814453,-1.7454864978790283,1.911628246307373,1.5638058185577393,0.0,0.0,0.6739112138748169,0.3260887861251831
1,178,0.10152543339002051,0.101525230682404,0.10152523067781107,0.6954241052497645,0.1212526261806488,-0.6206104159355164,1.0680286884307861,0.4806382656097412,0.0,0.0,0.7936952114105225,0.20630478858947754,0.5210447311401367,-0.0009233355522155762,0.32389402389526367,0.17446625232696533,0.5145763953526815,0.0,0.3174256881078084,0.1679979165395101
1,179,0.10152543339002051,0.101525230682404,0.10152523067781107,0.6954241052497645,0.021224841475486755,0.19897550344467163,0.4351854920387268,0.3407319188117981,0.022195398807525635,0.1999460607767105,0.4361560493707657,0.341702476143837,0.9078497886657715,-1.4092135429382324,1.0775096416473389,0.4704835116863251,0.4151700735092163,0.0,0.5848299264907837,0.0
1,180,0.10152543339002051,0.101525230682404,0.10152523067781107,0.6954241052497645,0.3556798994541168,0.233995258808136,0.29559192061424255,0.10347269475460052,0.35849495232105255,0.23681031167507172,0.2984069734811783,0.10628774762153625,0.2758980691432953,0.2692854702472687,0.23245635628700256,0.22267428040504456,0.2758195400238037,0.2692069411277771,0.232377827167511,0.22259575128555298
1,181,0.10152502607280703,0.1015250230279109,0.1015250230278419,0.6954249278714402,0.8520110249519348,-0.42324191331863403,-0.07592155039310455,0.657993495464325,0.5970087647438049,0.0,0.0,0.40299123525619507,0.5277369022369385,0.43803155422210693,0.6986185312271118,-0.6905993223190308,0.30627457300821936,0.21656922499338785,0.4771562019983927,0.0
1,182,0.10152502607280703,0.1015250230279109,0.1015250230278419,0.6954249278714402,0.14388947188854218,0.6949758529663086,0.30472806096076965,-0.11070306599140167,0.09602503478527069,0.6471114158630371,0.25686362385749817,0.0,0.3837865889072418,0.17777538299560547,-0.12766793370246887,0.6175088882446289,0.32409631212552387,0.11808510621388754,0.0,0.557818611462911
1,183,0.10152502607280703,0.1015250230279109,0.1015250230278419,0.6954249278714402,0.16600173711776733,0.289992094039917,0.5622766613960266,0.017739787697792053,0.15699917078018188,0.28098952770233154,0.5532740950584412,0.008737221360206604,1.0613131523132324,-0.12487062811851501,0.09594190120697021,-0.04813411831855774,0.9826856255531311,0.0,0.017314374446868896,0.0
1,184,0.10152502607280703,0.1015250230279109,0.1015250230278419,0.6954249278714402,0.3772464692592621,0.6977222561836243,0.031149595975875854,-0.11734478175640106,0.3397621214389801,0.6602379083633423,0.0,0.0,0.24723510444164276,-0.8078325390815735,1.6862258911132812,-0.07185554504394531,0.0,0.0,1.0,0.0
1,185,0.10152502607280703,0.1015250230279109,0.1015250230278419,0.6954249278714402,0.3801218271255493,0.5875821709632874,0.26114776730537415,-0.2573022246360779,0.3038378953933716,0.5112982392311096,0.1848638355731964,0.0,0.8117132186889648,-0.8988949656486511,0.41424760222435,0.7151898145675659,0.49799633026123047,0.0,0.1005307137966156,0.40147292613983154
1,186,0.10152502607280703,0.1015250230279109,0.1015250230278419,0.6954249278714402,0.7375707626342773,0.5215968489646912,0.004432216286659241,-0.29322677850723267,0.6079869270324707,0.3920130133628845,0.0,0.0,0.967460036277771,-0.01271975040435791,-0.08541396260261536,0.1523735523223877,0.9075432419776917,0.0,0.0,0.09245675802230835
1,187,0.10152502607280703,0.1015250230279109,0.1015250230278419,0.6954249278714402,0.9537836909294128,0.5008090138435364,-0.6970770955085754,0.1893197000026703,0.7264873385429382,0.27351266145706177,0.0,0.0,1.3121775388717651,-0.4957877993583679,-0.07342508435249329,0.36719608306884766,0.9724907279014587,0.0,0.0,0.02750927209854126
1,188,0.10152502607280703,0.1015250230279109,0.1015250230278419,0.6954249278714402,0.434006929397583,0.8209549188613892,-0.17249269783496857,-0.09483020007610321,0.3065260052680969,0.6934739947319031,0.0,0.0,-0.8711092472076416,-0.885570228099823,0.8399565815925598,1.9826200008392334,0.0,0.0,0.0,1.0
1,189,0.10152502607280703,0.1015250230279109,0.1015250230278419,0.6954249278714402,0.4655170440673828,0.5212860107421875,-0.0055878907442092896,-0.01541532576084137,0.47177865107854206,0.5275476177533468,0.0006737162669499712,0.0,-0.0023877620697021484,0.7729671597480774,-0.1144123375415802,0.271296888589859,0.0,0.750835120677948,0.0,0.24916484951972961
1,190,0.10152502607280703,0.1015250230279109,0.1015250230278419,0.6954249278714402,0.4009689688682556,0.6398232579231262,0.14117158949375153,-0.18921975791454315,0.3403143684069316,0.5791686574618021,0.08051698903242746,0.0,0.14273793995380402,0.7605153322219849,-0.6091586351394653,0.6438910961151123,0.0,0.5583121180534363,0.0,0.4416878819465637
1,191,0.10152502607280703,0.1015250230279109,0.1015250230278419,0.6954249278714402,0.7017422914505005,0.05013158917427063,0.21475821733474731,0.06204161047935486,0.6945738792419434,0.0429631769657135,0.20758980512619019,0.05487319827079773,2.1413605213165283,-1.3100643157958984,0.09450876712799072,0.11991772055625916,1.0,0.0,0.0,0.0
1,192,0.10152502607280703,0.1015250230279109,0.1015250230278419,0.6954249278714402,0.547437846660614,-0.1387036144733429,0.6852571964263916,-0.07599513232707977,0.4310902953147888,0.0,0.5689096450805664,0.0,-0.3472951352596283,0.4535054564476013,0.38204824924468994,0.4013691544532776,0.0,0.3745311697324117,0.3030739625295003,0.32239486773808795
1,193,0.10152502607280703,0.1015250230279109,0.1015250230278419,0.6954249278714402,0.5747348070144653,-0.43733954429626465,0.9203649163246155,-0.044902220368385315,0.32718491554260254,0.0,0.6728150248527527,0.0,0.35935819149017334,-0.7213648557662964,1.853930950164795,-0.36841514706611633,0.0,0.0,1.0,0.0
1,194,0.10152502607280703,0.1015250230279109,0.1015250230278419,0.6954249278714402,0.10821458697319031,0.17104396224021912,0.763742983341217,-0.01470927894115448,0.09388074278831482,0.15671011805534363,0.7494091391563416,0.0,0.1072487086057663,-0.8836833834648132,1.6405889987945557,0.022964611649513245,0.0,0.0,1.0,0.0
1,195,0.10152502607280703,0.1015250230279109,0.1015250230278419,0.6954249278714402,-0.20322009921073914,0.6832858324050903,-0.18221019208431244,0.7091448307037354,0.0,0.4870705008506775,0.0,0.5129294991493225,-0.736579179763794,0.10066220164299011,-0.04722294211387634,1.759872317314148,0.0,0.0,0.0,1.0
1,196,0.10152502607280703,0.1015250230279109,0.1015250230278419,0.6954249278714402,-0.07026004791259766,0.033270642161369324,-0.0038683563470840454,0.9954149127006531,0.0,0.018927857279777527,0.0,0.9810721278190613,-1.66678786277771,-0.12597671151161194,0.6035221815109253,2.0142064094543457,0.0,0.0,0.0,1.0
1,197,0.10152502607280703,0.1015250230279109,0.1015250230278419,0.6954249278714402,0.6287088394165039,0.21510256826877594,-0.3098955750465393,0.467975914478302,0.524779756863912,0.11117348571618398,0.0,0.36404683192571,-0.5423641204833984,0.1603502631187439,-0.059219688177108765,1.3566327095031738,0.0,0.0,0.0,1.0
1,198,0.10152502607280703,0.1015250230279109,0.1015250230278419,0.6954249278714402,0.3788694739341736,-0.22951927781105042,0.3752538859844208,0.46714240312576294,0.305114209651947,0.0,0.3014986217021942,0.3933871388435364,1.195794701576233,-2.238507032394409,1.2510321140289307,0.8321667909622192,0.436130166053772,0.0,0.4913675785064697,0.0725022554397583
1,199,0.10152502607280703,0.1015250230279109,0.1015250230278419,0.6954249278714402,0.6767825484275818,-0.0442633330821991,-0.08605022728443146,0.43357786536216736,0.6216023564338684,0.0,0.0,0.378397673368454,1.1566994190216064,-0.8958527445793152,0.6266180276870728,0.03506794571876526,0.7650406956672668,0.0,0.23495930433273315,0.0
1,200,0.10152502607280703,0.1015250230279109,0.1015250230278419,0.6954249278714402,0.29423487186431885,0.23143652081489563,-0.11517755687236786,0.5680117011070251,0.26300716400146484,0.20020881295204163,0.0,0.5367839932441711,0.17929178476333618,0.1300005316734314,-0.07181474566459656,0.756075382232666,0.157502551873525,0.1082112987836202,0.0,0.7342861493428549
1,201,0.10152501819565334,0.10152501814991562,0.10152501814991458,0.6954249455045165,-0.05752083659172058,0.4185217618942261,0.30314773321151733,0.30791357159614563,0.0,0.40866076946258545,0.2932867407798767,0.298052579164505,0.09827074408531189,-1.384758472442627,1.2645072937011719,1.137962818145752,0.0,0.0,0.56327223777771,0.43672776222229004
1,202,0.10152501819565334,0.10152501814991562,0.10152501814991458,0.6954249455045165,0.245793417096138,0.015863418579101562,0.8697777986526489,-0.1407678872346878,0.18800778687000275,0.0,0.8119921684265137,0.0,0.04161864519119263,0.17309698462486267,0.8723536133766174,-0.058181434869766235,0.01259555419286092,0.14407389362653097,0.8433305223782858,0.0
1,203,0.10152501819565334,0.10152501814991562,0.10152501814991458,0.6954249455045165,-0.1418054699897766,0.48742198944091797,0.7441198229789734,-0.05797980725765228,0.0,0.3716510534286499,0.6283488869667053,0.0,-0.01729986071586609,-0.2930062413215637,0.01566922664642334,1.2749568223953247,0.0,0.0,0.0,1.0
1,204,0.10152501819565334,0.10152501814991562,0.10152501814991458,0.6954249455045165,0.07509228587150574,0.4022492468357086,0.22174136340618134,0.28716421127319336,0.07853052020072937,0.40568748116493225,0.22517959773540497,0.290602445602417,-0.8735623359680176,0.9778603315353394,1.3090434074401855,-0.30128076672554016,0.0,0.33440840244293213,0.6655914783477783,0.0
1,205,0.10152501819565334,0.10152501814991562,0.10152501814991458,0.6954249455045165,-0.29491108655929565,0.5485663414001465,0.8023664951324463,-0.054324641823768616,0.0,0.3730999231338501,0.6269000768661499,0.0,-0.577857255935669,0.7417874336242676,0.1372784674167633,0.7175439596176147,0.0,0.5121217370033264,0.0,0.4878782629966736
1,206,0.10152501819565334,0.10152501814991562,0.10152501814991458,0.6954249455045165,-0.45873355865478516,0.6522911787033081,1.1255627870559692,-0.31112462282180786,0.0,0.26336419582366943,0.7366358041763306,0.0,0.030837833881378174,-1.1787421703338623,0.5988966822624207,1.517429232597351,0.0,0.0,0.04073375463485718,0.9592663049697876
1,207,0.10152501819565334,0.10152501814991562,0.10152501814991458,0.6954249455045165,-0.6421621441841125,0.5305360555648804,1.0671966075897217,0.03486312925815582,0.0,0.23166972398757935,0.7683302760124207,0.0,-0.18605080246925354,0.38204556703567505,0.4994540810585022,0.40830254554748535,0.0,0.28544483582178753,0.4028533498446147,0.31170181433359784
1,208,0.10152501819565334,0.10152501814991562,0.10152501814991458,0.6954249455045165,-0.39811015129089355,0.44698387384414673,1.0487247705459595,-0.06989844143390656,0.0,0.19912952184677124,0.800870418548584,0.0,1.092399001121521,-1.0123629570007324,0.5701503157615662,0.42536818981170654,0.7297598918279011,0.0,0.20751120646794635,0.06272908051808673
1,209,0.10152501819565334,0.10152501814991562,0.10152501814991458,0.6954249455045165,-0.4911295175552368,0.8310551643371582,0.8988279104232788,-0.24606706202030182,0.0,0.4661136269569397,0.5338863730430603,0.0,-0.0737479031085968,-0.25152164697647095,1.886091947555542,-0.3785535991191864,0.0,0.0,1.0,0.0
1,210,0.10152501819565334,0.10152501814991562,0.10152501814991458,0.6954249455045165,0.3885815143585205,0.10855330526828766,0.44398263096809387,0.07930824160575867,0.38347509503364563,0.10344688594341278,0.438876211643219,0.07420182228088379,-0.49909475445747375,-0.6649941802024841,0.5299563407897949,1.5807079076766968,0.0,0.0,0.0,1.0
1,211,0.10152501819565334,0.10152501814991562,0.10152501814991458,0.6954249455045165,-0.09366744756698608,0.9043847918510437,0.5657504796981812,-0.34132903814315796,0.0,0.6693171858787537,0.3306828737258911,0.0,-0.528333306312561,0.03561154007911682,0.5919969081878662,0.9880156517028809,0.0,0.0,0.3019906282424927,0.6980093717575073
1,212,0.10152501819565334,0.10152501814991562,0.10152501814991458,0.6954249455045165,0.2997664511203766,0.3731400966644287,0.5843607783317566,-0.2719956040382385,0.21401066581408185,0.28738431135813397,0.49860499302546185,0.0,1.376095175743103,-0.8535550236701965,0.03509172797203064,0.4963417053222656,0.9398767352104187,0.0,0.0,0.0601232647895813
1,213,0.10152501819565334,0.10152501814991562,0.10152501814991458,0.6954249455045165,0.6109569668769836,0.65118408203125,0.5808870196342468,-0.8606924414634705,0.3299476106961568,0.37017472585042316,0.29987766345342,0.0,0.4080357849597931,-1.5059733390808105,0.6430305242538452,1.400844931602478,0.0,0.0,0.1210927963256836,0.8789072036743164
1,214,0.10152501819565334,0.10152501814991562,0.10152501814991458,0.6954249455045165,0.3355657458305359,0.9089210033416748,0.5313716530799866,-0.7476223707199097,0.07694627841313678,0.6503015359242756,0.27275218566258747,0.0,1.2791780233383179,-0.31229156255722046,0.07465079426765442,-0.1374952793121338,1.0,0.0,0.0,0.0
1,215,0.10152501819565334,0.10152501814991562,0.10152501814991458,0.6954249455045165,0.6119339466094971,0.6996405124664307,0.3656611442565918,-0.6702225804328918,0.3861887454986572,0.4738953113555908,0.13991594314575195,0.0,0.6197636127471924,0.28316575288772583,-0.5315385460853577,0.5386587381362915,0.4725675582885742,0.13596969842910767,0.0,0.39146268367767334
1,216,0.10152501819565334,0.10152501814991562,0.10152501814991458,0.6954249455045165,0.5009684562683105,0.4859977960586548,0.5954866409301758,-0.5570142865180969,0.30681749184926355,0.2918468316396078,0.4013356765111288,0.0,0.8770873546600342,-1.2419030666351318,0.7836745977401733,0.6925073862075806,0.4259975751241048,0.0,0.33258481820424396,0.24141760667165119
1,217,0.10152501819565334,0.10152501814991562,0.10152501814991458,0.6954249455045165,0.11018477380275726,0.6365891695022583,0.05065184831619263,0.22805118560791016,0.10381554067134857,0.6302199363708496,0.044282615184783936,0.22168195247650146,0.47929370403289795,-0.33051222562789917,-0.639998733997345,1.4974204301834106,0.0,0.0,0.0,1.0
1,218,0.10152501819565334,0.10152501814991562,0.10152501814991458,0.6954249455045165,0.153559148311615,0.768317699432373,0.4082857072353363,-0.32828181982040405,0.043504973252614335,0.6582635243733724,0.29823153217633563,0.0,-0.09253707528114319,-0.03299999237060547,0.7816880345344543,0.23178407549858093,0.0,0.0,0.7749519944190979,0.2250480353832245
1,219,0.10152501819565334,0.10152501814991562,0.10152501814991458,0.6954249455045165,0.6365517377853394,0.08305336534976959,0.3711092174053192,-0.09605132043361664,0.6063136259714762,0.05281525353590648,0.3408711055914561,0.0,1.1443865299224854,0.3103387951850891,-0.740784227848053,0.28668737411499023,0.8972489833831787,0.06320124864578247,0.0,0.039549827575683594
1,220,0.10152501819565334,0.10152501814991562,0.10152501814991458,0.6954249455045165,0.11369571089744568,0.41404855251312256,0.47572529315948486,-0.005135849118232727,0.11253918210665385,0.41289202372233075,0.47456876436869305,0.0,0.14405718445777893,0.23436184227466583,0.44176867604255676,0.16941717267036438,0.14665597677230835,0.23696063458919525,0.4443674683570862,0.1720159649848938
1,221,0.10152501803962974,0.10152501803894272,0.10152501803894269,0.6954249458824849,0.0928911417722702,0.011089310050010681,0.5961849689483643,0.2800748348236084,0.09783107042312622,0.0160292387008667,0.6011248975992203,0.2850147634744644,-0.6008844375610352,0.4108705222606659,-1.1113667488098145,2.305466651916504,0.0,0.0,0.0,1.0
1,222,0.10152501803962974,0.10152501803894272,0.10152501803894269,0.6954249458824849,0.17386716604232788,-0.3689202666282654,0.6839683651924133,0.544205904006958,0.03985335429509482,0.0,0.5499545534451803,0.41019209225972497,0.6564512848854065,-1.647554874420166,1.2314261198043823,0.8802598714828491,0.06707221269607544,0.0,0.6420470476150513,0.29088079929351807
1,223,0.10152501803962974,0.10152501803894272,0.10152501803894269,0.6954249458824849,0.5301998853683472,-0.6797398328781128,0.265464186668396,0.8862627148628235,0.30289093653361,0.0,0.038155237833658845,0.6589537660280863,0.6422415375709534,-0.6462375521659851,-0.0870630145072937,1.0562551021575928,0.2929932475090027,0.0,0.0,0.7070068120956421
1,224,0.10152501803962974,0.10152501803894272,0.10152501803894269,0.6954249458824849,0.5343776941299438,-0.8041984438896179,0.8078827261924744,0.47269028425216675,0.26272745927174884,0.0,0.5362324913342793,0.20104004939397174,1.4157965183258057,-1.4282581806182861,-0.5816531777381897,1.5985395908355713,0.4086284637451172,0.0,0.0,0.5913715362548828
1,225,0.10152501803962974,0.10152501803894272,0.10152501803894269,0.6954249458824849,0.5241075754165649,-0.8372469544410706,1.201843023300171,0.13523954153060913,0.16113227605819702,0.0,0.838867723941803,0.0,0.9853955507278442,-0.7406692504882812,0.7291309833526611,0.13187521696090698,0.6281322836875916,0.0,0.37186771631240845,0.0
1,226,0.10152501803962974,0.10152501803894272,0.10152501803894269,0.6954249458824849,0.0530136376619339,-0.7529268860816956,1.4482505321502686,0.2858089804649353,0.0,0.0,1.0,0.0,-0.247033029794693,0.5507922172546387,1.1471235752105713,-0.40560635924339294,0.0,0.2018343210220337,0.7981656789779663,0.0
1,227,0.10152501803962974,0.10152501803894272,0.10152501803894269,0.6954249458824849,0.3144664764404297,-1.3227550983428955,1.8943464756011963,0.1461244523525238,0.0,0.0,1.0,0.0,0.6007269024848938,-1.1850247383117676,0.9081577062606812,0.7879352569580078,0.16845359404881793,0.0,0.4758843978246053,0.35566194852193195
1,228,0.10152501803962974,0.10152501803894272,0.10152501803894269,0.6954249458824849,-0.16879507899284363,-0.47978532314300537,1.4173334836959839,0.2658598721027374,0.0,0.0,1.0,0.0,0.244000643491745,-1.6868648529052734,0.7689965963363647,1.5963170528411865,0.0,0.0,0.08633983135223389,0.9136602878570557
1,229,0.10152501803962974,0.10152501803894272,0.10152501803894269,0.6954249458824849,-0.12066984176635742,-0.15588834881782532,1.4367555379867554,-0.12272845208644867,0.0,0.0,1.0,0.0,0.8781305551528931,-1.9571032524108887,1.2987103462219238,0.9350190162658691,0.17417728900909424,0.0,0.594757080078125,0.2310657501220703
1,230,0.10152501803962974,0.10152501803894272,0.10152501803894269,0.6954249458824849,-0.2746180295944214,-0.12965989112854004,1.6060564517974854,-0.18565545976161957,0.0,0.0,1.0,0.0,-0.46940991282463074,-0.9727771878242493,1.9014332294464111,0.5893946886062622,0.0,0.0,1.0,0.0
1,231,0.10152501803962974,0.10152501803894272,0.10152501803894269,0.6954249458824849,-0.4761461615562439,0.6307969093322754,0.8489984273910522,0.01499485969543457,0.0,0.3908992409706116,0.6091007590293884,0.0,0.03374330699443817,0.7283307313919067,-0.2635539174079895,0.653780996799469,0.0,0.5372748374938965,0.0,0.46272510290145874
1,232,0.10152501803962974,0.10152501803894272,0.10152501803894269,0.6954249458824849,-0.6422179341316223,0.5166136622428894,1.1325856447219849,0.016887158155441284,0.0,0.19201403856277466,0.8079860210418701,0.0,-0.302372008562088,1.0782606601715088,0.399541974067688,-0.09283453226089478,0.0,0.8393593430519104,0.1606406569480896,0.0
1,233,0.10152501803962974,0.10152501803894272,0.10152501803894269,0.6954249458824849,-0.771208643913269,0.6970564126968384,1.2539714574813843,-0.16436772048473358,0.0,0.22154247760772705,0.778457522392273,0.0,1.6457757949829102,-0.9501081109046936,0.5165945887565613,-0.15045136213302612,1.0,0.0,0.0,0.0
1,234,0.10152501803962974,0.10152501803894272,0.10152501803894269,0.6954249458824849,-0.31544065475463867,0.4507296085357666,0.971786618232727,-0.09821487963199615,0.0,0.23947149515151978,0.7605285048484802,0.0,-0.3967703878879547,-0.7517558932304382,1.1978641748428345,1.087982177734375,0.0,0.0,0.5549410581588745,0.44505906105041504
1,235,0.10152501803962974,0.10152501803894272,0.10152501803894269,0.6954249458824849,-0.4617052674293518,0.4759783446788788,0.49687379598617554,0.47637367248535156,0.0,0.3262364168961843,0.3471318682034811,0.3266317447026571,-0.5177402496337891,1.2000535726547241,0.012882426381111145,0.36017942428588867,0.0,0.9199370741844177,0.0,0.08006292581558228
1,236,0.10152501803962974,0.10152501803894272,0.10152501803894269,0.6954249458824849,-0.635586678981781,1.0402487516403198,0.7995008230209351,-0.18406592309474945,0.0,0.6203739643096924,0.3796260356903076,0.0,0.8981144428253174,0.14914639294147491,-0.31220340728759766,0.15137037634849548,0.8319040139516195,0.082935964067777,0.0,0.08515994747479756
1,237,0.10152501803962974,0.10152501803894272,0.10152501803894269,0.6954249458824849,-0.6203834414482117,0.6915771961212158,0.7220264673233032,0.20332133769989014,0.0,0.4847753643989563,0.5152246356010437,0.0,-0.9690035581588745,-0.48297810554504395,1.6386196613311768,0.9217849969863892,0.0,0.0,0.858417272567749,0.14158260822296143
1,238,0.10152501803962974,0.10152501803894272,0.10152501803894269,0.6954249458824849,-0.2477394938468933,0.5974404811859131,0.43333446979522705,0.219774529337883,0.0,0.5139240026473999,0.34981799125671387,0.1362580507993698,0.5499109029769897,0.4957972764968872,-0.4291415810585022,0.2673954963684082,0.44554301102956134,0.3914293845494588,0.0,0.1630276044209798
1,239,0.10152501803962974,0.10152501803894272,0.10152501803894269,0.6954249458824849,0.004096955060958862,0.6264020204544067,-0.10043574869632721,0.43586277961730957,0.0,0.5952696204185486,0.0,0.4047303795814514,0.8843206167221069,-0.04736939072608948,0.19633886218070984,-0.061257243156433105,0.8439908623695374,0.0,0.15600910782814026,0.0
1,240,0.10152501803962974,0.10152501803894272,0.10152501803894269,0.6954249458824849,0.06326785683631897,0.5955462455749512,0.11127002537250519,0.2553803026676178,0.056901752948760986,0.5891801416873932,0.1049039214849472,0.24901419878005981,0.2810772955417633,0.28276365995407104,0.18823125958442688,0.2504906952381134,0.28043657541275024,0.282122939825058,0.18759053945541382,0.24984997510910034
1,241,0.10152501803647798,0.10152501803646766,0.10152501803646766,0.6954249458905867,0.16390855610370636,0.015096142888069153,0.8767675161361694,-0.030295774340629578,0.14357049763202667,0.0,0.8564294576644897,0.0,-0.3169703185558319,1.8607211112976074,0.494643896818161,-0.962043046951294,0.0,1.0,0.0,0.0
1,242,0.10152501803647798,0.10152501803646766,0.10152501803646766,0.6954249458905867,-0.1403833031654358,0.3857576251029968,1.0343822240829468,-0.2509188652038574,0.0,0.1756877303123474,0.8243123292922974,0.0,-1.3124425411224365,0.32405778765678406,0.1343410611152649,1.9340620040893555,0.0,0.0,0.0,1.0
1,243,0.10152501803647798,0.10152501803646766,0.10152501803646766,0.6954249458905867,-0.07323530316352844,0.1959204077720642,0.935061514377594,-0.07632164657115936,0.0,0.1304294466972351,0.8695705533027649,0.0,-0.784765362739563,1.2554590702056885,0.3102526068687439,0.20194292068481445,0.0,0.9726032018661499,0.027396738529205322,0.0
1,244,0.10152501803647798,0.10152501803646766,0.10152501803646766,0.6954249458905867,-0.04589679837226868,0.6890037059783936,0.692642867565155,-0.3716346025466919,0.0,0.4981803894042969,0.5018195509910583,0.0,-1.1277053356170654,1.027595043182373,-0.8798232674598694,1.9565013647079468,0.0,0.03554677963256836,0.0,0.9644531011581421
1,245,0.10152501803647798,0.10152501803646766,0.10152501803646766,0.6954249458905867,-0.3004745841026306,0.7951297760009766,0.5306474566459656,-0.03405766189098358,0.0,0.6322411298751831,0.3677588105201721,0.0,0.04938063025474548,-1.0390362739562988,1.253995656967163,0.8231219053268433,0.0,0.0,0.7154369354248047,0.28456318378448486
1,246,0.10152501803647798,0.10152501803646766,0.10152501803646766,0.6954249458905867,0.37967178225517273,-0.1894688904285431,1.0308090448379517,-0.1935592144727707,0.17443135380744934,0.0,0.8255686163902283,0.0,0.4060898423194885,0.18787351250648499,0.18456611037254333,0.19813144207000732,0.4119246006011963,0.19370827078819275,0.1904008686542511,0.2039662003517151
1,247,0.10152501803647798,0.10152501803646766,0.10152501803646766,0.6954249458905867,-0.1975955367088318,-0.08134916424751282,0.6293835043907166,0.6624158620834351,0.0,0.0,0.48348385095596313,0.5165162086486816,0.7210484743118286,1.93397855758667,-1.7546429634094238,0.026707470417022705,0.0,1.0,0.0,0.0
1,248,0.10152501803647798,0.10152501803646766,0.10152501803646766,0.6954249458905867,-0.04916787147521973,-0.01789960265159607,1.1052725315093994,-0.02726931869983673,0.0,0.0,1.0,0.0,-0.5450937747955322,-0.9977765679359436,1.715026617050171,0.90422523021698,0.0,0.0,0.9054007530212402,0.09459936618804932
1,249,0.10152501803647798,0.10152501803646766,0.10152501803646766,0.6954249458905867,-0.008475065231323242,0.36001935601234436,0.6618650555610657,0.0015996545553207397,0.0,0.34907713532447815,0.6509228348731995,0.0,0.024945884943008423,0.10708823800086975,0.027055606245994568,0.8251940011978149,0.028874963521957397,0.11101731657981873,0.030984684824943542,0.8291230797767639
1,250,0.10152501803647798,0.10152501803646766,0.10152501803646766,0.6954249458905867,-0.059193044900894165,0.05439108610153198,0.9712506532669067,0.03927958011627197,0.0,0.03275066614151001,0.9496102333068848,0.01763916015625,0.5478376150131226,-0.564792811870575,0.12082916498184204,0.9206613302230835,0.31358814239501953,0.0,0.0,0.6864118576049805
1,251,0.10152501803647798,0.10152501803646766,0.10152501803646766,0.6954249458905867,0.21917885541915894,-0.6714735627174377,1.398064136505127,0.12008452415466309,0.0,0.0,1.0,0.0,-0.1150771975517273,-1.2542150020599365,1.5679233074188232,1.0109394788742065,0.0,0.0,0.7784919738769531,0.22150814533233643
1,252,0.10152501803647798,0.10152501803646766,0.10152501803646766,0.6954249458905867,-0.3681195378303528,-0.10458868741989136,1.3170490264892578,0.18161071836948395,0.0,0.0,1.0,0.0,-0.25040605664253235,-0.2539191246032715,0.5036492347717285,1.0667656660079956,0.0,0.0,0.21844178438186646,0.7815582156181335
1,253,0.10152501803647798,0.10152501803646766,0.10152501803646766,0.6954249458905867,0.09652268886566162,-0.3467370867729187,0.6148844361305237,0.6652007699012756,0.0,0.0,0.474841833114624,0.525158166885376,-0.28100112080574036,0.11595158278942108,0.7840230464935303,0.30373507738113403,0.0,0.048048382004102067,0.7161198457082113,0.235831876595815
1,254,0.10152501803647798,0.10152501803646766,0.10152501803646766,0.6954249458905867,0.28327450156211853,-0.23947307467460632,0.7894559502601624,0.1612939089536667,0.20526640613873798,0.0,0.7114478548367819,0.08328581353028615,0.4016301929950714,-0.6757169365882874,2.132335662841797,-0.6680504083633423,0.0,0.0,1.0,0.0
1,255,0.10152501803647798,0.10152501803646766,0.10152501803646766,0.6954249458905867,-0.07694405317306519,0.038357093930244446,0.4410715699195862,0.5933011174201965,0.0,0.014113818605740864,0.4168282945950826,0.569057842095693,0.2220294028520584,-0.43004173040390015,1.735001802444458,-0.45977523922920227,0.0,0.0,1.0,0.0
1,256,0.10152501803647798,0.10152501803646766,0.10152501803646766,0.6954249458905867,0.1904335618019104,-0.107624351978302,0.14273850619792938,0.7900356650352478,0.1493643323580424,0.0,0.10166927675406137,0.7489664355913798,1.056022047996521,0.012792974710464478,-0.7931666970252991,0.676221489906311,0.689900279045105,0.0,0.0,0.310099720954895
1,257,0.10152501803647798,0.10152501803646766,0.10152501803646766,0.6954249458905867,-0.01656404137611389,-0.009801596403121948,0.29861611127853394,0.7515149712562561,0.0,0.0,0.2735505700111389,0.7264494299888611,-0.13291522860527039,-0.12622126936912537,0.40784069895744324,0.8738304376602173,0.0,0.0,0.2670051157474518,0.7329948544502258
1,258,0.10152501803647798,0.10152501803646766,0.10152501803646766,0.6954249458905867,0.47958818078041077,-0.565620481967926,-0.19882552325725555,1.2736544609069824,0.10296687483787537,0.0,0.0,0.897033154964447,0.7640259265899658,0.23444490134716034,-0.683493971824646,0.6965579986572266,0.5323496659596761,0.002768640716870635,0.0,0.4648817380269369
1,259,0.10152501803647798,0.10152501803646766,0.10152501803646766,0.6954249458905867,-0.12684735655784607,0.20397375524044037,0.3607252538204193,0.5800237059593201,0.0,0.15573285520076752,0.31248435378074646,0.5317828059196472,0.7028964757919312,-1.6186838150024414,1.9496650695800781,0.04161746799945831,0.0,0.0,1.0,0.0
1,260,0.10152501803647798,0.10152501803646766,0.10152501803646766,0.6954249458905867,0.03884883224964142,0.18481431901454926,0.23833048343658447,0.5441750288009644,0.03730665147304535,0.18327213823795319,0.2367883026599884,0.5426328480243683,0.2388792634010315,0.22149033844470978,0.27175742387771606,0.2653493583202362,0.239510178565979,0.2221212536096573,0.2723883390426636,0.2659802734851837
1,261,0.10152501803641333,0.10152501803641319,0.10152501803641319,0.6954249458907604,0.3949531614780426,0.07391752302646637,0.44627851247787476,0.08091939985752106,0.3959360122680664,0.07490037381649017,0.44726136326789856,0.08190225064754486,-0.09198471903800964,1.507514238357544,0.2705204486846924,-0.6838843822479248,0.0,1.0,0.0,0.0
1,262,0.10152501803641333,0.10152501803641319,0.10152501803641319,0.6954249458907604,-0.13378793001174927,0.36098727583885193,0.8251065015792847,-0.04139040410518646,0.0,0.26794037222862244,0.7320595979690552,0.0,-0.020180553197860718,-0.5286636352539062,0.5449028611183167,1.063765287399292,0.0,0.0,0.24056881666183472,0.7594312429428101
1,263,0.10152501803641333,0.10152501803641319,0.10152501803641319,0.6954249458907604,0.4270383417606354,0.08427715301513672,0.6253942847251892,-0.10825119912624359,0.38146840532620746,0.038707216580708824,0.5798243482907613,0.0,-0.08161833882331848,-0.9071192145347595,0.8040709495544434,1.256345510482788,0.0,0.0,0.27386271953582764,0.7261372804641724
1,264,0.10152501803641333,0.10152501803641319,0.10152501803641319,0.6954249458907604,-0.13498935103416443,0.3554602563381195,0.8664029836654663,-0.05923892557621002,0.0,0.2445286214351654,0.7554713487625122,0.0,0.42457661032676697,-0.3459712266921997,0.39165687561035156,0.6371966600418091,0.2734332183996836,0.0,0.24051348368326822,0.4860532681147257
1,265,0.10152501803641333,0.10152501803641319,0.10152501803641319,0.6954249458907604,-0.09106793999671936,0.6424011588096619,0.691846489906311,-0.2524041533470154,0.0,0.4752773642539978,0.524722695350647,0.0,-0.9292957782745361,0.21404193341732025,0.6580928564071655,1.0120036602020264,0.0,0.0,0.3230445981025696,0.6769554018974304
1,266,0.10152501803641333,0.10152501803641319,0.10152501803641319,0.6954249458907604,0.2817116379737854,0.7770688533782959,0.15736931562423706,-0.2191482037305832,0.20966170231501263,0.7050189177195231,0.08531937996546428,0.0,-1.1239933967590332,1.075938105583191,0.527307391166687,0.5396484136581421,0.0,0.6949735085169475,0.14634279410044354,0.15868381659189862
1,267,0.10152501803641333,0.10152501803641319,0.10152501803641319,0.6954249458907604,-0.12584558129310608,0.7613587975502014,0.8897876143455505,-0.5397272109985352,0.0,0.43578559160232544,0.5642144083976746,0.0,-0.05331799387931824,0.23608087003231049,0.2786702811717987,0.5224653482437134,0.0,0.22367535531520844,0.26626476645469666,0.5100598335266113
1,268,0.10152501803641333,0.10152501803641319,0.10152501803641319,0.6954249458907604,0.4903600811958313,0.2965797483921051,0.6220917701721191,-0.42097562551498413,0.3540162444114685,0.1602359116077423,0.48574793338775635,0.0,0.789505124092102,-1.095073938369751,0.6041114330291748,0.6294589042663574,0.4484799305597941,0.0,0.2630862394968669,0.2884337107340495
1,269,0.10152501803641333,0.10152501803641319,0.10152501803641319,0.6954249458907604,0.42005664110183716,0.7811784148216248,-0.19686461985111237,-0.01190967857837677,0.3194391131401062,0.6805608868598938,0.0,0.0,1.2222323417663574,-1.1929826736450195,0.03514200448989868,0.827014684677124,0.6976088285446167,0.0,0.0,0.3023911714553833
1,270,0.10152501803641333,0.10152501803641319,0.10152501803641319,0.6954249458907604,0.8307195901870728,0.4782543182373047,-0.555628776550293,0.23989714682102203,0.6477625767389933,0.2952973047892252,0.0,0.0569401333729426,-0.802899956703186,1.106111764907837,-0.14199399948120117,0.9131990671157837,0.0,0.5964562892913818,0.0,0.4035435914993286
1,271,0.10152501803641333,0.10152501803641319,0.10152501803641319,0.6954249458907604,0.773055911064148,0.1043262779712677,0.3146478235721588,-0.20863328874111176,0.709045926729838,0.04031629363695781,0.25063783923784894,0.0,0.45725589990615845,-0.579086184501648,1.5632240772247314,-0.35368987917900085,0.0,0.0,1.0,0.0
1,272,0.10152501803641333,0.10152501803641319,0.10152501803641319,0.6954249458907604,0.19220764935016632,-0.04745227098464966,1.5507426261901855,-0.6617295145988464,0.0,0.0,1.0,0.0,-1.0829161405563354,-0.7497630715370178,1.078060269355774,1.8473089933395386,0.0,0.0,0.11537563800811768,0.8846243619918823
1,273,0.10152501803641333,0.10152501803641319,0.10152501803641319,0.6954249458907604,0.010274529457092285,0.5619503259658813,0.9867565631866455,-0.5334118008613586,0.0,0.2875968813896179,0.7124031186103821,0.0,0.4437510371208191,-0.4742552638053894,0.012170359492301941,0.9633216857910156,0.24021464586257935,0.0,0.0,0.7597852945327759
1,274,0.10152501803641333,0.10152501803641319,0.10152501803641319,0.6954249458907604,-0.18115657567977905,0.4708267152309418,0.7538448572158813,-0.04337050020694733,0.0,0.358490914106369,0.6415090560913086,0.0,0.34709373116493225,-0.0010012984275817871,-0.25386661291122437,0.7583354711532593,0.2943791449069977,0.0,0.0,0.7056208848953247
1,275,0.10152501803641333,0.10152501803641319,0.10152501803641319,0.6954249458907604,-0.17312806844711304,0.243326798081398,1.129334568977356,-0.18031232059001923,0.0,0.056996122002601624,0.9430038928985596,0.0,-0.16287291049957275,-0.4958246946334839,0.7605945467948914,0.924819827079773,0.0,0.0,0.4178873896598816,0.5821126699447632
1,276,0.10152501803641333,0.10152501803641319,0.10152501803641319,0.6954249458907604,-0.12948614358901978,0.4328745901584625,0.2255697250366211,0.4565426707267761,0.0,0.3945455849170685,0.18724071979522705,0.4182136654853821,-0.8717378377914429,0.07216717302799225,1.1977158784866333,0.43895840644836426,0.0,0.0,0.8793787360191345,0.12062126398086548
1,277,0.10152501803641333,0.10152501803641319,0.10152501803641319,0.6954249458907604,0.08647769689559937,0.13604992628097534,0.34821319580078125,0.4185943603515625,0.08914390206336975,0.13871613144874573,0.35087940096855164,0.4212605655193329,0.2822958827018738,-0.7564536929130554,0.15977808833122253,1.3221361637115479,0.0,0.0,0.0,1.0
1,278,0.10152501803641333,0.10152501803641319,0.10152501803641319,0.6954249458907604,0.25584325194358826,0.14276418089866638,0.2804871201515198,0.32696786522865295,0.2543276250362396,0.14124855399131775,0.27897149324417114,0.3254522383213043,-0.8155598640441895,0.7226300239562988,0.5063369274139404,0.5236345529556274,0.0,0.4717628558476766,0.2554697593053182,0.2727673848470052
1,279,0.10152501803641333,0.10152501803641319,0.10152501803641319,0.6954249458907604,0.6175154447555542,-0.2945663332939148,0.0652385950088501,0.612316906452179,0.5025992393493652,0.0,0.0,0.49740070104599,-0.273083359003067,0.3861120939254761,-0.5893669724464417,1.4615325927734375,0.0,0.0,0.0,1.0
1,280,0.10152501803641333,0.10152501803641319,0.10152501803641319,0.6954249458907604,0.2643931806087494,0.09429141879081726,-0.0483715683221817,0.6917127966880798,0.2475940485795339,0.07749228676160176,0.0,0.6749136646588644,0.33318549394607544,0.13913516700267792,0.07157132029533386,0.45043808221817017,0.3346029818058014,0.14055265486240387,0.07298880815505981,0.4518555700778961
1,281,0.10911164651609906,0.10911164651609905,0.6193638514176434,0.16241285555015852,0.33412614464759827,-0.5225518345832825,0.586001992225647,0.5839280486106873,0.1661074459552765,0.0,0.4179832935333252,0.4159093499183655,-0.6391721963882446,0.1623891294002533,0.06689901649951935,1.2224390506744385,0.0,0.0,0.0,1.0
1,282,0.10911164651609906,0.10911164651609905,0.6193638514176434,0.16241285555015852,0.28385215997695923,-0.6260669827461243,0.8066264986991882,0.535805881023407,0.07509062687555948,0.0,0.5978649655977885,0.3270443479220072,-0.06279745697975159,-1.4251556396484375,1.0502243041992188,1.5998713970184326,0.0,0.0,0.22517645359039307,0.7748235464096069
1,283,0.10911164651609906,0.10911164651609905,0.6193638514176434,0.16241285555015852,0.16601207852363586,-0.32118576765060425,1.0475023984909058,0.13283579051494598,0.050562014182408646,0.0,0.9320523341496786,0.017385726173718766,-0.11160850524902344,0.1974068284034729,-0.39651745557785034,1.3529428243637085,0.0,0.0,0.0,1.0
1,284,0.10911164651609906,0.10911164651609905,0.6193638514176434,0.16241285555015852,-0.12352392077445984,-0.12360814213752747,1.1612619161605835,0.10430511832237244,0.0,0.0,1.0,0.0,0.5043306350708008,1.3965239524841309,-1.580761432647705,0.7672868967056274,0.0,0.8146185874938965,0.0,0.18538153171539307
1,285,0.10911164651609906,0.10911164651609905,0.6193638514176434,0.16241285555015852,0.4254370331764221,-0.9020810723304749,0.9570545554161072,0.49860161542892456,0.13173927863438922,0.0,0.6633568008740742,0.20490386088689166,-0.6145271062850952,0.06727620959281921,1.2371031045913696,0.2971060276031494,0.0,0.0,0.9699985384941101,0.030001461505889893
1,286,0.10911164651609906,0.10911164651609905,0.6193638514176434,0.16241285555015852,-0.2754809260368347,0.14951476454734802,0.8742890954017639,0.24980470538139343,0.0,0.058311909437179565,0.7830862402915955,0.15860185027122498,0.819523811340332,-0.007781267166137695,-0.07341235876083374,0.3559468686580658,0.7317884564399719,0.0,0.0,0.2682115137577057
1,287,0.10911164651609906,0.10911164651609905,0.6193638514176434,0.16241285555015852,0.15975570678710938,0.41752123832702637,0.8169816136360168,-0.43918824195861816,0.028336207071940095,0.28610173861185706,0.6855621139208475,0.0,0.5009597539901733,-1.5203495025634766,0.6959081292152405,1.1786824464797974,0.042442997296651186,0.0,0.23739137252171832,0.7201656897862752
1,288,0.10911164651609906,0.10911164651609905,0.6193638514176434,0.16241285555015852,-0.2966715693473816,0.07285240292549133,1.1324667930603027,0.1115390807390213,0.0,0.0,1.0,0.0,-1.3427437543869019,0.38691002130508423,0.7484799027442932,1.2394981384277344,0.0,0.0,0.2544909119606018,0.745509147644043
1,289,0.10911164651609906,0.10911164651609905,0.6193638514176434,0.16241285555015852,-0.8969333171844482,0.7647081613540649,1.4864115715026855,-0.32349127531051636,0.0,0.13914835453033447,0.8608517646789551,0.0,-0.6068680286407471,-0.9777470231056213,2.6179773807525635,0.05385036766529083,0.0,0.0,1.0,0.0
1,290,0.10911164651609906,0.10911164651609905,0.6193638514176434,0.16241285555015852,-0.3654245138168335,0.6688041687011719,1.0574626922607422,-0.3600612282752991,0.0,0.30567073822021484,0.6943292617797852,0.0,0.7934468984603882,-2.445965051651001,1.5434598922729492,1.2777597904205322,0.0,0.0,0.6328500509262085,0.3671499490737915
1,291,0.10911164651609906,0.10911164651609905,0.6193638514176434,0.16241285555015852,-0.025000691413879395,0.16145630180835724,1.5710293054580688,-0.6815081238746643,0.0,0.0,1.0,0.0,1.1973596811294556,-0.6899510025978088,1.1266580820083618,-0.6885068416595459,0.5353507995605469,0.0,0.4646492004394531,0.0
1,292,0.10911164651609906,0.10911164651609905,0.6193638514176434,0.16241285555015852,0.05435959994792938,0.13926707208156586,1.460861325263977,-0.6082537174224854,0.0,0.0,1.0,0.0,-0.2281147837638855,-0.7407796382904053,0.7907154560089111,1.1663011312484741,0.0,0.0,0.3122071623802185,0.6877928376197815
1,293,0.10911164651609906,0.10911164651609905,0.6193638514176434,0.16241285555015852,-0.14324608445167542,0.7473398447036743,0.6735252141952515,-0.26530128717422485,0.0,0.5369073152542114,0.4630926847457886,0.0,-0.4449215233325958,1.3218326568603516,0.17698466777801514,-0.09488022327423096,0.0,1.0,0.0,0.0
1,294,0.10911164651609906,0.10911164651609905,0.6193638514176434,0.16241285555015852,0.4177575707435608,0.4583628177642822,1.19744873046875,-1.0165491104125977,0.05990121761957806,0.1005064646402995,0.8395923773447673,0.0,0.5027472376823425,0.636986494064331,-0.2393464744091034,0.16033120453357697,0.40272555748621625,0.5369648138682047,0.0,0.06030952433745067
1,295,0.10911164651609906,0.10911164651609905,0.6193638514176434,0.16241285555015852,0.18085867166519165,0.32643669843673706,0.9852705597877502,-0.474118173122406,0.016670048236846924,0.16224807500839233,0.8210819363594055,0.0,0.25373929738998413,-0.2877398133277893,-0.18207001686096191,1.2523576021194458,0.0006908774375915527,0.0,0.0,0.9993091821670532
1,296,0.10911164651609906,0.10911164651609905,0.6193638514176434,0.16241285555015852,0.01304750144481659,0.7744815945625305,0.8165757060050964,-0.5931800007820129,0.0,0.47895294427871704,0.521047055721283,0.0,-1.6217108964920044,-0.973490297794342,1.45668625831604,2.2837107181549072,0.0,0.0,0.0864877700805664,0.9135122299194336
1,297,0.10911164651609906,0.10911164651609905,0.6193638514176434,0.16241285555015852,0.3799562454223633,0.6928611993789673,0.3570798933506012,-0.4627571105957031,0.23665714263916016,0.5495620965957642,0.21378079056739807,0.0,-1.145462989807129,0.9933053851127625,0.17590251564979553,0.9424142837524414,0.0,0.5254455208778381,0.0,0.4745544195175171
1,298,0.10911164651609906,0.10911164651609905,0.6193638514176434,0.16241285555015852,0.5518608093261719,0.22290517389774323,0.14647698402404785,0.07182209193706512,0.5535945445299149,0.2246389091014862,0.14821071922779083,0.0735558271408081,0.1337621510028839,1.1983304023742676,-0.2063506543636322,-0.07486385107040405,0.0,1.0,0.0,0.0
1,299,0.10911164651609906,0.10911164651609905,0.6193638514176434,0.16241285555015852,0.2553447186946869,0.34962207078933716,0.23619598150253296,0.1407753825187683,0.25986018776893616,0.3541375398635864,0.24071145057678223,0.14529085159301758,1.4135429859161377,1.0576276779174805,-0.7653835415840149,-0.7145029306411743,0.6779576539993286,0.3220423460006714,0.0,0.0
1,300,0.10911164651609906,0.10911164651609905,0.6193638514176434,0.16241285555015852,0.2801523208618164,0.4246675670146942,0.31137946248054504,-0.005796030163764954,0.27475253740946454,0.41926778356234234,0.3059796790281932,0.0,0.3532474935054779,0.1825360804796219,0.1798822581768036,0.2747613787651062,0.355640709400177,0.18492929637432098,0.18227547407150269,0.2771545946598053
1,301,0.10183461211421656,0.10183461211421656,0.6935999527860218,0.10273082298554499,0.2838897705078125,0.1152942031621933,0.3841898739337921,0.1953694075345993,0.2892039567232132,0.120608389377594,0.3895040601491928,0.20068359375,1.2631125450134277,-0.24987566471099854,-0.4208567142486572,0.4460357129573822,0.9085384011268616,0.0,0.0,0.09146156907081604
1,302,0.10183461211421656,0.10183461211421656,0.6935999527860218,0.10273082298554499,0.06178313493728638,-0.6161231398582458,0.8767171502113342,0.6579060554504395,0.0,0.0,0.6094055771827698,0.390594482421875,0.05247028172016144,-1.0979359149932861,1.4353375434875488,0.6185605525970459,0.0,0.0,0.9083884954452515,0.09161150455474854
1,303,0.10183461211421656,0.10183461211421656,0.6935999527860218,0.10273082298554499,-0.1436346471309662,-0.25577878952026367,1.130271077156067,0.25143930315971375,0.0,0.0,0.9394158720970154,0.06058409810066223,-1.8512287139892578,-0.5067691802978516,1.528113842010498,1.9319974184036255,0.0,0.0,0.29805827140808105,0.7019418478012085
1,304,0.10183461211421656,0.10183461211421656,0.6935999527860218,0.10273082298554499,0.2173100858926773,-0.22622448205947876,1.0079010725021362,0.02518288791179657,0.10470451414585114,0.0,0.8952955007553101,0.0,-0.3028682768344879,-1.5523154735565186,0.9898013472557068,1.915366530418396,0.0,0.0,0.03721743822097778,0.962782621383667
1,305,0.10183461211421656,0.10183461211421656,0.6935999527860218,0.10273082298554499,-0.395307719707489,0.004890993237495422,1.5120517015457153,-0.11108659207820892,0.0,0.0,1.0,0.0,0.1699112206697464,-0.628806471824646,0.9011872410774231,0.6625391840934753,0.0,0.0,0.6193240284919739,0.3806759715080261
1,306,0.10183461211421656,0.10183461211421656,0.6935999527860218,0.10273082298554499,0.009766057133674622,-0.5497673749923706,1.3415532112121582,0.19232939183712006,0.0,0.0,1.0,0.0,-0.11534920334815979,-0.15035519003868103,0.540595531463623,0.9376260042190552,0.0,0.0,0.30148476362228394,0.6985152363777161
1,307,0.10183461211421656,0.10183461211421656,0.6935999527860218,0.10273082298554499,-0.1766226887702942,-0.4713936448097229,1.6371619701385498,0.06177617609500885,0.0,0.0,1.0,0.0,0.9313119649887085,-1.1247994899749756,0.9959667325019836,0.19861222803592682,0.46767258644104004,0.0,0.5323273539543152,0.0
1,308,0.10183461211421656,0.10183461211421656,0.6935999527860218,0.10273082298554499,-0.26238584518432617,-0.2386520802974701,1.3770520687103271,0.16486802697181702,0.0,0.0,1.0,0.0,-0.45323023200035095,-0.3190622329711914,1.038870096206665,0.6198533177375793,0.0,0.0,0.7095084190368652,0.29049164056777954
1,309,0.10183461211421656,0.10183461211421656,0.6935999527860218,0.10273082298554499,-0.44566768407821655,0.009966626763343811,1.7354240417480469,-0.2683572769165039,0.0,0.0,1.0,0.0,0.118046835064888,-0.7121992111206055,0.6860806941986084,0.9299557209014893,0.0,0.0,0.37806248664855957,0.6219375133514404
1,310,0.10183461211421656,0.10183461211421656,0.6935999527860218,0.10273082298554499,-0.20329490303993225,-0.054100364446640015,1.278674840927124,0.007810637354850769,0.0,0.0,1.0,0.0,0.16037465631961823,-0.1650846302509308,0.7324561476707458,0.39424294233322144,0.06468341251214345,0.0,0.6367649038632711,0.29855169852574664
1,311,0.10183461211421656,0.10183461211421656,0.6935999527860218,0.10273082298554499,-0.2341582477092743,-0.14790520071983337,1.4181454181671143,0.0004496723413467407,0.0,0.0,1.0,0.0,0.5204466581344604,0.06737110018730164,0.379059761762619,0.06763400137424469,0.5118187665939331,0.05874320864677429,0.3704318702220917,0.059006109833717346
1,312,0.10183461211421656,0.10183461211421656,0.6935999527860218,0.10273082298554499,-0.5309421420097351,0.14138484001159668,1.3229832649230957,0.08964414894580841,0.0,0.0,1.0,0.0,0.9520150423049927,-0.15879204869270325,0.5355700254440308,-0.27657416462898254,0.708222508430481,0.0,0.29177749156951904,0.0
1,313,0.10183461211421656,0.10183461211421656,0.6935999527860218,0.10273082298554499,0.02788950502872467,0.25662824511528015,1.118773102760315,-0.43315792083740234,0.0,0.06892755627632141,0.9310724139213562,0.0,-0.18956148624420166,1.2487378120422363,-0.9351376891136169,0.9156360626220703,0.0,0.666550874710083,0.0,0.333449125289917
1,314,0.10183461211421656,0.10183461211421656,0.6935999527860218,0.10273082298554499,0.20548781752586365,0.22446466982364655,0.8101539015769958,-0.20887960493564606,0.12545232971509296,0.14442918201287586,0.7301184137662252,0.0,0.8048074245452881,0.21257659792900085,0.09276826679706573,-0.10176247358322144,0.7680899699529012,0.17585914333661398,0.056050812204678856,0.0
1,315,0.10183461211421656,0.10183461211421656,0.6935999527860218,0.10273082298554499,0.3418710231781006,-0.18127816915512085,0.40815383195877075,0.4435385465621948,0.27734986941019696,0.0,0.3436326781908671,0.3790173927942912,0.04199913144111633,-0.25531256198883057,0.8451614379882812,0.43079036474227905,0.0,0.0,0.7071855068206787,0.2928144335746765
1,316,0.10183461211421656,0.10183461211421656,0.6935999527860218,0.10273082298554499,-0.08465898036956787,1.0664174556732178,0.4775890111923218,-0.4328930974006653,0.0,0.794414222240448,0.205585777759552,0.0,1.6956819295883179,0.007879763841629028,-1.3625898361206055,0.5951884984970093,1.0,0.0,0.0,0.0
1,317,0.10183461211421656,0.10183461211421656,0.6935999527860218,0.10273082298554499,0.3915351629257202,0.12685145437717438,0.2830936312675476,0.17632651329040527,0.39708347618579865,0.1323997676372528,0.28864194452762604,0.1818748265504837,0.8175463676452637,0.83785080909729,-0.7164316177368164,0.07620120048522949,0.4898477792739868,0.5101522207260132,0.0,0.0
1,318,0.10183461211421656,0.10183461211421656,0.6935999527860218,0.10273082298554499,-0.09848588705062866,0.7984176278114319,0.7921534776687622,-0.4905621409416199,0.0,0.5031320452690125,0.4968678951263428,0.0,0.31467878818511963,0.296762079000473,0.3335070013999939,0.045032963156700134,0.31718358397483826,0.29926687479019165,0.3360117971897125,0.04753775894641876
1,319,0.10183461211421656,0.10183461211421656,0.6935999527860218,0.10273082298554499,0.16919945180416107,-0.2683306932449341,1.1568413972854614,-0.09975774586200714,0.006179019808769226,0.0,0.9938209652900696,0.0,0.10809269547462463,-0.3652117848396301,0.6512629985809326,0.678253173828125,0.0,0.0,0.4865049123764038,0.5134950876235962
1,320,0.10183461211421656,0.10183461211421656,0.6935999527860218,0.10273082298554499,0.16586953401565552,-0.0642978847026825,0.8092101812362671,0.10298572480678558,0.13984773556391397,0.0,0.7831883827845255,0.07696392635504405,0.3727220892906189,0.31874698400497437,0.15396279096603394,0.15372848510742188,0.37293200194835663,0.3189568966627121,0.15417270362377167,0.1539383977651596
1,321,0.10904804324519866,0.10904804324519866,0.1616266143444126,0.62027729916519,0.2074960470199585,-0.004025489091873169,0.7365557551383972,0.0639638751745224,0.204824169476827,0.0,0.7338838775952657,0.06129199763139089,0.34368613362312317,0.35957229137420654,0.1806028187274933,0.10209812223911285,0.3471963107585907,0.3630824685096741,0.18411299586296082,0.10560829937458038
1,322,0.10904804324519866,0.10904804324519866,0.1616266143444126,0.62027729916519,0.27940699458122253,-0.006028890609741211,0.8491640090942383,-0.10753495991230011,0.21512147784233093,0.0,0.7848784923553467,0.0,0.3892565965652466,0.41755980253219604,0.14985010027885437,0.03759889304637909,0.39069025218486786,0.4189934581518173,0.15128375589847565,0.039032548666000366
1,323,0.10904804324519866,0.10904804324519866,0.1616266143444126,0.62027729916519,0.3580764830112457,-0.016470104455947876,0.6777467131614685,-0.018273666501045227,0.3401648700237274,0.0,0.6598351001739502,0.0,0.4553450644016266,0.3580282926559448,0.18095329403877258,0.026070520281791687,0.45024579763412476,0.352929025888443,0.17585402727127075,0.020971253514289856
1,324,0.10904804324519866,0.10904804324519866,0.1616266143444126,0.62027729916519,0.3022190034389496,-0.09743177890777588,0.7574186325073242,0.042362943291664124,0.2682188053925832,0.0,0.7234184344609579,0.008362745245297752,0.4688413143157959,0.32234182953834534,0.1950387954711914,0.0358474999666214,0.4633239507675171,0.31682446599006653,0.1895214319229126,0.03033013641834259
1,325,0.10904804324519866,0.10904804324519866,0.1616266143444126,0.62027729916519,0.20082008838653564,0.17644798755645752,0.7137309312820435,-0.07624734938144684,0.1704870859781901,0.14611498514811197,0.6833979288736979,0.0,0.4293634295463562,0.35375046730041504,0.20424602925777435,0.03355489671230316,0.4241347312927246,0.34852176904678345,0.19901733100414276,0.02832619845867157
1,326,0.10904804324519866,0.10904804324519866,0.1616266143444126,0.62027729916519,0.1206779032945633,0.5114350318908691,0.4998621940612793,-0.12735556066036224,0.0766861786444982,0.467443307240804,0.4558704694112142,0.0,0.3821536600589752,0.43693891167640686,0.13291624188423157,0.04225386679172516,0.3835879862308502,0.43837323784828186,0.13435056805610657,0.04368819296360016
1,327,0.10904804324519866,0.10904804324519866,0.1616266143444126,0.62027729916519,0.07111984491348267,0.29023706912994385,0.6533282399177551,0.009780541062355042,0.0650034248828888,0.28412064909935,0.6472118198871613,0.0036641210317611694,0.42941075563430786,0.30452361702919006,0.1966639757156372,0.06028607487678528,0.43168964982032776,0.30680251121520996,0.1989428699016571,0.06256496906280518
1,328,0.10904804324519866,0.10904804324519866,0.1616266143444126,0.62027729916519,-0.051193684339523315,0.5943228006362915,0.3090740144252777,0.16131123900413513,0.0,0.5727534294128418,0.287504643201828,0.13974186778068542,0.3393040597438812,0.3605273365974426,0.18764984607696533,0.09784866869449615,0.3429715931415558,0.3641948699951172,0.1913173794746399,0.10151620209217072
1,329,0.10904804324519866,0.10904804324519866,0.1616266143444126,0.62027729916519,0.11991272866725922,0.5009173154830933,0.2578100860118866,0.12944892048835754,0.11789046227931976,0.4988950490951538,0.25578781962394714,0.1274266541004181,0.32935258746147156,0.32228314876556396,0.2814767360687256,0.056937649846076965,0.33184005320072174,0.32477061450481415,0.28396420180797577,0.05942511558532715
1,330,0.10904804324519866,0.10904804324519866,0.1616266143444126,0.62027729916519,-0.006802678108215332,0.35803571343421936,0.4608423709869385,0.1880943477153778,0.0,0.35571156938870746,0.4585182269414266,0.18577020366986594,0.32642805576324463,0.29425743222236633,0.20180289447307587,0.16682960093021393,0.32909856736660004,0.29692794382572174,0.20447340607643127,0.16950011253356934
1,331,0.10904804324519866,0.10904804324519866,0.1616266143444126,0.62027729916519,0.01944717764854431,0.2951377332210541,0.4596734046936035,0.24385803937911987,0.014918088912963867,0.29060864448547363,0.45514431595802307,0.23932895064353943,0.23683664202690125,0.28757351636886597,0.27785414457321167,0.1903427243232727,0.23868487775325775,0.2894217520952225,0.2797023802995682,0.1921909600496292
1,332,0.10904804324519866,0.10904804324519866,0.1616266143444126,0.62027729916519,0.07776783406734467,0.2150154411792755,0.5049964785575867,0.22416621446609497,0.07228134572505951,0.20952895283699036,0.4995099902153015,0.21867972612380981,0.25777047872543335,0.23359639942646027,0.3048924505710602,0.19857223331928253,0.25906258821487427,0.23488850891590118,0.3061845600605011,0.19986434280872345
1,333,0.10904804324519866,0.10904804324519866,0.1616266143444126,0.62027729916519,-0.001752704381942749,0.2416975498199463,0.5189698338508606,0.24204877018928528,0.0,0.2407921552658081,0.5180644392967224,0.2411433756351471,0.283414751291275,0.2401830554008484,0.25987952947616577,0.2074374109506607,0.28568606078624725,0.24245436489582062,0.262150838971138,0.20970872044563293
1,334,0.10904804324519866,0.10904804324519866,0.1616266143444126,0.62027729916519,0.13704164326190948,0.07915763556957245,0.575023889541626,0.21050366759300232,0.13660992681980133,0.0787259191274643,0.5745921730995178,0.21007195115089417,0.30494967103004456,0.18114835023880005,0.2888280153274536,0.2279546558856964,0.3042295277118683,0.18042820692062378,0.28810787200927734,0.22723451256752014
1,335,0.10904804324519866,0.10904804324519866,0.1616266143444126,0.62027729916519,0.10781806707382202,0.13349027931690216,0.5036234259605408,0.256035715341568,0.10757619142532349,0.13324840366840363,0.5033815503120422,0.25579383969306946,0.251473605632782,0.15002496540546417,0.28981298208236694,0.3241233229637146,0.24761489033699036,0.14616625010967255,0.2859542667865753,0.320264607667923
1,336,0.10904804324519866,0.10904804324519866,0.1616266143444126,0.62027729916519,0.28110238909721375,-0.21806693077087402,0.6258503198623657,0.30850693583488464,0.20928248763084412,0.0,0.5540304183959961,0.23668703436851501,0.24597153067588806,0.2226077914237976,0.13283100724220276,0.39524346590042114,0.24680808186531067,0.22344434261322021,0.13366755843162537,0.39608001708984375
1,337,0.10904804324519866,0.10904804324519866,0.1616266143444126,0.62027729916519,0.28161299228668213,0.10728845000267029,0.30670425295829773,0.3015034794807434,0.28233569860458374,0.1080111563205719,0.30742695927619934,0.302226185798645,0.232700914144516,0.18567274510860443,0.16474387049674988,0.4154187738895416,0.23306682705879211,0.18603865802288055,0.165109783411026,0.41578468680381775
1,338,0.10904804324519866,0.10904804324519866,0.1616266143444126,0.62027729916519,0.19836832582950592,0.11810959875583649,0.4244094491004944,0.2580464482307434,0.19863487780094147,0.11837615072727203,0.42467600107192993,0.25831300020217896,0.24012750387191772,0.1713675856590271,0.1631927788257599,0.4229605197906494,0.2407154142856598,0.17195549607276917,0.16378068923950195,0.4235484302043915
1,339,0.10904804324519866,0.10904804324519866,0.1616266143444126,0.62027729916519,0.22235897183418274,-0.07188627123832703,0.5041539669036865,0.33771759271621704,0.20094878474871317,0.0,0.482743779818217,0.3163074056307475,0.25155311822891235,0.23582899570465088,0.13137666881084442,0.37781471014022827,0.2524097412824631,0.2366856187582016,0.13223329186439514,0.378671333193779
1,340,0.10904804324519866,0.10904804324519866,0.1616266143444126,0.62027729916519,0.294991135597229,-0.07464978098869324,0.5959234833717346,0.1868814080953598,0.26905914147694904,0.0,0.5699914892514547,0.16094941397507986,0.2689972221851349,0.14542753994464874,0.28735101222991943,0.31433627009391785,0.26496919989585876,0.14139951765537262,0.2833229899406433,0.3103082478046417
1,341,0.10650962465980025,0.10650962465980025,0.6499532875329781,0.13702746314742142,0.2696797549724579,0.08576618134975433,0.4515184462070465,0.18846860527992249,0.2708215117454529,0.08690793812274933,0.4526602029800415,0.18961036205291748,0.3271716237068176,0.22664256393909454,0.24473902583122253,0.19297932088375092,0.3292884975671768,0.22875943779945374,0.24685589969158173,0.1950961947441101
1,342,0.10650962465980025,0.10650962465980025,0.6499532875329781,0.13702746314742142,0.2083229422569275,0.283220112323761,0.3830685019493103,0.12725427746772766,0.20785647630691528,0.2827536463737488,0.3826020359992981,0.12678781151771545,0.27417629957199097,0.2551855742931366,0.3000752031803131,0.16371959447860718,0.2758871167898178,0.25689639151096344,0.30178602039813995,0.16543041169643402
1,343,0.10650962465980025,0.10650962465980025,0.6499532875329781,0.13702746314742142,0.3872402310371399,0.24267910420894623,0.23437952995300293,0.1344081163406372,0.38756348192691803,0.24300235509872437,0.23470278084278107,0.13473136723041534,0.3082815706729889,0.34010908007621765,0.2371779978275299,0.11655180156230927,0.30775147676467896,0.3395789861679077,0.23664790391921997,0.11602170765399933
1,344,0.10650962465980025,0.10650962465980025,0.6499532875329781,0.13702746314742142,0.36037197709083557,0.3025887906551361,0.2655109763145447,0.0632600337266922,0.36243903636932373,0.30465584993362427,0.26757803559303284,0.06532709300518036,0.2800512909889221,0.34978246688842773,0.2906446158885956,0.07877035439014435,0.2802391052246094,0.349970281124115,0.29083243012428284,0.0789581686258316
1,345,0.10650962465980025,0.10650962465980025,0.6499532875329781,0.13702746314742142,0.3371956944465637,0.2956588566303253,0.22335311770439148,0.15566393733024597,0.3342277705669403,0.2926909327507019,0.22038519382476807,0.15269601345062256,0.39225083589553833,0.3285960257053375,0.1645049750804901,0.11463306844234467,0.3922545909881592,0.3285997807979584,0.16450873017311096,0.11463682353496552
1,346,0.10650962465980025,0.10650962465980025,0.6499532875329781,0.13702746314742142,0.440265417098999,0.180311918258667,0.3396831154823303,0.049826040863990784,0.43774378299713135,0.17779028415679932,0.33716148138046265,0.04730440676212311,0.44624775648117065,0.3171064853668213,0.1740523874759674,0.053561583161354065,0.448505699634552,0.31936442852020264,0.17631033062934875,0.05581952631473541
1,347,0.10650962465980025,0.10650962465980025,0.6499532875329781,0.13702746314742142,0.43816107511520386,0.13970082998275757,0.39248740673065186,0.03611123561859131,0.4365459382534027,0.13808569312095642,0.3908722698688507,0.03449609875679016,0.4600057899951935,0.35743170976638794,0.18919478356838226,0.014407441020011902,0.4547458589076996,0.35217177867889404,0.18393485248088837,0.009147509932518005
1,348,0.10650962465980025,0.10650962465980025,0.6499532875329781,0.13702746314742142,0.3666713237762451,0.21128572523593903,0.4335954785346985,-0.011730894446372986,0.36282046635945636,0.2074348678191503,0.42974462111790973,0.0,0.47053390741348267,0.3224273920059204,0.1680893898010254,0.04566718637943268,0.4688544273376465,0.32074791193008423,0.1664099097251892,0.0439877063035965
1,349,0.10650962465980025,0.10650962465980025,0.6499532875329781,0.13702746314742142,0.29973098635673523,0.44249823689460754,0.42450016736984253,-0.14194069802761078,0.2441545029481252,0.3869217534859975,0.3689236839612325,0.0,0.4783763885498047,0.3278866410255432,0.16334745287895203,0.03711993992328644,0.4766937792301178,0.3262040317058563,0.16166484355926514,0.03543733060359955
1,350,0.10650962465980025,0.10650962465980025,0.6499532875329781,0.13702746314742142,0.34114718437194824,0.2909601628780365,0.5433654189109802,-0.16113032400608063,0.2826562722524007,0.23246925075848898,0.4848745067914327,0.0,0.4866655468940735,0.32093024253845215,0.15557004511356354,0.04416646063327789,0.4848324656486511,0.3190971612930298,0.15373696386814117,0.04233337938785553
1,351,0.10650962465980025,0.10650962465980025,0.6499532875329781,0.13702746314742142,0.327548623085022,0.2986861765384674,0.4728033244609833,-0.08543066680431366,0.29453591505686444,0.2656734685103099,0.43979061643282574,0.0,0.4519607424736023,0.34610509872436523,0.20761242508888245,0.016856759786605835,0.44632697105407715,0.3404713273048401,0.2019786536693573,0.011222988367080688
1,352,0.10650962465980025,0.10650962465980025,0.6499532875329781,0.13702746314742142,0.21663594245910645,0.21105705201625824,0.7848066687583923,-0.19775070250034332,0.14580269654591876,0.14022380610307056,0.7139734228452047,0.0,0.3951846957206726,0.4228900074958801,0.13925428688526154,0.03764806687831879,0.39644043147563934,0.42414574325084686,0.14051002264022827,0.03890380263328552
1,353,0.10650962465980025,0.10650962465980025,0.6499532875329781,0.13702746314742142,0.3110644817352295,-0.025837689638137817,0.6281416416168213,0.09830683469772339,0.29856014251708984,0.0,0.6156373023986816,0.08580249547958374,0.4277799725532532,0.3139435350894928,0.20710860192775726,0.04388609528541565,0.42960041761398315,0.3157639801502228,0.20892904698848724,0.04570654034614563
1,354,0.10650962465980025,0.10650962465980025,0.6499532875329781,0.13702746314742142,0.3599916994571686,-0.0994783341884613,0.7472490072250366,0.018315404653549194,0.3063713610172272,0.0,0.6936286687850952,0.0,0.35936081409454346,0.31842339038848877,0.16740012168884277,0.15551798045635223,0.35918524861335754,0.31824782490730286,0.16722455620765686,0.15534241497516632
1,355,0.10650962465980025,0.10650962465980025,0.6499532875329781,0.13702746314742142,0.30651870369911194,-0.04229104518890381,0.7880918979644775,-0.04484875500202179,0.2592134177684784,0.0,0.740786612033844,0.0,0.28786665201187134,0.3372759222984314,0.2824993431568146,0.09154409170150757,0.2880701571702957,0.3374794274568558,0.28270284831523895,0.09174759685993195
1,356,0.10650962465980025,0.10650962465980025,0.6499532875329781,0.13702746314742142,0.3640247881412506,-0.40728503465652466,1.0477594137191772,0.02063015103340149,0.15813270211219788,0.0,0.8418673276901245,0.0,0.21349558234214783,0.286391019821167,0.3057244122028351,0.18952611088752747,0.21471130847930908,0.28760674595832825,0.30694013833999634,0.19074183702468872
1,357,0.10650962465980025,0.10650962465980025,0.6499532875329781,0.13702746314742142,0.2855396866798401,-0.16327273845672607,0.9443287253379822,-0.03983677923679352,0.17060548067092896,0.0,0.829394519329071,0.0,0.24767088890075684,0.25997447967529297,0.3123539090156555,0.17561011016368866,0.24876853823661804,0.2610721290111542,0.3134515583515167,0.17670775949954987
1,358,0.10650962465980025,0.10650962465980025,0.6499532875329781,0.13702746314742142,0.1606142520904541,-0.023053407669067383,0.6396265625953674,0.22686061263084412,0.15158045291900635,0.0,0.6305927634239197,0.21782681345939636,0.29627469182014465,0.23893916606903076,0.26183080673217773,0.1937936544418335,0.2985651195049286,0.2412295937538147,0.26412123441696167,0.19608408212661743
1,359,0.10650962465980025,0.10650962465980025,0.6499532875329781,0.13702746314742142,0.2897989749908447,-0.06034073233604431,0.6365253925323486,0.14848323166370392,0.2648630936940511,0.0,0.611589511235555,0.1235473503669103,0.3101593852043152,0.19302776455879211,0.2851507365703583,0.21667374670505524,0.3089064955711365,0.1917748749256134,0.28389784693717957,0.21542085707187653
1,360,0.10650962465980025,0.10650962465980025,0.6499532875329781,0.13702746314742142,0.25021085143089294,-0.022320061922073364,0.5044762492179871,0.2602197527885437,0.24524189035097757,0.0,0.4995072881380717,0.25525079170862836,0.23618927597999573,0.24040015041828156,0.15339788794517517,0.36884060502052307,0.23648229241371155,0.24069316685199738,0.153690904378891,0.3691336214542389
1,361,0.10170883007811034,0.10170883007811034,0.6943838845276388,0.1021984553161405,0.2317279726266861,0.05144988000392914,0.43871426582336426,0.2711121439933777,0.2334769070148468,0.053198814392089844,0.44046320021152496,0.2728610783815384,0.2499246746301651,0.2325524389743805,0.13427209854125977,0.38202613592147827,0.2502308338880539,0.2328585982322693,0.13457825779914856,0.38233229517936707
1,362,0.10170883007811034,0.10170883007811034,0.6943838845276388,0.1021984553161405,0.20483578741550446,0.057356446981430054,0.36158475279808044,0.3677600026130676,0.2069515436887741,0.05947220325469971,0.3637005090713501,0.3698757588863373,0.25494804978370667,0.22906309366226196,0.1506621539592743,0.3636583089828491,0.25536516308784485,0.22948020696640015,0.15107926726341248,0.3640754222869873
1,363,0.10170883007811034,0.10170883007811034,0.6943838845276388,0.1021984553161405,0.04304592311382294,0.28331658244132996,0.4241887032985687,0.2515021562576294,0.042532578110694885,0.2828032374382019,0.4236753582954407,0.25098881125450134,0.25084030628204346,0.16331180930137634,0.2882751226425171,0.3138406574726105,0.24677333235740662,0.1592448353767395,0.28420814871788025,0.30977368354797363
1,364,0.10170883007811034,0.10170883007811034,0.6943838845276388,0.1021984553161405,0.035951003432273865,0.21783462166786194,0.5463402271270752,0.20150089263916016,0.035544320940971375,0.21742793917655945,0.5459335446357727,0.20109421014785767,0.3100663423538208,0.18636706471443176,0.30249112844467163,0.20512929558753967,0.30905288457870483,0.1853536069393158,0.30147767066955566,0.2041158378124237
1,365,0.10170883007811034,0.10170883007811034,0.6943838845276388,0.1021984553161405,-0.009325146675109863,0.3936684727668762,0.45020151138305664,0.17154233157634735,0.0,0.38853102922439575,0.44506406784057617,0.16640488803386688,0.3058052361011505,0.24318738281726837,0.2440260499715805,0.198711097240448,0.30787280201911926,0.24525494873523712,0.24609361588954926,0.20077866315841675
1,366,0.10170883007811034,0.10170883007811034,0.6943838845276388,0.1021984553161405,0.11044679582118988,0.32697322964668274,0.40470021963119507,0.16560319066047668,0.10851593315601349,0.32504236698150635,0.4027693569660187,0.1636723279953003,0.32132217288017273,0.19761186838150024,0.24974726140499115,0.23152892291545868,0.32126960158348083,0.19755929708480835,0.24969469010829926,0.23147635161876678
1,367,0.10170883007811034,0.10170883007811034,0.6943838845276388,0.1021984553161405,0.1274498999118805,0.34145671129226685,0.44066646695137024,0.09259849786758423,0.12690702080726624,0.3409138321876526,0.440123587846756,0.09205561876296997,0.2842763066291809,0.26478198170661926,0.29451367259025574,0.15976618230342865,0.28344178199768066,0.263947457075119,0.2936791479587555,0.1589316576719284
1,368,0.10170883007811034,0.10170883007811034,0.6943838845276388,0.1021984553161405,0.18431957066059113,0.3681688904762268,0.27487891912460327,0.17639845609664917,0.18337811529636383,0.3672274351119995,0.273937463760376,0.17545700073242188,0.2703397572040558,0.3401346802711487,0.24142621457576752,0.15026850998401642,0.2697974443435669,0.3395923674106598,0.24088390171527863,0.14972619712352753
1,369,0.10170883007811034,0.10170883007811034,0.6943838845276388,0.1021984553161405,0.2447812259197235,0.3247429430484772,0.17853698134422302,0.24590305984020233,0.2462901771068573,0.32625189423561096,0.1800459325313568,0.24741201102733612,0.30259764194488525,0.35138311982154846,0.25759822130203247,0.0881696343421936,0.3026604950428009,0.3514459729194641,0.2576610743999481,0.08823248744010925
1,370,0.10170883007811034,0.10170883007811034,0.6943838845276388,0.1021984553161405,0.34416428208351135,0.26373815536499023,0.1648612916469574,0.23105531930923462,0.34320953488349915,0.262783408164978,0.1639065444469452,0.2301005721092224,0.33463507890701294,0.32855427265167236,0.283825159072876,0.044905513525009155,0.3366550803184509,0.33057427406311035,0.28584516048431396,0.046925514936447144
1,371,0.10170883007811034,0.10170883007811034,0.6943838845276388,0.1021984553161405,0.35037747025489807,0.1605832576751709,0.22258219122886658,0.272661417722702,0.3488263785839081,0.1590321660041809,0.2210310995578766,0.27111032605171204,0.37913426756858826,0.32206523418426514,0.15717190504074097,0.14297369122505188,0.3787979781627655,0.3217289447784424,0.1568356156349182,0.14263740181922913
1,372,0.10170883007811034,0.10170883007811034,0.6943838845276388,0.1021984553161405,0.3824540972709656,0.08030223846435547,0.24558967351913452,0.29762232303619385,0.3809620141983032,0.07881015539169312,0.24409759044647217,0.2961302399635315,0.35083478689193726,0.35520121455192566,0.17693844437599182,0.10291439294815063,0.3543625921010971,0.3587290197610855,0.18046624958515167,0.10644219815731049
1,373,0.10170883007811034,0.10170883007811034,0.6943838845276388,0.1021984553161405,0.40627503395080566,0.09446369111537933,0.5355216860771179,-0.025053754448890686,0.39418824513753253,0.08237690230210622,0.5234348972638448,0.0,0.4258981943130493,0.30175283551216125,0.20474939048290253,0.06064420938491821,0.4276370406150818,0.3034916818141937,0.206488236784935,0.062383055686950684
1,374,0.10170883007811034,0.10170883007811034,0.6943838845276388,0.1021984553161405,0.3404201865196228,0.08600133657455444,0.6876345276832581,-0.08805252611637115,0.30240148305892944,0.047982633113861084,0.6496158242225647,0.0,0.43719348311424255,0.3086848556995392,0.1937318742275238,0.053688645362854004,0.43886876106262207,0.3103601336479187,0.19540715217590332,0.05536392331123352
1,375,0.10170883007811034,0.10170883007811034,0.6943838845276388,0.1021984553161405,0.27536606788635254,0.04706215858459473,0.7031223773956299,-0.02230466902256012,0.26684919993082684,0.03854529062906901,0.6946055094401041,0.0,0.3763810396194458,0.3474346995353699,0.1809692680835724,0.08216148614883423,0.37964440882205963,0.3506980687379837,0.18423263728618622,0.08542485535144806
1,376,0.10170883007811034,0.10170883007811034,0.6943838845276388,0.1021984553161405,0.20691323280334473,0.10035043954849243,0.4824724793434143,0.21840834617614746,0.204877108335495,0.0983143150806427,0.4804363548755646,0.21637222170829773,0.38061127066612244,0.34711557626724243,0.18705184757709503,0.07132694125175476,0.38408488035202026,0.35058918595314026,0.19052545726299286,0.07480055093765259
1,377,0.10170883007811034,0.10170883007811034,0.6943838845276388,0.1021984553161405,0.5279842615127563,-0.19001346826553345,0.5982039570808411,0.08322696387767792,0.45817919572194415,0.0,0.5283988912900289,0.013421898086865738,0.37504661083221436,0.3339649438858032,0.16959786415100098,0.1211366206407547,0.37511010468006134,0.3340284377336502,0.16966135799884796,0.12120011448860168
1,378,0.10170883007811034,0.10170883007811034,0.6943838845276388,0.1021984553161405,0.4196639060974121,0.011072248220443726,0.580501914024353,-0.0011837035417556763,0.41591787338256836,0.007326215505599976,0.5767558813095093,0.0,0.3300059139728546,0.3179037570953369,0.3072843849658966,0.03654250502586365,0.33207178115844727,0.31996962428092957,0.30935025215148926,0.0386083722114563
1,379,0.10170883007811034,0.10170883007811034,0.6943838845276388,0.1021984553161405,0.23491182923316956,0.0025775283575057983,0.8133694529533386,-0.027501031756401062,0.21077117323875427,0.0,0.7892287969589233,0.0,0.33986344933509827,0.2636715769767761,0.2396910935640335,0.1497960388660431,0.3416078984737396,0.2654160261154175,0.24143554270267487,0.15154048800468445
1,380,0.10170883007811034,0.10170883007811034,0.6943838845276388,0.1021984553161405,0.2122858762741089,-0.0735200047492981,0.6284162998199463,0.24766449630260468,0.18283029397328696,0.0,0.5989607175191244,0.21820891400178274,0.27594345808029175,0.26078322529792786,0.2882464826107025,0.16992434859275818,0.27721908688545227,0.2620588541030884,0.28952211141586304,0.1711999773979187
1,381,0.6195042869397721,0.109114110297189,0.16222361723475864,0.10915798552828021,0.1703830063343048,-0.0784798264503479,0.6475169658660889,0.26869362592697144,0.14151846369107565,0.0,0.6186524232228597,0.23982908328374228,0.3193334639072418,0.22138464450836182,0.24777545034885406,0.2042524665594101,0.3211469501256943,0.22319813072681427,0.24958893656730652,0.20606595277786255
1,382,0.6195042869397721,0.109114110297189,0.16222361723475864,0.10915798552828021,0.4508745074272156,-0.5615927577018738,0.8798823952674866,0.24324168264865875,0.25954165061314904,0.0,0.68854953845342,0.05190882583459219,0.28866350650787354,0.23923777043819427,0.1353152096271515,0.33637723326683044,0.2887650728225708,0.23933933675289154,0.13541677594184875,0.3364787995815277
1,383,0.6195042869397721,0.109114110297189,0.16222361723475864,0.10915798552828021,0.29416748881340027,-0.2927263379096985,0.8450632691383362,0.16757699847221375,0.19189823667208356,0.0,0.7427940169970194,0.06530774633089702,0.33049196004867554,0.04353298246860504,0.13572943210601807,0.4786500334739685,0.33339086174964905,0.04643188416957855,0.13862833380699158,0.481548935174942
1,384,0.6195042869397721,0.109114110297189,0.16222361723475864,0.10915798552828021,0.13851436972618103,-0.05647760629653931,0.8676592707633972,0.04648660123348236,0.1209609607855479,0.0,0.850105861822764,0.028933192292849224,0.2696326971054077,0.20213185250759125,0.044282346963882446,0.4661203622817993,0.27409088611602783,0.20659004151821136,0.048740535974502563,0.47057855129241943
1,385,0.6195042869397721,0.109114110297189,0.16222361723475864,0.10915798552828021,0.2077384889125824,0.07049503922462463,0.7318399548530579,-0.008428141474723816,0.2043806811173757,0.06713723142941792,0.7284821470578512,0.0,0.2957489490509033,0.32085224986076355,-0.0050438642501831055,0.3720031976699829,0.2995474735895793,0.3246507743994395,0.0,0.3758017222086589
1,386,0.6195042869397721,0.109114110297189,0.16222361723475864,0.10915798552828021,0.2533141076564789,0.020294949412345886,0.7236592769622803,0.009149044752120972,0.2517097592353821,0.018690600991249084,0.7220549285411835,0.00754469633102417,0.3298729658126831,0.3332211971282959,-0.05178681015968323,0.37093329429626465,0.31853048006693524,0.32187871138254803,0.0,0.3595908085505168
1,387,0.6195042869397721,0.109114110297189,0.16222361723475864,0.10915798552828021,0.1852094531059265,0.09352298080921173,0.6307413578033447,0.09288525581359863,0.1846196949481964,0.09293322265148163,0.6301515996456146,0.09229549765586853,0.3830605745315552,0.27394402027130127,0.060569509863853455,0.2898719608783722,0.38119906187057495,0.27208250761032104,0.05870799720287323,0.28801044821739197
1,388,0.6195042869397721,0.109114110297189,0.16222361723475864,0.10915798552828021,0.23738408088684082,0.19472625851631165,0.3393016457557678,0.2259930670261383,0.23803281784057617,0.195374995470047,0.3399503827095032,0.22664180397987366,0.2814962863922119,0.12514598667621613,0.2236766517162323,0.37287580966949463,0.2806975841522217,0.12434728443622589,0.22287794947624207,0.3720771074295044
1,389,0.6195042869397721,0.109114110297189,0.16222361723475864,0.10915798552828021,0.1063341349363327,0.1934974491596222,0.2636907994747162,0.4266890287399292,0.10878127813339233,0.19594459235668182,0.2661379426717758,0.42913617193698883,0.27149438858032227,0.18361005187034607,0.15216483175754547,0.3921290636062622,0.27164480090141296,0.18376046419143677,0.15231524407863617,0.3922794759273529
1,390,0.6195042869397721,0.109114110297189,0.16222361723475864,0.10915798552828021,0.14853164553642273,0.06229287385940552,0.47834014892578125,0.3087821900844574,0.1490449160337448,0.0628061443567276,0.47885341942310333,0.3092954605817795,0.23162813484668732,0.17051175236701965,0.2702040374279022,0.3212779760360718,0.23322264850139618,0.17210626602172852,0.2717985510826111,0.32287248969078064
1,391,0.6195042869397721,0.109114110297189,0.16222361723475864,0.10915798552828021,0.24282309412956238,0.11511993408203125,0.4077700078487396,0.23284943401813507,0.2431824803352356,0.11547932028770447,0.40812939405441284,0.2332088202238083,0.3056235909461975,0.2719120681285858,0.29758405685424805,0.1295447051525116,0.30445748567581177,0.2707459628582001,0.2964179515838623,0.12837859988212585
1,392,0.6195042869397721,0.109114110297189,0.16222361723475864,0.10915798552828021,0.2837199866771698,0.1818174570798874,0.2977384328842163,0.229493647813797,0.2855276018381119,0.18362507224082947,0.2995460480451584,0.23130126297473907,0.29770004749298096,0.33917954564094543,0.28916922211647034,0.07479055225849152,0.2974902093410492,0.33896970748901367,0.2889593839645386,0.07458071410655975
1,393,0.6195042869397721,0.109114110297189,0.16222361723475864,0.10915798552828021,0.48974156379699707,0.16699251532554626,0.3093591034412384,0.04312653839588165,0.4874366223812103,0.16468757390975952,0.30705416202545166,0.04082159698009491,0.37976667284965515,0.3514235019683838,0.1786843240261078,0.07757610082626343,0.3829040080308914,0.35456083714962006,0.18182165920734406,0.0807134360074997
1,394,0.6195042869397721,0.109114110297189,0.16222361723475864,0.10915798552828021,0.7369316220283508,-0.004318118095397949,0.3013891875743866,-0.029298022389411926,0.7177712321281433,0.0,0.2822287976741791,0.0,0.46803438663482666,0.358608603477478,0.2055967003107071,-0.010091960430145264,0.45728782812754315,0.3478620449701945,0.19485014180342355,0.0
1,395,0.6195042869397721,0.109114110297189,0.16222361723475864,0.10915798552828021,0.8928074240684509,0.10223491489887238,0.007726922631263733,0.0020097941160202026,0.8916126787662506,0.10104016959667206,0.0065321773290634155,0.0008150488138198853,0.7327156662940979,0.2920859158039093,0.07559454441070557,-0.10719543695449829,0.6992502808570862,0.2586205303668976,0.04212915897369385,0.0
1,396,0.6195042869397721,0.109114110297189,0.16222361723475864,0.10915798552828021,0.7812384366989136,0.0993502289056778,0.06889253854751587,0.05176001787185669,0.7809281349182129,0.09903992712497711,0.06858223676681519,0.051449716091156006,0.5759601593017578,0.1838638037443161,0.20378635823726654,0.04335173964500427,0.5742196440696716,0.18212328851222992,0.20204584300518036,0.04161122441291809
1,397,0.6195042869397721,0.109114110297189,0.16222361723475864,0.10915798552828021,0.6455867290496826,0.17030808329582214,0.37364083528518677,-0.18609501421451569,0.5824081897735596,0.1071295440196991,0.3104622960090637,0.0,0.6960159540176392,0.26080459356307983,0.05993965268135071,-0.024227410554885864,0.6904292106628418,0.25521785020828247,0.054352909326553345,0.0
1,398,0.6195042869397721,0.109114110297189,0.16222361723475864,0.10915798552828021,0.6612251996994019,0.02809073030948639,0.661496639251709,-0.35431092977523804,0.49986428022384644,0.0,0.5001357197761536,0.0,0.640034019947052,0.3403595983982086,0.07823365926742554,-0.07618486881256104,0.6204915642738342,0.32081714272499084,0.058691203594207764,0.0
1,399,0.6195042869397721,0.109114110297189,0.16222361723475864,0.10915798552828021,0.670175313949585,0.358681857585907,0.45947885513305664,-0.4877987504005432,0.5073966185251871,0.1959031621615092,0.2967001597086588,0.0,0.641602098941803,0.3308788537979126,0.08559161424636841,-0.07456445693969727,0.6222445766131083,0.31152133146921795,0.06623409191767375,0.0
1,400,0.6195042869397721,0.109114110297189,0.16222361723475864,0.10915798552828021,0.7603247761726379,0.08770051598548889,0.5136650204658508,-0.3823065161705017,0.6233298778533936,0.0,0.37667012214660645,0.0,0.6902678608894348,0.29314592480659485,0.029360905289649963,-0.020769357681274414,0.6860096255938212,0.28888768951098126,0.025102669994036358,0.0
1,401,0.15227597402247986,0.6248238815954703,0.11368900551485842,0.1092111388671914,0.6942683458328247,0.13901387155056,0.3931708335876465,-0.22325222194194794,0.6187839905420939,0.06352951625982921,0.3176864782969157,0.0,0.7081788182258606,0.288069486618042,0.08460578322410583,-0.08831611275672913,0.681227465470632,0.2611181338628133,0.05765443046887715,0.0
1,402,0.15227597402247986,0.6248238815954703,0.11368900551485842,0.1092111388671914,0.48262345790863037,0.33773669600486755,0.32746726274490356,-0.1433797925710678,0.4333476622899373,0.2884609003861745,0.2781914671262105,0.0,0.4931144714355469,0.30517205595970154,0.1741841435432434,0.03630301356315613,0.4909210503101349,0.30297863483428955,0.17199072241783142,0.03410959243774414
1,403,0.15227597402247986,0.6248238815954703,0.11368900551485842,0.1092111388671914,0.32330432534217834,0.23201845586299896,0.6427512764930725,-0.17556847631931305,0.2572796245416005,0.16599375506242114,0.5767265756924947,0.0,0.3678950071334839,0.31714755296707153,0.21850553154945374,0.08458749949932098,0.37086109817028046,0.3201136440038681,0.2214716225862503,0.08755359053611755
1,404,0.15227597402247986,0.6248238815954703,0.11368900551485842,0.1092111388671914,0.3471018671989441,0.2805315852165222,0.5726647973060608,-0.1937645822763443,0.28033576409022015,0.21376548210779828,0.5058986941973368,0.0,0.299411416053772,0.3345692753791809,0.2834038734436035,0.08300834894180298,0.29931318759918213,0.33447104692459106,0.28330564498901367,0.08291012048721313
1,405,0.15227597402247986,0.6248238815954703,0.11368900551485842,0.1092111388671914,0.20451363921165466,0.16102299094200134,0.896612286567688,-0.24567638337612152,0.11713064710299174,0.07363999883333842,0.809229294459025,0.0,0.30057552456855774,0.26628565788269043,0.31292614340782166,0.12525449693202972,0.29931506514549255,0.26502519845962524,0.31166568398475647,0.12399403750896454
1,406,0.15227597402247986,0.6248238815954703,0.11368900551485842,0.1092111388671914,0.23592104017734528,-0.1307675540447235,1.0308657884597778,-0.11956317722797394,0.10252763330936432,0.0,0.8974723815917969,0.0,0.2151477038860321,0.1524365246295929,0.2877117991447449,0.3400474190711975,0.21631184220314026,0.15360066294670105,0.288875937461853,0.34121155738830566
1,407,0.15227597402247986,0.6248238815954703,0.11368900551485842,0.1092111388671914,0.38076502084732056,-0.18447941541671753,0.5499748587608337,0.2537354528903961,0.3192732532819112,0.0,0.4884830911954244,0.19224368532498678,0.29728415608406067,0.20397800207138062,0.1597360074520111,0.33994877338409424,0.2970474362373352,0.20374128222465515,0.15949928760528564,0.3397120535373688
1,408,0.15227597402247986,0.6248238815954703,0.11368900551485842,0.1092111388671914,0.2997165322303772,-0.05222705006599426,0.765192449092865,-0.0004246234893798828,0.2672620415687561,0.0,0.7327379584312439,0.0,0.3074437379837036,0.03423720598220825,0.15819817781448364,0.48864904046058655,0.3103117048740387,0.037105172872543335,0.16106614470481873,0.49151700735092163
1,409,0.15227597402247986,0.6248238815954703,0.11368900551485842,0.1092111388671914,0.2306199073791504,-0.0009140372276306152,0.5988096594810486,0.16945108771324158,0.23099303245544434,0.0,0.5991827845573425,0.16982421278953552,0.26852473616600037,0.19533541798591614,0.06703375279903412,0.4530792832374573,0.2725314497947693,0.19934213161468506,0.07104046642780304,0.4570859968662262
1,410,0.15227597402247986,0.6248238815954703,0.11368900551485842,0.1092111388671914,0.16959136724472046,0.0386500358581543,0.5865805149078369,0.20113559067249298,0.1706019937992096,0.03966066241264343,0.587591141462326,0.20214621722698212,0.37912482023239136,0.29317131638526917,0.06219509243965149,0.2725569009780884,0.37736278772354126,0.29140928387641907,0.06043305993080139,0.2707948684692383
1,411,0.15227597402247986,0.6248238815954703,0.11368900551485842,0.1092111388671914,0.20649467408657074,-0.046262115240097046,0.5325900316238403,0.30941474437713623,0.19032818575700125,0.0,0.5164235432942709,0.2932482560475667,0.38718777894973755,0.2804880738258362,0.055774763226509094,0.28329911828041077,0.38550034165382385,0.2788006365299225,0.0540873259305954,0.28161168098449707
1,412,0.15227597402247986,0.6248238815954703,0.11368900551485842,0.1092111388671914,0.24686847627162933,-0.0643620491027832,0.2599923610687256,0.553667426109314,0.22669238348801932,0.0,0.23981626828511557,0.533491333325704,0.29833027720451355,0.14022573828697205,0.2094583809375763,0.3561273515224457,0.29729482531547546,0.13919028639793396,0.2084229290485382,0.3550918996334076
1,413,0.15227597402247986,0.6248238815954703,0.11368900551485842,0.1092111388671914,0.12031014263629913,-0.08109045028686523,0.6121023893356323,0.35605013370513916,0.09082257250944774,0.0,0.5826148192087809,0.3265625635782878,0.11476597189903259,0.20468157529830933,0.23186001181602478,0.4438745081424713,0.11597046256065369,0.20588606595993042,0.23306450247764587,0.4450789988040924
1,414,0.15227597402247986,0.6248238815954703,0.11368900551485842,0.1092111388671914,0.24057714641094208,0.053455010056495667,0.4009341895580292,0.30801063776016235,0.23983289301395416,0.05271075665950775,0.40018993616104126,0.30726638436317444,0.29294639825820923,0.14828848838806152,0.2980736494064331,0.2796575725078583,0.2882048785686493,0.1435469686985016,0.29333212971687317,0.27491605281829834
1,415,0.15227597402247986,0.6248238815954703,0.11368900551485842,0.1092111388671914,0.15724825859069824,0.2521117925643921,0.5149115324020386,0.08165934681892395,0.15576553344726562,0.2506290674209595,0.513428807258606,0.08017662167549133,0.33929717540740967,0.21619945764541626,0.27249571681022644,0.1670573502779007,0.3405347466468811,0.2174370288848877,0.2737332880496979,0.16829492151737213
1,416,0.15227597402247986,0.6248238815954703,0.11368900551485842,0.1092111388671914,0.43144452571868896,0.2031511515378952,0.32662224769592285,0.03708368539810181,0.43186911940574646,0.2035757452249527,0.32704684138298035,0.0375082790851593,0.2816930413246155,0.2736201286315918,0.2860585153102875,0.15693046152591705,0.2821175158023834,0.27404460310935974,0.2864829897880554,0.157354936003685
1,417,0.15227597402247986,0.6248238815954703,0.11368900551485842,0.1092111388671914,0.45554476976394653,0.14998558163642883,0.38667574524879456,0.004114106297492981,0.4564647227525711,0.1509055346250534,0.38759569823741913,0.005034059286117554,0.3214324116706848,0.3335157334804535,0.28512805700302124,0.062670037150383,0.3207458555698395,0.33282917737960815,0.2844415009021759,0.06198348104953766
1,418,0.15227597402247986,0.6248238815954703,0.11368900551485842,0.1092111388671914,0.7245454788208008,0.2725439965724945,0.006804376840591431,-0.00732855498790741,0.7232475280761719,0.2712460458278656,0.005506426095962524,0.0,0.3909938931465149,0.34992706775665283,0.1764661967754364,0.07018789649009705,0.3941001296043396,0.35303330421447754,0.1795724332332611,0.07329413294792175
1,419,0.15227597402247986,0.6248238815954703,0.11368900551485842,0.1092111388671914,0.7128187417984009,0.21372684836387634,0.15089979767799377,-0.07010321319103241,0.6870036125183105,0.187911719083786,0.12508466839790344,0.0,0.5034090280532837,0.3688650131225586,0.18358922004699707,-0.03266364336013794,0.4847879409790039,0.3502439260482788,0.16496813297271729,0.0
1,420,0.15227597402247986,0.6248238815954703,0.11368900551485842,0.1092111388671914,0.6325390338897705,0.2699396014213562,0.21772974729537964,-0.11778594553470612,0.5924695730209351,0.22987014055252075,0.1776602864265442,0.0,0.530418872833252,0.32397598028182983,0.14516237378120422,-0.00029696524143218994,0.5305664539337158,0.3241235613822937,0.1453099548816681,0.0
1,421,0.11240270667966788,0.15089120184341173,0.6278109671461294,0.10889512433079097,0.755615770816803,0.08574949204921722,0.12652623653411865,0.04172229766845703,0.7532123327255249,0.08334605395793915,0.12412279844284058,0.039318859577178955,0.6008085608482361,0.20071622729301453,0.18493053317070007,0.020650163292884827,0.5990321934223175,0.19893985986709595,0.1831541657447815,0.018873795866966248
1,422,0.11240270667966788,0.15089120184341173,0.6278109671461294,0.10889512433079097,0.48216235637664795,0.6875532865524292,0.18311601877212524,-0.3502293825149536,0.3645518223444621,0.5699427525202433,0.06550548473993938,0.0,0.6657629013061523,0.3335736393928528,0.09375633299350739,-0.10908719897270203,0.6347319285074869,0.30254266659418744,0.06272536019484203,0.0
1,423,0.11240270667966788,0.15089120184341173,0.6278109671461294,0.10889512433079097,0.5225769877433777,0.28609639406204224,0.8377045392990112,-0.6327409148216248,0.3071177204449972,0.07063712676366171,0.6222452720006307,0.0,0.6589996814727783,0.3178127110004425,0.08175989985466003,-0.05571699142456055,0.6394755840301514,0.29828861355781555,0.06223580241203308,0.0
1,424,0.11240270667966788,0.15089120184341173,0.6278109671461294,0.10889512433079097,0.6142491102218628,0.4283762574195862,0.6072252988815308,-0.6435723304748535,0.3976322412490845,0.21175938844680786,0.39060842990875244,0.0,0.6428070068359375,0.3201388120651245,0.08626231551170349,-0.04786449670791626,0.6264042854309082,0.3037360906600952,0.0698595941066742,0.0
1,425,0.11240270667966788,0.15089120184341173,0.6278109671461294,0.10889512433079097,0.5768580436706543,0.4803941249847412,0.18216723203659058,-0.2392459362745285,0.49705155690511066,0.4005876382191976,0.10236074527104695,0.0,0.6398764848709106,0.3261260390281677,0.08129581809043884,-0.045143067836761475,0.6241103808085123,0.31035993496576947,0.06552971402804057,0.0
1,426,0.11240270667966788,0.15089120184341173,0.6278109671461294,0.10889512433079097,0.5189871788024902,0.3602534234523773,0.5370358228683472,-0.4229622483253479,0.3802283604939779,0.22149460514386496,0.39827700455983484,0.0,0.7203454971313477,0.277905136346817,0.03619149327278137,-0.040797680616378784,0.7088648080825806,0.2664244472980499,0.024710804224014282,0.0
1,427,0.11240270667966788,0.15089120184341173,0.6278109671461294,0.10889512433079097,0.34726014733314514,0.44732415676116943,0.37212151288986206,-0.1772359162569046,0.29169153173764545,0.39175554116566974,0.31655289729436237,0.0,0.5887017250061035,0.3540871739387512,0.11791117489337921,-0.05145499110221863,0.5684683720270792,0.333853820959727,0.09767782191435496,0.0
1,428,0.11240270667966788,0.15089120184341173,0.6278109671461294,0.10889512433079097,0.33550554513931274,0.5040136575698853,0.31151366233825684,-0.1485203057527542,0.2851612369219462,0.45366934935251874,0.2611693541208903,0.0,0.5031170845031738,0.3703209161758423,0.15234990417957306,-0.026980608701705933,0.4945211013158162,0.3617249329884847,0.14375392099221548,0.0
1,429,0.11240270667966788,0.15089120184341173,0.6278109671461294,0.10889512433079097,0.2031581550836563,0.36892279982566833,0.5736950635910034,-0.13858415186405182,0.15456614394982657,0.32033078869183856,0.5251030524571737,0.0,0.4446268081665039,0.41605836153030396,0.1519932746887207,-0.01611161231994629,0.4404006799062093,0.41183223327000934,0.14776714642842612,0.0
1,430,0.11240270667966788,0.15089120184341173,0.6278109671461294,0.10889512433079097,0.16865667700767517,0.3769870400428772,0.7271782755851746,-0.2578452229499817,0.07771600286165874,0.2860463658968608,0.6362376014391581,0.0,0.4051940441131592,0.3046260476112366,0.17411506175994873,0.11761227250099182,0.4048071801662445,0.3042391836643219,0.17372819781303406,0.11722540855407715
1,431,0.11240270667966788,0.15089120184341173,0.6278109671461294,0.10889512433079097,0.10870945453643799,0.3525550663471222,0.3665277361869812,0.18515579402446747,0.10547244548797607,0.3493180572986603,0.3632907271385193,0.18191878497600555,0.29698583483695984,0.31324201822280884,0.27356332540512085,0.12165625393390656,0.2956239879131317,0.3118801712989807,0.2722014784812927,0.12029440701007843
1,432,0.11240270667966788,0.15089120184341173,0.6278109671461294,0.10889512433079097,0.0086737722158432,0.3581642806529999,0.500579297542572,0.13230538368225098,0.00874309241771698,0.35823360085487366,0.5006486177444458,0.13237470388412476,0.3613183796405792,0.17163515090942383,0.2692180573940277,0.2000846117734909,0.3607543408870697,0.1710711121559143,0.2686540186405182,0.19952057301998138
1,433,0.11240270667966788,0.15089120184341173,0.6278109671461294,0.10889512433079097,0.07092228531837463,0.3739435374736786,0.4142440855503082,0.14389671385288239,0.07017064094543457,0.3731918931007385,0.41349244117736816,0.14314506947994232,0.35787543654441833,0.18443399667739868,0.2786439061164856,0.18522106111049652,0.35633185505867004,0.1828904151916504,0.2771003246307373,0.18367747962474823
1,434,0.11240270667966788,0.15089120184341173,0.6278109671461294,0.10889512433079097,0.24431131780147552,0.030210599303245544,0.3651484549045563,0.36731448769569397,0.2425651103258133,0.028464391827583313,0.36340224742889404,0.36556828022003174,0.2732599973678589,0.1675034761428833,0.17296209931373596,0.38712990283966064,0.2730461359024048,0.1672896146774292,0.17274823784828186,0.38691604137420654
1,435,0.11240270667966788,0.15089120184341173,0.6278109671461294,0.10889512433079097,0.2576541304588318,0.12505701184272766,0.35389426350593567,0.2625485062599182,0.25786563754081726,0.12526851892471313,0.35410577058792114,0.2627600133419037,0.30927151441574097,0.12240394949913025,0.20363843441009521,0.3692183196544647,0.3081384599208832,0.12127089500427246,0.20250537991523743,0.36808526515960693
1,436,0.11240270667966788,0.15089120184341173,0.6278109671461294,0.10889512433079097,0.27516087889671326,0.06483259797096252,0.5054107308387756,0.1478235125541687,0.2768539488315582,0.0665256679058075,0.5071038007736206,0.14951658248901367,0.26773306727409363,0.21532496809959412,0.04481767117977142,0.4547029137611389,0.2720884084701538,0.2196803092956543,0.049173012375831604,0.4590582549571991
1,437,0.11240270667966788,0.15089120184341173,0.6278109671461294,0.10889512433079097,0.22571101784706116,-0.025265663862228394,0.493977427482605,0.31340092420578003,0.21468121806780496,0.0,0.4829476277033488,0.30237112442652386,0.3817536234855652,0.28428295254707336,0.062441349029541016,0.27940571308135986,0.37978270649909973,0.2823120355606079,0.06047043204307556,0.2774347960948944
1,438,0.11240270667966788,0.15089120184341173,0.6278109671461294,0.10889512433079097,0.27960845828056335,-0.09363383054733276,0.5552120208740234,0.2598937451839447,0.2480370302995046,0.0,0.5236405928929647,0.22832231720288595,0.2838699519634247,0.21315401792526245,0.04394976794719696,0.44151777029037476,0.28824707865715027,0.21753114461898804,0.048326894640922546,0.44589489698410034
1,439,0.11240270667966788,0.15089120184341173,0.6278109671461294,0.10889512433079097,0.17694467306137085,0.04009726643562317,0.5598628520965576,0.2241143435239792,0.17668989300727844,0.03984248638153076,0.5596080720424652,0.22385956346988678,0.30456075072288513,0.02340315282344818,0.16536490619182587,0.4944162964820862,0.3076244741678238,0.02646687626838684,0.16842862963676453,0.49748001992702484
1,440,0.11240270667966788,0.15089120184341173,0.6278109671461294,0.10889512433079097,0.20664459466934204,0.08595219254493713,0.47630685567855835,0.23319634795188904,0.2061195969581604,0.0854271948337555,0.4757818579673767,0.2326713502407074,0.2834913432598114,0.16480079293251038,0.16034606099128723,0.3923763632774353,0.2832377254962921,0.1645471751689911,0.16009244322776794,0.392122745513916
1,441,0.10186522254354319,0.1025039047511795,0.6938238553585993,0.1018070173466781,0.17894390225410461,0.466620534658432,0.29997381567955017,0.054106712341308594,0.17903265357017517,0.46670928597450256,0.3000625669956207,0.05419546365737915,0.25105521082878113,0.164142906665802,0.2671416699886322,0.3124910295009613,0.25234751403331757,0.16543520987033844,0.26843397319316864,0.31378333270549774
1,442,0.10186522254354319,0.1025039047511795,0.6938238553585993,0.1018070173466781,0.28900402784347534,0.2525390088558197,0.43985939025878906,0.015069156885147095,0.28988614678382874,0.2534211277961731,0.44074150919914246,0.01595127582550049,0.3407351076602936,0.2488074153661728,0.2962581217288971,0.1193685382604599,0.33944281935691833,0.24751512706279755,0.29496583342552185,0.11807624995708466
1,443,0.10186522254354319,0.1025039047511795,0.6938238553585993,0.1018070173466781,0.5791071057319641,0.20035535097122192,0.27064546942710876,-0.06546969711780548,0.562404453754425,0.18365269899368286,0.2539428174495697,0.0,0.3400281071662903,0.3406790792942047,0.26137644052505493,0.05969180166721344,0.33958423137664795,0.3402352035045624,0.2609325647354126,0.059247925877571106
1,444,0.10186522254354319,0.1025039047511795,0.6938238553585993,0.1018070173466781,0.7398558259010315,0.2969966232776642,0.14312830567359924,-0.18824522197246552,0.6798622409502665,0.2370030383268992,0.08313472072283426,0.0,0.484414279460907,0.30511605739593506,0.2013736069202423,0.002199321985244751,0.4861384630203247,0.3068402409553528,0.20309779047966003,0.003923505544662476
1,445,0.10186522254354319,0.1025039047511795,0.6938238553585993,0.1018070173466781,0.6744656562805176,0.38922929763793945,0.023446381092071533,-0.0811915248632431,0.6426181793212891,0.35738182067871094,0.0,0.0,0.5304609537124634,0.3339424729347229,0.17769679427146912,-0.03423541784286499,0.5164275566736857,0.31990907589594525,0.16366339723269144,0.0
1,446,0.10186522254354319,0.1025039047511795,0.6938238553585993,0.1018070173466781,0.7334635853767395,0.20162664353847504,0.14016780257225037,-0.08252878487110138,0.7083775798479716,0.17654063800970712,0.11508179704348247,0.0,0.5868827104568481,0.3706555664539337,0.12695720791816711,-0.07488822937011719,0.5587175687154134,0.34249042471249896,0.09879206617673238,0.0
1,447,0.10186522254354319,0.1025039047511795,0.6938238553585993,0.1018070173466781,0.9011180996894836,0.03698660433292389,0.20963571965694427,-0.13816030323505402,0.8457412123680115,0.0,0.1542588323354721,0.0,0.7218042016029358,0.27727770805358887,0.049976155161857605,-0.05474555492401123,0.705451508363088,0.26092501481374103,0.03362346192200978,0.0
1,448,0.10186522254354319,0.1025039047511795,0.6938238553585993,0.1018070173466781,0.4352510869503021,0.5707870721817017,0.2990790903568268,-0.2940344214439392,0.33354533712069195,0.4690813223520915,0.1973733405272166,0.0,0.6803690195083618,0.34545040130615234,0.07539743185043335,-0.11842849850654602,0.6466300884882609,0.31171147028605145,0.041658500830332436,0.0
1,449,0.10186522254354319,0.1025039047511795,0.6938238553585993,0.1018070173466781,0.6973602771759033,0.07151474058628082,0.5020156502723694,-0.25897377729415894,0.5976723432540894,0.0,0.4023277163505554,0.0,0.631574273109436,0.33427539467811584,0.07993778586387634,-0.04413512349128723,0.61631178855896,0.31901291012763977,0.06467530131340027,0.0
1,450,0.10186522254354319,0.1025039047511795,0.6938238553585993,0.1018070173466781,0.445355623960495,0.4821415841579437,0.5642349123954773,-0.4834483861923218,0.28144491712252295,0.3182308773199717,0.40032420555750525,0.0,0.6365887522697449,0.3404441773891449,0.07436096668243408,-0.05000650882720947,0.619457463423411,0.3233128885428111,0.057229677836100265,0.0
1,451,0.10186522254354319,0.1025039047511795,0.6938238553585993,0.1018070173466781,0.45969629287719727,0.6777269840240479,0.16353829205036163,-0.2989208698272705,0.3593757549921672,0.5774064461390177,0.06321775416533153,0.0,0.6763595342636108,0.344160258769989,0.0658189058303833,-0.10305646061897278,0.6475799878438314,0.31538071235020954,0.037039359410603837,0.0
1,452,0.10186522254354319,0.1025039047511795,0.6938238553585993,0.1018070173466781,0.34536057710647583,0.5733616948127747,0.20494377613067627,-0.13608123362064362,0.30413856108983356,0.5321396787961324,0.16372176011403403,0.0,0.6161682605743408,0.19595453143119812,0.1598624438047409,0.03329561650753021,0.6148480474948883,0.1946343183517456,0.1585422307252884,0.0319754034280777
1,453,0.10186522254354319,0.1025039047511795,0.6938238553585993,0.1018070173466781,0.4602338671684265,0.36584001779556274,0.2836948335170746,-0.11052592098712921,0.4236442844072978,0.329250435034434,0.24710525075594583,0.0,0.7495813369750977,0.25373759865760803,0.10567907989025116,-0.1150122582912445,0.7132486899693807,0.21740495165189108,0.06934643288453421,0.0
1,454,0.10186522254354319,0.1025039047511795,0.6938238553585993,0.1018070173466781,0.3473436236381531,0.29614540934562683,0.21972684562206268,0.13019490242004395,0.34899093210697174,0.2977927178144455,0.22137415409088135,0.1318422108888626,0.5177575349807739,0.33848220109939575,0.20377250015735626,-0.03581222891807556,0.49775346120198566,0.3184781273206075,0.18376842637856802,0.0
1,455,0.10186522254354319,0.1025039047511795,0.6938238553585993,0.1018070173466781,0.31213492155075073,0.17752870917320251,0.612636148929596,-0.09084926545619965,0.2780349850654602,0.143428772687912,0.5785362124443054,0.0,0.38898956775665283,0.35586029291152954,0.1877264678478241,0.053510040044784546,0.3924679756164551,0.3593387007713318,0.19120487570762634,0.05698844790458679
1,456,0.10186522254354319,0.1025039047511795,0.6938238553585993,0.1018070173466781,0.1708075851202011,0.5712074041366577,0.4689215421676636,-0.21483762562274933,0.10049540301163991,0.5008952220280966,0.39860936005910236,0.0,0.3433936536312103,0.33477112650871277,0.28683871030807495,0.03579603135585785,0.34319376945495605,0.3345712423324585,0.2866388261318207,0.03559614717960358
1,457,0.10186522254354319,0.1025039047511795,0.6938238553585993,0.1018070173466781,0.18560290336608887,0.07893112301826477,0.7590091228485107,-0.008375272154808044,0.17775519688924155,0.07108341654141744,0.7511614163716634,0.0,0.3345499336719513,0.2461833506822586,0.3089573383331299,0.11532250046730042,0.33329665660858154,0.24493007361888885,0.30770406126976013,0.11406922340393066
1,458,0.10186522254354319,0.1025039047511795,0.6938238553585993,0.1018070173466781,0.06982289254665375,0.26218631863594055,0.49815165996551514,0.17315511405467987,0.06899391114711761,0.2613573372364044,0.497322678565979,0.17232613265514374,0.2590373158454895,0.16644281148910522,0.2796197533607483,0.28982704877853394,0.26030558347702026,0.167711079120636,0.28088802099227905,0.2910953164100647
1,459,0.10186522254354319,0.1025039047511795,0.6938238553585993,0.1018070173466781,0.29525095224380493,0.05091731250286102,0.33457887172698975,0.30484911799430847,0.298851877450943,0.054518237709999084,0.3381797969341278,0.30845004320144653,0.3198854327201843,0.23747168481349945,0.14010915160179138,0.3033495247364044,0.31968146562576294,0.23726771771907806,0.13990518450737,0.30314555764198303
1,460,0.10186522254354319,0.1025039047511795,0.6938238553585993,0.1018070173466781,0.2589833736419678,0.09292235970497131,0.6138982176780701,0.037245333194732666,0.2582210302352905,0.09216001629829407,0.6131358742713928,0.03648298978805542,0.33945533633232117,0.032062217593193054,0.15006032586097717,0.4674038589000702,0.3422098904848099,0.03481677174568176,0.15281488001346588,0.4701584130525589
1,461,0.10153357066075548,0.10154318595703345,0.6953905489948293,0.10153269438738183,0.36425039172172546,-0.04647582769393921,0.42621201276779175,0.25169920921325684,0.3501965304215749,0.0,0.4121581514676412,0.2376453479131063,0.3211927115917206,0.1439264714717865,0.22544413805007935,0.3123537003993988,0.3204634487628937,0.1431972086429596,0.22471487522125244,0.3116244375705719
1,462,0.10153357066075548,0.10154318595703345,0.6953905489948293,0.10153269438738183,0.2291717231273651,0.08762605488300323,0.48365628719329834,0.19117267429828644,0.23126503825187683,0.08971937000751495,0.48574960231781006,0.19326598942279816,0.32188430428504944,0.13451829552650452,0.2226496785879135,0.3246212303638458,0.3209659159183502,0.1335999071598053,0.2217312902212143,0.3237028419971466
1,463,0.10153357066075548,0.10154318595703345,0.6953905489948293,0.10153269438738183,0.1656043380498886,0.10739831626415253,0.5697911381721497,0.15480351448059082,0.1662050038576126,0.10799898207187653,0.5703918039798737,0.15540418028831482,0.3316439688205719,0.027577698230743408,0.16352348029613495,0.46487540006637573,0.3347388207912445,0.030672550201416016,0.16661833226680756,0.46797025203704834
1,464,0.10153357066075548,0.10154318595703345,0.6953905489948293,0.10153269438738183,0.08440999686717987,-0.013831675052642822,0.6704553961753845,0.26569893956184387,0.07755522429943085,0.0,0.6636006236076355,0.25884416699409485,0.16558820009231567,0.22427189350128174,0.21245154738426208,0.3913511037826538,0.16717250645160675,0.22585619986057281,0.21403585374355316,0.3929354101419449
1,465,0.10153357066075548,0.10154318595703345,0.6953905489948293,0.10153269438738183,0.3049387037754059,-0.1016632616519928,0.3347388505935669,0.4512825906276703,0.27461865544319153,0.0,0.30441880226135254,0.42096254229545593,0.32163456082344055,0.23344479501247406,0.13977137207984924,0.305026113986969,0.32166534662246704,0.23347558081150055,0.13980215787887573,0.3050568997859955
1,466,0.10153357066075548,0.10154318595703345,0.6953905489948293,0.10153269438738183,0.1585904359817505,0.495674192905426,0.28049230575561523,0.06382426619529724,0.15894514322280884,0.4960289001464844,0.2808470129966736,0.06417897343635559,0.2741905450820923,0.1650361567735672,0.255961149930954,0.2989248037338257,0.2756623774766922,0.16650798916816711,0.2574329823255539,0.3003966361284256
1,467,0.10153357066075548,0.10154318595703345,0.6953905489948293,0.10153269438738183,0.21190854907035828,0.4693050980567932,0.36051881313323975,-0.038838401436805725,0.19799773891766867,0.4553942879041036,0.3466080029805501,0.0,0.3238944113254547,0.24619485437870026,0.28780657052993774,0.13974182307720184,0.3244849890470505,0.24678543210029602,0.2883971482515335,0.1403324007987976
1,468,0.10153357066075548,0.10154318595703345,0.6953905489948293,0.10153269438738183,0.41085225343704224,0.2555696666240692,0.31269240379333496,0.013389378786087036,0.41272634267807007,0.25744375586509705,0.3145664930343628,0.015263468027114868,0.34045955538749695,0.3441476821899414,0.22911480069160461,0.09036439657211304,0.33943793177604675,0.3431260585784912,0.22809317708015442,0.08934277296066284
1,469,0.10153357066075548,0.10154318595703345,0.6953905489948293,0.10153269438738183,0.6431427001953125,0.35805070400238037,0.10122831165790558,-0.12555314600467682,0.6090021133422852,0.323910117149353,0.06708772480487823,0.0,0.3767359256744385,0.319487988948822,0.2941367030143738,0.002857789397239685,0.3784313201904297,0.32118338346481323,0.295832097530365,0.004553183913230896
1,470,0.10153357066075548,0.10154318595703345,0.6953905489948293,0.10153269438738183,0.6488856077194214,0.3061573803424835,0.1791590452194214,-0.14103449881076813,0.6041516065597534,0.26142337918281555,0.13442504405975342,0.0,0.39808058738708496,0.3630792796611786,0.1804366111755371,0.0453067421913147,0.4013547748327255,0.36635346710681915,0.18371079862117767,0.04858092963695526
1,471,0.10153357066075548,0.10154318595703345,0.6953905489948293,0.10153269438738183,0.792579174041748,0.2033514678478241,0.19235914945602417,-0.187670037150383,0.7298158804575602,0.1405881742636363,0.12959585587183636,0.0,0.45485228300094604,0.4229680299758911,0.15551000833511353,-0.03619906306266785,0.44374217589696247,0.41185792287190753,0.14439990123112997,0.0
1,472,0.10153357066075548,0.10154318595703345,0.6953905489948293,0.10153269438738183,0.6707478165626526,0.22986452281475067,0.2793779969215393,-0.16629980504512787,0.6107510526974996,0.16986775894959769,0.21938123305638632,0.0,0.5267461538314819,0.31454336643218994,0.17747525870800018,-0.011058717966079712,0.5204912424087524,0.30828845500946045,0.1712203472852707,0.0
1,473,0.10153357066075548,0.10154318595703345,0.6953905489948293,0.10153269438738183,0.5801213383674622,0.2825562059879303,0.28662964701652527,-0.1298869401216507,0.5303522944450378,0.23278716206550598,0.23686060309410095,0.0,0.5264896750450134,0.3498484492301941,0.1454792618751526,-0.022775113582611084,0.5192171931266785,0.34257596731185913,0.13820677995681763,0.0
1,474,0.10153357066075548,0.10154318595703345,0.6953905489948293,0.10153269438738183,0.5849224925041199,0.17685270309448242,0.2878173887729645,-0.03387655317783356,0.5683916211128235,0.16032183170318604,0.2712865173816681,0.0,0.7473353147506714,0.29115918278694153,0.09828421473503113,-0.143235981464386,0.70174241065979,0.24556627869606018,0.05269131064414978,0.0
1,475,0.10153357066075548,0.10154318595703345,0.6953905489948293,0.10153269438738183,0.4951213002204895,0.21069879829883575,0.4112260937690735,-0.11518366634845734,0.45610588788986206,0.1716833859682083,0.37221068143844604,0.0,0.7314881086349487,0.28531432151794434,0.10278721153736115,-0.12651309370994568,0.6916248798370361,0.24545109272003174,0.06292398273944855,0.0
1,476,0.10153357066075548,0.10154318595703345,0.6953905489948293,0.10153269438738183,0.35247206687927246,0.708946943283081,0.204270601272583,-0.2660619020462036,0.26390886306762695,0.6203837394714355,0.1157073974609375,0.0,0.528218150138855,0.3527873158454895,0.13365131616592407,-0.016321301460266113,0.5233325560887655,0.34790172179539997,0.12876572211583456,0.0
1,477,0.10153357066075548,0.10154318595703345,0.6953905489948293,0.10153269438738183,0.24767422676086426,0.6131496429443359,0.20643316209316254,-0.07682551443576813,0.2252552111943563,0.590730627377828,0.18401414652665457,0.0,0.5347524881362915,0.3374173641204834,0.1384357213973999,-0.0024737268686294556,0.5312172969182333,0.3338821729024251,0.13490053017934164,0.0
1,478,0.10153357066075548,0.10154318595703345,0.6953905489948293,0.10153269438738183,0.24110868573188782,0.445035457611084,0.4647376239299774,-0.15210936963558197,0.1908147633075714,0.3947415351867676,0.414443701505661,0.0,0.44722574949264526,0.40873199701309204,0.16161158680915833,-0.02065226435661316,0.44136931498845416,0.40287556250890094,0.15575515230496725,0.0
1,479,0.10153357066075548,0.10154318595703345,0.6953905489948293,0.10153269438738183,0.20944006741046906,0.3578648865222931,0.5005882382392883,-0.0669831782579422,0.18680897851785025,0.33523379762967426,0.4779571493466695,0.0,0.4102519750595093,0.3589700162410736,0.159511998295784,0.05760519206523895,0.4136671721935272,0.36238521337509155,0.16292719542980194,0.0610203891992569
1,480,0.10153357066075548,0.10154318595703345,0.6953905489948293,0.10153269438738183,0.2518605887889862,0.36138981580734253,0.19698898494243622,0.18708738684654236,0.2525289058685303,0.3620581328868866,0.19765730202198029,0.18775570392608643,0.3940469026565552,0.3112535774707794,0.28349581360816956,0.0030188262462615967,0.39609313011169434,0.3132998049259186,0.2855420410633087,0.005065053701400757
1,481,0.10152522005760202,0.10152536449694997,0.6954242085510759,0.1015252068943722,0.20335453748703003,0.30504855513572693,0.5208265781402588,-0.030004993081092834,0.19361132383346558,0.2953053414821625,0.5110833644866943,0.0,0.40090274810791016,0.2924213111400604,0.21031425893306732,0.08773274719715118,0.4030599743127823,0.29457853734493256,0.21247148513793945,0.08988997340202332
1,482,0.10152522005760202,0.10152536449694997,0.6954242085510759,0.1015252068943722,0.04844881594181061,0.37660083174705505,0.6211732625961304,-0.033931389451026917,0.03304117421309153,0.361193190018336,0.6057656208674113,0.0,0.27994436025619507,0.2721606194972992,0.27857059240341187,0.16462895274162292,0.2811182141304016,0.27333447337150574,0.2797444462776184,0.16580280661582947
1,483,0.10152522005760202,0.10152536449694997,0.6954242085510759,0.1015252068943722,0.10040466487407684,0.4669509530067444,0.4863651990890503,-0.0470186322927475,0.08249772091706593,0.44904400904973346,0.46845825513203937,0.0,0.3265655040740967,0.2287542074918747,0.29420900344848633,0.14699223637580872,0.3274352550506592,0.2296239584684372,0.29507875442504883,0.14786198735237122
1,484,0.10152522005760202,0.10152536449694997,0.6954242085510759,0.1015252068943722,0.16174989938735962,0.32285767793655396,0.5368213057518005,-0.021703913807868958,0.15460695823033652,0.3157147367795308,0.5296783645947775,0.0,0.3695068955421448,0.24042418599128723,0.23106463253498077,0.15235984325408936,0.37116800248622894,0.2420852929353714,0.23272573947906494,0.15402095019817352
1,485,0.10152522005760202,0.10152536449694997,0.6954242085510759,0.1015252068943722,0.13134348392486572,0.3350810408592224,0.389158695936203,0.14641009271144867,0.13084515929222107,0.33458271622657776,0.38866037130355835,0.14591176807880402,0.29511603713035583,0.15604457259178162,0.2615368664264679,0.282807320356369,0.29623982310295105,0.15716835856437683,0.2626606523990631,0.28393110632896423
1,486,0.10152522005760202,0.10152536449694997,0.6954242085510759,0.1015252068943722,0.21989749372005463,0.22771668434143066,0.35421687364578247,0.20164960622787476,0.2190273255109787,0.22684651613235474,0.35334670543670654,0.20077943801879883,0.3210707902908325,0.15696266293525696,0.283875048160553,0.2561902403831482,0.31654611229896545,0.1524379849433899,0.2793503701686859,0.25166556239128113
1,487,0.10152522005760202,0.10152536449694997,0.6954242085510759,0.1015252068943722,0.20930635929107666,0.01809746026992798,0.4031667113304138,0.36254313588142395,0.21102793514728546,0.01981903612613678,0.4048882871866226,0.36426471173763275,0.32536202669143677,0.24433033168315887,0.1346314400434494,0.29419463872909546,0.32573240995407104,0.24470071494579315,0.13500182330608368,0.29456502199172974
1,488,0.10152522005760202,0.10152536449694997,0.6954242085510759,0.1015252068943722,0.2377694547176361,0.13466154038906097,0.2784540057182312,0.3420788049697876,0.23952850699424744,0.1364205926656723,0.28021305799484253,0.3438378572463989,0.3255448639392853,0.2639230787754059,0.12058098614215851,0.2900439500808716,0.32552164793014526,0.26389986276626587,0.1205577701330185,0.29002073407173157
1,489,0.10152522005760202,0.10152536449694997,0.6954242085510759,0.1015252068943722,0.33373841643333435,0.04521888494491577,0.3561633825302124,0.2573900818824768,0.3356107175350189,0.04709118604660034,0.358035683631897,0.2592623829841614,0.3303717374801636,0.2419498860836029,0.12589296698570251,0.3019610047340393,0.3303278386592865,0.24190598726272583,0.12584906816482544,0.30191710591316223
1,490,0.10152522005760202,0.10152536449694997,0.6954242085510759,0.1015252068943722,0.26048895716667175,0.19246456027030945,0.34396040439605713,0.2022586166858673,0.26069581508636475,0.19267141819000244,0.3441672623157501,0.2024654746055603,0.33578336238861084,0.15838472545146942,0.27816009521484375,0.24599525332450867,0.33120250701904297,0.15380387008190155,0.2735792398452759,0.2414143979549408
1,491,0.10152522005760202,0.10152536449694997,0.6954242085510759,0.1015252068943722,0.24832382798194885,0.28760573267936707,0.3356953561306,0.12377849966287613,0.2494729608297348,0.288754865527153,0.3368444889783859,0.12492763251066208,0.3962579369544983,0.18201181292533875,0.2831977307796478,0.14425280690193176,0.39482787251472473,0.18058174848556519,0.28176766633987427,0.1428227424621582
1,492,0.10152522005760202,0.10152536449694997,0.6954242085510759,0.1015252068943722,0.10301285982131958,0.4655129909515381,0.329269677400589,0.10738562047481537,0.10171759128570557,0.4642177224159241,0.327974408864975,0.10609035193920135,0.2799411714076996,0.16450783610343933,0.27974164485931396,0.26981255412101746,0.2814403474330902,0.16600701212882996,0.2812408208847046,0.2713117301464081
1,493,0.10152522005760202,0.10152536449694997,0.6954242085510759,0.1015252068943722,0.27243849635124207,0.3334936797618866,0.19217942655086517,0.2023882418870926,0.27231353521347046,0.333368718624115,0.19205446541309357,0.20226328074932098,0.37372636795043945,0.20976048707962036,0.2562742531299591,0.16073450446128845,0.3736024796962738,0.2096365988254547,0.25615036487579346,0.1606106162071228
1,494,0.10152522005760202,0.10152536449694997,0.6954242085510759,0.1015252068943722,0.1622559279203415,0.31507644057273865,0.4313865900039673,0.09083400666713715,0.16236767172813416,0.3151881843805313,0.43149833381175995,0.09094575047492981,0.336414098739624,0.2767793834209442,0.29682138562202454,0.09468777477741241,0.33523842692375183,0.275603711605072,0.29564571380615234,0.09351210296154022
1,495,0.10152522005760202,0.10152536449694997,0.6954242085510759,0.1015252068943722,0.15079407393932343,0.584097146987915,0.20888926088809967,0.05081041157245636,0.1521463543176651,0.5854494273662567,0.21024154126644135,0.052162691950798035,0.31363046169281006,0.3028471767902374,0.2631979286670685,0.1153850257396698,0.3148653209209442,0.3040820360183716,0.26443278789520264,0.11661988496780396
1,496,0.10152522005760202,0.10152536449694997,0.6954242085510759,0.1015252068943722,0.3187403082847595,0.25881996750831604,0.2811298668384552,0.1364831030368805,0.3199470043182373,0.2600266635417938,0.282336562871933,0.13768979907035828,0.3719569742679596,0.3015635013580322,0.23281610012054443,0.08588792383670807,0.3739008605480194,0.30350738763809204,0.23475998640060425,0.08783181011676788
1,497,0.10152522005760202,0.10152536449694997,0.6954242085510759,0.1015252068943722,0.49885866045951843,0.3559085726737976,-0.018973782658576965,0.1569538563489914,0.49495165546735126,0.35200156768163043,0.0,0.15304685135682425,0.3876112103462219,0.31610342860221863,0.2969496548175812,-0.009123086929321289,0.38738979895909625,0.31588201721509296,0.2967282434304555,0.0
1,498,0.10152522005760202,0.10152536449694997,0.6954242085510759,0.1015252068943722,0.4761894941329956,0.35443615913391113,0.025515779852867126,0.15282124280929565,0.4739488363265991,0.35219550132751465,0.023275122046470642,0.15058058500289917,0.419258713722229,0.32798779010772705,0.16042089462280273,0.09395045042037964,0.4188542366027832,0.32758331298828125,0.16001641750335693,0.09354597330093384
1,499,0.10152522005760202,0.10152536449694997,0.6954242085510759,0.1015252068943722,0.26934513449668884,0.4698494076728821,0.31699812412261963,-0.049286261200904846,0.2506142556667328,0.451118528842926,0.2982672452926636,0.0,0.4220600128173828,0.361230731010437,0.17082929611206055,0.031886547803878784,0.4255583584308624,0.3647290766239166,0.17432764172554016,0.0353848934173584
1,500,0.10152522005760202,0.10152536449694997,0.6954242085510759,0.1015252068943722,0.25793522596359253,0.2699275314807892,0.4995208978652954,-0.01991783082485199,0.2488073706626892,0.26079967617988586,0.4903930425643921,0.0,0.41045257449150085,0.35621899366378784,0.18584062159061432,0.033063918352127075,0.4140585660934448,0.3598249852657318,0.1894466131925583,0.036669909954071045
2,1,0.11000000000000001,0.67,0.11000000000000001,0.11000000000000001,0.5770273208618164,0.21792921423912048,-1.2183504104614258,1.373678207397461,0.10167455673217773,0.0,0.0,0.8983254432678223,-0.7990641593933105,-0.7367599010467529,0.8008238077163696,1.854246735572815,0.0,0.0,0.0,1.0
2,2,0.11000000000000001,0.67,0.11000000000000001,0.11000000000000001,0.8823246955871582,0.3411708176136017,-0.4159547686576843,0.12740743160247803,0.7653570572535197,0.2242031792799632,0.0,0.010439793268839523,0.7832069396972656,-1.1487841606140137,0.40328752994537354,0.9077870845794678,0.4184463818868001,0.0,0.03852697213490802,0.5430265267690022
2,3,0.11000000000000001,0.67,0.11000000000000001,0.11000000000000001,0.7746390104293823,0.264447957277298,-0.2770571708679199,0.21687333285808563,0.6893189350763956,0.17912788192431134,0.0,0.131553257505099,-1.9378013610839844,0.02619236707687378,0.7948996424674988,2.2621355056762695,0.0,0.0,0.0,1.0
2,4,0.11000000000000001,0.67,0.11000000000000001,0.11000000000000001,0.8526450991630554,0.25082024931907654,0.5282921195030212,-0.5997339487075806,0.6420592665672302,0.04023441672325134,0.31770628690719604,0.0,-0.6121554374694824,1.3940808773040771,-1.03562593460083,1.179447889328003,0.0,0.6073164939880371,0.0,0.3926835060119629
2,5,0.11000000000000001,0.67,0.11000000000000001,0.11000000000000001,0.12108176946640015,0.25995731353759766,1.1456480026245117,-0.5003700256347656,0.0,0.05715465545654297,0.942845344543457,0.0,0.3864726424217224,-1.0318634510040283,0.8629229068756104,0.9557182788848877,0.0,0.0,0.45360231399536133,0.5463976860046387
2,6,0.11000000000000001,0.67,0.11000000000000001,0.11000000000000001,0.053433701395988464,0.7983267307281494,0.4061640501022339,-0.29935383796691895,0.0,0.6960813403129578,0.30391865968704224,0.0,-0.11903747916221619,0.22673171758651733,0.10082393884658813,0.8466404676437378,0.0,0.1686663826306661,0.0427586038907369,0.7885751326878866
2,7,0.11000000000000001,0.67,0.11000000000000001,0.11000000000000001,0.8494805693626404,0.564450740814209,0.12405416369438171,-0.5325592756271362,0.6425148844718933,0.3574850559234619,0.0,0.0,-0.26551201939582825,-1.7744214534759521,0.7449547052383423,2.321260690689087,0.0,0.0,0.0,1.0
2,8,0.11000000000000001,0.67,0.11000000000000001,0.11000000000000001,0.2670946419239044,-0.24643421173095703,0.5694087147712708,0.421034574508667,0.18124865492184955,0.0,0.4835627277692159,0.3351885875066121,0.04577988386154175,0.06335052847862244,-0.20122814178466797,1.1604505777359009,0.0,0.0,0.0,1.0
2,9,0.11000000000000001,0.67,0.11000000000000001,0.11000000000000001,0.10250599682331085,0.3907673954963684,-0.021768882870674133,0.49039989709854126,0.10794823865095775,0.3962096373240153,0.0,0.49584213892618817,-0.5810908079147339,-1.0009956359863281,1.0274511575698853,1.6103564500808716,0.0,0.0,0.20854735374450684,0.7914526462554932
2,10,0.11000000000000001,0.67,0.11000000000000001,0.11000000000000001,0.027566850185394287,0.4943525493144989,0.0013234913349151611,0.4305782914161682,0.039111554622650146,0.5058972537517548,0.01286819577217102,0.4421229958534241,0.15394993126392365,-0.5739311575889587,0.6970218420028687,0.6311430931091309,0.0,0.0,0.5329393744468689,0.4670606255531311
2,11,0.11000000000000001,0.67,0.11000000000000001,0.11000000000000001,0.4373173117637634,-0.3755660057067871,0.2707197964191437,0.6536039113998413,0.316770335038503,0.0,0.15017281969388324,0.5330569346745809,0.4753148555755615,-0.624206006526947,0.17442983388900757,0.9244041442871094,0.2754553556442261,0.0,0.0,0.7245446443557739
2,12,0.11000000000000001,0.67,0.11000000000000001,0.11000000000000001,0.4609423279762268,0.3494083881378174,0.26795992255210876,-0.013625159859657288,0.43483879168828327,0.32330485184987384,0.24185638626416525,0.0,0.6129229664802551,-0.7665571570396423,0.06354238092899323,1.0985780954360962,0.2571724057197571,0.0,0.0,0.7428275346755981
2,13,0.11000000000000001,0.67,0.11000000000000001,0.11000000000000001,-0.0063135623931884766,1.1231426000595093,-0.22886858880519867,0.08319276571273804,0.0,1.0,0.0,0.0,0.5966149568557739,0.05769667029380798,-0.22720688581466675,0.6041419506072998,0.49623650312423706,0.0,0.0,0.5037634968757629
2,14,0.11000000000000001,0.67,0.11000000000000001,0.11000000000000001,0.07141107320785522,0.18967926502227783,0.4102124571800232,0.3271734118461609,0.07179202139377594,0.19006021320819855,0.4105934053659439,0.3275543600320816,0.5450564026832581,-0.31487971544265747,0.7514057159423828,-0.00399172306060791,0.39682537317276,0.0,0.6031746864318848,0.0
2,15,0.11000000000000001,0.67,0.11000000000000001,0.11000000000000001,0.8064255118370056,-0.023992955684661865,-0.09114862978458405,0.29245007038116455,0.7569877505302429,0.0,0.0,0.24301230907440186,0.13182097673416138,-0.3989188075065613,-0.3360307812690735,1.5054481029510498,0.0,0.0,0.0,1.0
2,16,0.11000000000000001,0.67,0.11000000000000001,0.11000000000000001,-0.0731581449508667,0.8229871988296509,0.2941232919692993,-0.053179845213890076,0.0,0.7644319534301758,0.23556804656982422,0.0,0.28720036149024963,1.0069139003753662,-0.46037858724594116,0.22241224348545074,0.11502487460772196,0.8347384134928385,0.0,0.050236756602923066
2,17,0.11000000000000001,0.67,0.11000000000000001,0.11000000000000001,0.7522608637809753,-0.04844170808792114,0.18076659739017487,0.0804387629032135,0.7477721174558004,0.0,0.1762778510649999,0.07595001657803853,-0.22017556428909302,0.7301830053329468,0.20903195440769196,0.23099549114704132,0.0,0.6734461784362793,0.15229512751102448,0.17425866425037384
2,18,0.11000000000000001,0.67,0.11000000000000001,0.11000000000000001,0.40211451053619385,0.7932894229888916,-0.28403788805007935,0.07737173140048981,0.3044125437736511,0.6955874562263489,0.0,0.0,1.8268895149230957,-1.7678298950195312,-1.4071016311645508,2.2299234867095947,0.29848289489746094,0.0,0.0,0.70151686668396
2,19,0.11000000000000001,0.67,0.11000000000000001,0.11000000000000001,0.03832477331161499,1.2046008110046387,0.14071574807167053,-0.4091932773590088,0.0,1.0,0.0,0.0,0.5968554019927979,-0.39570415019989014,0.6696970462799072,0.2862718105316162,0.41258064905802405,0.0,0.4854222933451334,0.10199705759684244
2,20,0.11000000000000001,0.67,0.11000000000000001,0.11000000000000001,0.29008322954177856,0.4330889582633972,0.19687652587890625,0.03484645485877991,0.3013594448566437,0.44436517357826233,0.20815274119377136,0.04612267017364502,0.49381309747695923,0.5741437673568726,-0.2828540802001953,0.21010729670524597,0.4011250138282776,0.4814556837081909,0.0,0.11741921305656433
2,21,0.10171339563862927,0.694859813084112,0.1017133956386293,0.1017133956386293,0.45580923557281494,0.42795199155807495,0.02857448160648346,0.0506453663110733,0.4650639742612839,0.4372067302465439,0.03782922029495239,0.059900104999542236,0.14543861150741577,-0.8831573128700256,0.5009958148002625,1.2491047382354736,0.0,0.0,0.12594550848007202,0.8740544319152832
2,22,0.10171339563862927,0.694859813084112,0.1017133956386293,0.1017133956386293,0.5479080080986023,0.47167760133743286,-0.20939259231090546,0.2093651294708252,0.47159109512964886,0.39536068836847943,0.0,0.13304821650187176,0.2415461242198944,-0.2121555209159851,0.23859752714633942,0.7540854215621948,0.16346976161003113,0.0,0.16052116453647614,0.6760090589523315
2,23,0.10171339563862927,0.694859813084112,0.1017133956386293,0.1017133956386293,0.27613043785095215,0.31956514716148376,-0.3291773200035095,0.7111081480979919,0.1738625367482503,0.21729724605878192,0.0,0.6088402469952902,0.35998594760894775,0.5862671136856079,-0.542011559009552,0.5428128242492676,0.19696398576100668,0.42324515183766687,0.0,0.37979086240132653
2,24,0.10171339563862927,0.694859813084112,0.1017133956386293,0.1017133956386293,-0.3185230493545532,0.6351685523986816,0.7133476138114929,0.010360077023506165,0.0,0.460910439491272,0.5390895009040833,0.0,0.5872971415519714,1.120866298675537,-0.39587724208831787,-0.45245644450187683,0.23321539163589478,0.7667845487594604,0.0,0.0
2,25,0.10171339563862927,0.694859813084112,0.1017133956386293,0.1017133956386293,0.016277149319648743,0.9909446835517883,-0.10923619568347931,0.0613476037979126,0.0,0.9647985100746155,0.0,0.035201430320739746,0.9552661180496216,0.09954524040222168,-0.5239963531494141,0.3698742389678955,0.792695939540863,0.0,0.0,0.20730406045913696
2,26,0.10171339563862927,0.694859813084112,0.1017133956386293,0.1017133956386293,0.24336358904838562,0.7920354604721069,0.029240339994430542,-0.09075982868671417,0.22181710600852966,0.770488977432251,0.007693856954574585,0.0,1.3280742168426514,0.8640428781509399,-0.5494721531867981,-0.8173726797103882,0.7320156097412109,0.2679842710494995,0.0,0.0
2,27,0.10171339563862927,0.694859813084112,0.1017133956386293,0.1017133956386293,-0.1495991051197052,0.9180201888084412,0.3487219214439392,-0.12424184381961823,0.0,0.784649133682251,0.21535086631774902,0.0,0.04353775084018707,0.1862223893404007,0.18360096216201782,0.539840817451477,0.05523727834224701,0.19792191684246063,0.19530048966407776,0.551540344953537
2,28,0.10171339563862927,0.694859813084112,0.1017133956386293,0.1017133956386293,0.479655385017395,0.756984293460846,0.34500652551651,-0.5751422047615051,0.28577331701914466,0.5631022254625956,0.15112445751825967,0.0,1.448878526687622,0.6044541597366333,-0.6621566414833069,-0.3030203878879547,0.9222121238708496,0.07778775691986084,0.0,0.0
2,29,0.10171339563862927,0.694859813084112,0.1017133956386293,0.1017133956386293,0.3181673586368561,0.9297482967376709,0.3083919584751129,-0.5684826374053955,0.1327315072218577,0.7443124453226725,0.12295610706011453,0.0,0.2024957835674286,-0.7838537096977234,0.32000696659088135,1.2854042053222656,0.0,0.0,0.01730138063430786,0.9826986193656921
2,30,0.10171339563862927,0.694859813084112,0.1017133956386293,0.1017133956386293,-0.1035800576210022,0.6948468685150146,0.07022640109062195,0.3403300642967224,0.0,0.6597123940785726,0.03509192665417989,0.30519558986028034,0.4839297831058502,-1.0082666873931885,0.9310905337333679,0.5626004338264465,0.15805620948473614,0.0,0.6052169601122539,0.23672686020533246
2,31,0.10171339563862927,0.694859813084112,0.1017133956386293,0.1017133956386293,0.29044997692108154,0.6010900139808655,0.2171408236026764,-0.13521353900432587,0.2542230288187663,0.5648630658785502,0.18091387550036112,0.0,0.4089356064796448,0.9478816986083984,0.0451749712228775,-0.32779940962791443,0.23052698373794556,0.7694730758666992,0.0,0.0
2,32,0.10171339563862927,0.694859813084112,0.1017133956386293,0.1017133956386293,0.9264512062072754,0.011793404817581177,0.515387773513794,-0.4651055335998535,0.7055317163467407,0.0,0.2944682836532593,0.0,0.25307637453079224,-0.19585686922073364,0.17492619156837463,0.7295932173728943,0.2005444566408793,0.0,0.1223942736784617,0.6770612994829813
2,33,0.10171339563862927,0.694859813084112,0.1017133956386293,0.1017133956386293,0.18977926671504974,0.5927638411521912,0.5409615635871887,-0.30604952573776245,0.08194437126318614,0.4849289457003276,0.43312666813532513,0.0,1.4608075618743896,1.6782734394073486,-1.8923733234405518,-0.3502140939235687,0.3912670612335205,0.6087329387664795,0.0,0.0
2,34,0.10171339563862927,0.694859813084112,0.1017133956386293,0.1017133956386293,1.1752344369888306,-0.27346909046173096,0.12652382254600525,-0.016408219933509827,1.0,0.0,0.0,0.0,0.0002808868885040283,-1.4946465492248535,0.7992867827415466,1.6637557744979858,0.0,0.0,0.06776553392410278,0.932234525680542
2,35,0.10171339563862927,0.694859813084112,0.1017133956386293,0.1017133956386293,0.482293963432312,0.5933997631072998,-0.27899718284606934,0.16432541608810425,0.4022876024246216,0.5133934020996094,0.0,0.08431905508041382,-0.25690552592277527,-0.1473918855190277,0.627719521522522,0.9139149188995361,0.0,0.0,0.3569023013114929,0.6430976986885071
2,36,0.10171339563862927,0.694859813084112,0.1017133956386293,0.1017133956386293,0.4526597261428833,0.4798869490623474,0.06025505065917969,-0.009278401732444763,0.4550591508547465,0.48228637377421063,0.06265447537104289,0.0,-0.16232046484947205,0.2740109860897064,-0.31118565797805786,1.3400237560272217,0.0,0.0,0.0,1.0
2,37,0.10171339563862927,0.694859813084112,0.1017133956386293,0.1017133956386293,0.44825416803359985,0.5084207057952881,0.19269439578056335,-0.12755073606967926,0.39846442143122357,0.4586309591929118,0.14290464917818704,0.0,0.09314028918743134,1.6205625534057617,-0.7261739373207092,-0.0645723044872284,0.0,1.0,0.0,0.0
2,38,0.10171339563862927,0.694859813084112,0.1017133956386293,0.1017133956386293,0.15112397074699402,0.42425045371055603,0.5994474291801453,-0.16659007966518402,0.09285001953442892,0.3659765024979909,0.5411734779675802,0.0,0.11291155219078064,2.22799015045166,-0.5111210346221924,-0.7982205152511597,0.0,1.0,0.0,0.0
2,39,0.10171339563862927,0.694859813084112,0.1017133956386293,0.1017133956386293,0.29342764616012573,1.0736300945281982,0.09182937443256378,-0.5062956809997559,0.10989874601364136,0.8901011943817139,0.0,0.0,0.6676651239395142,-1.0368783473968506,1.1920368671417236,0.1109713464975357,0.23781412839889526,0.0,0.7621858716011047,0.0
2,40,0.10171339563862927,0.694859813084112,0.1017133956386293,0.1017133956386293,0.46922117471694946,0.40764904022216797,0.38591036200523376,-0.277393102645874,0.3816276590029399,0.3200555245081584,0.2983168462912242,0.0,0.5289679169654846,0.3445994257926941,0.2978191077709198,-0.17574238777160645,0.4718390901883443,0.2874705990155538,0.2406902809937795,0.0
2,41,0.10911417139666886,0.1622638875965386,0.10911417139666886,0.6195077696101237,0.20291626453399658,0.7178709506988525,-0.22034503519535065,0.25820547342300415,0.14325201511383057,0.6582067012786865,0.0,0.19854122400283813,0.7528015375137329,-1.240562915802002,1.0407493114471436,0.44619864225387573,0.33955172697703045,0.0,0.6274995009104412,0.03294883171717328
2,42,0.10911417139666886,0.1622638875965386,0.10911417139666886,0.6195077696101237,0.20028534531593323,0.5519590377807617,0.5963463187217712,-0.31289929151535034,0.08408843477567036,0.43576212724049884,0.48014940818150836,0.0,-0.5941985845565796,-0.9836316704750061,0.5227704048156738,2.1730129718780518,0.0,0.0,0.0,1.0
2,43,0.10911417139666886,0.1622638875965386,0.10911417139666886,0.6195077696101237,0.3298504054546356,0.4828036427497864,0.29590046405792236,-0.13546894490718842,0.2936655779679616,0.44661881526311237,0.25971563657124835,0.0,0.5839437246322632,-0.5067402124404907,0.42755797505378723,0.5107482671737671,0.4098604122797648,0.0,0.2534746627012888,0.3366649548212687
2,44,0.10911417139666886,0.1622638875965386,0.10911417139666886,0.6195077696101237,-0.23207905888557434,0.6751850843429565,1.2605899572372437,-0.6831761002540588,0.0,0.20729756355285645,0.7927024364471436,0.0,1.7107160091400146,0.30809131264686584,-0.16806071996688843,-0.7734009027481079,1.0,0.0,0.0,0.0
2,45,0.10911417139666886,0.1622638875965386,0.10911417139666886,0.6195077696101237,-0.0074675679206848145,0.44892793893814087,0.22695276141166687,0.3557564616203308,0.0,0.43838220834732056,0.21640703082084656,0.3452107310295105,-0.0074329376220703125,-0.2612534761428833,0.7427282333374023,0.6139465570449829,0.0,0.0,0.5643908381462097,0.4356091618537903
2,46,0.10911417139666886,0.1622638875965386,0.10911417139666886,0.6195077696101237,-0.3825562596321106,1.04490065574646,0.7975615859031677,-0.4876822233200073,0.0,0.6236695051193237,0.3763304352760315,0.0,0.34879979491233826,0.8387498259544373,0.3703257441520691,-0.5405066013336182,0.16284132997194925,0.6527913610140482,0.18436727921168009,0.0
2,47,0.10911417139666886,0.1622638875965386,0.10911417139666886,0.6195077696101237,-0.9943761825561523,1.969625473022461,0.49299824237823486,-0.4341828227043152,0.0,1.0,0.0,0.0,-0.8695864677429199,0.49773460626602173,0.6114466190338135,0.8459957838058472,0.0,0.17934225002924603,0.2930542627970378,0.5276034275690715
2,48,0.10911417139666886,0.1622638875965386,0.10911417139666886,0.6195077696101237,0.2472645342350006,0.5147278904914856,0.08150093257427216,0.13213153183460236,0.25335830450057983,0.5208216607570648,0.08759470283985138,0.13822530210018158,-0.46194031834602356,0.6247976422309875,1.3757843971252441,-0.4813387095928192,0.0,0.12450665235519409,0.8754934072494507,0.0
2,49,0.10911417139666886,0.1622638875965386,0.10911417139666886,0.6195077696101237,-0.3232654929161072,1.304624080657959,0.23455855250358582,-0.20601721107959747,0.0,1.0,0.0,0.0,0.043711572885513306,-0.7017244100570679,0.7794947028160095,0.8609952926635742,0.0,0.0,0.45924967527389526,0.54075026512146
2,50,0.10911417139666886,0.1622638875965386,0.10911417139666886,0.6195077696101237,0.48863351345062256,0.8924257755279541,-0.507116973400116,0.10943114757537842,0.29810386896133423,0.7018961310386658,0.0,0.0,1.5101429224014282,-0.03214612603187561,0.20600229501724243,-0.7886215448379517,1.0,0.0,0.0,0.0
2,51,0.10911417139666886,0.1622638875965386,0.10911417139666886,0.6195077696101237,0.7865522503852844,0.05252547562122345,0.1986316591501236,-0.045715466141700745,0.7739824652671814,0.03995569050312042,0.18606187403202057,0.0,1.2533774375915527,-1.9292311668395996,1.3961882591247559,0.27736446261405945,0.42859458923339844,0.0,0.5714054107666016,0.0
2,52,0.10911417139666886,0.1622638875965386,0.10911417139666886,0.6195077696101237,0.5149139761924744,1.1421170234680176,-0.5991684198379517,-0.12401913106441498,0.186398446559906,0.8136014938354492,0.0,0.0,0.8582445383071899,-1.9202239513397217,0.7590396404266357,1.3973515033721924,0.1866992712020874,0.0,0.0874943733215332,0.7258062362670898
2,53,0.10911417139666886,0.1622638875965386,0.10911417139666886,0.6195077696101237,-0.11305058002471924,0.791826069355011,0.561954915523529,-0.22891469299793243,0.0,0.614935576915741,0.38506442308425903,0.0,0.4593331813812256,1.4508302211761475,-0.10401210188865662,-0.8291196823120117,0.0042514801025390625,0.9957485198974609,0.0,0.0
2,54,0.10911417139666886,0.1622638875965386,0.10911417139666886,0.6195077696101237,0.01793423295021057,1.2625384330749512,0.08561371266841888,-0.38645315170288086,0.0,1.0,0.0,0.0,-0.687755823135376,0.8851032257080078,0.31425902247428894,0.4881805181503296,0.0,0.6559222936630249,0.08507809042930603,0.2589995861053467
2,55,0.10911417139666886,0.1622638875965386,0.10911417139666886,0.6195077696101237,-0.1661904752254486,1.1307282447814941,-0.24497143924236298,0.2350863367319107,0.0,0.9478209614753723,0.0,0.05217905342578888,0.6431759595870972,-0.7204944491386414,0.8383714556694031,0.14699912071228027,0.40240228176116943,0.0,0.5975977778434753,0.0
2,56,0.10911417139666886,0.1622638875965386,0.10911417139666886,0.6195077696101237,-0.27439796924591064,0.5761749148368835,0.5385430455207825,0.15085247159004211,0.0,0.4876514474550883,0.45001957813898724,0.06232900420824687,0.24167442321777344,-0.7749609351158142,0.7063438892364502,0.8991309404373169,0.0,0.0,0.40360647439956665,0.5963935256004333
2,57,0.10911417139666886,0.1622638875965386,0.10911417139666886,0.6195077696101237,0.5105054974555969,0.10715216398239136,0.3380716145038605,0.07978127896785736,0.5016278624534607,0.09827452898025513,0.32919397950172424,0.07090364396572113,-0.3188624680042267,0.7415766716003418,0.89200758934021,-0.3663863241672516,0.0,0.4247845411300659,0.5752154588699341,0.0
2,58,0.10911417139666886,0.1622638875965386,0.10911417139666886,0.6195077696101237,0.5781934261322021,0.5051528811454773,-0.11772345006465912,-0.027854010462760925,0.53652024269104,0.4634796977043152,0.0,0.0,0.07864801585674286,-0.14754927158355713,-0.0034245848655700684,0.9856764078140259,0.04648582637310028,0.0,0.0,0.9535142183303833
2,59,0.10911417139666886,0.1622638875965386,0.10911417139666886,0.6195077696101237,0.39048224687576294,0.21873854100704193,0.4026087522506714,-0.03273396193981171,0.38653908173243207,0.21479537586371103,0.3986655871073405,0.0,0.3198590576648712,-0.5081383585929871,0.6217595338821411,0.6461957693099976,0.12392094731330872,0.0,0.4258214235305786,0.45025765895843506
2,60,0.10911417139666886,0.1622638875965386,0.10911417139666886,0.6195077696101237,0.43237626552581787,0.13004279136657715,-0.005824580788612366,0.4411209225654602,0.43119625250498456,0.1288627783457438,0.0,0.4399409095446269,0.40773800015449524,0.37250661849975586,0.1565304547548294,0.065925732254982,0.4070627987384796,0.37183141708374023,0.15585525333881378,0.06525053083896637
2,61,0.10183424029932227,0.10272770216686405,0.10183424029932227,0.6936038172344915,1.0628386735916138,-0.27609050273895264,-0.3420865535736084,0.5475538969039917,0.757642388343811,0.0,0.0,0.24235761165618896,1.2434033155441284,-1.1545956134796143,0.6865956783294678,0.29903143644332886,0.7784038186073303,0.0,0.22159618139266968,0.0
2,62,0.10183424029932227,0.10272770216686405,0.10183424029932227,0.6936038172344915,0.07357051968574524,0.31179726123809814,0.26701027154922485,0.3724971413612366,0.06735172867774963,0.30557847023010254,0.26079148054122925,0.36627835035324097,0.5562491416931152,-0.31145524978637695,1.799872636795044,-0.8210585117340088,0.0,0.0,1.0,0.0
2,63,0.10183424029932227,0.10272770216686405,0.10183424029932227,0.6936038172344915,0.6212790012359619,-0.03326299786567688,0.6490853428840637,-0.2395676225423813,0.4860968589782715,0.0,0.5139032006263733,0.0,1.533646583557129,-0.24284511804580688,0.16023001074790955,-0.460916668176651,1.0,0.0,0.0,0.0
2,64,0.10183424029932227,0.10272770216686405,0.10183424029932227,0.6936038172344915,0.5469822287559509,-0.2124311625957489,0.41157183051109314,0.2833095192909241,0.46636106570561725,0.0,0.33095066746075946,0.2026883562405904,0.731952428817749,-0.07703560590744019,0.4164063334465027,0.032682135701179504,0.6577730178833008,0.0,0.34222692251205444,0.0
2,65,0.10183424029932227,0.10272770216686405,0.10183424029932227,0.6936038172344915,0.22508423030376434,-0.03962910175323486,0.6102621555328369,0.19346386194229126,0.21548080941041312,0.0,0.6006587346394857,0.18386044104894003,0.11048059165477753,1.0981873273849487,-0.2599257826805115,0.12228446453809738,0.00016316274801890518,0.9878698984781901,0.0,0.01196703563133876
2,66,0.10183424029932227,0.10272770216686405,0.10183424029932227,0.6936038172344915,-0.18351665139198303,0.320383220911026,0.5117778182029724,0.33997055888175964,0.0,0.2630060414473216,0.454400638739268,0.28259337941805523,1.2539057731628418,-0.7549054026603699,1.0890889167785645,-0.6065852642059326,0.5824084281921387,0.0,0.41759157180786133,0.0
2,67,0.10183424029932227,0.10272770216686405,0.10183424029932227,0.6936038172344915,-0.2000635862350464,0.24838495254516602,0.5909633040428162,0.3364269733428955,0.0,0.18979318936665854,0.5323715408643087,0.277835210164388,0.31279653310775757,0.5952675342559814,-0.4246809482574463,0.5115305185317993,0.17293169101079306,0.45540269215901696,0.0,0.37166567643483484
2,68,0.10183424029932227,0.10272770216686405,0.10183424029932227,0.6936038172344915,-0.3048272132873535,0.07354751229286194,1.0862404108047485,0.14681486785411835,0.0,0.0,0.9697127938270569,0.030287250876426697,0.29598915576934814,0.9137451648712158,-0.26435738801956177,-0.029818743467330933,0.19112199544906616,0.8088780045509338,0.0,0.0
2,69,0.10183424029932227,0.10272770216686405,0.10183424029932227,0.6936038172344915,0.0433364063501358,0.3345291316509247,0.9969874620437622,-0.3618600368499756,0.0,0.16877081990242004,0.8312291502952576,0.0,1.0549296140670776,-1.4305534362792969,0.11157262325286865,1.2352328300476074,0.40984833240509033,0.0,0.0,0.5901515483856201
2,70,0.10183424029932227,0.10272770216686405,0.10183424029932227,0.6936038172344915,-0.3278772234916687,0.49881672859191895,1.040651798248291,-0.24052117764949799,0.0,0.22908246517181396,0.770917534828186,0.0,-0.1502481997013092,0.4017854928970337,0.781781792640686,0.11601577699184418,0.0,0.301924467086792,0.6819207668304443,0.016154751181602478
2,71,0.10183424029932227,0.10272770216686405,0.10183424029932227,0.6936038172344915,0.17995330691337585,0.3751147389411926,0.9158647656440735,-0.45579397678375244,0.022975693146387727,0.2181371251742045,0.7588871518770853,0.0,0.3206138014793396,-0.24330586194992065,0.8385384678840637,0.11677847802639008,0.22863688071568805,0.0,0.7465615471204122,0.02480155726273854
2,72,0.10183424029932227,0.10272770216686405,0.10183424029932227,0.6936038172344915,-0.11167708039283752,0.6544346809387207,0.5962115526199341,-0.17027299106121063,0.0,0.5291115641593933,0.4708884358406067,0.0,-1.060139536857605,1.3051531314849854,0.5100860595703125,0.3961467742919922,0.0,0.8975335359573364,0.10246646404266357,0.0
2,73,0.10183424029932227,0.10272770216686405,0.10183424029932227,0.6936038172344915,0.4563174545764923,0.7887643575668335,0.048289284110069275,-0.2665071487426758,0.3337765634059906,0.6662234663963318,0.0,0.0,0.32707250118255615,-0.9332277178764343,0.9827314615249634,0.4870396852493286,0.06145795186360675,0.0,0.7171169122060139,0.2214251359303792
2,74,0.10183424029932227,0.10272770216686405,0.10183424029932227,0.6936038172344915,0.4214339852333069,0.6081770658493042,0.22161972522735596,-0.2576805353164673,0.3376903732617696,0.524433453877767,0.13787611325581867,0.0,1.799253225326538,0.07230818271636963,-0.23874041438102722,-0.6611318588256836,1.0,0.0,0.0,0.0
2,75,0.10183424029932227,0.10272770216686405,0.10183424029932227,0.6936038172344915,0.10760240256786346,1.588252305984497,-0.25749945640563965,-0.4428557753562927,0.0,1.0,0.0,0.0,-0.3784392178058624,1.1793532371520996,-0.3058079481124878,0.525833249092102,0.0,0.8267599940299988,0.0,0.17324000597000122
2,76,0.10183424029932227,0.10272770216686405,0.10183424029932227,0.6936038172344915,-0.07663559913635254,0.6468989849090576,0.732826828956604,-0.32838767766952515,0.0,0.4570360779762268,0.5429639220237732,0.0,-0.1912364363670349,1.1427525281906128,0.023580148816108704,0.07749392092227936,0.0,1.0,0.0,0.0
2,77,0.10183424029932227,0.10272770216686405,0.10183424029932227,0.6936038172344915,-0.011581629514694214,0.9147714376449585,0.6796647310256958,-0.5633327960968018,0.0,0.6175533533096313,0.38244664669036865,0.0,0.2746999263763428,0.02648499608039856,-0.45010918378829956,1.0024733543395996,0.13611328601837158,0.0,0.0,0.8638867139816284
2,78,0.10183424029932227,0.10272770216686405,0.10183424029932227,0.6936038172344915,0.5715714693069458,0.4228098690509796,0.017300158739089966,0.009581074118614197,0.5662558376789093,0.4174942374229431,0.011984527111053467,0.004265442490577698,0.7406291961669922,-0.49335628747940063,0.13231560587882996,0.5731202363967896,0.5837544798851013,0.0,0.0,0.4162455201148987
2,79,0.10183424029932227,0.10272770216686405,0.10183424029932227,0.6936038172344915,0.7399712800979614,0.023131251335144043,-0.058903053402900696,0.3049429953098297,0.7172894477844238,0.0004494190216064453,0.0,0.2822611629962921,-0.021821171045303345,-0.8393056988716125,1.6875083446502686,0.14014768600463867,0.0,0.0,1.0,0.0
2,80,0.10183424029932227,0.10272770216686405,0.10183424029932227,0.6936038172344915,0.1371457576751709,0.3949317932128906,0.54567950963974,-0.07798297703266144,0.11122671763102214,0.3690127531687419,0.5197604695955912,0.0,0.20138874650001526,0.43843960762023926,0.26336997747421265,0.07812461256980896,0.20605799555778503,0.44310885667800903,0.2680392265319824,0.08279386162757874
2,81,0.10153357837923202,0.10154703351768744,0.10153357837923202,0.6953858097238486,0.4538043737411499,0.07228916883468628,0.24485629796981812,0.22796805202960968,0.4540749043226242,0.07255969941616058,0.24512682855129242,0.22823858261108398,-0.08825519680976868,0.45785999298095703,0.15843692421913147,0.34204334020614624,0.0,0.471746563911438,0.17232349514961243,0.3559299111366272
2,82,0.10153357837923202,0.10154703351768744,0.10153357837923202,0.6953858097238486,0.1293344348669052,-0.04727894067764282,0.612012505531311,0.2623443603515625,0.1281039963165919,0.0,0.6107820669809977,0.2611139218012492,-0.046493470668792725,-1.5314979553222656,1.668456792831421,0.8571664094924927,0.0,0.0,0.9056451320648193,0.09435474872589111
2,83,0.10153357837923202,0.10154703351768744,0.10153357837923202,0.6953858097238486,-0.024648994207382202,0.3420413136482239,0.436767578125,0.21185864508152008,0.0,0.3451521396636963,0.4398784041404724,0.2149694710969925,0.02273334562778473,0.6775299906730652,-0.8039594292640686,1.0670554637908936,0.0,0.3052372336387634,0.0,0.6947627067565918
2,84,0.10153357837923202,0.10154703351768744,0.10153357837923202,0.6953858097238486,0.09082150459289551,0.08941574394702911,0.9656946659088135,-0.15018607676029205,0.04217751820882162,0.04077175756295522,0.9170506795247396,0.0,0.08296932280063629,0.26123830676078796,0.41480115056037903,0.21812641620635986,0.0886855274438858,0.2669545114040375,0.42051735520362854,0.22384262084960938
2,85,0.10153357837923202,0.10154703351768744,0.10153357837923202,0.6953858097238486,0.09514860808849335,0.01050230860710144,0.6379693150520325,0.2552485764026642,0.09543140232563019,0.010785102844238281,0.6382521092891693,0.255531370639801,-0.09581318497657776,-0.3862670063972473,-0.29851019382476807,1.7997236251831055,0.0,0.0,0.0,1.0
2,86,0.10153357837923202,0.10154703351768744,0.10153357837923202,0.6953858097238486,0.16296252608299255,-0.4105328321456909,1.1692155599594116,0.045086994767189026,0.0,0.0,1.0,0.0,0.5864081382751465,-0.3258444666862488,0.1952790766954422,0.5830945372581482,0.4648141860961914,0.0,0.07368512451648712,0.4615005850791931
2,87,0.10153357837923202,0.10154703351768744,0.10153357837923202,0.6953858097238486,0.024663791060447693,-0.058437347412109375,0.6588992476463318,0.3702482581138611,0.006726687153180439,0.0,0.6409621437390646,0.3523111542065938,-0.5741645097732544,-1.7705068588256836,2.054394245147705,1.308145523071289,0.0,0.0,0.873124361038208,0.126875638961792
2,88,0.10153357837923202,0.10154703351768744,0.10153357837923202,0.6953858097238486,0.17486408352851868,-0.26111364364624023,1.2423574924468994,-0.17111627757549286,0.0,0.0,1.0,0.0,-0.5974817276000977,0.5773081183433533,0.3777499794960022,0.7591900825500488,0.0,0.33922539154688514,0.1396672526995341,0.5211073557535807
2,89,0.10153357837923202,0.10154703351768744,0.10153357837923202,0.6953858097238486,0.7751036286354065,-0.4644014835357666,0.4615946412086487,0.2070607841014862,0.6271839340527853,0.0,0.31367494662602746,0.05914108951886496,-0.12039315700531006,0.6118786931037903,0.8085705041885376,-0.19733986258506775,0.0,0.40165406465530396,0.5983458757400513,0.0
2,90,0.10153357837923202,0.10154703351768744,0.10153357837923202,0.6953858097238486,0.1321965605020523,-0.31397753953933716,0.9945128560066223,0.20003849267959595,0.02328059573968251,0.0,0.8855968912442526,0.09112252791722615,0.11173783242702484,1.5599784851074219,-0.5955448746681213,-0.09857678413391113,0.0,1.0,0.0,0.0
2,91,0.10153357837923202,0.10154703351768744,0.10153357837923202,0.6953858097238486,1.1507794857025146,-0.6306581497192383,0.7913572192192078,-0.3545103073120117,0.679711103439331,0.0,0.32028883695602417,0.0,1.440181851387024,0.16199010610580444,-0.4811379909515381,-0.05319851636886597,1.0,0.0,0.0,0.0
2,92,0.10153357837923202,0.10154703351768744,0.10153357837923202,0.6953858097238486,0.31096670031547546,-0.19127732515335083,1.7645875215530396,-0.8672603964805603,0.0,0.0,1.0,0.0,-0.11843028664588928,0.4371703267097473,-0.25726091861724854,1.0823901891708374,0.0,0.17739003896713257,0.0,0.8226099014282227
2,93,0.10153357837923202,0.10154703351768744,0.10153357837923202,0.6953858097238486,0.7625181674957275,-0.08534952998161316,0.6497554779052734,-0.3198227286338806,0.556381344795227,0.0,0.44361865520477295,0.0,-0.4590706527233124,0.5318107604980469,-0.04285150766372681,0.9647023677825928,0.0,0.28355419635772705,0.0,0.716445803642273
2,94,0.10153357837923202,0.10154703351768744,0.10153357837923202,0.6953858097238486,0.7104617357254028,-0.4244818687438965,0.5821232199668884,0.12128616869449615,0.5641692876815796,0.0,0.4358307719230652,0.0,-0.21663671731948853,0.9666079878807068,0.1597946584224701,0.06155608594417572,0.0,0.9034066796302795,0.09659335017204285,0.0
2,95,0.10153357837923202,0.10154703351768744,0.10153357837923202,0.6953858097238486,0.4381169080734253,-0.07282251119613647,0.5187051296234131,0.0643051266670227,0.43107450008392334,0.0,0.5116627216339111,0.05726271867752075,-0.3195848762989044,-0.19581198692321777,0.21367813646793365,1.1982593536376953,0.0,0.0,0.007709398865699768,0.9922906160354614
2,96,0.10153357837923202,0.10154703351768744,0.10153357837923202,0.6953858097238486,0.4033362865447998,-0.29024845361709595,0.458141028881073,0.4014919102191925,0.3156798680623372,0.0,0.3704846103986104,0.3138354917367299,0.2551291882991791,-0.4495757222175598,1.07035231590271,0.28439944982528687,0.05183550715446472,0.0,0.8670586347579956,0.08110576868057251
2,97,0.10153357837923202,0.10154703351768744,0.10153357837923202,0.6953858097238486,0.2599027752876282,0.40313637256622314,0.9341418147087097,-0.5658937692642212,0.060842494169871,0.20407609144846597,0.7350815335909525,0.0,0.36867693066596985,-0.4304646849632263,0.8610730767250061,0.2273128479719162,0.21632265051205954,0.0,0.7087187965710958,0.07495856781800589
2,98,0.10153357837923202,0.10154703351768744,0.10153357837923202,0.6953858097238486,0.578162670135498,-0.13476118445396423,0.34582799673080444,0.1740843951702118,0.5454709927241007,0.0,0.31313631931940716,0.14139271775881448,-0.1063707172870636,0.8946556448936462,0.17123565077781677,0.04195590317249298,0.0,0.8587065736452738,0.13528657952944437,0.006006831924120583
2,99,0.10153357837923202,0.10154703351768744,0.10153357837923202,0.6953858097238486,0.0002702474594116211,0.32056987285614014,1.0002015829086304,-0.3302615284919739,0.0,0.16018414497375488,0.8398158550262451,0.0,0.20614026486873627,-0.09217515587806702,0.7547172904014587,0.07771170139312744,0.19328386088212332,0.0,0.7418608864148458,0.06485529740651448
2,100,0.10153357837923202,0.10154703351768744,0.10153357837923202,0.6953858097238486,0.1950203776359558,0.12478046119213104,0.4607574939727783,0.1991434544324875,0.20009492337703705,0.12985500693321228,0.46583203971385956,0.20421800017356873,0.48419904708862305,0.15516193211078644,0.10181865096092224,0.26094624400138855,0.4836675822734833,0.15463046729564667,0.10128718614578247,0.2604147791862488
2,101,0.10911176142570682,0.10911296890813296,0.6193704012652875,0.16240486840087262,-0.052620142698287964,0.6794746518135071,0.42159438133239746,-0.036189183592796326,0.0,0.6289401650428772,0.3710598945617676,0.0,-0.08749470114707947,0.2480681985616684,-0.18440917134284973,1.0002955198287964,0.0,0.12388633191585541,0.0,0.8761136531829834
2,102,0.10911176142570682,0.10911296890813296,0.6193704012652875,0.16240486840087262,0.2865707576274872,-0.1933930218219757,0.44647639989852905,0.4364372193813324,0.23007596532503763,0.0,0.3899816075960795,0.37994242707888287,0.24024857580661774,0.9081161022186279,-0.17987936735153198,0.014642909169197083,0.1660662442445755,0.8339337706565857,0.0,0.0
2,103,0.10911176142570682,0.10911296890813296,0.6193704012652875,0.16240486840087262,0.38434338569641113,-0.33438658714294434,0.513130784034729,0.3711860179901123,0.29478998978932697,0.0,0.42357738812764484,0.28163262208302814,0.7394436001777649,-0.16193735599517822,0.567729651927948,-0.20577684044837952,0.5858569741249084,0.0,0.41414302587509155,0.0
2,104,0.10911176142570682,0.10911296890813296,0.6193704012652875,0.16240486840087262,0.09552192687988281,-0.2210378348827362,1.1293655633926392,-0.001366734504699707,0.0,0.0,1.0,0.0,-0.07571062445640564,0.3607662618160248,-0.06520980596542358,0.875946044921875,0.0,0.2424100935459137,0.0,0.7575898766517639
2,105,0.10911176142570682,0.10911296890813296,0.6193704012652875,0.16240486840087262,0.08749262988567352,-0.2241590917110443,1.3027149438858032,-0.14728249609470367,0.0,0.0,1.0,0.0,0.7624819278717041,-0.5404726266860962,-0.07632693648338318,0.9515243768692017,0.4054787755012512,0.0,0.0,0.5945212244987488
2,106,0.10911176142570682,0.10911296890813296,0.6193704012652875,0.16240486840087262,-0.508051872253418,0.08700956404209137,1.3262302875518799,0.08573465049266815,0.0,0.0,1.0,0.0,0.1815635859966278,0.44424253702163696,-0.17123061418533325,0.5768261551856995,0.1140194833278656,0.37669843435287476,0.0,0.5092820525169373
2,107,0.10911176142570682,0.10911296890813296,0.6193704012652875,0.16240486840087262,-0.38235700130462646,0.20042282342910767,0.9283756017684937,0.23322726786136627,0.0,0.0797475775082906,0.8077003558476766,0.11255202194054921,-0.10677838325500488,-0.18444904685020447,-0.23265349864959717,1.5530223846435547,0.0,0.0,0.0,1.0
2,108,0.10911176142570682,0.10911296890813296,0.6193704012652875,0.16240486840087262,0.18304398655891418,-0.414107084274292,0.9353383183479309,0.3006036877632141,0.043381998936335237,0.0,0.7956763307253519,0.16094170014063516,0.2486163079738617,0.23999392986297607,0.3985113501548767,0.2539776563644409,0.21334150433540344,0.20471912622451782,0.36323654651641846,0.21870285272598267
2,109,0.10911176142570682,0.10911296890813296,0.6193704012652875,0.16240486840087262,-0.1458720862865448,-0.012863308191299438,1.4343969821929932,-0.2365720123052597,0.0,0.0,1.0,0.0,0.6993164420127869,-0.9433085322380066,0.6092243194580078,0.611222505569458,0.39272866646448773,0.0,0.3026365439097087,0.3046347300211589
2,110,0.10911176142570682,0.10911296890813296,0.6193704012652875,0.16240486840087262,0.1481284350156784,-0.07040956616401672,0.907503068447113,0.00950092077255249,0.12031267583370209,0.0,0.8796873092651367,0.0,0.9112052917480469,0.31408369541168213,-0.778858482837677,0.5595296621322632,0.6495990753173828,0.052477478981018066,0.0,0.2979234457015991
2,111,0.10911176142570682,0.10911296890813296,0.6193704012652875,0.16240486840087262,0.5887147188186646,-0.0789557695388794,1.3838930130004883,-0.8172621130943298,0.10241085290908813,0.0,0.8975891470909119,0.0,1.0115331411361694,-0.4203798174858093,0.5343501567840576,-0.05943232774734497,0.7385914921760559,0.0,0.2614085078239441,0.0
2,112,0.10911176142570682,0.10911296890813296,0.6193704012652875,0.16240486840087262,0.5079822540283203,-0.30333197116851807,1.6244324445724487,-0.8320644497871399,0.0,0.0,1.0,0.0,0.9533326625823975,-0.3889353275299072,0.32402175664901733,0.2572650909423828,0.7751261393229166,0.0,0.14581523338953653,0.07905856768290201
2,113,0.10911176142570682,0.10911296890813296,0.6193704012652875,0.16240486840087262,0.3394913673400879,0.10859869420528412,1.3606064319610596,-0.797336995601654,0.0,0.0,1.0,0.0,0.16773530840873718,-0.07123759388923645,0.15858450531959534,0.7369332313537598,0.14665096004803976,0.0,0.13750015695889792,0.7158488829930624
2,114,0.10911176142570682,0.10911296890813296,0.6193704012652875,0.16240486840087262,0.1261913925409317,0.5032265186309814,0.819399356842041,-0.4706498384475708,0.0,0.3419135808944702,0.6580864191055298,0.0,0.8914687633514404,0.5151000022888184,-0.43094706535339355,0.004576534032821655,0.688184380531311,0.31181561946868896,0.0,0.0
2,115,0.10911176142570682,0.10911296890813296,0.6193704012652875,0.16240486840087262,0.5610343217849731,-0.272604763507843,0.9522943496704102,-0.24538986384868622,0.3043699860572815,0.0,0.6956300139427185,0.0,0.7857033014297485,-0.04560622572898865,0.10882708430290222,0.1917422115802765,0.7569457689921061,0.0,0.08006955186525981,0.16298467914263406
2,116,0.10911176142570682,0.10911296890813296,0.6193704012652875,0.16240486840087262,0.7705386281013489,-0.4063833951950073,0.7019389867782593,-0.08253340423107147,0.5342997908592224,0.0,0.4657001495361328,0.0,1.070167064666748,-0.6964097619056702,0.37286779284477234,0.2777722477912903,0.8298980394999186,0.0,0.1325987676779429,0.03750322262446085
2,117,0.10911176142570682,0.10911296890813296,0.6193704012652875,0.16240486840087262,0.40598973631858826,-0.2962176203727722,0.5505520105361938,0.38260725140571594,0.29294007023175556,0.0,0.43750234444936115,0.26955758531888324,-0.10786524415016174,-0.7236796617507935,0.4798774719238281,1.1958562135696411,0.0,0.0,0.1420106291770935,0.8579893708229065
2,118,0.10911176142570682,0.10911296890813296,0.6193704012652875,0.16240486840087262,1.0799567699432373,-0.8802744746208191,0.523726224899292,0.2660033702850342,0.7781152725219727,0.0,0.22188472747802734,0.0,1.4406360387802124,-0.5520808696746826,-0.55931156873703,0.5668147206306458,0.9369106292724609,0.0,0.0,0.06308931112289429
2,119,0.10911176142570682,0.10911296890813296,0.6193704012652875,0.16240486840087262,1.1288560628890991,-0.42452991008758545,0.1783011108636856,0.10718855261802673,0.9752774834632874,0.0,0.02472253143787384,0.0,1.8134748935699463,0.7948309183120728,-1.1486728191375732,-0.37991467118263245,1.0,0.0,0.0,0.0
2,120,0.10911176142570682,0.10911296890813296,0.6193704012652875,0.16240486840087262,0.24844159185886383,0.08722114562988281,0.5767871737480164,0.0865064412355423,0.2487025111913681,0.08748206496238708,0.5770480930805206,0.08676736056804657,0.6018710136413574,0.24146202206611633,0.31924134492874146,-0.14589205384254456,0.5476795434951782,0.18727055191993713,0.26504987478256226,0.0
2,121,0.10183459518893521,0.10183461549143441,0.6936001286984949,0.10273066062113538,-0.13950133323669434,0.13438266515731812,0.81212317943573,0.22159911692142487,0.0,0.0783477028210958,0.7560882170995077,0.16556415458520254,-0.9108060598373413,0.1680891364812851,1.6385266780853271,0.09946255385875702,0.0,0.0,1.0,0.0
2,122,0.10183459518893521,0.10183461549143441,0.6936001286984949,0.10273066062113538,0.1981717348098755,-0.4141344428062439,0.5299298763275146,0.6655598878860474,0.06695123513539633,0.0,0.3987093766530355,0.5343393882115682,1.3294366598129272,-0.44334083795547485,-0.0011224746704101562,0.12015539407730103,1.0,0.0,0.0,0.0
2,123,0.10183459518893521,0.10183461549143441,0.6936001286984949,0.10273066062113538,-0.21341806650161743,-0.08136698603630066,0.494276762008667,0.8184004426002502,0.0,0.0,0.33793818950653076,0.662061870098114,0.6256618499755859,0.14211711287498474,-1.266066074371338,1.4570342302322388,0.08431386947631836,0.0,0.0,0.9156862497329712
2,124,0.10183459518893521,0.10183461549143441,0.6936001286984949,0.10273066062113538,0.2189183235168457,-0.5306070446968079,0.5739297866821289,0.7135679721832275,0.05011296272277832,0.0,0.4051244258880615,0.5447626113891602,0.8836079835891724,0.2976084351539612,-0.5471109747886658,0.430794358253479,0.6796044111251831,0.09360486268997192,0.0,0.22679078578948975
2,125,0.10183459518893521,0.10183461549143441,0.6936001286984949,0.10273066062113538,-0.010582447052001953,-0.5566498041152954,0.9582597613334656,0.6260718703269958,0.0,0.0,0.6660939455032349,0.33390605449676514,-0.09947451949119568,-0.42721742391586304,1.3105978965759277,0.19907957315444946,0.0,0.0,1.0,0.0
2,126,0.10183459518893521,0.10183461549143441,0.6936001286984949,0.10273066062113538,-0.12133502960205078,-0.33384066820144653,1.580308198928833,-0.1327119618654251,0.0,0.0,1.0,0.0,1.156633734703064,0.32759055495262146,0.643512487411499,-1.1254268884658813,0.7565606236457825,0.0,0.24343937635421753,0.0
2,127,0.10183459518893521,0.10183461549143441,0.6936001286984949,0.10273066062113538,-0.1495916247367859,-0.424312949180603,1.7287063598632812,-0.13752435147762299,0.0,0.0,1.0,0.0,1.2154414653778076,-1.1948580741882324,0.7209680080413818,0.28728169202804565,0.7472367286682129,0.0,0.2527632713317871,0.0
2,128,0.10183459518893521,0.10183461549143441,0.6936001286984949,0.10273066062113538,-0.08061760663986206,-0.16532674431800842,1.2264378070831299,-0.0019113123416900635,0.0,0.0,1.0,0.0,0.17637698352336884,0.7797459959983826,0.27609774470329285,-0.1788855493068695,0.09897010028362274,0.7023391127586365,0.19869086146354675,0.0
2,129,0.10183459518893521,0.10183461549143441,0.6936001286984949,0.10273066062113538,-0.2726894021034241,-0.12522387504577637,1.3109549283981323,0.13516759872436523,0.0,0.0,1.0,0.0,1.1101257801055908,0.6513956785202026,-0.8509672284126282,0.10122883319854736,0.7293650507926941,0.2706349492073059,0.0,0.0
2,130,0.10183459518893521,0.10183461549143441,0.6936001286984949,0.10273066062113538,-0.2984135150909424,0.4254417419433594,1.1119565963745117,-0.19817687571048737,0.0,0.15674257278442383,0.8432574272155762,0.0,1.3199186325073242,0.21969445049762726,-1.0442054271697998,0.5029206275939941,0.908499002456665,0.0,0.0,0.09150099754333496
2,131,0.10183459518893521,0.10183461549143441,0.6936001286984949,0.10273066062113538,-0.20681092143058777,0.33114421367645264,1.3612972497940063,-0.44769489765167236,0.0,0.0,1.0,0.0,0.26802051067352295,-1.7403864860534668,1.9829368591308594,0.5906632542610168,0.0,0.0,1.0,0.0
2,132,0.10183459518893521,0.10183461549143441,0.6936001286984949,0.10273066062113538,0.5598082542419434,-0.03391611576080322,0.6711527109146118,-0.20319847762584686,0.44432777166366577,0.0,0.5556722283363342,0.0,-0.582921028137207,0.07956953346729279,1.8327264785766602,-0.1729414165019989,0.0,0.0,1.0,0.0
2,133,0.10183459518893521,0.10183461549143441,0.6936001286984949,0.10273066062113538,0.4630788564682007,0.0034117549657821655,0.693766713142395,-0.16206194460391998,0.38465607166290283,0.0,0.6153439283370972,0.0,1.0674983263015747,0.02443358302116394,-0.7359557151794434,0.6484741568565369,0.7095121145248413,0.0,0.0,0.29048794507980347
2,134,0.10183459518893521,0.10183461549143441,0.6936001286984949,0.10273066062113538,-0.07582598924636841,0.7245431542396545,1.1847929954528809,-0.8111036419868469,0.0,0.26987510919570923,0.7301249504089355,0.0,0.4122896194458008,-0.6460973024368286,0.5450407266616821,0.6777852773666382,0.20058441162109375,0.0,0.3333355188369751,0.46608006954193115
2,135,0.10183459518893521,0.10183461549143441,0.6936001286984949,0.10273066062113538,0.4028758108615875,0.21638907492160797,0.5608260035514832,-0.1986444741487503,0.34284550944964093,0.15635877350966135,0.5007957021395365,0.0,0.9630237817764282,-1.3223507404327393,0.33435899019241333,1.044669270515442,0.45917725563049316,0.0,0.0,0.5408227443695068
2,136,0.10183459518893521,0.10183461549143441,0.6936001286984949,0.10273066062113538,0.37755346298217773,-0.2501470446586609,0.8300999999046326,0.048672616481781006,0.2737267017364502,0.0,0.726273238658905,0.0,-0.13759839534759521,-0.9544404149055481,0.9183211326599121,1.2414824962615967,0.0,0.0,0.3384193181991577,0.6615806818008423
2,137,0.10183459518893521,0.10183461549143441,0.6936001286984949,0.10273066062113538,0.604660153388977,-0.10332518815994263,0.7823333740234375,-0.2808617353439331,0.4111633896827698,0.0,0.5888366103172302,0.0,1.0267107486724854,-0.4619044065475464,-0.15264317393302917,0.5261152982711792,0.7502977252006531,0.0,0.0,0.24970227479934692
2,138,0.10183459518893521,0.10183461549143441,0.6936001286984949,0.10273066062113538,0.5749924182891846,-0.3920518755912781,0.9410415291786194,-0.11485333740711212,0.316975474357605,0.0,0.6830245852470398,0.0,0.38339412212371826,-0.6841819286346436,0.3269727826118469,1.0433701276779175,0.13214846452077228,0.0,0.07572712500890094,0.7921244700749714
2,139,0.10183459518893521,0.10183461549143441,0.6936001286984949,0.10273066062113538,0.791779100894928,-0.34233516454696655,0.5542455315589905,-0.005287602543830872,0.6187667846679688,0.0,0.38123321533203125,0.0,0.2131667584180832,-0.17481911182403564,0.28948530554771423,0.7038854360580444,0.14432093004385632,0.0,0.22063947717348736,0.6350396076838175
2,140,0.10183459518893521,0.10183461549143441,0.6936001286984949,0.10273066062113538,0.36585620045661926,-0.17718997597694397,0.7396448254585266,0.0718199610710144,0.3067492147286733,0.0,0.6805378397305807,0.012712975343068443,0.7074347734451294,0.24715614318847656,0.17134863138198853,-0.11645904183387756,0.6654549042383829,0.20517627398173013,0.1293687621752421,0.0
2,141,0.10153359167454594,0.10153359198029412,0.6953857302536713,0.10154708609148866,0.658872127532959,-1.0736548900604248,0.4189774990081787,1.0217342376708984,0.2923441727956136,0.0,0.052449544270833315,0.655206282933553,1.073633074760437,-1.233541488647461,0.7445974349975586,0.3907368779182434,0.6645178198814392,0.0,0.3354821801185608,0.0
2,142,0.10153359167454594,0.10153359198029412,0.6953857302536713,0.10154708609148866,0.3479321599006653,-0.8008126616477966,0.8972676396369934,0.591718852519989,0.0689592957496643,0.0,0.6182947754859924,0.31274598836898804,0.6353357434272766,-0.48799997568130493,1.23001229763031,-0.27691081166267395,0.2026616930961609,0.0,0.7973382472991943,0.0
2,143,0.10153359167454594,0.10153359198029412,0.6953857302536713,0.10154708609148866,0.16210821270942688,-0.7110915184020996,1.1556113958358765,0.42486149072647095,0.0,0.0,0.8653749227523804,0.13462501764297485,-0.7261220216751099,-0.06706413626670837,1.0314488410949707,0.834567666053772,0.0,0.0,0.5984405875205994,0.40155941247940063
2,144,0.10153359167454594,0.10153359198029412,0.6953857302536713,0.10154708609148866,0.6587037444114685,-0.9415692687034607,0.8348755836486816,0.41046178340911865,0.35735668738683063,0.0,0.5335285266240437,0.10911472638448078,1.2665560245513916,-1.2241055965423584,0.13285291194915771,0.7553863525390625,0.7555848360061646,0.0,0.0,0.24441516399383545
2,145,0.10153359167454594,0.10153359198029412,0.6953857302536713,0.10154708609148866,0.5969578623771667,-0.44405514001846313,0.6823269128799438,0.14522448182106018,0.4554548064867655,0.0,0.5408238569895426,0.003721425930658967,0.09082892537117004,0.8448717594146729,-0.6338750720024109,0.6281265616416931,0.0,0.6083725690841675,0.0,0.39162737131118774
2,146,0.10153359167454594,0.10153359198029412,0.6953857302536713,0.10154708609148866,0.30110594630241394,-0.4863510727882385,0.973971426486969,0.1961820423603058,0.14401949445406595,0.0,0.816884974638621,0.039095590511957795,-0.061233580112457275,0.7506686449050903,-0.8494002223014832,1.1845961809158325,0.0,0.2830362319946289,0.0,0.7169637680053711
2,147,0.10153359167454594,0.10153359198029412,0.6953857302536713,0.10154708609148866,0.26173853874206543,-0.29870688915252686,1.3291163444519043,-0.28323882818222046,0.0,0.0,1.0,0.0,0.8196742534637451,-0.09062591195106506,1.0886921882629395,-0.7160230875015259,0.36549103260040283,0.0,0.6345089673995972,0.0
2,148,0.10153359167454594,0.10153359198029412,0.6953857302536713,0.10154708609148866,0.018911808729171753,-0.38546550273895264,1.8205883502960205,-0.42707228660583496,0.0,0.0,1.0,0.0,0.9049661159515381,0.21669065952301025,0.015720516443252563,-0.11154529452323914,0.8441377282142639,0.15586227178573608,0.0,0.0
2,149,0.10153359167454594,0.10153359198029412,0.6953857302536713,0.10154708609148866,-0.32449543476104736,0.1455063819885254,1.6226922273635864,-0.39881134033203125,0.0,0.0,1.0,0.0,0.5044015645980835,0.6785314679145813,0.5160238742828369,-0.6041719913482666,0.27141594886779785,0.44554585218429565,0.28303825855255127,0.0
2,150,0.10153359167454594,0.10153359198029412,0.6953857302536713,0.10154708609148866,-0.01656937599182129,-0.2027941346168518,1.1947513818740845,0.010364681482315063,0.0,0.0,1.0,0.0,0.8771407604217529,-0.8024889826774597,0.8172102570533752,0.11186151206493378,0.5299652814865112,0.0,0.47003477811813354,0.0
2,151,0.10153359167454594,0.10153359198029412,0.6953857302536713,0.10154708609148866,-0.04462170600891113,0.0619349479675293,1.4835199117660522,-0.4458550214767456,0.0,0.0,1.0,0.0,1.6959015130996704,0.45727139711380005,-0.9133008122444153,-0.2160032093524933,1.0,0.0,0.0,0.0
2,152,0.10153359167454594,0.10153359198029412,0.6953857302536713,0.10154708609148866,-0.054744571447372437,0.1391194611787796,1.0368366241455078,-0.11210371553897858,0.0,0.051141396164894104,0.9488585591316223,0.0,-0.052933722734451294,0.4624519944190979,0.5573240518569946,0.1368362456560135,0.0,0.4102478623390198,0.5051199197769165,0.08463211357593536
2,153,0.10153359167454594,0.10153359198029412,0.6953857302536713,0.10154708609148866,-0.07777082920074463,0.16818754374980927,1.3254902362823486,-0.3452213406562805,0.0,0.0,1.0,0.0,0.03827424347400665,0.014067977666854858,0.6309270858764648,0.3791835606098175,0.022145941853523254,0.0,0.6147987842559814,0.3630552589893341
2,154,0.10153359167454594,0.10153359198029412,0.6953857302536713,0.10154708609148866,-0.05052340030670166,0.3702821731567383,1.1018222570419312,-0.38562124967575073,0.0,0.13422995805740356,0.8657700419425964,0.0,0.27901557087898254,1.0070364475250244,-0.43363142013549805,0.07100075483322144,0.13598957657814026,0.8640104532241821,0.0,0.0
2,155,0.10153359167454594,0.10153359198029412,0.6953857302536713,0.10154708609148866,0.3019411563873291,-0.2570803761482239,0.89683598279953,0.08418197929859161,0.20255255699157715,0.0,0.7974473834037781,0.0,0.045506030321121216,-0.902500569820404,0.8597981333732605,1.0360307693481445,0.0,0.0,0.4118836522102356,0.5881162881851196
2,156,0.10153359167454594,0.10153359198029412,0.6953857302536713,0.10154708609148866,0.21501606702804565,-0.3852887749671936,0.6754555106163025,0.4637616276741028,0.09693831205368042,0.0,0.5573777556419373,0.34568387269973755,-0.7701435089111328,0.3834698796272278,0.7932029962539673,0.5406585931777954,0.0,0.14435940980911255,0.554092526435852,0.3015481233596802
2,157,0.10153359167454594,0.10153359198029412,0.6953857302536713,0.10154708609148866,0.20111332833766937,0.039047881960868835,0.8174723982810974,-0.0015336871147155762,0.18190215528011322,0.019836708903312683,0.7982612252235413,0.0,0.2397557944059372,-1.0117883682250977,0.24165603518486023,1.4724019765853882,0.0,0.0,0.0,1.0
2,158,0.10153359167454594,0.10153359198029412,0.6953857302536713,0.10154708609148866,-0.06274449825286865,-0.0734052062034607,1.103041172027588,0.07714442908763885,0.0,0.0,1.0,0.0,-0.037372320890426636,0.44652384519577026,0.250552773475647,0.3074423670768738,0.0,0.4450175166130066,0.2490464448928833,0.3059360384941101
2,159,0.10153359167454594,0.10153359198029412,0.6953857302536713,0.10154708609148866,-0.21340930461883545,0.2446509450674057,0.9416261315345764,0.06860682368278503,0.0,0.15151242911815643,0.8484876155853271,0.0,-0.3605622351169586,-0.449993371963501,0.5688208341598511,1.3055894374847412,0.0,0.0,0.13161569833755493,0.8683843016624451
2,160,0.10153359167454594,0.10153359198029412,0.6953857302536713,0.10154708609148866,0.30040597915649414,-0.23999029397964478,0.6103105545043945,0.32702988386154175,0.22115715344746906,0.0,0.5310617287953695,0.24778105815251666,0.6034185290336609,0.3550160527229309,0.07665890455245972,-0.03710031509399414,0.5917206803957621,0.34331820408503216,0.06496105591456096,0.0
2,161,0.10911176158082908,0.6193704116712362,0.16240485415991268,0.10911297258802213,0.4306843876838684,-0.090556800365448,0.2855565845966339,0.3776479661464691,0.39938809474309284,0.0,0.25426029165585834,0.34635167320569354,0.7995396852493286,0.2195257842540741,-0.40499621629714966,0.23804232478141785,0.7138370672861735,0.133823166290919,0.0,0.15233970681826275
2,162,0.10911176158082908,0.6193704116712362,0.16240485415991268,0.10911297258802213,0.3310455083847046,-0.3016824722290039,0.3236159384250641,0.6305354833602905,0.2359798749287923,0.0,0.2285503049691518,0.5354698499043783,0.09847261011600494,-0.832569420337677,0.37656721472740173,1.3449934720993042,0.0,0.0,0.015786856412887573,0.98421311378479
2,163,0.10911176158082908,0.6193704116712362,0.16240485415991268,0.10911297258802213,-0.069395512342453,-0.46461397409439087,1.0262315273284912,0.4981812834739685,0.0,0.0,0.764025092124939,0.23597484827041626,0.665737509727478,0.3647654056549072,-0.009705692529678345,-0.03778880834579468,0.6504860520362854,0.3495139479637146,0.0,0.0
2,164,0.10911176158082908,0.6193704116712362,0.16240485415991268,0.10911297258802213,0.29037466645240784,-1.0473291873931885,1.4042381048202515,0.3789639174938202,0.0,0.0,1.0,0.0,0.18362370133399963,-0.5610604882240295,0.35743314027786255,1.0186054706573486,0.0,0.0,0.16941386461257935,0.8305861949920654
2,165,0.10911176158082908,0.6193704116712362,0.16240485415991268,0.10911297258802213,0.6718161106109619,-1.1454262733459473,1.4971364736557007,-0.020873740315437317,0.08733987808227539,0.0,0.9126602411270142,0.0,1.5918456315994263,-0.5348452925682068,-0.23941251635551453,0.08855895698070526,1.0,0.0,0.0,0.0
2,166,0.10911176158082908,0.6193704116712362,0.16240485415991268,0.10911297258802213,0.6457153558731079,-0.8857882618904114,1.2067521810531616,0.030213534832000732,0.21948158740997314,0.0,0.7805184125900269,0.0,0.21171128749847412,1.2137141227722168,-0.41630059480667114,0.09845718741416931,0.0,1.0,0.0,0.0
2,167,0.10911176158082908,0.6193704116712362,0.16240485415991268,0.10911297258802213,0.7267618179321289,-1.4086568355560303,0.9002935886383057,0.79960036277771,0.25120989481608075,0.0,0.4247416655222575,0.3240484396616618,0.5062119960784912,-0.5654740333557129,0.2806284725666046,0.8273422718048096,0.30148442586263025,0.0,0.07590090235074362,0.6226147015889486
2,168,0.10911176158082908,0.6193704116712362,0.16240485415991268,0.10911297258802213,-0.056255191564559937,-0.3147194981575012,1.1706340312957764,0.21071669459342957,0.0,0.0,0.9799586534500122,0.020041316747665405,-0.2874666750431061,0.7150440812110901,-0.23881617188453674,0.7564043998718262,0.0,0.47931987047195435,0.0,0.5206801891326904
2,169,0.10911176158082908,0.6193704116712362,0.16240485415991268,0.10911297258802213,0.2514953017234802,-0.1900177001953125,1.1754099130630493,-0.26369738578796387,0.03804272413253784,0.0,0.9619573354721069,0.0,1.5654882192611694,-1.3888256549835205,0.17194810509681702,0.6556738018989563,0.9549071788787842,0.0,0.0,0.045092761516571045
2,170,0.10911176158082908,0.6193704116712362,0.16240485415991268,0.10911297258802213,0.9582059383392334,-1.0907609462738037,1.0623083114624023,0.06017981469631195,0.4479488134384155,0.0,0.5520511865615845,0.0,0.02118055522441864,-0.05898171663284302,1.3982586860656738,-0.3280056416988373,0.0,0.0,1.0,0.0
2,171,0.10911176158082908,0.6193704116712362,0.16240485415991268,0.10911297258802213,-0.12791553139686584,-0.22285246849060059,1.5400310754776,-0.15891660749912262,0.0,0.0,1.0,0.0,-0.2659219801425934,-0.13993456959724426,0.3614844083786011,0.9741262197494507,0.0,0.0,0.1936790943145752,0.8063209056854248
2,172,0.10911176158082908,0.6193704116712362,0.16240485415991268,0.10911297258802213,0.3764319121837616,-0.6274912357330322,1.1419346332550049,0.1213042140007019,0.11724862456321716,0.0,0.8827513456344604,0.0,0.5515118837356567,0.025048360228538513,0.22893518209457397,0.11686499416828156,0.570921778678894,0.04445825517177582,0.24834507703781128,0.13627488911151886
2,173,0.10911176158082908,0.6193704116712362,0.16240485415991268,0.10911297258802213,0.36530131101608276,-0.5943412184715271,1.4985740184783936,-0.27345043420791626,0.0,0.0,1.0,0.0,0.2668292820453644,1.1125543117523193,0.3576357662677765,-0.6009500026702881,0.021156181891759246,0.8668812115987142,0.11196266611417136,0.0
2,174,0.10911176158082908,0.6193704116712362,0.16240485415991268,0.10911297258802213,0.52881920337677,-0.36470019817352295,1.2678022384643555,-0.4021119475364685,0.13050848245620728,0.0,0.8694915175437927,0.0,0.34133225679397583,-0.5260146856307983,1.4002273082733154,-0.19471260905265808,0.0,0.0,1.0,0.0
2,175,0.10911176158082908,0.6193704116712362,0.16240485415991268,0.10911297258802213,0.4698585867881775,-0.4978540539741516,1.059513807296753,0.0037036538124084473,0.2051723599433899,0.0,0.7948275804519653,0.0,0.17733800411224365,-0.35768550634384155,0.8852094411849976,0.41459453105926514,0.01829067866007486,0.0,0.7261621157328287,0.2555472056070963
2,176,0.10911176158082908,0.6193704116712362,0.16240485415991268,0.10911297258802213,0.3917553424835205,-0.13387715816497803,0.5873286724090576,0.14977115392684937,0.3488035996754964,0.0,0.5443769296010336,0.10681941111882529,0.6708754897117615,-0.33099645376205444,-0.1621210277080536,0.9293727874755859,0.3707513213157654,0.0,0.0,0.6292486190795898
2,177,0.10911176158082908,0.6193704116712362,0.16240485415991268,0.10911297258802213,0.6450003385543823,-0.2550191283226013,0.783976137638092,-0.12560389935970306,0.43051207065582275,0.0,0.5694878697395325,0.0,-0.22184252738952637,-1.3001949787139893,1.449289321899414,1.0888097286224365,0.0,0.0,0.6802397966384888,0.31976020336151123
2,178,0.10911176158082908,0.6193704116712362,0.16240485415991268,0.10911297258802213,0.2860700488090515,-0.23262637853622437,1.181577205657959,-0.1768529862165451,0.05224639177322388,0.0,0.9477535486221313,0.0,1.1094335317611694,0.015928372740745544,0.22837403416633606,-0.33617809414863586,0.9405297636985779,0.0,0.05947026610374451,0.0
2,179,0.10911176158082908,0.6193704116712362,0.16240485415991268,0.10911297258802213,0.22941485047340393,0.11088067293167114,0.6979296207427979,-0.04128895699977875,0.21667312582333884,0.09813894828160603,0.6851878960927328,0.0,1.4082375764846802,-1.4121429920196533,0.6929550170898438,0.3646147549152374,0.857641339302063,0.0,0.14235877990722656,0.0
2,180,0.10911176158082908,0.6193704116712362,0.16240485415991268,0.10911297258802213,0.40083980560302734,0.31001928448677063,0.19346871972084045,0.07382114231586456,0.4063025861978531,0.3154820650815964,0.1989315003156662,0.07928392291069031,0.6287890076637268,0.37753480672836304,0.10924859344959259,-0.1023627519607544,0.5902648568153381,0.33901065587997437,0.07072444260120392,0.0
2,181,0.10648530809439229,0.13681370262969247,0.6502156092025296,0.10648538007338555,0.8339595198631287,-0.1964322328567505,-0.10008008778095245,0.4427140951156616,0.6956227421760559,0.0,0.0,0.30437731742858887,0.8493621349334717,0.32668641209602356,0.5919839143753052,-0.7837361097335815,0.5933513243993123,0.0706756015618642,0.3359731038411458,0.0
2,182,0.10648530809439229,0.13681370262969247,0.6502156092025296,0.10648538007338555,0.12618103623390198,0.3663941025733948,0.18382154405117035,0.3162382245063782,0.12802231311798096,0.36823537945747375,0.18566282093524933,0.31807950139045715,0.48194071650505066,0.4002821743488312,-0.14898329973220825,0.32691940665245056,0.4122266074021657,0.33056806524594623,0.0,0.2572052975495656
2,183,0.10648530809439229,0.13681370262969247,0.6502156092025296,0.10648538007338555,-0.14372727274894714,0.2580302357673645,0.5725611448287964,0.3433816432952881,0.0,0.20003920793533325,0.5145701169967651,0.28539061546325684,1.2862964868545532,-0.023766368627548218,0.12785911560058594,-0.4038753807544708,1.0,0.0,0.0,0.0
2,184,0.10648530809439229,0.13681370262969247,0.6502156092025296,0.10648538007338555,0.06352700293064117,0.353832870721817,0.48922476172447205,0.059382736682891846,0.07203516364097595,0.3623410314321518,0.4977329224348068,0.06789089739322662,0.3162408471107483,-0.7690357565879822,1.690397024154663,-0.17797091603279114,0.0,0.0,1.0,0.0
2,185,0.10648530809439229,0.13681370262969247,0.6502156092025296,0.10648538007338555,0.0003020167350769043,-0.21832942962646484,0.972506582736969,0.24275842308998108,0.0,0.0,0.8648740649223328,0.13512590527534485,0.9625338315963745,-0.904054582118988,0.6065806150436401,0.39192840456962585,0.642186204592387,0.0,0.2862329880396525,0.07158077756563824
2,186,0.10648530809439229,0.13681370262969247,0.6502156092025296,0.10648538007338555,-0.05559039115905762,0.12277501821517944,1.1804741621017456,-0.27637529373168945,0.0,0.0,1.0,0.0,0.8658826351165771,0.019409626722335815,0.07914376258850098,0.07633897662162781,0.8556888699531555,0.009215861558914185,0.06894999742507935,0.06614521145820618
2,187,0.10648530809439229,0.13681370262969247,0.6502156092025296,0.10648538007338555,0.4131097197532654,-0.3224462866783142,0.8467267155647278,0.016862735152244568,0.2831915020942688,0.0,0.7168084979057312,0.0,1.2318391799926758,-0.663184642791748,0.14329618215560913,0.4048173427581787,0.9135109186172485,0.0,0.0,0.08648908138275146
2,188,0.10648530809439229,0.13681370262969247,0.6502156092025296,0.10648538007338555,-0.09942466020584106,-0.014932215213775635,1.3985426425933838,-0.25619643926620483,0.0,0.0,1.0,0.0,-0.9525851011276245,-0.837035596370697,1.0223186016082764,1.8539484739303589,0.0,0.0,0.08418512344360352,0.915814995765686
2,189,0.10648530809439229,0.13681370262969247,0.6502156092025296,0.10648538007338555,0.1549353003501892,-0.5804645419120789,1.2325868606567383,0.1902005523443222,0.0,0.0,1.0,0.0,0.1621432900428772,0.6553255319595337,-0.04447010159492493,0.16156628727912903,0.1691315770149231,0.6623138189315796,0.0,0.16855457425117493
2,190,0.10648530809439229,0.13681370262969247,0.6502156092025296,0.10648538007338555,0.24924802780151367,-0.34830987453460693,1.258317470550537,-0.13658447563648224,0.0,0.0,1.0,0.0,0.35911527276039124,0.7312225103378296,-0.613910973072052,0.4737050533294678,0.17110100388526917,0.5432082414627075,0.0,0.2856907844543457
2,191,0.10648530809439229,0.13681370262969247,0.6502156092025296,0.10648538007338555,0.4594876170158386,-0.29457902908325195,1.0158085823059082,-0.1440482884645462,0.22183948755264282,0.0,0.7781604528427124,0.0,2.4878058433532715,-1.1549584865570068,0.08200205862522125,-0.3363945782184601,1.0,0.0,0.0,0.0
2,192,0.10648530809439229,0.13681370262969247,0.6502156092025296,0.10648538007338555,0.65574049949646,-0.9217575192451477,1.579120397567749,-0.28610503673553467,0.03831005096435547,0.0,0.9616899490356445,0.0,-0.08848956227302551,0.3614017367362976,0.5520723462104797,0.08834320306777954,0.0,0.3607959945996602,0.5514666040738424,0.08773746093114217
2,193,0.10648530809439229,0.13681370262969247,0.6502156092025296,0.10648538007338555,1.343935251235962,-1.5847322940826416,1.21046781539917,0.04046930372714996,0.566733717918396,0.0,0.433266282081604,0.0,0.5199177265167236,-0.7249264717102051,1.7257676124572754,-0.3714754283428192,0.0,0.0,1.0,0.0
2,194,0.10648530809439229,0.13681370262969247,0.6502156092025296,0.10648538007338555,0.6887345910072327,-0.3795979619026184,0.7836059927940369,-0.0740252286195755,0.4525642991065979,0.0,0.5474357008934021,0.0,0.6912353038787842,-1.0174992084503174,1.2682838439941406,-0.05906146764755249,0.21147572994232178,0.0,0.7885242700576782,0.0
2,195,0.10648530809439229,0.13681370262969247,0.6502156092025296,0.10648538007338555,0.3623697757720947,-0.3422299027442932,0.6911689043045044,0.3121158480644226,0.24048495292663574,0.0,0.5692840814590454,0.19023102521896362,-0.4253380000591278,-0.02924308180809021,0.1393263339996338,1.398157000541687,0.0,0.0,0.0,1.0
2,196,0.10648530809439229,0.13681370262969247,0.6502156092025296,0.10648538007338555,0.5317067503929138,-1.0487034320831299,0.9136885404586792,0.5869454741477966,0.18759316205978394,0.0,0.5695749521255493,0.24283188581466675,-1.0898871421813965,0.08032764494419098,0.38405314087867737,1.4562106132507324,0.0,0.0,0.0,1.0
2,197,0.10648530809439229,0.13681370262969247,0.6502156092025296,0.10648538007338555,0.809013307094574,-0.6037759780883789,0.31346145272254944,0.4778096079826355,0.6089185277620951,0.0,0.11336667339007059,0.2777148286501566,-0.10797467827796936,0.1521638035774231,0.15440648794174194,0.7673664093017578,0.0,0.12751823663711548,0.12976092100143433,0.7427208423614502
2,198,0.10648530809439229,0.13681370262969247,0.6502156092025296,0.10648538007338555,0.515132486820221,-0.9751123785972595,1.1591709852218628,0.3366093933582306,0.1779807209968567,0.0,0.8220192193984985,0.0,1.917287826538086,-1.9024040699005127,0.9658315777778625,0.05573873221874237,0.9757281541824341,0.0,0.024271905422210693,0.0
2,199,0.10648530809439229,0.13681370262969247,0.6502156092025296,0.10648538007338555,0.5973935127258301,-0.9526224732398987,1.1347815990447998,0.2404322624206543,0.23130595684051514,0.0,0.7686940431594849,0.0,1.304717779159546,-0.6457938551902771,0.5100909471511841,-0.2752213180065155,0.8973134160041809,0.0,0.10268658399581909,0.0
2,200,0.10648530809439229,0.13681370262969247,0.6502156092025296,0.10648538007338555,0.3055011034011841,-0.21288654208183289,0.6652360558509827,0.24214504659175873,0.2345403830210368,0.0,0.5942753354708353,0.17118432621161145,0.6572956442832947,0.38655781745910645,0.0661420226097107,-0.09716889262199402,0.6206304430961609,0.34989261627197266,0.029476821422576904,0.0
2,201,0.6230080183740301,0.11178890305270885,0.156027493101287,0.10917558547197416,0.1675843894481659,-0.356611967086792,0.5999875068664551,0.5718930959701538,0.05442938208580017,0.0,0.48683249950408936,0.4587380886077881,0.6599475145339966,-1.478804588317871,1.0598034858703613,0.8767087459564209,0.1277942260106405,0.0,0.5276501973470052,0.3445554574330648
2,202,0.6230080183740301,0.11178890305270885,0.156027493101287,0.10917558547197416,0.42729467153549194,-0.5276572108268738,0.935492753982544,0.15411844849586487,0.2459009289741516,0.0,0.7540990114212036,0.0,0.9349092245101929,0.4029301404953003,0.5055498480796814,-0.7951740026473999,0.6537795066833496,0.12180042266845703,0.22442013025283813,0.0
2,203,0.6230080183740301,0.11178890305270885,0.156027493101287,0.10917558547197416,-0.07608824968338013,-0.19691160321235657,0.9207656979560852,0.3590044677257538,0.0,0.0,0.7808806300163269,0.21911939978599548,0.42411452531814575,-0.5413822531700134,0.049612075090408325,1.0683540105819702,0.17788022756576538,0.0,0.0,0.8221197128295898
2,204,0.6230080183740301,0.11178890305270885,0.156027493101287,0.10917558547197416,0.29181137681007385,-0.8659083247184753,1.0869336128234863,0.45430368185043335,0.01412847638130188,0.0,0.8092507123947144,0.17662078142166138,-0.5888696908950806,0.8081009984016418,0.9242087602615356,-0.021171361207962036,0.0,0.4419460892677307,0.5580538511276245,0.0
2,205,0.6230080183740301,0.11178890305270885,0.156027493101287,0.10917558547197416,0.07860510051250458,-0.9323717951774597,1.613266110420227,0.2911147475242615,0.0,0.0,1.0,0.0,-0.24772313237190247,0.39883577823638916,0.2238958775997162,0.6477224230766296,0.0,0.3086844285329183,0.1337445278962453,0.5575710733731588
2,206,0.6230080183740301,0.11178890305270885,0.156027493101287,0.10917558547197416,-0.16556572914123535,-0.39581596851348877,1.6276119947433472,-0.029736623167991638,0.0,0.0,1.0,0.0,0.38808703422546387,-1.235454797744751,0.5379250049591064,1.2682597637176514,0.0,0.0,0.13483262062072754,0.8651673793792725
2,207,0.6230080183740301,0.11178890305270885,0.156027493101287,0.10917558547197416,-0.1467294692993164,-0.6863967776298523,1.8449252843856812,0.020856201648712158,0.0,0.0,1.0,0.0,-0.14926615357398987,0.25839680433273315,0.3965594172477722,0.6113269329071045,0.0,0.16963571310043335,0.3077983260154724,0.5225658416748047
2,208,0.6230080183740301,0.11178890305270885,0.156027493101287,0.10917558547197416,0.02883891761302948,-0.6959666013717651,1.5329105854034424,0.1799854040145874,0.0,0.0,1.0,0.0,1.1930123567581177,-1.1599054336547852,0.7393748760223389,0.3316311538219452,0.7268187403678894,0.0,0.2731812596321106,0.0
2,209,0.6230080183740301,0.11178890305270885,0.156027493101287,0.10917558547197416,-0.4811895489692688,-0.07063177227973938,1.640512228012085,-0.09536851942539215,0.0,0.0,1.0,0.0,-0.035727113485336304,-0.7043952345848083,2.222546100616455,-0.28768792748451233,0.0,0.0,1.0,0.0
2,210,0.6230080183740301,0.11178890305270885,0.156027493101287,0.10917558547197416,0.1423775851726532,-0.3669171929359436,1.0567774772644043,0.2291625589132309,0.0,0.0,0.9138074517250061,0.0861925333738327,-0.5884007215499878,-0.378700852394104,0.4395325183868408,1.4998772144317627,0.0,0.0,0.0,1.0
2,211,0.6230080183740301,0.11178890305270885,0.156027493101287,0.10917558547197416,-0.13828247785568237,0.26723313331604004,1.4589343070983887,-0.516473114490509,0.0,0.0,1.0,0.0,-0.29819777607917786,0.00572340190410614,0.6201188564300537,0.7846351861953735,0.0,0.0,0.4177418351173401,0.5822581648826599
2,212,0.6230080183740301,0.11178890305270885,0.156027493101287,0.10917558547197416,0.08245821297168732,-0.35635197162628174,1.7418708801269531,-0.4660032391548157,0.0,0.0,1.0,0.0,1.2827167510986328,-0.9755852818489075,0.14016976952552795,0.6209481954574585,0.8308842778205872,0.0,0.0,0.16911572217941284
2,213,0.6230080183740301,0.11178890305270885,0.156027493101287,0.10917558547197416,0.29621124267578125,0.3923606872558594,1.1895467042922974,-0.9026044011116028,0.003505031267801939,0.09965447584788006,0.8968404928843181,0.0,0.6187671422958374,-1.528794288635254,0.6178024411201477,1.241758108139038,0.12599122524261475,0.0,0.12502652406692505,0.7489821910858154
2,214,0.6230080183740301,0.11178890305270885,0.156027493101287,0.10917558547197416,0.4421488046646118,0.32500630617141724,1.1497200727462769,-0.8972378373146057,0.1365237633387248,0.01938126484553021,0.8440950314203899,0.0,1.303199052810669,-0.5010256767272949,0.2618400752544403,-0.14042606949806213,1.0,0.0,0.0,0.0
2,215,0.6230080183740301,0.11178890305270885,0.156027493101287,0.10917558547197416,0.6142401695251465,0.2393685132265091,1.2597039937973022,-1.0824708938598633,0.17726808786392212,0.0,0.8227319121360779,0.0,1.044429063796997,0.19284577667713165,-0.4701682925224304,0.16452279686927795,0.9104965130488077,0.05891322592894235,0.0,0.030590246121088654
2,216,0.6230080183740301,0.11178890305270885,0.156027493101287,0.10917558547197416,0.7841051816940308,0.3047235906124115,0.8521291613578796,-0.8985382914543152,0.46598803997039795,0.0,0.5340120196342468,0.0,1.2965937852859497,-0.9204613566398621,0.4720197021961212,0.2674964964389801,0.9122870564460754,0.0,0.08771297335624695,0.0
2,217,0.6230080183740301,0.11178890305270885,0.156027493101287,0.10917558547197416,0.3599572777748108,0.18505260348320007,0.7119187116622925,-0.23125459253787994,0.27431438366572064,0.09940970937410991,0.6262758175532023,0.0,0.7474795579910278,-0.0093974769115448,-0.7328083515167236,1.000293254852295,0.37359315156936646,0.0,0.0,0.6264068484306335
2,218,0.6230080183740301,0.11178890305270885,0.156027493101287,0.10917558547197416,0.43716269731521606,0.38076305389404297,0.7218617796897888,-0.5312893390655518,0.2572335203488668,0.2008338769276937,0.5419326027234396,0.0,0.5407342910766602,0.04826304316520691,0.4532061517238617,-0.1388382911682129,0.5266664425532023,0.03419519464174906,0.43913830320040387,0.0
2,219,0.6230080183740301,0.11178890305270885,0.156027493101287,0.10917558547197416,0.4980558156967163,0.31035542488098145,0.5585037469863892,-0.3777664303779602,0.3757508198420207,0.18805042902628583,0.43619875113169354,0.0,1.4532934427261353,0.6065731644630432,-0.8743143677711487,-0.181605726480484,0.9233601093292236,0.07663983106613159,0.0,0.0
2,220,0.6230080183740301,0.11178890305270885,0.156027493101287,0.10917558547197416,0.46596387028694153,0.34918278455734253,0.3262774348258972,-0.14061714708805084,0.4188224772612254,0.3020413915316264,0.2791360418001811,0.0,0.7696006298065186,0.36883288621902466,0.08155412971973419,-0.2166254222393036,0.6962714195251465,0.2955036759376526,0.008224919438362122,0.0
2,221,0.6936972704283446,0.10186893955148434,0.10260854114328725,0.10182524887688382,0.6450106501579285,-0.08623713254928589,-0.0537538081407547,0.46229052543640137,0.5913600325584412,0.0,0.0,0.40863990783691406,-0.07703256607055664,0.4163791537284851,-1.2623162269592285,1.950955867767334,0.0,0.0,0.0,1.0
2,222,0.6936972704283446,0.10186893955148434,0.10260854114328725,0.10182524887688382,0.6604883074760437,-0.41644400358200073,0.08663283288478851,0.6631678938865662,0.49866020679473877,0.0,0.0,0.5013397932052612,1.0402851104736328,-1.198702096939087,1.2271422147750854,0.0716957151889801,0.4065713882446289,0.0,0.5934284925460815,0.0
2,223,0.6936972704283446,0.10186893955148434,0.10260854114328725,0.10182524887688382,0.49117302894592285,-0.5689640045166016,0.1284494400024414,0.9355058670043945,0.27783358097076416,0.0,0.0,0.7221664190292358,0.973941445350647,-0.34266018867492676,-0.08875367045402527,0.43584710359573364,0.7690471410751343,0.0,0.0,0.23095279932022095
2,224,0.6936972704283446,0.10186893955148434,0.10260854114328725,0.10182524887688382,0.5356087684631348,-1.3208482265472412,1.1904414892196655,0.5971672534942627,0.09453630447387695,0.0,0.7493690252304077,0.15609478950500488,1.7751522064208984,-1.2140586376190186,-0.6488789916038513,1.0881766080856323,0.8434877395629883,0.0,0.0,0.15651214122772217
2,225,0.6936972704283446,0.10186893955148434,0.10260854114328725,0.10182524887688382,0.43007785081863403,-1.1460747718811035,1.7526905536651611,-0.014398321509361267,0.0,0.0,1.0,0.0,1.2830363512039185,-0.4917232394218445,0.5805025100708008,-0.2813967168331146,0.8512669205665588,0.0,0.14873307943344116,0.0
2,226,0.6936972704283446,0.10186893955148434,0.10260854114328725,0.10182524887688382,0.3346334993839264,-1.058417797088623,1.4239442348480225,0.3457825183868408,0.0,0.0,1.0,0.0,0.26924246549606323,0.5397548079490662,1.1574112176895142,-0.8878811597824097,0.0,0.1911718249320984,0.8088282346725464,0.0
2,227,0.6936972704283446,0.10186893955148434,0.10260854114328725,0.10182524887688382,0.46062397956848145,-0.9305329918861389,1.1576921939849854,0.3273041844367981,0.1454172134399414,0.0,0.8424854278564453,0.012097418308258057,0.9431760311126709,-1.074246883392334,0.5042152404785156,0.7276239395141602,0.5515042940775554,0.0,0.11254350344340008,0.3359522024790446
2,228,0.6936972704283446,0.10186893955148434,0.10260854114328725,0.10182524887688382,0.06620290875434875,-0.5870935320854187,0.9234189987182617,0.6215063333511353,0.0,0.0,0.6509563326835632,0.34904366731643677,0.537087619304657,-1.826890468597412,0.5928560495376587,1.615491271018982,0.0,0.0,0.0,1.0
2,229,0.6936972704283446,0.10186893955148434,0.10260854114328725,0.10182524887688382,-0.2832385301589966,-0.04584771394729614,1.149543285369873,0.21577219665050507,0.0,0.0,0.9668855667114258,0.0331144779920578,1.3473668098449707,-2.311405658721924,1.476278305053711,0.6733652353286743,0.4355442523956299,0.0,0.5644557476043701,0.0
2,230,0.6936972704283446,0.10186893955148434,0.10260854114328725,0.10182524887688382,-0.15265503525733948,-0.124056875705719,0.943342387676239,0.37539157271385193,0.0,0.0,0.7839754223823547,0.21602460741996765,-0.10164669156074524,-1.172027349472046,1.8049650192260742,0.49634310603141785,0.0,0.0,1.0,0.0
2,231,0.6936972704283446,0.10186893955148434,0.10260854114328725,0.10182524887688382,-0.03684079647064209,0.1954120695590973,1.1545621156692505,-0.29200583696365356,0.0,0.020424991846084595,0.9795750379562378,0.0,0.5480983257293701,0.5960433483123779,-0.5750096440315247,0.5646048784255981,0.3118494749069214,0.3597944974899292,0.0,0.3283560276031494
2,232,0.6936972704283446,0.10186893955148434,0.10260854114328725,0.10182524887688382,0.2185344099998474,-0.13718393445014954,1.069970965385437,-0.1334664672613144,0.07428175210952759,0.0,0.9257183074951172,0.0,0.1879374086856842,0.9835739731788635,0.2238536775112152,-0.2806227505207062,0.05614907542864481,0.8517856399218241,0.09206534425417581,0.0
2,233,0.6936972704283446,0.10186893955148434,0.10260854114328725,0.10182524887688382,0.14652901887893677,-0.2227378785610199,1.6914507150650024,-0.6012131571769714,0.0,0.0,1.0,0.0,2.1646997928619385,-0.7549160122871399,0.278870552778244,-0.6030244827270508,1.0,0.0,0.0,0.0
2,234,0.6936972704283446,0.10186893955148434,0.10260854114328725,0.10182524887688382,0.29819533228874207,-0.2845475673675537,1.4617561101913452,-0.4488515257835388,0.0,0.0,1.0,0.0,0.14369094371795654,-0.6093711256980896,0.8778320550918579,0.7283138632774353,0.0,0.0,0.5747591257095337,0.4252409338951111
2,235,0.6936972704283446,0.10186893955148434,0.10260854114328725,0.10182524887688382,0.41555240750312805,-0.2687533497810364,0.933118462562561,-0.08313791453838348,0.2412169873714447,0.0,0.7587830424308777,0.0,-0.03283753991127014,1.7787883281707764,-0.36317384243011475,-0.36000290513038635,0.0,1.0,0.0,0.0
2,236,0.6936972704283446,0.10186893955148434,0.10260854114328725,0.10182524887688382,0.24414323270320892,0.42463594675064087,0.8213217258453369,-0.47899264097213745,0.08077627917130789,0.26126899321873986,0.6579547723134359,0.0,1.4001579284667969,0.22035905718803406,-0.6176487803459167,-0.1303693652153015,1.0,0.0,0.0,0.0
2,237,0.6936972704283446,0.10186893955148434,0.10260854114328725,0.10182524887688382,0.4308392405509949,0.33677226305007935,0.6483952403068542,-0.4237796664237976,0.29217030604680383,0.19810332854588827,0.5097263058026632,0.0,-0.3495643436908722,-0.34829193353652954,1.2237017154693604,0.5979281067848206,0.0,0.0,0.8128868341445923,0.1871132254600525
2,238,0.6936972704283446,0.10186893955148434,0.10260854114328725,0.10182524887688382,0.5012807846069336,0.4208345413208008,0.3778710961341858,-0.3250601291656494,0.4012853304545085,0.32083908716837567,0.2778756419817607,0.0,1.135697603225708,0.5857710242271423,-0.759753406047821,-0.08586785197257996,0.7749632596969604,0.22503668069839478,0.0,0.0
2,239,0.6936972704283446,0.10186893955148434,0.10260854114328725,0.10182524887688382,0.47024786472320557,0.7356221675872803,-0.060579195618629456,-0.21901775896549225,0.36731284856796265,0.6326871514320374,0.0,0.0,1.295668601989746,0.12712468206882477,0.011915042996406555,-0.45149192214012146,1.0,0.0,0.0,0.0
2,240,0.6936972704283446,0.10186893955148434,0.10260854114328725,0.10182524887688382,0.84126216173172,0.6274378299713135,-0.38976770639419556,-0.10841892659664154,0.6069121956825256,0.39308786392211914,0.0,0.0,0.7936679124832153,0.5142019987106323,0.014803275465965271,-0.3142893612384796,0.6397329568862915,0.3602670431137085,0.0,0.0
2,241,0.16207896061630298,0.6196262619060989,0.10918243714667812,0.10911234033092002,1.1455988883972168,-0.57712322473526,0.22848166525363922,0.23189786076545715,0.9436060984929403,0.0,0.0264888753493627,0.029905070861180633,0.2843761742115021,1.7747812271118164,0.40386253595352173,-1.3532235622406006,0.0,1.0,0.0,0.0
2,242,0.16207896061630298,0.6196262619060989,0.10918243714667812,0.10911234033092002,0.42556747794151306,0.36776599287986755,0.4671648442745209,-0.24121488630771637,0.3387347161769867,0.2809332311153412,0.3803320825099945,0.0,-0.8308812379837036,0.45525801181793213,-0.08218401670455933,1.5412417650222778,0.0,0.0,0.0,1.0
2,243,0.16207896061630298,0.6196262619060989,0.10918243714667812,0.10911234033092002,0.4278395175933838,0.25878316164016724,0.288938969373703,-0.019706115126609802,0.43598562479019165,0.2669292688369751,0.29708507657051086,0.0,-0.30809685587882996,1.32368803024292,0.16621756553649902,-0.19071149826049805,0.0,1.0,0.0,0.0
2,244,0.16207896061630298,0.6196262619060989,0.10918243714667812,0.10911234033092002,0.3837490677833557,0.4077591300010681,0.23846200108528137,-0.07325969636440277,0.37375901142756146,0.39776907364527386,0.2284719447294871,0.0,-0.4919848144054413,1.0644090175628662,-1.028770923614502,1.4422004222869873,0.0,0.31110429763793945,0.0,0.6888957023620605
2,245,0.16207896061630298,0.6196262619060989,0.10918243714667812,0.10911234033092002,-0.09993603825569153,0.2002471387386322,0.7080490589141846,0.1969672292470932,0.0,0.16515931487083435,0.6729612350463867,0.16187940537929535,0.3903081715106964,-1.1370275020599365,1.1205716133117676,0.7275964021682739,0.0,0.0,0.6964876055717468,0.3035123944282532
2,246,0.16207896061630298,0.6196262619060989,0.10918243714667812,0.10911234033092002,0.598994791507721,-0.4805370569229126,1.0101567506790161,-0.11962206661701202,0.29441899061203003,0.0,0.7055809497833252,0.0,0.6528939604759216,0.37196528911590576,-0.13784387707710266,0.10676054656505585,0.60902072985967,0.3280920584996541,0.0,0.06288731594880423
2,247,0.16207896061630298,0.6196262619060989,0.10918243714667812,0.10911234033092002,0.006728515028953552,-0.43355774879455566,0.9028372764587402,0.5313774347305298,0.0,0.0,0.6857299208641052,0.3142700791358948,1.2799252271652222,1.9025027751922607,-1.7778759002685547,-0.4494355022907257,0.1887112855911255,0.8112888336181641,0.0,0.0
2,248,0.16207896061630298,0.6196262619060989,0.10918243714667812,0.10911234033092002,0.34596747159957886,-0.8029760718345642,1.5031706094741821,-0.07462812960147858,0.0,0.0,1.0,0.0,-0.15748560428619385,-1.0282549858093262,1.739985704421997,0.5453600883483887,0.0,0.0,1.0,0.0
2,249,0.16207896061630298,0.6196262619060989,0.10918243714667812,0.10911234033092002,0.41325217485427856,-0.31943631172180176,0.9416534304618835,-0.031732335686683655,0.2357993721961975,0.0,0.7642006278038025,0.0,0.43188947439193726,0.047013118863105774,-0.07135426998138428,0.5781452655792236,0.4128734866778056,0.027997131148974102,0.0,0.5591292778650919
2,250,0.16207896061630298,0.6196262619060989,0.10918243714667812,0.10911234033092002,0.4634077548980713,-0.4436333179473877,0.7156385779380798,0.2521917223930359,0.31966169675191247,0.0,0.571892519791921,0.10844566424687704,0.8885447978973389,-0.4436398148536682,-0.04547119140625,0.634451150894165,0.6270468235015869,0.0,0.0,0.3729531764984131
2,251,0.16207896061630298,0.6196262619060989,0.10918243714667812,0.10911234033092002,0.8667417764663696,-0.7000330686569214,0.547846794128418,0.28637582063674927,0.6330869595209757,0.0,0.31419197718302405,0.05272100369135538,0.11804339289665222,-1.1577014923095703,1.1727150678634644,1.0776050090789795,0.0,0.0,0.5475550889968872,0.45244503021240234
2,252,0.16207896061630298,0.6196262619060989,0.10918243714667812,0.10911234033092002,0.4930007755756378,-0.3520955443382263,0.8924708962440491,-0.04907633364200592,0.3002649247646332,0.0,0.6997350454330444,0.0,0.18588489294052124,-0.44819819927215576,0.7091500759124756,0.6442475318908691,0.006124039491017669,0.0,0.529389222462972,0.4644866784413656
2,253,0.16207896061630298,0.6196262619060989,0.10918243714667812,0.10911234033092002,0.938152551651001,-0.7470430731773376,0.3632919192314148,0.440493643283844,0.6908398469289144,0.0,0.11597921450932822,0.19318093856175741,0.1367291361093521,0.22058811783790588,0.5974637866020203,-0.02990737557411194,0.15180211762587228,0.23566109935442606,0.6125367681185404,0.0
2,254,0.16207896061630298,0.6196262619060989,0.10918243714667812,0.10911234033092002,0.7979661226272583,-0.3228636384010315,0.730185329914093,-0.22392456233501434,0.5338903665542603,0.0,0.46610957384109497,0.0,0.7777485847473145,-0.6866845488548279,1.7380883693695068,-0.6398015022277832,0.01983010768890381,0.0,0.9801698923110962,0.0
2,255,0.16207896061630298,0.6196262619060989,0.10918243714667812,0.10911234033092002,0.7471894025802612,-0.5360742211341858,0.5674025416374207,0.2124195694923401,0.5715189377466837,0.0,0.39173207680384314,0.036749104658762605,0.7776936292648315,-0.6468225717544556,1.8335239887237549,-0.8724043369293213,0.0,0.0,1.0,0.0
2,256,0.16207896061630298,0.6196262619060989,0.10918243714667812,0.10911234033092002,0.4759347438812256,-0.1628940999507904,0.2583969533443451,0.42634516954421997,0.42237579822540283,0.0,0.20483800768852234,0.3727862238883972,1.3338706493377686,0.07613782584667206,-0.7501659989356995,0.30681222677230835,1.0,0.0,0.0,0.0
2,257,0.16207896061630298,0.6196262619060989,0.10918243714667812,0.10911234033092002,0.41540515422821045,-0.05464053153991699,0.48866820335388184,0.1590370088815689,0.39436837037404376,0.0,0.46763141949971515,0.13800022502740225,0.3688630163669586,-0.2769971489906311,0.35287681221961975,0.5899595022201538,0.26496325929959613,0.0,0.24897705515225727,0.4860597451527913
2,258,0.16207896061630298,0.6196262619060989,0.10918243714667812,0.10911234033092002,0.6576260328292847,-0.443253755569458,-0.025094136595726013,0.7855867147445679,0.4360196590423584,0.0,0.0,0.5639803409576416,1.232374906539917,0.309919536113739,-0.6306828856468201,0.11408495903015137,0.9612276554107666,0.03877228498458862,0.0,0.0
2,259,0.16207896061630298,0.6196262619060989,0.10918243714667812,0.10911234033092002,0.3212296664714813,0.07816128432750702,0.6232817769050598,-0.019478783011436462,0.3136721154054006,0.07060373326142629,0.6157242258389791,0.0,1.0916855335235596,-1.3492457866668701,1.88370943069458,-0.5462759733200073,0.10398805141448975,0.0,0.8960119485855103,0.0
2,260,0.16207896061630298,0.6196262619060989,0.10918243714667812,0.10911234033092002,0.5990554094314575,0.27242401242256165,0.25669610500335693,-0.12813259661197662,0.5563302437464396,0.22969884673754373,0.21397093931833902,0.0,0.68333899974823,0.37176021933555603,0.06235082447528839,-0.11335936188697815,0.6441889603932699,0.3326101799805959,0.02320078512032827,0.0
2,261,0.1136769895309836,0.15228699557911515,0.1092133306145609,0.6248226842753404,0.7898082137107849,0.2260756492614746,0.2895312011241913,-0.31798380613327026,0.6880032022794088,0.12427063783009847,0.18772618969281513,0.0,0.43225473165512085,1.7050666809082031,0.22591440379619598,-1.3489584922790527,0.0,1.0,0.0,0.0
2,262,0.1136769895309836,0.15228699557911515,0.1092133306145609,0.6248226842753404,0.3531726002693176,0.6932713985443115,0.4415861964225769,-0.4878053069114685,0.19049586852391562,0.5305946667989095,0.2789094646771749,0.0,0.39652219414711,-0.2393033504486084,0.24741733074188232,0.6510891914367676,0.2981792986392975,0.0,0.14907443523406982,0.5527462959289551
2,263,0.1136769895309836,0.15228699557911515,0.1092133306145609,0.6248226842753404,0.7540104985237122,0.2912660837173462,0.2917841672897339,-0.3337937593460083,0.6416568954785665,0.1789124806722005,0.1794305642445882,0.0,0.5863429307937622,-0.4011671543121338,0.29171326756477356,0.5970842838287354,0.4279627799987793,0.0,0.13333311676979065,0.43870413303375244
2,264,0.1136769895309836,0.15228699557911515,0.1092133306145609,0.6248226842753404,0.31115326285362244,0.7979186177253723,0.273166686296463,-0.3718382716178894,0.18374042709668478,0.6705057819684347,0.14575385053952536,0.0,0.7590786218643188,0.05479884147644043,0.06745557487010956,0.20991748571395874,0.7362659871578217,0.03198620676994324,0.044642940163612366,0.18710485100746155
2,265,0.1136769895309836,0.15228699557911515,0.1092133306145609,0.6248226842753404,0.40035712718963623,0.4300183653831482,0.7071945071220398,-0.5422221422195435,0.22116712729136148,0.2508283654848734,0.528004507223765,0.0,-0.429586261510849,0.6581695079803467,0.19923478364944458,0.5251230001449585,0.0,0.5306603908538818,0.07172566652297974,0.39761388301849365
2,266,0.1136769895309836,0.15228699557911515,0.1092133306145609,0.6248226842753404,0.6535936594009399,0.4435387849807739,0.13662661612033844,-0.24793227016925812,0.5756739775339762,0.36561910311381024,0.05870693425337474,0.0,-0.8319456577301025,1.1508219242095947,0.49841147661209106,0.21986162662506104,0.0,0.8262052536010742,0.17379480600357056,0.0
2,267,0.1136769895309836,0.15228699557911515,0.1092133306145609,0.6248226842753404,0.2601933479309082,0.69382643699646,0.044287845492362976,-0.03134305775165558,0.2607574661572774,0.6943905552228292,0.0448519637187322,0.0,0.6120560169219971,0.29698729515075684,0.06955581903457642,-0.011798322200775146,0.6191896398862203,0.30412091811498004,0.07668944199879964,0.0
2,268,0.1136769895309836,0.15228699557911515,0.1092133306145609,0.6248226842753404,0.7167180776596069,0.3993584215641022,-0.031215354800224304,-0.10131125152111053,0.6586798429489136,0.3413201868534088,0.0,0.0,1.2643941640853882,-0.9664046168327332,0.5055038928985596,0.1153825968503952,0.8794451355934143,0.0,0.1205548644065857,0.0
2,269,0.1136769895309836,0.15228699557911515,0.1092133306145609,0.6248226842753404,0.7405179738998413,0.36293360590934753,-0.10589782893657684,-0.0007096827030181885,0.6887921690940857,0.3112078011035919,0.0,0.0,1.7723582983016968,-0.9701135754585266,-0.1459609866142273,0.22821462154388428,1.0,0.0,0.0,0.0
2,270,0.1136769895309836,0.15228699557911515,0.1092133306145609,0.6248226842753404,0.9077860713005066,0.11112774908542633,-0.15431921184062958,0.12003667652606964,0.8614692489306132,0.06481092671553293,0.0,0.07371985415617624,-0.4160192906856537,1.2072049379348755,-0.28401464223861694,0.5725075006484985,0.0,0.8173487186431885,0.0,0.18265128135681152
2,271,0.1136769895309836,0.15228699557911515,0.1092133306145609,0.6248226842753404,0.8505436778068542,0.11234299838542938,0.040983691811561584,-0.032519593834877014,0.8492535551389059,0.11105287571748097,0.03969356914361318,0.0,0.8257218599319458,-0.44161176681518555,1.22972571849823,-0.5455542802810669,0.2979980707168579,0.0,0.7020019292831421,0.0
2,272,0.1136769895309836,0.15228699557911515,0.1092133306145609,0.6248226842753404,0.6343775987625122,-0.06364777684211731,0.8976861834526062,-0.44874292612075806,0.3683457374572754,0.0,0.6316543221473694,0.0,-0.4656679928302765,-0.6026015281677246,0.5045938491821289,1.6628317832946777,0.0,0.0,0.0,1.0
2,273,0.1136769895309836,0.15228699557911515,0.1092133306145609,0.6248226842753404,0.17326466739177704,0.5375909805297852,0.6561612486839294,-0.3520317077636719,0.05092569688955943,0.41525201002756756,0.5338222781817118,0.0,0.9164994955062866,-0.3617604374885559,-0.25741326808929443,0.6619617342948914,0.62726891040802,0.0,0.0,0.37273114919662476
2,274,0.1136769895309836,0.15228699557911515,0.1092133306145609,0.6248226842753404,0.32880711555480957,0.021481424570083618,0.12676210701465607,0.4711865782737732,0.34174782037734985,0.0344221293926239,0.13970281183719635,0.4841272830963135,0.507379412651062,0.1503029316663742,-0.2277923822402954,0.398054301738739,0.4888005256652832,0.1317240446805954,0.0,0.3794754147529602
2,275,0.1136769895309836,0.15228699557911515,0.1092133306145609,0.6248226842753404,-0.2407602071762085,0.5752086043357849,0.8254733681678772,-0.17398418486118317,0.0,0.37486761808395386,0.6251323819160461,0.0,0.17351453006267548,-0.3633301258087158,0.636527419090271,0.5835438370704651,0.042319263021151216,0.0,0.5053321520487467,0.4523485700289408
2,276,0.1136769895309836,0.15228699557911515,0.1092133306145609,0.6248226842753404,0.4684476852416992,0.03915165364742279,0.13681906461715698,0.3464113771915436,0.4707402437925339,0.041444212198257446,0.13911162316799164,0.34870393574237823,-0.23595693707466125,-0.18487179279327393,1.1667122840881348,0.10767234861850739,0.0,0.0,1.0,0.0
2,277,0.1136769895309836,0.15228699557911515,0.1092133306145609,0.6248226842753404,0.5494441390037537,-0.04200729727745056,0.3581635355949402,0.10583221912384033,0.5449641744295756,0.0,0.35368357102076214,0.10135225454966228,0.4477776885032654,-0.7195137143135071,0.23376600444316864,1.0508246421813965,0.19847649335861206,0.0,0.0,0.8015234470367432
2,278,0.1136769895309836,0.15228699557911515,0.1092133306145609,0.6248226842753404,0.39369508624076843,0.336181104183197,0.06331397593021393,0.22203101217746735,0.38988980650901794,0.33237582445144653,0.05950869619846344,0.21822573244571686,-0.3948225677013397,0.5590541362762451,0.26077455282211304,0.5087165832519531,0.0,0.4495390256245931,0.151259442170461,0.3992014726003011
2,279,0.1136769895309836,0.15228699557911515,0.1092133306145609,0.6248226842753404,0.5575481057167053,-0.2245694100856781,-0.027262434363365173,0.6914027333259583,0.43307268619537354,0.0,0.0,0.5669273138046265,0.31009146571159363,0.5657200813293457,-0.8860563635826111,0.9723138809204102,0.027382979790369688,0.28301159540812176,0.0,0.6896053949991863
2,280,0.1136769895309836,0.15228699557911515,0.1092133306145609,0.6248226842753404,0.13600167632102966,0.34183913469314575,-0.08102346956729889,0.6140830516815186,0.10536039868990581,0.3111978570620219,0.0,0.5834417740503947,0.5893633961677551,0.42146819829940796,-0.04071149230003357,0.010338202118873596,0.5823068022727966,0.41441160440444946,0.0,0.0032816082239151
2,281,0.1018951392179356,0.10253881686077641,0.10182072437722858,0.6937453195440594,0.27649831771850586,0.014748245477676392,0.3753669857978821,0.31807971000671387,0.2803249955177307,0.018574923276901245,0.37919366359710693,0.3219063878059387,-0.1859828233718872,0.40030020475387573,-0.27553755044937134,0.8846741914749146,0.0,0.257813036441803,0.0,0.7421870231628418
2,282,0.1018951392179356,0.10253881686077641,0.10182072437722858,0.6937453195440594,0.2913697361946106,-0.16549116373062134,0.8215392827987671,0.04540635645389557,0.23491519689559937,0.0,0.7650847434997559,0.0,0.30864331126213074,-1.3345811367034912,0.9304236769676208,1.2643848657608032,0.0,0.0,0.3330194354057312,0.6669806241989136
2,283,0.1018951392179356,0.10253881686077641,0.10182072437722858,0.6937453195440594,-0.04887998104095459,0.5109283924102783,0.8273207545280457,-0.2782478928565979,0.0,0.34180378913879395,0.6581961512565613,0.0,0.31168049573898315,0.42952609062194824,-0.39033740758895874,0.7018752098083496,0.16398654381434122,0.2818321386973063,0.0,0.5541812578837076
2,284,0.1018951392179356,0.10253881686077641,0.10182072437722858,0.6937453195440594,0.3108285069465637,0.32598796486854553,0.713103711605072,-0.32711368799209595,0.1941884160041809,0.20934787392616272,0.5964636206626892,0.0,0.9821147918701172,1.360628366470337,-1.611868143081665,0.3803025186061859,0.31074321269989014,0.6892567873001099,0.0,0.0
2,285,0.1018951392179356,0.10253881686077641,0.10182072437722858,0.6937453195440594,0.8861472010612488,-0.39583373069763184,0.5850465893745422,-0.08214695751667023,0.6505503058433533,0.0,0.34944969415664673,0.0,-0.18294334411621094,0.3429719805717468,0.9133726358413696,-0.09282806515693665,0.0,0.214799702167511,0.7852003574371338,0.0
2,286,0.1018951392179356,0.10253881686077641,0.10182072437722858,0.6937453195440594,0.12430097162723541,0.5334504246711731,0.8543427586555481,-0.4945070743560791,0.0,0.3395538330078125,0.6604461669921875,0.0,1.5151053667068481,-0.17349758744239807,-0.12800094485282898,-0.1090225875377655,1.0,0.0,0.0,0.0
2,287,0.1018951392179356,0.10253881686077641,0.10182072437722858,0.6937453195440594,0.41149890422821045,0.9991379380226135,0.9195119738578796,-1.3433548212051392,0.0,0.5398129820823669,0.46018701791763306,0.0,1.3057868480682373,-1.499159336090088,0.4170508086681366,0.6454744935035706,0.8301562070846558,0.0,0.0,0.169843852519989
2,288,0.1018951392179356,0.10253881686077641,0.10182072437722858,0.6937453195440594,0.39279720187187195,-0.05578449368476868,1.1979174613952637,-0.5087406635284424,0.09743985533714294,0.0,0.9025601148605347,0.0,-0.7124382257461548,0.351951003074646,0.31430327892303467,1.0667321681976318,0.0,0.10762218634287515,0.06997446219126383,0.822403351465861
2,289,0.1018951392179356,0.10253881686077641,0.10182072437722858,0.6937453195440594,0.040115758776664734,0.47563159465789795,1.022691011428833,-0.49223726987838745,0.0,0.22647029161453247,0.7735297083854675,0.0,0.20292127132415771,-1.0940964221954346,1.961571216583252,0.03612141311168671,0.0,0.0,1.0,0.0
2,290,0.1018951392179356,0.10253881686077641,0.10182072437722858,0.6937453195440594,0.4578930735588074,0.20264115929603577,0.8403952121734619,-0.4842265248298645,0.29091658194859826,0.03566466768582663,0.6734187205632528,0.0,1.323319911956787,-2.191091299057007,1.466113567352295,0.595565140247345,0.4286031723022461,0.0,0.5713968276977539,0.0
2,291,0.1018951392179356,0.10253881686077641,0.10182072437722858,0.6937453195440594,0.39532577991485596,0.04472711682319641,1.1461687088012695,-0.5799463987350464,0.12457853555679321,0.0,0.8754214644432068,0.0,1.6358065605163574,-0.7282081246376038,0.9994425773620605,-0.9368094205856323,0.8181819915771484,0.0,0.18181800842285156,0.0
2,292,0.1018951392179356,0.10253881686077641,0.10182072437722858,0.6937453195440594,0.32346558570861816,-0.09265166521072388,1.3477884531021118,-0.5422362089157104,0.0,0.0,1.0,0.0,0.5955228209495544,-0.7538769841194153,0.46961265802383423,0.7124554514884949,0.33632582426071167,0.0,0.21041566133499146,0.4532584547996521
2,293,0.1018951392179356,0.10253881686077641,0.10182072437722858,0.6937453195440594,-0.06795209646224976,0.5132300853729248,0.8115598559379578,-0.2525498867034912,0.0,0.35083508491516113,0.6491648554801941,0.0,-0.019604623317718506,1.3216769695281982,-0.10550916194915771,-0.23656028509140015,0.0,1.0,0.0,0.0
2,294,0.1018951392179356,0.10253881686077641,0.10182072437722858,0.6937453195440594,0.5493371486663818,0.42832452058792114,1.0809277296066284,-0.9883137345314026,0.19647399584452313,0.07546136776606244,0.7280645767847698,0.0,0.6586790084838867,0.6492490768432617,-0.22034108638763428,-0.005316048860549927,0.5047149658203125,0.4952850341796875,0.0,0.0
2,295,0.1018951392179356,0.10253881686077641,0.10182072437722858,0.6937453195440594,0.30916711688041687,0.45767122507095337,0.7526425719261169,-0.509451687335968,0.13600680232048035,0.28451091051101685,0.5794822573661804,0.0,0.4661521911621094,-0.36034804582595825,-0.0022157132625579834,0.9452419281005859,0.2604551315307617,0.0,0.0,0.7395448684692383
2,296,0.1018951392179356,0.10253881686077641,0.10182072437722858,0.6937453195440594,0.26954448223114014,0.5852389931678772,0.5880525708198547,-0.4289892315864563,0.12193246682484946,0.43762697776158654,0.4404405554135641,0.0,-1.2846274375915527,-0.9145060181617737,1.3559458255767822,1.9947415590286255,0.0,0.0,0.1806020736694336,0.8193978071212769
2,297,0.1018951392179356,0.10253881686077641,0.10182072437722858,0.6937453195440594,0.33779436349868774,0.24219927191734314,0.5744544863700867,-0.1751931756734848,0.2863116463025411,0.1907165547211965,0.5229717691739401,0.0,-1.1343296766281128,1.2419140338897705,0.03867556154727936,0.816258430480957,0.0,0.7128278017044067,0.0,0.28717219829559326
2,298,0.1018951392179356,0.10253881686077641,0.10182072437722858,0.6937453195440594,0.5655013918876648,0.44632458686828613,0.05432330071926117,-0.07467208802700043,0.5434516072273254,0.4242748022079468,0.032273516058921814,0.0,0.5285016894340515,1.1503194570541382,-0.09236988425254822,-0.5196086168289185,0.18909114599227905,0.8109089136123657,0.0,0.0
2,299,0.1018951392179356,0.10253881686077641,0.10182072437722858,0.6937453195440594,0.28107577562332153,0.42320168018341064,0.5328500866889954,-0.253994345664978,0.20203326145807904,0.34415916601816815,0.45380757252375287,0.0,1.4970934391021729,0.6581195592880249,-0.2617343068122864,-0.8516314029693604,0.9194869995117188,0.0805131196975708,0.0,0.0
2,300,0.1018951392179356,0.10253881686077641,0.10182072437722858,0.6937453195440594,0.1708173155784607,0.2618250250816345,0.5618581771850586,0.00086994469165802,0.17197470366954803,0.26298241317272186,0.5630155652761459,0.0020273327827453613,0.6156972646713257,0.21357905864715576,0.10953935980796814,0.05402696132659912,0.6174865961074829,0.215368390083313,0.11132869124412537,0.05581629276275635
2,301,0.10153419035509517,0.10154388192663642,0.10153306992352439,0.695388857794744,0.3236839771270752,-0.01735582947731018,0.7071822285652161,-0.037565216422080994,0.30825090408325195,0.0,0.6917491555213928,0.0,1.5611076354980469,-0.3366429805755615,-0.37654274702072144,0.18396569788455963,1.0,0.0,0.0,0.0
2,302,0.10153419035509517,0.10154388192663642,0.10153306992352439,0.695388857794744,-0.012834668159484863,-0.28531306982040405,0.9593167304992676,0.3236304521560669,0.0,0.0,0.8178431391716003,0.18215686082839966,0.40801751613616943,-0.9810976386070251,1.067956805229187,0.5296773910522461,0.07280027866363525,0.0,0.7327395677566528,0.19446015357971191
2,303,0.10153419035509517,0.10154388192663642,0.10153306992352439,0.695388857794744,0.06708391010761261,-0.06194302439689636,0.7555240392684937,0.22591981291770935,0.050907964507738754,0.0,0.7393480936686198,0.20974386731783548,-1.369208812713623,-0.4705561399459839,1.0776314735412598,1.8424710035324097,0.0,0.0,0.11758017539978027,0.8824197053909302
2,304,0.10153419035509517,0.10154388192663642,0.10153306992352439,0.695388857794744,0.46338486671447754,-0.11239814758300781,0.44149911403656006,0.2405688464641571,0.41490058104197186,0.0,0.3930148283640544,0.1920845607916514,0.08490382134914398,-1.6141631603240967,0.9479101300239563,1.619225025177002,0.0,0.0,0.16434258222579956,0.8356574773788452
2,305,0.10153419035509517,0.10154388192663642,0.10153306992352439,0.695388857794744,-0.24530825018882751,-0.008434057235717773,1.2109671831130981,0.05463358759880066,0.0,0.0,1.0,0.0,0.44531211256980896,-0.5361549258232117,0.8336367607116699,0.3422919809818268,0.23823182781537375,0.0,0.6265564759572347,0.13521169622739157
2,306,0.10153419035509517,0.10154388192663642,0.10153306992352439,0.695388857794744,0.10364510118961334,-0.5128016471862793,1.0043452978134155,0.40717241168022156,0.0,0.0,0.7985864281654358,0.20141354203224182,0.11551392078399658,-0.10769438743591309,0.3028257489204407,0.8937927484512329,0.011469761530558273,0.0,0.19878158966700238,0.7897485891977946
2,307,0.10153419035509517,0.10154388192663642,0.10153306992352439,0.695388857794744,-0.1252380609512329,-0.01355135440826416,1.0605210065841675,0.1002616286277771,0.0,0.0,0.9801297187805176,0.019870340824127197,1.1599377393722534,-0.9666910767555237,0.8342719674110413,-0.025119245052337646,0.6628328561782837,0.0,0.33716708421707153,0.0
2,308,0.10153419035509517,0.10154388192663642,0.10153306992352439,0.695388857794744,-0.16689297556877136,-0.1231684684753418,1.1751577854156494,0.1468723863363266,0.0,0.0,1.0,0.0,-0.1101205050945282,-0.24577736854553223,0.956676721572876,0.29135626554489136,0.0,0.0,0.8326601982116699,0.1673397421836853
2,309,0.10153419035509517,0.10154388192663642,0.10153306992352439,0.695388857794744,-0.32044899463653564,0.3668324649333954,1.562483310699463,-0.5938764810562134,0.0,0.0,1.0,0.0,0.37273043394088745,-0.422419011592865,0.6799226403236389,0.4121895432472229,0.2177829146385193,0.0,0.5249751210212708,0.25724202394485474
2,310,0.10153419035509517,0.10154388192663642,0.10153306992352439,0.695388857794744,-0.15902701020240784,-0.09855422377586365,1.5143239498138428,-0.23008809983730316,0.0,0.0,1.0,0.0,0.49081361293792725,0.007985502481460571,0.6579065322875977,-0.04042652249336243,0.4164535403251648,0.0,0.5835464596748352,0.0
2,311,0.10153419035509517,0.10154388192663642,0.10153306992352439,0.695388857794744,-0.16424345970153809,-0.06689274311065674,1.3617706298828125,-0.09991340339183807,0.0,0.0,1.0,0.0,0.7903120517730713,0.1314096450805664,0.34177571535110474,-0.20590710639953613,0.7024796009063721,0.04357719421386719,0.2539432644844055,0.0
2,312,0.10153419035509517,0.10154388192663642,0.10153306992352439,0.695388857794744,-0.5016072392463684,0.5577106475830078,1.116203784942627,-0.1851826161146164,0.0,0.22075343132019043,0.7792465686798096,0.0,1.0999608039855957,0.1312800794839859,0.5449277758598328,-0.7408342361450195,0.7775164842605591,0.0,0.22248345613479614,0.0
2,313,0.10153419035509517,0.10154388192663642,0.10153306992352439,0.695388857794744,0.23801898956298828,0.7361299991607666,0.8463850021362305,-0.8112271428108215,0.0,0.44487249851226807,0.5551275014877319,0.0,0.3671166002750397,1.401400089263916,-0.9873179793357849,0.2549527883529663,0.0,1.0,0.0,0.0
2,314,0.10153419035509517,0.10154388192663642,0.10153306992352439,0.695388857794744,0.2702903151512146,0.22617629170417786,0.7562068104743958,-0.22905127704143524,0.18606585264205933,0.14195182919502258,0.6719823479652405,0.0,1.0646804571151733,0.19355209171772003,0.02483728528022766,-0.25472745299339294,0.9355641603469849,0.06443579494953156,0.0,0.0
2,315,0.10153419035509517,0.10154388192663642,0.10153306992352439,0.695388857794744,0.5091455578804016,-0.3329960107803345,0.5699105858802795,0.26464706659317017,0.3945778012275696,0.0,0.4553428292274475,0.15007930994033813,0.6008504629135132,-0.14458924531936646,0.6208812594413757,-0.01624336838722229,0.4899846315383911,0.0,0.5100154280662537,0.0
2,316,0.10153419035509517,0.10154388192663642,0.10153306992352439,0.695388857794744,0.08391986787319183,0.5297160148620605,0.9821375012397766,-0.5431734323501587,0.0,0.27378928661346436,0.7262107729911804,0.0,1.716501235961914,0.208868607878685,-1.2928478717803955,0.306501179933548,1.0,0.0,0.0,0.0
2,317,0.10153419035509517,0.10154388192663642,0.10153306992352439,0.695388857794744,0.6172241568565369,-0.28051620721817017,0.28835445642471313,0.3425040543079376,0.5345299442609152,0.0,0.20566024382909137,0.25980984171231586,1.1396340131759644,0.8990903496742249,-0.7871304154396057,-0.2318437397480011,0.6202718019485474,0.37972813844680786,0.0,0.0
2,318,0.10153419035509517,0.10154388192663642,0.10153306992352439,0.695388857794744,-0.06643235683441162,0.4449366331100464,1.1967594623565674,-0.5894683003425598,0.0,0.1240885853767395,0.8759114146232605,0.0,0.5390276908874512,0.4012479782104492,0.3789946436882019,-0.3336864411830902,0.43260423342386883,0.2948245207468669,0.27257118622461957,0.0
2,319,0.10153419035509517,0.10154388192663642,0.10153306992352439,0.695388857794744,0.25051185488700867,0.045640453696250916,0.9368547201156616,-0.29532039165496826,0.15682855248451233,0.0,0.8431714177131653,0.0,0.3227631449699402,-0.4430578351020813,0.7497046589851379,0.45750290155410767,0.14610626300175986,0.0,0.5730477770169576,0.28084601958592736
2,320,0.10153419035509517,0.10154388192663642,0.10153306992352439,0.695388857794744,0.3866548538208008,0.073484867811203,0.6638949513435364,-0.10701270401477814,0.3453099727630615,0.032139986753463745,0.6225500702857971,0.0,0.6093384623527527,0.41079452633857727,0.15779605507850647,-0.17105865478515625,0.5500287810961405,0.35148484508196515,0.09848637382189432,0.0
2,321,0.10152523298306462,0.10152537856855183,0.1015252161520919,0.6954241722962917,0.32326680421829224,0.2962021827697754,0.6154174208641052,-0.22850434482097626,0.24497133493423462,0.21790671348571777,0.5371219515800476,0.0,0.6448355913162231,0.34723520278930664,0.1250828206539154,-0.12294536828994751,0.6057843764623007,0.3081839879353841,0.08603160579999289,0.0
2,322,0.10152523298306462,0.10152537856855183,0.1015252161520919,0.6954241722962917,0.4163777828216553,0.12807486951351166,0.45578038692474365,-0.0032666921615600586,0.41630009810129803,0.1279971847931544,0.4557027022043864,0.0,0.6594359874725342,0.3539277911186218,0.1036575436592102,-0.12419754266738892,0.6204288800557455,0.31492068370183307,0.06465043624242148,0.0
2,323,0.10152523298306462,0.10152537856855183,0.1015252161520919,0.6954241722962917,0.3450016379356384,0.13993221521377563,0.5181115865707397,-0.005830004811286926,0.34398649136225384,0.13891706864039102,0.5170964399973551,0.0,0.6415825486183167,0.349587082862854,0.11657179892063141,-0.11380001902580261,0.6056687235832214,0.3136732578277588,0.0806579738855362,0.0
2,324,0.10152523298306462,0.10152537856855183,0.1015252161520919,0.6954241722962917,0.20361417531967163,0.12551681697368622,0.5637145042419434,0.1078353226184845,0.2034439742565155,0.1253466159105301,0.5635443031787872,0.10766512155532837,0.6529675722122192,0.3378741443157196,0.12515945732593536,-0.1211126446723938,0.6143004894256592,0.29920706152915955,0.0864923745393753,0.0
2,325,0.10152523298306462,0.10152537856855183,0.1015252161520919,0.6954241722962917,0.1554100215435028,0.2853875160217285,0.49848484992980957,0.07271213829517365,0.15241137146949768,0.2823888659477234,0.49548619985580444,0.06971348822116852,0.609855055809021,0.3977685570716858,0.1515820175409317,-0.15179479122161865,0.5567864974339803,0.3446999986966451,0.09851345916589102,0.0
2,326,0.10152523298306462,0.10152537856855183,0.1015252161520919,0.6954241722962917,0.06898196041584015,0.32113179564476013,0.5918006300926208,0.02380266785621643,0.06755270063877106,0.31970253586769104,0.5903713703155518,0.02237340807914734,0.5925385355949402,0.33277085423469543,0.18472358584403992,-0.11288830637931824,0.5558608571688334,0.2960931758085887,0.14804590741793314,0.0
2,327,0.10152523298306462,0.10152537856855183,0.1015252161520919,0.6954241722962917,0.03568968176841736,0.2238280177116394,0.5670198798179626,0.19061540067195892,0.03140142560005188,0.21953976154327393,0.5627316236495972,0.18632714450359344,0.624173641204834,0.3222500681877136,0.19038362801074982,-0.13031989336013794,0.5785712003707886,0.2766476273536682,0.1447811871767044,0.0
2,328,0.10152523298306462,0.10152537856855183,0.1015252161520919,0.6954241722962917,0.13534140586853027,0.3033009469509125,0.30218827724456787,0.2684975862503052,0.13300934433937073,0.30096888542175293,0.2998562157154083,0.26616552472114563,0.5865437984466553,0.29461565613746643,0.23844841122627258,-0.11947721242904663,0.5466745297114054,0.2547463874022166,0.19857914249102274,0.0
2,329,0.10152523298306462,0.10152537856855183,0.1015252161520919,0.6954241722962917,0.18848852813243866,0.2531580924987793,0.23637792468070984,0.321128785610199,0.18870019912719727,0.2533697634935379,0.23658959567546844,0.3213404566049576,0.672359824180603,0.27405694127082825,0.15117156505584717,-0.10191112756729126,0.6398303906122843,0.24152750770250955,0.11864213148752847,0.0
2,330,0.10152523298306462,0.10152537856855183,0.1015252161520919,0.6954241722962917,0.10901154577732086,0.1308841109275818,0.4503762722015381,0.30916571617126465,0.10915213823318481,0.13102470338344574,0.45051686465740204,0.3093063086271286,0.5842603445053101,0.20784635841846466,0.1765230894088745,0.029683157801628113,0.5846821069717407,0.20826812088489532,0.17694485187530518,0.030104920268058777
2,331,0.10152523298306462,0.10152537856855183,0.1015252161520919,0.6954241722962917,0.23340849578380585,0.00909683108329773,0.5458452105522156,0.2103913128376007,0.23372302949428558,0.009411364793777466,0.5461597442626953,0.21070584654808044,0.6792964935302734,0.2569577693939209,0.17898361384868622,-0.10730808973312378,0.6408838828404745,0.21854515870412192,0.14057100315888724,0.0
2,332,0.10152523298306462,0.10152537856855183,0.1015252161520919,0.6954241722962917,0.32477399706840515,-0.04338940978050232,0.42832234501838684,0.28747421503067017,0.311250497897466,0.0,0.4147988458474477,0.273950715859731,0.6255674362182617,0.2213781625032425,0.17288583517074585,0.00042182207107543945,0.6189569632212321,0.21476768950621286,0.16627536217371622,0.0
2,333,0.10152523298306462,0.10152537856855183,0.1015252161520919,0.6954241722962917,0.44351327419281006,-0.23782551288604736,0.4337325990200043,0.35316187143325806,0.36671070257822674,0.0,0.35693002740542096,0.27635929981867474,0.5846700668334961,0.2696255147457123,0.06052619218826294,0.09038609266281128,0.5833680927753448,0.26832354068756104,0.059224218130111694,0.08908411860466003
2,334,0.10152523298306462,0.10152537856855183,0.1015252161520919,0.6954241722962917,0.2372209131717682,0.09414088726043701,0.36070480942726135,0.30518341064453125,0.23790842294692993,0.09482839703559875,0.3613923192024231,0.305870920419693,0.5792332887649536,0.22795924544334412,0.07114119827747345,0.12376788258552551,0.5787078738212585,0.22743383049964905,0.07061578333377838,0.12324246764183044
2,335,0.10152523298306462,0.10152537856855183,0.1015252161520919,0.6954241722962917,0.3047930598258972,0.02413727343082428,0.3772777318954468,0.2912871241569519,0.30541926622390747,0.024763479828834534,0.37790393829345703,0.29191333055496216,0.5793577432632446,0.2225717008113861,0.04687337577342987,0.15194427967071533,0.5791709721088409,0.22238492965698242,0.046686604619026184,0.15175750851631165
2,336,0.10152523298306462,0.10152537856855183,0.1015252161520919,0.6954241722962917,0.2526121735572815,0.02777130901813507,0.49172186851501465,0.23683100938796997,0.2503780722618103,0.02553720772266388,0.48948776721954346,0.23459690809249878,0.5756126642227173,0.2085249125957489,0.05988343060016632,0.15855824947357178,0.5749678313732147,0.20788007974624634,0.05923859775066376,0.1579134166240692
2,337,0.10152523298306462,0.10152537856855183,0.1015252161520919,0.6954241722962917,0.23869208991527557,-0.2267819344997406,0.5987691879272461,0.38396894931793213,0.16488202909628552,0.0,0.524959127108256,0.3101588884989421,0.5916942358016968,0.2835904061794281,0.02912445366382599,0.09873798489570618,0.5909074544906616,0.28280362486839294,0.028337672352790833,0.09795120358467102
2,338,0.10152523298306462,0.10152537856855183,0.1015252161520919,0.6954241722962917,0.3415095806121826,-0.32462120056152344,0.6977799534797668,0.2798050045967102,0.23514477411905926,0.0,0.5914151469866434,0.17344019810358685,0.5960352420806885,0.29373544454574585,0.03054642677307129,0.08257612586021423,0.5953119397163391,0.2930121421813965,0.029823124408721924,0.08185282349586487
2,339,0.10152523298306462,0.10152537856855183,0.1015252161520919,0.6954241722962917,0.30609583854675293,0.05461271107196808,0.4603525996208191,0.184004008769989,0.30482953786849976,0.053346410393714905,0.4590862989425659,0.18273770809173584,0.6317106485366821,0.22908665239810944,0.16011010110378265,-0.0003249049186706543,0.6247415145238241,0.22211751838525137,0.1531409670909246,0.0
2,340,0.10152523298306462,0.10152537856855183,0.1015252161520919,0.6954241722962917,0.13992056250572205,0.26893144845962524,0.6511707305908203,-0.04706747829914093,0.11991299192110698,0.24892387787501016,0.6311631600062052,0.0,0.6674299240112305,0.2506825923919678,0.1861618012189865,-0.0964004397392273,0.6326718330383301,0.21592450141906738,0.15140371024608612,0.0
2,341,0.10152502291912131,0.1015250251059787,0.10152502266630123,0.6954249293085987,0.003686845302581787,0.3761371672153473,0.5944597125053406,0.0430290549993515,0.0,0.371595174074173,0.5899177193641663,0.038487061858177185,0.6069932579994202,0.3004384934902191,0.22759997844696045,-0.13644233345985413,0.5619826912879944,0.25542792677879333,0.18258941173553467,0.0
2,342,0.10152502291912131,0.1015250251059787,0.10152502266630123,0.6954249293085987,0.21224984526634216,0.1336156129837036,0.5387568473815918,0.12176251411437988,0.2106536328792572,0.13201940059661865,0.5371606349945068,0.12016630172729492,0.6774688959121704,0.34493499994277954,0.1184842437505722,-0.14845269918441772,0.630506157875061,0.29797226190567017,0.07152150571346283,0.0
2,343,0.10152502291912131,0.1015250251059787,0.10152502266630123,0.6954249293085987,0.24987171590328217,0.2388288378715515,0.4083852767944336,0.11502896249294281,0.24684302508831024,0.2358001470565796,0.40535658597946167,0.11200027167797089,0.7133530378341675,0.3978886604309082,0.03982400894165039,-0.14774751663208008,0.6577321887016296,0.34226781129837036,0.0,0.0
2,344,0.10152502291912131,0.1015250251059787,0.10152502266630123,0.6954249293085987,0.26793789863586426,0.3043508529663086,0.6498373746871948,-0.21414224803447723,0.19389585653940838,0.23030881086985272,0.5757953325907389,0.0,0.7364691495895386,0.4961448311805725,-0.003725290298461914,-0.2328384816646576,0.6201621294021606,0.3798378109931946,0.0,0.0
2,345,0.10152502291912131,0.1015250251059787,0.10152502266630123,0.6954249293085987,0.44757330417633057,0.09615151584148407,0.6593445539474487,-0.20249567925930023,0.3798835277557373,0.028461739420890808,0.5916547775268555,0.0,0.8152058124542236,0.38403576612472534,0.05150789022445679,-0.2401469647884369,0.7155849933624268,0.28441494703292847,0.0,0.0
2,346,0.10152502291912131,0.1015250251059787,0.10152502266630123,0.6954249293085987,0.4297732710838318,0.3556601405143738,0.4698837101459503,-0.252940833568573,0.34466753403345746,0.27055440346399945,0.384777973095576,0.0,0.8077290058135986,0.4198048412799835,0.0315832793712616,-0.2597551643848419,0.6939620971679688,0.30603793263435364,0.0,0.0
2,347,0.10152502291912131,0.1015250251059787,0.10152502266630123,0.6954249293085987,0.5778507590293884,0.14963337779045105,0.44143348932266235,-0.16160832345485687,0.521544873714447,0.09332749247550964,0.38512760400772095,0.0,1.0457195043563843,0.35644546151161194,-0.029922664165496826,-0.37758180499076843,0.8446370363235474,0.15536299347877502,0.0,0.0
2,348,0.10152502291912131,0.1015250251059787,0.10152502266630123,0.6954249293085987,0.47452861070632935,0.2563835382461548,0.5001164674758911,-0.2122909277677536,0.3975190917650859,0.17937401930491131,0.42310694853464764,0.0,1.033884882926941,0.3384568691253662,-0.024394363164901733,-0.35285261273384094,0.8477140069007874,0.15228599309921265,0.0,0.0
2,349,0.10152502291912131,0.1015250251059787,0.10152502266630123,0.6954249293085987,0.34776538610458374,0.27261728048324585,0.6810716986656189,-0.28087562322616577,0.24728061755498248,0.1721325119336446,0.5805869301160177,0.0,1.038292407989502,0.3219440281391144,-0.021285951137542725,-0.3428756892681122,0.858174204826355,0.1418258249759674,0.0,0.0
2,350,0.10152502291912131,0.1015250251059787,0.10152502266630123,0.6954249293085987,0.2642368674278259,0.27189791202545166,0.7513296604156494,-0.2714534401893616,0.16841540733973187,0.1760764519373576,0.6555082003275553,0.0,0.8106416463851929,0.36877989768981934,0.0660298615694046,-0.23373138904571533,0.7209308743476868,0.27906912565231323,0.0,0.0
2,351,0.10152502291912131,0.1015250251059787,0.10152502266630123,0.6954249293085987,0.10748313367366791,0.31555241346359253,1.0284757614135742,-0.4358029365539551,0.0,0.14353829622268677,0.8564616441726685,0.0,0.7170121669769287,0.4739779233932495,0.0409148633480072,-0.23392710089683533,0.6215171217918396,0.3784828782081604,0.0,0.0
2,352,0.10152502291912131,0.1015250251059787,0.10152502266630123,0.6954249293085987,0.12270571291446686,0.0897202342748642,1.131203055381775,-0.32340067625045776,0.0,0.0,1.0,0.0,0.6765846014022827,0.41181695461273193,0.08169524371623993,-0.17947781085968018,0.6198856830596924,0.3551180362701416,0.024996325373649597,0.0
2,353,0.10152502291912131,0.1015250251059787,0.10152502266630123,0.6954249293085987,0.23372644186019897,0.24331171810626984,0.8250094652175903,-0.2958744168281555,0.13304386536280316,0.14262914160887402,0.7243268887201945,0.0,0.6108965277671814,0.4094943106174469,0.1710209846496582,-0.18842726945877075,0.5470925768216451,0.3456903596719106,0.1072170337041219,0.0
2,354,0.10152502291912131,0.1015250251059787,0.10152502266630123,0.6954249293085987,0.14215004444122314,0.14291605353355408,0.7268080115318298,0.0104437917470932,0.13657057285308838,0.1373365819454193,0.7212285399436951,0.004864320158958435,0.5697502493858337,0.32731133699417114,0.18348544836044312,-0.08308634161949158,0.5429012179374695,0.3004623055458069,0.15663641691207886,0.0
2,355,0.10152502291912131,0.1015250251059787,0.10152502266630123,0.6954249293085987,0.28611859679222107,0.020200058817863464,0.6834520697593689,0.0171520859003067,0.28438788652420044,0.018469348549842834,0.6817213594913483,0.015421375632286072,0.616814374923706,0.26103898882865906,0.159425288438797,-0.03437259793281555,0.604388157526652,0.248612771431605,0.14699907104174295,0.0
2,356,0.10152502291912131,0.1015250251059787,0.10152502266630123,0.6954249293085987,0.3700328469276428,-0.18408355116844177,0.7905284762382507,0.03866380453109741,0.28975218534469604,0.0,0.710247814655304,0.0,0.6083780527114868,0.1978604793548584,0.17535412311553955,0.03983509540557861,0.603021115064621,0.19250354170799255,0.1699971854686737,0.03447815775871277
2,357,0.10152502291912131,0.1015250251059787,0.10152502266630123,0.6954249293085987,0.3720548450946808,-0.2546454071998596,0.9270128011703491,-0.009911224246025085,0.22252103686332703,0.0,0.7774789929389954,0.0,0.43686944246292114,0.2903561592102051,0.09921044111251831,0.1702210009098053,0.4377051740884781,0.291191890835762,0.10004617273807526,0.17105673253536224
2,358,0.10152502291912131,0.1015250251059787,0.10152502266630123,0.6954249293085987,0.25540363788604736,-0.04797804355621338,0.854616641998291,-0.051517948508262634,0.20039349794387817,0.0,0.7996065020561218,0.0,0.5823414325714111,0.19953680038452148,0.1084563285112381,0.11565043032169342,0.5808451771736145,0.19804054498672485,0.10696007311344147,0.11415417492389679
2,359,0.10152502291912131,0.1015250251059787,0.10152502266630123,0.6954249293085987,0.27579131722450256,-0.037006914615631104,0.699271559715271,0.06797879934310913,0.2614440818627675,0.0,0.684924324353536,0.05363156398137411,0.669370710849762,0.3189319968223572,-0.02883172035217285,0.05078664422035217,0.6563409368197123,0.30590222279230755,0.0,0.03775687019030253
2,360,0.10152502291912131,0.1015250251059787,0.10152502266630123,0.6954249293085987,0.30601420998573303,0.20939333736896515,0.44522255659103394,0.060221388936042786,0.3008013367652893,0.20418046414852142,0.4400096833705902,0.05500851571559906,0.7054224610328674,0.2221541553735733,-0.1564573049545288,0.23845140635967255,0.6500797867774963,0.1668114811182022,0.0,0.18310873210430145
2,361,0.1091116464147384,0.6193638568272276,0.10911164639204837,0.16241285036598574,0.3781777322292328,0.23571659624576569,0.37842994928359985,0.02756369113922119,0.3732057511806488,0.2307446151971817,0.37345796823501587,0.022591710090637207,0.6998741626739502,0.22759146988391876,-0.158718079328537,0.2414749264717102,0.6435606479644775,0.1712779551744461,0.0,0.18516141176223755
2,362,0.1091116464147384,0.6193638568272276,0.10911164639204837,0.16241285036598574,0.4290812611579895,0.037443459033966064,0.5431655645370483,0.014053881168365479,0.42314523458480835,0.03150743246078491,0.5372295379638672,0.008117854595184326,0.7092113494873047,0.23440402746200562,-0.15636757016181946,0.22214637696743011,0.6539574464162191,0.17915012439092,0.0,0.1668924738963445
2,363,0.1091116464147384,0.6193638568272276,0.10911164639204837,0.16241285036598574,0.3420669138431549,0.03861449658870697,0.39122629165649414,0.21723158657550812,0.34478209912776947,0.04132968187332153,0.3939414769411087,0.21994677186012268,0.6071348190307617,0.38190150260925293,-0.13982409238815308,0.13545744121074677,0.5656369129816691,0.34040359656016034,0.0,0.09395953516165415
2,364,0.1091116464147384,0.6193638568272276,0.10911164639204837,0.16241285036598574,0.38011395931243896,-0.12438428401947021,0.5778089761734009,0.16162508726119995,0.3402645985285441,0.0,0.537959615389506,0.12177572647730509,0.5524575114250183,0.24502211809158325,-0.017944395542144775,0.2051330804824829,0.5515866080919901,0.24415121475855509,0.0,0.20426217714945474
2,365,0.1091116464147384,0.6193638568272276,0.10911164639204837,0.16241285036598574,0.2240416556596756,0.0262271910905838,0.6275872588157654,0.12360583245754242,0.2236761599779129,0.025861695408821106,0.6272217631340027,0.12324033677577972,0.4078281819820404,0.28806304931640625,0.1092149168252945,0.19093061983585358,0.4088189899921417,0.28905385732650757,0.11020572483539581,0.1919214278459549
2,366,0.1091116464147384,0.6193638568272276,0.10911164639204837,0.16241285036598574,0.40056443214416504,0.0011955499649047852,0.4832543730735779,0.11383064091205597,0.4008531868457794,0.001484304666519165,0.48354312777519226,0.11411939561367035,0.6007747054100037,0.19162806868553162,0.19226282835006714,0.036945730447769165,0.5953718721866608,0.18622523546218872,0.18685999512672424,0.03154289722442627
2,367,0.1091116464147384,0.6193638568272276,0.10911164639204837,0.16241285036598574,0.2520138621330261,0.2671356201171875,0.32179754972457886,0.1541452407836914,0.25324079394340515,0.26836255192756653,0.3230244815349579,0.15537217259407043,0.6521905660629272,0.29350385069847107,0.16255685687065125,-0.1145237386226654,0.6161067883173624,0.2574200729529063,0.12647307912508646,0.0
2,368,0.1091116464147384,0.6193638568272276,0.10911164639204837,0.16241285036598574,0.31357288360595703,0.448239266872406,0.1062057763338089,0.12789872288703918,0.31459371745586395,0.4492601007223129,0.10722661018371582,0.1289195567369461,0.5535361766815186,0.3331860899925232,0.1879485547542572,-0.07777675986289978,0.528645912806193,0.3082958261171977,0.16305829087893167,0.0
2,369,0.1091116464147384,0.6193638568272276,0.10911164639204837,0.16241285036598574,0.5316387414932251,0.2600330710411072,0.027587860822677612,0.1680053025484085,0.5348224937915802,0.2632168233394623,0.030771613121032715,0.1711890548467636,0.6225987076759338,0.41925403475761414,0.1595551073551178,-0.20073696970939636,0.5554627776145935,0.3521181046962738,0.09241917729377747,0.0
2,370,0.1091116464147384,0.6193638568272276,0.10911164639204837,0.16241285036598574,0.547153890132904,0.3007458448410034,0.03286467492580414,0.13108737766742706,0.5441909432411194,0.29778289794921875,0.02990172803401947,0.1281244307756424,0.6895352005958557,0.3822454810142517,0.06832148134708405,-0.13761165738105774,0.642834484577179,0.33554476499557495,0.021620765328407288,0.0
2,371,0.1091116464147384,0.6193638568272276,0.10911164639204837,0.16241285036598574,0.5725975036621094,0.21572117507457733,0.3406198024749756,-0.1265074461698532,0.5296180248260498,0.17274169623851776,0.297640323638916,0.0,0.7261119484901428,0.35372206568717957,0.12274721264839172,-0.20874035358428955,0.6585848927497864,0.2861950099468231,0.05522015690803528,0.0
2,372,0.1091116464147384,0.6193638568272276,0.10911164639204837,0.16241285036598574,0.5631117820739746,0.060199350118637085,0.6124757528305054,-0.2367202490568161,0.4753180146217346,0.0,0.5246819853782654,0.0,0.7746610641479492,0.381563663482666,0.12892389297485352,-0.25924018025398254,0.6796115239461263,0.2865141232808431,0.033874352773030594,0.0
2,373,0.1091116464147384,0.6193638568272276,0.10911164639204837,0.16241285036598574,0.44536736607551575,0.2765209376811981,0.5187267661094666,-0.23962117731571198,0.36516232291857403,0.1963158945242564,0.43852172295252484,0.0,0.8051958084106445,0.35361701250076294,0.08251911401748657,-0.23026114702224731,0.724751869837443,0.27317307392756146,0.0020751754442850795,0.0
2,374,0.1091116464147384,0.6193638568272276,0.10911164639204837,0.16241285036598574,0.5450732707977295,0.27093249559402466,0.5450814366340637,-0.3568342328071594,0.4247109095255534,0.15057013432184857,0.42471907536188763,0.0,0.7972851991653442,0.3649332523345947,0.0851815938949585,-0.2372056543827057,0.714818517367045,0.2824665705362956,0.002714912096659347,0.0
2,375,0.1091116464147384,0.6193638568272276,0.10911164639204837,0.16241285036598574,0.43254977464675903,0.47811228036880493,0.3217300772666931,-0.23048363626003265,0.35508575042088825,0.40064825614293414,0.24426605304082233,0.0,0.7943466901779175,0.36540406942367554,0.0828230082988739,-0.23216423392295837,0.713488777478536,0.284546156724294,0.0019650955994923863,0.0
2,376,0.1091116464147384,0.6193638568272276,0.10911164639204837,0.16241285036598574,0.5112999081611633,0.21542133390903473,0.45682215690612793,-0.17808793485164642,0.4501187602678935,0.15424018601576486,0.3956410090128581,0.0,0.7909862995147705,0.39134955406188965,0.1074661910533905,-0.2642623484134674,0.6943856080373129,0.29474886258443195,0.010865499575932816,0.0
2,377,0.1091116464147384,0.6193638568272276,0.10911164639204837,0.16241285036598574,0.351452112197876,0.34121355414390564,0.4650711417198181,-0.1482042521238327,0.2988731861114502,0.28863462805747986,0.41249221563339233,0.0,0.7029863595962524,0.4480016827583313,0.06176997721195221,-0.2149861454963684,0.6274923086166382,0.37250763177871704,0.0,0.0
2,378,0.1091116464147384,0.6193638568272276,0.10911164639204837,0.16241285036598574,0.4723448157310486,0.17044705152511597,0.6151075959205627,-0.23486198484897614,0.3863783081372579,0.08448054393132527,0.5291410883267721,0.0,0.671191930770874,0.39629751443862915,0.10770566761493683,-0.18583530187606812,0.6127935647964478,0.3378991484642029,0.04930730164051056,0.0
2,379,0.1091116464147384,0.6193638568272276,0.10911164639204837,0.16241285036598574,0.37627139687538147,0.4109015464782715,0.6993059515953064,-0.4822341203689575,0.21411175529162088,0.2487419048945109,0.5371463100115458,0.0,0.6082072257995605,0.38545340299606323,0.195450559258461,-0.18737241625785828,0.5451701482137045,0.3224163254102071,0.13241348167260486,0.0
2,380,0.1091116464147384,0.6193638568272276,0.10911164639204837,0.16241285036598574,0.2737370729446411,0.26646125316619873,0.8029804229736328,-0.32626891136169434,0.1593441565831502,0.15206833680470783,0.688587506612142,0.0,0.5541754961013794,0.3044581413269043,0.20968982577323914,-0.07165378332138062,0.531400998433431,0.2816836436589559,0.18691532810529074,0.0
2,381,0.10183461209693766,0.6935999529313113,0.10183461209655614,0.10273082287519504,0.3156881034374237,0.25991207361221313,0.6246864199638367,-0.20217789709568024,0.24892589449882507,0.1931498646736145,0.557924211025238,0.0,0.6011648178100586,0.23456835746765137,0.1759669929742813,-0.008858352899551392,0.5972647666931152,0.230668306350708,0.17206694185733795,0.0
2,382,0.10183461209693766,0.6935999529313113,0.10183461209655614,0.10273082287519504,0.2758304476737976,-0.03567707538604736,0.9331912994384766,-0.16497652232646942,0.17131954431533813,0.0,0.8286803960800171,0.0,0.5942467451095581,0.169903963804245,0.2208171933889389,0.035560816526412964,0.5891145467758179,0.16477176547050476,0.21568499505519867,0.03042861819267273
2,383,0.10183461209693766,0.6935999529313113,0.10183461209655614,0.10273082287519504,0.21908938884735107,0.023145362734794617,0.8233741521835327,-0.04905866086483002,0.1972197691599528,0.0012757430473963431,0.8015045324961344,0.0,0.610154926776886,0.05856966972351074,0.07584358751773834,0.24471870064735413,0.6128332018852234,0.061247944831848145,0.07852186262607574,0.24739697575569153
2,384,0.10183461209693766,0.6935999529313113,0.10183461209655614,0.10273082287519504,0.14931777119636536,-0.1579786241054535,0.9561980962753296,0.06657832860946655,0.09195306897163391,0.0,0.8988333940505981,0.009213626384735107,0.670881986618042,0.3096928596496582,-0.0173303484916687,0.04483833909034729,0.6624109347661337,0.3012218077977498,0.0,0.036367287238438926
2,385,0.10183461209693766,0.6935999529313113,0.10183461209655614,0.10273082287519504,0.19595813751220703,0.2775329649448395,0.6551138758659363,-0.10486109554767609,0.15308980147043863,0.23466462890307108,0.6122455398241679,0.0,0.6739610433578491,0.2334117442369461,-0.13015320897102356,0.230561301112175,0.627983013788859,0.18743371466795603,0.0,0.1845832715431849
2,386,0.10183461209693766,0.6935999529313113,0.10183461209655614,0.10273082287519504,0.10872980952262878,0.6111245155334473,0.22438490390777588,0.08000199496746063,0.10266950726509094,0.6050642132759094,0.21832460165023804,0.07394169270992279,0.4654122591018677,0.2876598834991455,0.013865098357200623,0.2264592945575714,0.46706312894821167,0.2893107533454895,0.015515968203544617,0.2281101644039154
2,387,0.10183461209693766,0.6935999529313113,0.10183461209655614,0.10273082287519504,0.12115484476089478,0.526740312576294,0.312654972076416,0.06382571160793304,0.11506089568138123,0.5206463634967804,0.30656102299690247,0.057731762528419495,0.4862998127937317,0.2981429994106293,0.008847653865814209,0.19997593760490417,0.48798321187496185,0.29982639849185944,0.010531052947044373,0.20165933668613434
2,388,0.10183461209693766,0.6935999529313113,0.10183461209655614,0.10273082287519504,0.3721792697906494,0.010042071342468262,0.6055437326431274,0.029144659638404846,0.3679518401622772,0.005814641714096069,0.6013163030147552,0.024917230010032654,0.6683182716369629,0.2419668734073639,-0.13430547714233398,0.23271146416664124,0.6206527551015218,0.19430135687192282,0.0,0.18504594763120016
2,389,0.10183461209693766,0.6935999529313113,0.10183461209655614,0.10273082287519504,0.23915687203407288,0.0003313720226287842,0.4894096553325653,0.26943492889404297,0.2395736575126648,0.0007481575012207031,0.4898264408111572,0.2698517143726349,0.6639634370803833,0.31196776032447815,-0.012890130281448364,0.04618613421916962,0.656591018040975,0.30459534128506977,0.0,0.03881371517976125
2,390,0.10183461209693766,0.6935999529313113,0.10183461209655614,0.10273082287519504,0.24895034730434418,0.03332000970840454,0.5684717297554016,0.1432291865348816,0.2504575252532959,0.03482718765735626,0.5699789077043533,0.1447363644838333,0.6201708316802979,0.056074321269989014,0.07961475849151611,0.23350857198238373,0.6228287070989609,0.05873219668865204,0.08227263391017914,0.23616644740104675
2,391,0.10183461209693766,0.6935999529313113,0.10183461209655614,0.10273082287519504,0.2444380670785904,0.011230811476707458,0.6426112651824951,0.09884242713451385,0.2451574206352234,0.011950165033340454,0.6433306187391281,0.09956178069114685,0.5898785591125488,0.17358672618865967,0.20744211971759796,0.04868689179420471,0.5849799811840057,0.16868814826011658,0.20254354178905487,0.04378831386566162
2,392,0.10183461209693766,0.6935999529313113,0.10183461209655614,0.10273082287519504,0.23298360407352448,0.18271248042583466,0.4552236795425415,0.12457581609487534,0.23410971462726593,0.1838385909795761,0.45634979009628296,0.1257019266486168,0.6471030712127686,0.2509694993495941,0.17740173637866974,-0.08203858137130737,0.6219449440638224,0.22581137220064798,0.1522436092297236,0.0
2,393,0.10183461209693766,0.6935999529313113,0.10183461209655614,0.10273082287519504,0.22341854870319366,0.27294716238975525,0.30851998925209045,0.1838115155696869,0.226244255900383,0.2757728695869446,0.3113456964492798,0.18663722276687622,0.5697871446609497,0.32021158933639526,0.18763360381126404,-0.08138233423233032,0.5439097086588541,0.29433415333429974,0.1617561678091685,0.0
2,394,0.10183461209693766,0.6935999529313113,0.10183461209655614,0.10273082287519504,0.5644581317901611,0.11168360710144043,-0.007461145520210266,0.3184444308280945,0.5662627418835958,0.11348821719487508,0.0,0.3202490409215291,0.6058030128479004,0.40481966733932495,0.18976633250713348,-0.19749730825424194,0.5390066703160604,0.3380233248074849,0.12296998997529347,0.0
2,395,0.10183461209693766,0.6935999529313113,0.10183461209655614,0.10273082287519504,0.8001223206520081,0.06809699535369873,-0.1702824980020523,0.29274970293045044,0.7464659810066223,0.014440655708312988,0.0,0.2390933632850647,0.6567580699920654,0.4083898663520813,0.11332525312900543,-0.18923500180244446,0.5972670316696167,0.34889882802963257,0.0538342148065567,0.0
2,396,0.10183461209693766,0.6935999529313113,0.10183461209655614,0.10273082287519504,0.913926362991333,0.023624300956726074,-0.010379895567893982,0.07709799706935883,0.9090434710184733,0.018741408983866375,0.0,0.07221510509649913,0.7067862749099731,0.4634174704551697,0.05793939530849457,-0.23149120807647705,0.6216844320297241,0.37831562757492065,0.0,0.0
2,397,0.10183461209693766,0.6935999529313113,0.10183461209655614,0.10273082287519504,0.48123639822006226,0.4699321985244751,0.3212967813014984,-0.2645798325538635,0.3904146154721578,0.3791104157765706,0.23047499855359393,0.0,0.7890098094940186,0.3442089259624481,0.09092941880226135,-0.21337857842445374,0.7142937580744425,0.26949287454287213,0.016213367382685348,0.0
2,398,0.10183461209693766,0.6935999529313113,0.10183461209655614,0.10273082287519504,0.441694051027298,0.5848429203033447,0.30283883213996887,-0.3162345290184021,0.331902136405309,0.4750510056813558,0.19304691751797992,0.0,0.7764840126037598,0.3586096167564392,0.08200527727603912,-0.21692347526550293,0.7041176954905192,0.28624329964319867,0.009638960162798568,0.0
2,399,0.10183461209693766,0.6935999529313113,0.10183461209655614,0.10273082287519504,0.5600485801696777,0.6404556632041931,0.33377307653427124,-0.5210669636726379,0.3819561004638672,0.46236318349838257,0.1556805968284607,0.0,0.7676657438278198,0.37739795446395874,0.07744944095611572,-0.223263680934906,0.69349471728007,0.3032269279162089,0.00327841440836589,0.0
2,400,0.10183461209693766,0.6935999529313113,0.10183461209655614,0.10273082287519504,0.5285818576812744,0.7002584934234619,0.19041529297828674,-0.4104663133621216,0.38882998625437415,0.5605066219965616,0.050663421551386506,0.0,0.7684320211410522,0.36910974979400635,0.07671305537223816,-0.21481254696846008,0.6970137357711792,0.2976914644241333,0.005294770002365112,0.0
2,401,0.1090480432519433,0.16162661441371612,0.1090480432519094,0.6202772990824312,0.6102623343467712,0.3432212173938751,0.4173136353492737,-0.37890303134918213,0.486663281917572,0.2196221649646759,0.29371458292007446,0.0,0.8463296890258789,0.37853288650512695,0.07178765535354614,-0.28798988461494446,0.733898401260376,0.266101598739624,0.0,0.0
2,402,0.1090480432519433,0.16162661441371612,0.1090480432519094,0.6202772990824312,0.4950903654098511,0.3995267152786255,0.605140745639801,-0.504167377948761,0.3285044034322103,0.2329407533009847,0.4385547836621603,0.0,0.8384472131729126,0.21364736557006836,0.11483758687973022,-0.1583113670349121,0.7828031778335571,0.1580033302307129,0.059193551540374756,0.0
2,403,0.1090480432519433,0.16162661441371612,0.1090480432519094,0.6202772990824312,0.46169382333755493,0.41059058904647827,0.6267139315605164,-0.5028982162475586,0.2953610221544901,0.24425778786341348,0.46038113037745154,0.0,0.8584752082824707,0.20073850452899933,0.11190500855445862,-0.1616000235080719,0.801435629526774,0.1436989257733027,0.054865429798762,0.0
2,404,0.1090480432519433,0.16162661441371612,0.1090480432519094,0.6202772990824312,0.5549406409263611,0.25782522559165955,0.48484742641448975,-0.3077293634414673,0.4557362198829651,0.15862080454826355,0.38564300537109375,0.0,0.8385051488876343,0.3802984356880188,0.06057336926460266,-0.27089062333106995,0.7291033267974854,0.2708966135978699,0.0,0.0
2,405,0.1090480432519433,0.16162661441371612,0.1090480432519094,0.6202772990824312,0.47050565481185913,0.2794246971607208,0.42032426595687866,-0.17073620855808258,0.41375412543614704,0.22267316778500876,0.36357273658116657,0.0,0.9916807413101196,0.3010525703430176,0.007748126983642578,-0.30624136328697205,0.845314085483551,0.15468591451644897,0.0,0.0
2,406,0.1090480432519433,0.16162661441371612,0.1090480432519094,0.6202772990824312,0.4327898621559143,0.4371851682662964,0.31519582867622375,-0.1874517947435379,0.3710662325223287,0.37546153863271076,0.2534721990426381,0.0,0.773672342300415,0.33749768137931824,0.08250024914741516,-0.183353990316391,0.7091155846913656,0.27294092377026874,0.017943491538365677,0.0
2,407,0.1090480432519433,0.16162661441371612,0.1090480432519094,0.6202772990824312,0.4226367175579071,0.1975327730178833,0.4153367578983307,-0.027273818850517273,0.41080130139986676,0.18569735685984293,0.40350134174029034,0.0,0.713208794593811,0.32312601804733276,0.12242716550827026,-0.16445565223693848,0.660288135210673,0.27020535866419476,0.06950650612513223,0.0
2,408,0.1090480432519433,0.16162661441371612,0.1090480432519094,0.6202772990824312,0.20428459346294403,0.4881029725074768,0.29490941762924194,0.018849000334739685,0.202748104929924,0.4865664839744568,0.2933729290962219,0.017312511801719666,0.6011623740196228,0.3119312822818756,0.2509687840938568,-0.17032843828201294,0.5464748740196228,0.2572437822818756,0.1962812840938568,0.0
2,409,0.1090480432519433,0.16162661441371612,0.1090480432519094,0.6202772990824312,0.13088661432266235,0.44068557024002075,0.4352762997150421,-0.008485272526741028,0.1286037564277649,0.4384027123451233,0.43299344182014465,0.0,0.5590679049491882,0.34819525480270386,0.1982954740524292,-0.0996319055557251,0.5238816936810812,0.31300904353459674,0.1631092627843221,0.0
2,410,0.1090480432519433,0.16162661441371612,0.1090480432519094,0.6202772990824312,0.17423687875270844,0.33347955346107483,0.3294772803783417,0.1553994119167328,0.1760885864496231,0.3353312611579895,0.33132898807525635,0.15725111961364746,0.5650479793548584,0.20716632902622223,0.22185038030147552,0.008286833763122559,0.5644600987434387,0.20657844841480255,0.22126249969005585,0.007698953151702881
2,411,0.1090480432519433,0.16162661441371612,0.1090480432519094,0.6202772990824312,0.08180631697177887,0.3619515597820282,0.45395219326019287,0.1031278669834137,0.08159683644771576,0.3617420792579651,0.45374271273612976,0.10291838645935059,0.5899280309677124,0.20386794209480286,0.23748180270195007,-0.023898959159851074,0.5795021057128906,0.19344201683998108,0.2270558774471283,0.0
2,412,0.1090480432519433,0.16162661441371612,0.1090480432519094,0.6202772990824312,0.17960818111896515,0.21871240437030792,0.40725988149642944,0.20235921442508698,0.17762325704097748,0.21672748029232025,0.4052749574184418,0.2003742903470993,0.3598002791404724,0.25540342926979065,0.1448885202407837,0.23355792462825775,0.3613877296447754,0.25699087977409363,0.14647597074508667,0.23514537513256073
2,413,0.1090480432519433,0.16162661441371612,0.1090480432519094,0.6202772990824312,0.3545045256614685,0.10923425853252411,0.10243925452232361,0.4303460121154785,0.3553735017776489,0.11010323464870453,0.10330823063850403,0.43121498823165894,0.5045822858810425,0.23425132036209106,0.005197003483772278,0.23909203708171844,0.5088016241788864,0.238470658659935,0.009416341781616211,0.24331137537956238
2,414,0.1090480432519433,0.16162661441371612,0.1090480432519094,0.6202772990824312,0.2586217522621155,0.2150329351425171,0.1455777883529663,0.37564289569854736,0.2599029093980789,0.21631409227848053,0.14685894548892975,0.3769240528345108,0.5515608191490173,0.35603487491607666,-0.10494920611381531,0.1796192228794098,0.5224891702334086,0.32696322600046795,0.0,0.15054757396380106
2,415,0.1090480432519433,0.16162661441371612,0.1090480432519094,0.6202772990824312,0.4154778718948364,0.08839616179466248,0.4240177273750305,0.095341756939888,0.4096694886684418,0.08258777856826782,0.41820934414863586,0.08953337371349335,0.6469213962554932,0.20795053243637085,-0.13465389609336853,0.2855309844017029,0.6001204252243042,0.16114956140518188,0.0,0.23873001337051392
2,416,0.1090480432519433,0.16162661441371612,0.1090480432519094,0.6202772990824312,0.20411710441112518,0.43862277269363403,0.2921402156352997,0.0894990861415863,0.19802232086658478,0.43252798914909363,0.2860454320907593,0.0834043025970459,0.43179959058761597,0.27229711413383484,0.015263170003890991,0.2713678181171417,0.4341176748275757,0.27461519837379456,0.017581254243850708,0.27368590235710144
2,417,0.1090480432519433,0.16162661441371612,0.1090480432519094,0.6202772990824312,0.3980536460876465,0.11339673399925232,0.38554465770721436,0.12452008575201035,0.39267486333847046,0.1080179512500763,0.38016587495803833,0.11914130300283432,0.6587239503860474,0.19569958746433258,-0.13402634859085083,0.2856486141681671,0.6120332479476929,0.1490088850259781,0.0,0.23895791172981262
2,418,0.1090480432519433,0.16162661441371612,0.1090480432519094,0.6202772990824312,0.2775939404964447,0.09588733315467834,0.5858016014099121,0.053861960768699646,0.2743077278137207,0.09260112047195435,0.5825153887271881,0.05057574808597565,0.6340948343276978,0.3258401155471802,-0.040119707584381104,0.08685769140720367,0.6184972922007242,0.3102425734202067,0.0,0.07126014928023021
2,419,0.1090480432519433,0.16162661441371612,0.1090480432519094,0.6202772990824312,0.09421403706073761,0.28861185908317566,0.5588546395301819,0.05837027728557587,0.09420134127140045,0.2885991632938385,0.5588419437408447,0.05835758149623871,0.5976030826568604,0.05364830791950226,0.06215207278728485,0.2731632888317108,0.6009613871574402,0.05700661242008209,0.06551037728786469,0.27652159333229065
2,420,0.1090480432519433,0.16162661441371612,0.1090480432519094,0.6202772990824312,0.36042165756225586,0.16078224778175354,0.4581119120121002,0.01583006978034973,0.3616352081298828,0.1619957983493805,0.4593254625797272,0.017043620347976685,0.5282138586044312,0.24696743488311768,0.06242838501930237,0.162774920463562,0.5281177163124084,0.24687129259109497,0.06233224272727966,0.1626787781715393
2,421,0.1018309180874706,0.10271371299219928,0.10183091808747004,0.6936244508328602,0.32611289620399475,0.5090558528900146,0.26021766662597656,-0.09773148596286774,0.29431743423144024,0.47726039091746014,0.22842220465342203,0.0,0.5266982316970825,0.26851871609687805,0.2556973993778229,-0.05514475703239441,0.5097268025080363,0.25154728690783185,0.23872597018877664,0.0
2,422,0.1018309180874706,0.10271371299219928,0.10183091808747004,0.6936244508328602,0.6399703025817871,0.34281477332115173,0.004687994718551636,-0.010114148259162903,0.6441459258397421,0.34699039657910663,0.00886361797650655,0.0,0.5686348676681519,0.3852861523628235,0.186723530292511,-0.1403365135192871,0.5217533508936564,0.33840463558832806,0.13984201351801553,0.0
2,423,0.1018309180874706,0.10271371299219928,0.10183091808747004,0.6936244508328602,0.7515588998794556,0.2903119623661041,0.03488895297050476,-0.07939688861370087,0.7259722948074341,0.26472535729408264,0.009302347898483276,0.0,0.773493766784668,0.36681100726127625,0.08492480218410492,-0.20446699857711792,0.6984172264734904,0.2917344669500987,0.009848261872927352,0.0
2,424,0.1018309180874706,0.10271371299219928,0.10183091808747004,0.6936244508328602,0.7913790941238403,0.20478931069374084,0.06448879837989807,-0.06631462275981903,0.7711600462595621,0.18457026282946268,0.04426975051561992,0.0,0.8369420766830444,0.3962271213531494,0.03642755746841431,-0.2641351521015167,0.7203574776649475,0.2796425223350525,0.0,0.0
2,425,0.1018309180874706,0.10271371299219928,0.10183091808747004,0.6936244508328602,0.6973695755004883,0.39583393931388855,0.17510053515434265,-0.2692294716835022,0.6079348723093668,0.30639923612276715,0.08566583196322124,0.0,0.8893622159957886,0.3457469046115875,-0.01647418737411499,-0.21849477291107178,0.7718076705932617,0.22819235920906067,0.0,0.0
2,426,0.1018309180874706,0.10271371299219928,0.10183091808747004,0.6936244508328602,0.5357847213745117,0.5992701053619385,0.31821325421333313,-0.4355432391166687,0.3846953709920248,0.44818075497945153,0.16712390383084616,0.0,0.9239354133605957,0.3109035789966583,0.005882054567337036,-0.24989882111549377,0.8065159320831299,0.1934840977191925,0.0,0.0
2,427,0.1018309180874706,0.10271371299219928,0.10183091808747004,0.6936244508328602,0.5816819071769714,0.5584707260131836,0.4602830410003662,-0.5864133238792419,0.38153666257858276,0.3583254814147949,0.26013779640197754,0.0,0.9381792545318604,0.29178690910339355,-0.03282821178436279,-0.19303923845291138,0.8231961727142334,0.1768038272857666,0.0,0.0
2,428,0.1018309180874706,0.10271371299219928,0.10183091808747004,0.6936244508328602,0.5071810483932495,0.6687634587287903,0.33470338582992554,-0.4923985004425049,0.3369650443394979,0.4985474546750387,0.16448738177617392,0.0,0.9641013145446777,0.25232335925102234,0.02399800717830658,-0.24328196048736572,0.8558889627456665,0.1441110074520111,0.0,0.0
2,429,0.1018309180874706,0.10271371299219928,0.10183091808747004,0.6936244508328602,0.6378803253173828,0.42062684893608093,0.33739760518074036,-0.37755030393600464,0.5059120655059814,0.28865858912467957,0.205429345369339,0.0,0.970649242401123,0.25155794620513916,0.0230063796043396,-0.247203528881073,0.8595456480979919,0.14045435190200806,0.0,0.0
2,430,0.1018309180874706,0.10271371299219928,0.10183091808747004,0.6936244508328602,0.6247923374176025,0.4061661660671234,0.49648645520210266,-0.517989456653595,0.44897735118865967,0.23035117983818054,0.3206714689731598,0.0,0.921499490737915,0.2766337990760803,-0.006465017795562744,-0.18689396977424622,0.8224328756332397,0.17756718397140503,0.0,0.0
2,431,0.1018309180874706,0.10271371299219928,0.10183091808747004,0.6936244508328602,0.6199156045913696,0.2552850842475891,0.44848567247390747,-0.3124139904975891,0.5120201508204142,0.14738963047663373,0.3405902187029521,0.0,0.9193460941314697,0.30278101563453674,0.038127824664115906,-0.2665954530239105,0.8082825541496277,0.1917174756526947,0.0,0.0
2,432,0.1018309180874706,0.10271371299219928,0.10183091808747004,0.6936244508328602,0.7415686845779419,0.33047765493392944,0.4445187449455261,-0.513791561126709,0.5693803230921427,0.15828929344813028,0.27233038345972693,0.0,0.837485671043396,0.35442426800727844,0.006234258413314819,-0.19732391834259033,0.74153071641922,0.2584693133831024,0.0,0.0
2,433,0.1018309180874706,0.10271371299219928,0.10183091808747004,0.6936244508328602,0.5215826630592346,0.3613941967487335,0.3914811611175537,-0.28900134563446045,0.4300966461499532,0.2699081798394521,0.2999951442082723,0.0,0.7775992155075073,0.39551669359207153,0.05703006684780121,-0.2232915163040161,0.6910412311553955,0.3089587092399597,0.0,0.0
2,434,0.1018309180874706,0.10271371299219928,0.10183091808747004,0.6936244508328602,0.3995192348957062,0.3097164034843445,0.40791183710098267,-0.11876024305820465,0.36047008633613586,0.27066725492477417,0.36886268854141235,0.0,0.7060266137123108,0.3846375346183777,0.12152460217475891,-0.18923324346542358,0.6352970401446024,0.31390796105066937,0.05079502860705058,0.0
2,435,0.1018309180874706,0.10271371299219928,0.10183091808747004,0.6936244508328602,0.33733639121055603,0.5537600517272949,0.6173650026321411,-0.4867960810661316,0.1678492327531179,0.3842728932698568,0.447877844174703,0.0,0.5553538799285889,0.31679651141166687,0.24747109413146973,-0.12847796082496643,0.5154800415039062,0.27692267298698425,0.2075972557067871,0.0
2,436,0.1018309180874706,0.10271371299219928,0.10183091808747004,0.6936244508328602,0.08852648735046387,0.4280444383621216,0.4588872194290161,0.024485722184181213,0.08854052424430847,0.4280584752559662,0.4589012563228607,0.024499759078025818,0.5344727039337158,0.27135443687438965,0.22394448518753052,-0.02511957287788391,0.5245488484700521,0.2614305814107259,0.2140206297238668,0.0
2,437,0.1018309180874706,0.10271371299219928,0.10183091808747004,0.6936244508328602,0.20607788860797882,0.2629966735839844,0.45313483476638794,0.08151616156101227,0.20514650642871857,0.2620652914047241,0.4522034525871277,0.08058477938175201,0.569705605506897,0.22776080667972565,0.20874910056591034,-0.0010570734739303589,0.5676337877909342,0.2256889889637629,0.2066772828499476,0.0
2,438,0.1018309180874706,0.10271371299219928,0.10183091808747004,0.6936244508328602,0.16471165418624878,0.27539005875587463,0.43849503993988037,0.12432838976383209,0.1639803647994995,0.27465876936912537,0.4377637505531311,0.12359710037708282,0.5206966996192932,0.07568003237247467,0.07808059453964233,0.311715304851532,0.524153545498848,0.07913687825202942,0.08153744041919708,0.31517215073108673
2,439,0.1018309180874706,0.10271371299219928,0.10183091808747004,0.6936244508328602,0.24416013062000275,0.40637853741645813,0.28181564807891846,0.09246459603309631,0.23795540630817413,0.4001738131046295,0.27561092376708984,0.0862598717212677,0.6067259907722473,0.21211515367031097,-0.11710000038146973,0.3055975139141083,0.5652464429537455,0.17063560585180917,0.0,0.2641179660956065
2,440,0.1018309180874706,0.10271371299219928,0.10183091808747004,0.6936244508328602,0.18517132103443146,0.3794589042663574,0.34870100021362305,0.07718057930469513,0.1875433772802353,0.38183096051216125,0.3510730564594269,0.07955263555049896,0.7785811424255371,0.19396886229515076,-0.18041729927062988,0.19090187549591064,0.7240971724192301,0.13948489228884378,0.0,0.13641790548960367
2,441,0.10153348387451407,0.10154677798770023,0.10153348387451407,0.6953862542632716,0.10778830945491791,0.22792001068592072,0.6709308624267578,0.004426747560501099,0.10502184927463531,0.22515355050563812,0.6681644022464752,0.0016602873802185059,0.3402077555656433,0.3022025525569916,0.21490013599395752,0.126979261636734,0.3441353440284729,0.30613014101982117,0.2188277244567871,0.1309068500995636
2,442,0.10153348387451407,0.10154677798770023,0.10153348387451407,0.6953862542632716,-0.023723959922790527,0.5824799537658691,0.21629056334495544,0.2491435408592224,0.0,0.5665086110432943,0.20031922062238058,0.23317219813664755,0.41737881302833557,0.282595694065094,0.0032053738832473755,0.28834015130996704,0.4194988012313843,0.2847156822681427,0.0053253620862960815,0.29046013951301575
2,443,0.10153348387451407,0.10154677798770023,0.10153348387451407,0.6953862542632716,0.05694222450256348,0.15295138955116272,0.4963650703430176,0.29873332381248474,0.05569422245025635,0.1517033874988556,0.49511706829071045,0.2974853217601776,0.5792994499206543,0.33236902952194214,-0.012750446796417236,0.10920347273349762,0.5723421176274618,0.3254116972287496,0.0,0.10224614044030507
2,444,0.10153348387451407,0.10154677798770023,0.10153348387451407,0.6953862542632716,-0.1656162440776825,0.45838189125061035,0.4505469799041748,0.2539682984352112,0.0,0.4040828545888265,0.39624794324239093,0.19966926177342734,0.30911752581596375,0.2613711357116699,0.1526581048965454,0.2710844576358795,0.3105597198009491,0.2628133296966553,0.15410029888153076,0.27252665162086487
2,445,0.10153348387451407,0.10154677798770023,0.10153348387451407,0.6953862542632716,0.06865239143371582,0.4392247796058655,0.4023783802986145,0.08363841474056244,0.07017889618873596,0.4407512843608856,0.40390488505363464,0.08516491949558258,0.573737621307373,0.2187838852405548,0.19754523038864136,0.0162297785282135,0.5721634924411774,0.21720975637435913,0.19597110152244568,0.014655649662017822
2,446,0.10153348387451407,0.10154677798770023,0.10153348387451407,0.6953862542632716,0.05805787444114685,0.5197125673294067,0.38758358359336853,0.03144769370555878,0.058857426047325134,0.520512118935585,0.3883831351995468,0.03224724531173706,0.4787607192993164,0.2793421149253845,0.24880725145339966,-0.011225789785385132,0.4764573574066162,0.2770387530326843,0.24650388956069946,0.0
2,447,0.10153348387451407,0.10154677798770023,0.10153348387451407,0.6953862542632716,0.5378886461257935,0.049265578389167786,0.4621378183364868,-0.044406041502952576,0.5214579502741495,0.03283488253752391,0.44570712248484295,0.0,0.5402970314025879,0.3251368999481201,0.14293870329856873,-0.017722904682159424,0.5375061432520548,0.3223460117975871,0.14014781514803568,0.0
2,448,0.10153348387451407,0.10154677798770023,0.10153348387451407,0.6953862542632716,0.6060467958450317,0.11392292380332947,0.3371469974517822,-0.059154048562049866,0.5870078802108765,0.0948840081691742,0.31810808181762695,0.0,0.5533376336097717,0.3937850594520569,0.11141279339790344,-0.07201078534126282,0.5338258147239685,0.37427324056625366,0.09190097451210022,0.0
2,449,0.10153348387451407,0.10154677798770023,0.10153348387451407,0.6953862542632716,0.9182682633399963,0.06619717180728912,-0.0689639002084732,0.07274021208286285,0.8991997043291727,0.04712861279646556,0.0,0.05367165307203929,0.684116005897522,0.38328662514686584,0.12114141881465912,-0.16526684165000916,0.6212679942448934,0.32043861349423725,0.05829340716203053,0.0
2,450,0.10153348387451407,0.10154677798770023,0.10153348387451407,0.6953862542632716,0.7815867066383362,0.08971993625164032,0.2855437695980072,-0.1483418196439743,0.729303260644277,0.03743649025758108,0.23326032360394797,0.0,0.713853120803833,0.38833317160606384,0.06608347594738007,-0.17225441336631775,0.6577632029851278,0.3322432537873586,0.009993558128674827,0.0
2,451,0.10153348387451407,0.10154677798770023,0.10153348387451407,0.6953862542632716,0.6648259162902832,0.18786276876926422,0.22538617253303528,-0.07154671847820282,0.6388009786605835,0.16183783113956451,0.19936123490333557,0.0,0.7723010778427124,0.39548569917678833,0.04165011644363403,-0.20398113131523132,0.6884076595306396,0.3115922808647156,0.0,0.0
2,452,0.10153348387451407,0.10154677798770023,0.10153348387451407,0.6953862542632716,0.8657940030097961,-0.05502671003341675,0.32452407479286194,-0.12943728268146515,0.7706349492073059,0.0,0.2293650209903717,0.0,0.7984813451766968,0.22875234484672546,0.09698531031608582,-0.1191767156124115,0.7570749918619791,0.18734599153200784,0.0555789570013682,0.0
2,453,0.10153348387451407,0.10154677798770023,0.10153348387451407,0.6953862542632716,0.5360210537910461,0.4593387246131897,0.24271616339683533,-0.23570863902568817,0.456662396589915,0.37998006741205853,0.16335750619570416,0.0,0.7976185083389282,0.21545743942260742,0.09017430245876312,-0.09736961126327515,0.7632017532984415,0.18104068438212076,0.05575754741827647,0.0
2,454,0.10153348387451407,0.10154677798770023,0.10153348387451407,0.6953862542632716,0.4785836935043335,0.5337728261947632,0.27439144253730774,-0.28281736373901367,0.38300104935963947,0.43819018205006915,0.1788087983926137,0.0,0.7905908823013306,0.22837108373641968,0.0969432145357132,-0.1089327335357666,0.7519558270772299,0.18973602851231894,0.05830815931161245,0.0
2,455,0.10153348387451407,0.10154677798770023,0.10153348387451407,0.6953862542632716,0.6269053816795349,0.345530241727829,0.27522486448287964,-0.239695742726326,0.5443519155184428,0.2629767755667369,0.19267139832178753,0.0,0.9001847505569458,0.3008289039134979,0.026737317442893982,-0.23479267954826355,0.7996779084205627,0.20032206177711487,0.0,0.0
2,456,0.10153348387451407,0.10154677798770023,0.10153348387451407,0.6953862542632716,0.5903613567352295,0.3519257605075836,0.25008997321128845,-0.20082660019397736,0.5262356599171957,0.28780006368954975,0.18596427639325458,0.0,0.6632629036903381,0.36454352736473083,0.10474452376365662,-0.12500914931297302,0.6190792520840963,0.32035987575848895,0.06056087215741476,0.0
2,457,0.10153348387451407,0.10154677798770023,0.10153348387451407,0.6953862542632716,0.4280490279197693,0.29078543186187744,0.49411940574645996,-0.20421333611011505,0.357064425945282,0.21980082988739014,0.42313480377197266,0.0,0.6099393367767334,0.4410631060600281,0.07947225868701935,-0.13513514399528503,0.5664477348327637,0.39757150411605835,0.03598065674304962,0.0
2,458,0.10153348387451407,0.10154677798770023,0.10153348387451407,0.6953862542632716,0.33894848823547363,0.09789693355560303,0.7736771702766418,-0.1930757313966751,0.2687743107477824,0.02772275606791179,0.7035029927889506,0.0,0.5682156085968018,0.35676276683807373,0.10751308500766754,-0.030847907066345215,0.5573851267496744,0.34593228499094647,0.09668260316054027,0.0
2,459,0.10153348387451407,0.10154677798770023,0.10153348387451407,0.6953862542632716,0.3408237099647522,0.21501946449279785,0.6716887354850769,-0.22614257037639618,0.2649797399838765,0.13917549451192218,0.5958447655042013,0.0,0.4561987519264221,0.35630670189857483,0.2052297741174698,-0.013878583908081055,0.45028700431187946,0.35039495428403217,0.19931802650292715,0.0
2,460,0.10153348387451407,0.10154677798770023,0.10153348387451407,0.6953862542632716,0.08637692034244537,0.30786842107772827,0.7710689306259155,-0.16082622110843658,0.03127218782901764,0.25276368856430054,0.7159641981124878,0.0,0.44947388768196106,0.24305616319179535,0.27517789602279663,0.028011620044708252,0.45054398477077484,0.24412626028060913,0.2762479931116104,0.029081717133522034
2,461,0.10152522793788264,0.101525427640996,0.10152522793788264,0.6954241164832387,0.02468395233154297,0.3629538416862488,0.6400875449180603,-0.03563718497753143,0.015442172686258951,0.3537120620409648,0.6308457652727762,0.0,0.4776109755039215,0.2566099762916565,0.20327723026275635,0.05484411120414734,0.4795253872871399,0.2585243880748749,0.20519164204597473,0.05675852298736572
2,462,0.10152522793788264,0.101525427640996,0.10152522793788264,0.6954241164832387,0.11247308552265167,0.18813446164131165,0.5365197658538818,0.16032303869724274,0.1131105124950409,0.18877188861370087,0.5371571928262711,0.16096046566963196,0.3997664153575897,0.19046129286289215,0.2287561297416687,0.1745363473892212,0.4013863801956177,0.1920812577009201,0.23037609457969666,0.17615631222724915
2,463,0.10152522793788264,0.101525427640996,0.10152522793788264,0.6954241164832387,0.14334818720817566,0.2770453691482544,0.5624908208847046,0.01955243945121765,0.1427389681339264,0.2764361500740051,0.5618816018104553,0.018943220376968384,0.5222394466400146,0.22128993272781372,0.21611951291561127,0.04601787030696869,0.5208227634429932,0.21987324953079224,0.21470282971858978,0.044601187109947205
2,464,0.10152522793788264,0.101525427640996,0.10152522793788264,0.6954241164832387,0.26747265458106995,0.14496499300003052,0.4152592718601227,0.16934654116630554,0.26821179687976837,0.14570413529872894,0.4159984141588211,0.17008568346500397,0.46494048833847046,0.17595185339450836,0.23103687167167664,0.1453321874141693,0.46062514185905457,0.17163650691509247,0.22672152519226074,0.14101684093475342
2,465,0.10152522793788264,0.101525427640996,0.10152522793788264,0.6954241164832387,0.3068169951438904,-0.00831526517868042,0.41670310497283936,0.28344565629959106,0.30449507633845013,0.0,0.4143811861673991,0.2811237374941508,0.43076005578041077,0.27444174885749817,0.07515387237071991,0.21902188658714294,0.4309156686067581,0.2745973616838455,0.07530948519706726,0.2191774994134903
2,466,0.10152522793788264,0.101525427640996,0.10152522793788264,0.6954241164832387,0.15184533596038818,0.17261725664138794,0.32792145013809204,0.3453858494758606,0.152402862906456,0.17317478358745575,0.32847897708415985,0.3459433764219284,0.41593849658966064,0.22425466775894165,0.10349909961223602,0.25492554903030396,0.4162840396165848,0.22460021078586578,0.10384464263916016,0.2552710920572281
2,467,0.10152522793788264,0.101525427640996,0.10152522793788264,0.6954241164832387,0.21316920220851898,0.1397283971309662,0.28889650106430054,0.35962560772895813,0.21281425654888153,0.13937345147132874,0.2885415554046631,0.3592706620693207,0.45413076877593994,0.21254612505435944,0.08942988514900208,0.2435615509748459,0.4542136788368225,0.212629035115242,0.08951279520988464,0.24364446103572845
2,468,0.10152522793788264,0.101525427640996,0.10152522793788264,0.6954241164832387,0.20052561163902283,0.08765381574630737,0.44386163353919983,0.2687419354915619,0.20032986998558044,0.08745807409286499,0.44366589188575745,0.2685461938381195,0.4251687228679657,0.23025265336036682,0.10386960208415985,0.23966588079929352,0.4254295080900192,0.23051343858242035,0.10413038730621338,0.23992666602134705
2,469,0.10152522793788264,0.101525427640996,0.10152522793788264,0.6954241164832387,0.43881210684776306,-0.21735051274299622,0.5774635076522827,0.19916081428527832,0.36699995398521423,0.0,0.5056513547897339,0.1273486614227295,0.45079782605171204,0.2775428593158722,0.06882622838020325,0.2021462470293045,0.45096954703330994,0.2777145802974701,0.06899794936180115,0.2023179680109024
2,470,0.10152522793788264,0.101525427640996,0.10152522793788264,0.6954241164832387,0.48684999346733093,-0.2739814519882202,0.5991362929344177,0.18422946333885193,0.39677807688713074,0.0,0.5090643763542175,0.09415754675865173,0.44080108404159546,0.28221389651298523,0.07158629596233368,0.20618103444576263,0.4406055212020874,0.2820183336734772,0.07139073312282562,0.20598547160625458
2,471,0.10152522793788264,0.101525427640996,0.10152522793788264,0.6954241164832387,0.4584318995475769,-0.1483376920223236,0.4831693172454834,0.20854216814041138,0.408384104569753,0.0,0.4331215222676595,0.1584943731625875,0.46526777744293213,0.2027376890182495,0.22579501569271088,0.12406924366950989,0.4608003497123718,0.1982702612876892,0.22132758796215057,0.11960181593894958
2,472,0.10152522793788264,0.101525427640996,0.10152522793788264,0.6954241164832387,0.42831194400787354,0.06462794542312622,0.47799158096313477,0.026759564876556396,0.4288891851902008,0.06520518660545349,0.47856882214546204,0.027336806058883667,0.5096157789230347,0.2196500599384308,0.2467350959777832,0.03026740252971649,0.5080487132072449,0.218082994222641,0.2451680302619934,0.028700336813926697
2,473,0.10152522793788264,0.101525427640996,0.10152522793788264,0.6954241164832387,0.19272173941135406,0.49541646242141724,0.30959072709083557,-0.0017190873622894287,0.19347875813643137,0.49617348114649457,0.3103477458159129,0.0,0.4929203987121582,0.27250656485557556,0.20734065771102905,0.019878894090652466,0.4947587549686432,0.27434492111206055,0.20917901396751404,0.02171725034713745
2,474,0.10152522793788264,0.101525427640996,0.10152522793788264,0.6954241164832387,0.1686999499797821,0.5294314622879028,0.2844886779785156,0.016463086009025574,0.16892914474010468,0.5296606570482254,0.2847178727388382,0.016692280769348145,0.496492862701416,0.22311833500862122,0.22646744549274445,0.05711852014064789,0.495693564414978,0.22231903672218323,0.22566814720630646,0.0563192218542099
2,475,0.10152522793788264,0.101525427640996,0.10152522793788264,0.6954241164832387,0.1392204463481903,0.4322689175605774,0.38239622116088867,0.051252588629722595,0.13793590664863586,0.43098437786102295,0.38111168146133423,0.04996804893016815,0.45659899711608887,0.27281346917152405,0.27873149514198303,-0.011505603790283203,0.4538843631744385,0.27009883522987366,0.27601686120033264,0.0
2,476,0.10152522793788264,0.101525427640996,0.10152522793788264,0.6954241164832387,0.029309019446372986,0.43853163719177246,0.6014119982719421,-0.06022505462169647,0.006224776307741802,0.4154473940531413,0.5783277551333109,0.0,0.49184852838516235,0.2964663803577423,0.2337934374809265,-0.01771131157875061,0.48447908957799274,0.2890969415505727,0.22642399867375693,0.0
2,477,0.10152522793788264,0.101525427640996,0.10152522793788264,0.6954241164832387,0.018155962228775024,0.491102397441864,0.6006361842155457,-0.09255771338939667,0.0,0.4452331066131592,0.5547668933868408,0.0,0.4524785280227661,0.3207651376724243,0.20292140543460846,0.01899014413356781,0.45368972420692444,0.32197633385658264,0.20413260161876678,0.020201340317726135
2,478,0.10152522793788264,0.101525427640996,0.10152522793788264,0.6954241164832387,0.12358060479164124,0.22979845106601715,0.7017450332641602,-0.03728826344013214,0.10520592331886292,0.21142376959323883,0.6833703517913818,0.0,0.45889073610305786,0.3157278299331665,0.20827443897724152,0.012178406119346619,0.46012288331985474,0.3169599771499634,0.2095065861940384,0.013410553336143494
2,479,0.10152522793788264,0.101525427640996,0.10152522793788264,0.6954241164832387,0.1971322000026703,0.2814602851867676,0.31947222352027893,0.21274274587631226,0.19443035125732422,0.2787584364414215,0.31677037477493286,0.2100408971309662,0.4716343283653259,0.391201376914978,0.19550682604312897,-0.054744839668273926,0.45218680302302044,0.37175385157267254,0.17605930070082346,0.0
2,480,0.10152522793788264,0.101525427640996,0.10152522793788264,0.6954241164832387,0.24011419713497162,0.21692994236946106,0.3087889552116394,0.25299498438835144,0.23540718853473663,0.21222293376922607,0.3040819466114044,0.24828797578811646,0.4649244546890259,0.4011791944503784,0.19626542925834656,-0.057951420545578,0.44413475195566815,0.3803894917170207,0.1754757265249888,0.0
2,481,0.1015250229626675,0.10152502596243258,0.1015250229626675,0.6954249281122324,0.2605295777320862,0.22911734879016876,0.43586885929107666,0.07479701936244965,0.26045137643814087,0.22903914749622345,0.43579065799713135,0.07471881806850433,0.4871003031730652,0.4163735806941986,0.20641472935676575,-0.10809525847434998,0.45047078529993695,0.37974406282107037,0.16978521148363748,0.0
2,482,0.1015250229626675,0.10152502596243258,0.1015250229626675,0.6954249281122324,0.21738378703594208,0.3302053213119507,0.5098163485527039,-0.04112984240055084,0.19824862976868948,0.31107016404469806,0.49068119128545123,0.0,0.5808776617050171,0.3506704568862915,0.1067480742931366,-0.036272406578063965,0.5681122541427612,0.33790504932403564,0.09398266673088074,0.0
2,483,0.1015250229626675,0.10152502596243258,0.1015250229626675,0.6954249281122324,0.28194141387939453,0.2790832817554474,0.6124510169029236,-0.1593157798051834,0.22411616643269858,0.22125803430875143,0.5546257694562277,0.0,0.6119163036346436,0.34826141595840454,0.14656677842140198,-0.11442872881889343,0.5763347943623861,0.31267990668614704,0.1109852691491445,0.0
2,484,0.1015250229626675,0.10152502596243258,0.1015250229626675,0.6954249281122324,0.20817208290100098,0.2869762182235718,0.9072805047035217,-0.38907188177108765,0.07402912775675455,0.15283326307932535,0.7731375495592753,0.0,0.5766233205795288,0.44961047172546387,0.09842643141746521,-0.1296406388282776,0.5350699027379354,0.4080570538838704,0.05687301357587179,0.0
2,485,0.1015250229626675,0.10152502596243258,0.1015250229626675,0.6954249281122324,0.1759680211544037,0.3644806146621704,0.7508268356323242,-0.27991700172424316,0.07887618740399678,0.2673887809117635,0.6537350018819174,0.0,0.5794251561164856,0.45175689458847046,0.08073662221431732,-0.11649677157402039,0.5421189268430074,0.41445066531499225,0.043430392940839134,0.0
2,486,0.1015250229626675,0.10152502596243258,0.1015250229626675,0.6954249281122324,0.06755661964416504,0.5599663853645325,0.5633795857429504,-0.18855072557926178,0.003922422726949051,0.49633218844731647,0.49974538882573444,0.0,0.5711405873298645,0.44799792766571045,0.0903712660074234,-0.11544966697692871,0.5346373120943705,0.4114946524302165,0.05386799077192942,0.0
2,487,0.1015250229626675,0.10152502596243258,0.1015250229626675,0.6954249281122324,0.31469690799713135,0.32164880633354187,0.44304370880126953,-0.0721529871225357,0.28823375701904297,0.2951856553554535,0.41658055782318115,0.0,0.6029724478721619,0.3387826681137085,0.1430654525756836,-0.09226846694946289,0.5746989448865255,0.3105091651280721,0.1147919495900472,0.0
2,488,0.1015250229626675,0.10152502596243258,0.1015250229626675,0.6954249281122324,0.03351926803588867,0.35641464591026306,0.6686489582061768,-0.05233968794345856,0.013991634051005047,0.33688701192537945,0.6491213242212931,0.0,0.49654722213745117,0.3835906386375427,0.14868876338005066,-0.04242253303527832,0.48693835735321045,0.373981773853302,0.13907989859580994,0.0
2,489,0.1015250229626675,0.10152502596243258,0.1015250229626675,0.6954249281122324,0.2766586244106293,0.14485454559326172,0.5367462038993835,0.05119332671165466,0.274295449256897,0.14249137043952942,0.5343830287456512,0.04883015155792236,0.48233914375305176,0.3431859612464905,0.2483864575624466,-0.08273720741271973,0.45770196119944256,0.3185487786928813,0.22374927500883737,0.0
2,490,0.1015250229626675,0.10152502596243258,0.1015250229626675,0.6954249281122324,0.2486412227153778,0.16987356543540955,0.545625627040863,0.0341135710477829,0.2490777224302292,0.17031006515026093,0.5460621267557144,0.03455007076263428,0.495674729347229,0.3115585148334503,0.16794505715370178,0.015511050820350647,0.49800240993499756,0.31388619542121887,0.17027273774147034,0.0178387314081192
2,491,0.1015250229626675,0.10152502596243258,0.1015250229626675,0.6954249281122324,0.10673262178897858,0.31094276905059814,0.5285869836807251,0.06033258140087128,0.1050838977098465,0.30929404497146606,0.526938259601593,0.0586838573217392,0.3978978395462036,0.3076312839984894,0.2294105887413025,0.05933588743209839,0.39932894706726074,0.3090623915195465,0.23084169626235962,0.06076699495315552
2,492,0.1015250229626675,0.10152502596243258,0.1015250229626675,0.6954249281122324,0.31388887763023376,0.07577177882194519,0.38461506366729736,0.2284652292728424,0.3132036328315735,0.07508653402328491,0.3839298188686371,0.22777998447418213,0.45948731899261475,0.2457304149866104,0.20048102736473083,0.09497572481632233,0.45931869745254517,0.24556179344654083,0.20031240582466125,0.09480710327625275
2,493,0.1015250229626675,0.10152502596243258,0.1015250229626675,0.6954249281122324,0.3113691806793213,-0.1558966040611267,0.5648732781410217,0.2874627411365509,0.2568007707595825,0.0,0.510304868221283,0.23289433121681213,0.3845125436782837,0.19756637513637543,0.23658616840839386,0.17537635564804077,0.38600218296051025,0.199056014418602,0.23807580769062042,0.17686599493026733
2,494,0.1015250229626675,0.10152502596243258,0.1015250229626675,0.6954249281122324,0.5196247100830078,-0.46804744005203247,0.5702617168426514,0.379208505153656,0.3632597128550211,0.0,0.4138967196146647,0.22284350792566934,0.4265590012073517,0.2791646420955658,0.06576003134250641,0.22713534533977509,0.42690424621105194,0.27950988709926605,0.06610527634620667,0.22748059034347534
2,495,0.1015250229626675,0.10152502596243258,0.1015250229626675,0.6954249281122324,0.31044620275497437,-0.36738067865371704,1.0249526500701904,0.05744662880897522,0.14274674654006958,0.0,0.8572531938552856,0.0,0.2623857855796814,0.26331692934036255,0.16164860129356384,0.306759774684906,0.26385802030563354,0.2647891640663147,0.163120836019516,0.30823200941085815
2,496,0.1015250229626675,0.10152502596243258,0.1015250229626675,0.6954249281122324,0.32138973474502563,0.05505107343196869,0.7487749457359314,-0.10855858027935028,0.27965114514033,0.013312483827273049,0.7070363561312357,0.0,0.46331071853637695,0.09051145613193512,0.09482233226299286,0.3378949761390686,0.46667584776878357,0.09387658536434174,0.09818746149539948,0.3412601053714752
2,497,0.1015250229626675,0.10152502596243258,0.1015250229626675,0.6954249281122324,0.342618852853775,-0.005649983882904053,0.6700724363327026,-0.014522150158882141,0.3362732231616974,0.0,0.663726806640625,0.0,0.4110717177391052,0.21359553933143616,-0.0016641616821289062,0.3580605387687683,0.4158058166503906,0.21832963824272156,0.003069937229156494,0.3627946376800537
2,498,0.1015250229626675,0.10152502596243258,0.1015250229626675,0.6954249281122324,0.4806111454963684,-0.08235186338424683,0.5165033340454102,0.07986976206302643,0.4549497167269389,0.0,0.49084190527598065,0.05420833329359691,0.435316801071167,0.21751266717910767,-0.005898803472518921,0.3357855975627899,0.43911176919937134,0.221307635307312,0.0,0.33958056569099426
2,499,0.1015250229626675,0.10152502596243258,0.1015250229626675,0.6954249281122324,0.5593478679656982,-0.11803945899009705,0.3873097896575928,0.16330406069755554,0.522693951924642,0.0,0.35065587361653644,0.12665014465649924,0.4170399010181427,0.22726750373840332,-0.005888462066650391,0.3426695466041565,0.4213809072971344,0.23160851001739502,0.0,0.3470105528831482
2,500,0.1015250229626675,0.10152502596243258,0.1015250229626675,0.6954249281122324,0.44950777292251587,0.08349387347698212,0.2919352650642395,0.17007052898406982,0.45075590908527374,0.08474200963973999,0.2931834012269974,0.1713186651468277,0.4401850402355194,0.17767706513404846,0.13520406186580658,0.24963414669036865,0.43950995802879333,0.1770019829273224,0.1345289796590805,0.24895906448364258
3,1,0.67,0.11000000000000001,0.11000000000000001,0.11000000000000001,-0.08592745661735535,0.4649887681007385,-0.697007417678833,1.3112744092941284,0.0,0.07685714960098267,0.0,0.9231427907943726,-0.6448805332183838,-0.980715811252594,1.1621742248535156,1.5169001817703247,0.0,0.0,0.32263708114624023,0.6773630380630493
3,2,0.67,0.11000000000000001,0.11000000000000001,0.11000000000000001,0.8143959045410156,-0.003854125738143921,-0.0013387352228164673,0.15570755302906036,0.8231682479381561,0.004918217658996582,0.007433608174324036,0.16447989642620087,0.9387743473052979,-1.2678096294403076,0.4895040988922119,0.7107475996017456,0.5590989589691162,0.0,0.10982871055603027,0.33107221126556396
3,3,0.67,0.11000000000000001,0.11000000000000001,0.11000000000000001,0.6616408824920654,-0.1549868881702423,0.014944314956665039,0.4856618046760559,0.5879895687103271,0.0,0.0,0.4120104908943176,-1.9378759860992432,0.06311681866645813,1.0864787101745605,1.8908028602600098,0.0,0.0,0.09783792495727539,0.9021620750427246
3,4,0.67,0.11000000000000001,0.11000000000000001,0.11000000000000001,0.45853424072265625,0.5597883462905884,0.5774983763694763,-0.5697294473648071,0.25992727279663086,0.361181378364563,0.3788914084434509,0.0,-0.5425993204116821,1.6398024559020996,-0.8115174174308777,0.6070830821990967,0.0,1.0,0.0,0.0
3,5,0.67,0.11000000000000001,0.11000000000000001,0.11000000000000001,0.14294780790805817,0.5048662424087524,0.053080201148986816,0.29278963804244995,0.14452683925628662,0.5064452737569809,0.05465923249721527,0.2943686693906784,0.2977195084095001,-1.1706483364105225,1.4648945331573486,0.5792258381843567,0.0,0.0,0.9428343772888184,0.057165682315826416
3,6,0.67,0.11000000000000001,0.11000000000000001,0.11000000000000001,0.016901150345802307,0.8488200902938843,0.17204444110393524,-0.07082904875278473,0.0043126096328099574,0.836231549580892,0.1594559003909429,0.0,-0.36517980694770813,0.023022711277008057,0.6892741918563843,0.7164127826690674,0.0,0.0,0.48643070459365845,0.5135692954063416
3,7,0.67,0.11000000000000001,0.11000000000000001,0.11000000000000001,0.03532141447067261,1.2461531162261963,0.3471507132053375,-0.6425933837890625,0.0,0.9495012164115906,0.05049881339073181,0.0,-0.3545738756656647,-1.9837486743927002,1.1945350170135498,2.1778836250305176,0.0,0.0,0.008325695991516113,0.9916743040084839
3,8,0.67,0.11000000000000001,0.11000000000000001,0.11000000000000001,-0.2781166434288025,0.5175707340240479,0.4858021140098572,0.2583746612071991,0.0,0.43032153447469074,0.39855291446050006,0.17112546165784198,0.08829811215400696,-0.29830604791641235,0.0659368634223938,1.2222427129745483,0.0,0.0,0.0,1.0
3,9,0.67,0.11000000000000001,0.11000000000000001,0.11000000000000001,-0.7391014099121094,1.0950217247009277,0.07500593364238739,0.538044273853302,0.0,0.7784887552261353,0.0,0.22151130437850952,-0.7397488355636597,-1.3099126815795898,1.6236629486083984,1.5106701850891113,0.0,0.0,0.5564963817596436,0.44350361824035645
3,10,0.67,0.11000000000000001,0.11000000000000001,0.11000000000000001,-0.08321455121040344,0.5613913536071777,0.1327241063117981,0.36284971237182617,0.0,0.542402982711792,0.11373573541641235,0.34386134147644043,-0.13521835207939148,-0.6444560885429382,1.073481559753418,0.5894361734390259,0.0,0.0,0.742022693157196,0.25797730684280396
3,11,0.67,0.11000000000000001,0.11000000000000001,0.11000000000000001,0.09062281250953674,0.12757036089897156,0.40540674328804016,0.34533822536468506,0.09838828444480896,0.13533583283424377,0.4131722152233124,0.3531036972999573,0.07689785957336426,-0.7692691683769226,0.8842840194702148,0.7679300308227539,0.0,0.0,0.5581769943237305,0.44182300567626953
3,12,0.67,0.11000000000000001,0.11000000000000001,0.11000000000000001,0.2248133420944214,0.5029548406600952,0.7431110143661499,-0.4631537199020386,0.06785360972086588,0.3459951082865397,0.5861512819925944,0.0,0.5929036140441895,-0.8910111784934998,0.5186300277709961,0.7814743518829346,0.29523428281148273,0.0,0.22096069653828937,0.48380502065022785
3,13,0.67,0.11000000000000001,0.11000000000000001,0.11000000000000001,-0.4532756805419922,0.9895445704460144,0.4327077269554138,-0.017819300293922424,0.0,0.7784184217453003,0.2215815782546997,0.0,0.5943185687065125,0.09191201627254486,-0.007791727781295776,0.35044825077056885,0.582092305024465,0.07968575259049733,0.0,0.3382219870885213
3,14,0.67,0.11000000000000001,0.11000000000000001,0.11000000000000001,-0.22498685121536255,0.2446097582578659,1.0449109077453613,-0.09015633165836334,0.0,0.09984944760799408,0.9001505970954895,0.0,0.5200977921485901,-0.4839521646499634,1.2872655391693115,-0.3438056409358978,0.11641615629196167,0.0,0.8835839033126831,0.0
3,15,0.67,0.11000000000000001,0.11000000000000001,0.11000000000000001,0.03547282516956329,0.5568492412567139,0.5068548321723938,-0.07262443006038666,0.002413863937060036,0.5237902800242106,0.47379587093989056,0.0,0.23882438242435455,-0.25084203481674194,0.08351407945156097,0.8414024114608765,0.18424409131209055,0.0,0.028933788339296974,0.7868221203486124
3,16,0.67,0.11000000000000001,0.11000000000000001,0.11000000000000001,-0.27484649419784546,1.091374158859253,0.528658926486969,-0.34146881103515625,0.0,0.7813576459884644,0.21864241361618042,0.0,0.5328541994094849,1.0648112297058105,-0.2748240828514099,-0.24246925115585327,0.23402148485183716,0.7659785151481628,0.0,0.0
3,17,0.67,0.11000000000000001,0.11000000000000001,0.11000000000000001,0.463026225566864,0.6456511616706848,0.22685888409614563,-0.3598252534866333,0.3511808117230733,0.5338057478268942,0.11501347025235494,0.0,-0.31489619612693787,0.7585294246673584,0.47806689143180847,0.037426382303237915,0.0,0.6402312517166138,0.35976871848106384,0.0
3,18,0.67,0.11000000000000001,0.11000000000000001,0.11000000000000001,0.3627697825431824,1.1597641706466675,-0.4432005286216736,-0.05156470835208893,0.10150283575057983,0.8984972238540649,0.0,0.0,2.0938994884490967,-1.6653270721435547,-1.2929840087890625,1.7433152198791504,0.6752921342849731,0.0,0.0,0.32470786571502686
3,19,0.67,0.11000000000000001,0.11000000000000001,0.11000000000000001,0.18433113396167755,1.4047093391418457,-0.05935649573802948,-0.533459484577179,0.0,1.0,0.0,0.0,0.8461704254150391,-0.37574273347854614,0.7319480180740356,-0.04032441973686218,0.5571112036705017,0.0,0.4428887963294983,0.0
3,20,0.67,0.11000000000000001,0.11000000000000001,0.11000000000000001,0.4878007769584656,0.07727013528347015,0.3768402934074402,0.04799887537956238,0.4903232455253601,0.07979260385036469,0.3793627619743347,0.05052134394645691,0.46040141582489014,0.19801855087280273,0.15637513995170593,0.20176199078559875,0.45626214146614075,0.19387927651405334,0.15223586559295654,0.19762271642684937
3,21,0.694859813084112,0.10171339563862927,0.10171339563862927,0.10171339563862927,0.3591140806674957,0.15896786749362946,0.24112363159656525,0.27064335346221924,0.3516518473625183,0.15150563418865204,0.23366139829158783,0.2631811201572418,0.06018270552158356,-1.085465669631958,0.8630193471908569,1.1813278198242188,0.0,0.0,0.3408457040786743,0.6591541767120361
3,22,0.694859813084112,0.10171339563862927,0.10171339563862927,0.10171339563862927,0.3088894784450531,0.9859261512756348,-0.1740400642156601,-0.12412573397159576,0.16148164868354797,0.8385183215141296,0.0,0.0,0.2974201738834381,-0.46209782361984253,0.6283506751060486,0.5848506689071655,0.1272130310535431,0.0,0.45814353227615356,0.4146435260772705
3,23,0.694859813084112,0.10171339563862927,0.10171339563862927,0.10171339563862927,0.48154962062835693,0.46501538157463074,-0.5398562550544739,0.5679863095283508,0.3100324869155884,0.2934982478618622,0.0,0.3964691758155823,0.18151795864105225,0.451055109500885,-0.18464291095733643,0.4771580100059509,0.1449409325917562,0.41447808345158893,0.0,0.44058098395665485
3,24,0.694859813084112,0.10171339563862927,0.10171339563862927,0.10171339563862927,0.22037363052368164,0.4219646453857422,0.3686719238758087,-0.016423240303993225,0.21670357386271158,0.41829458872477215,0.3650018672148387,0.0,0.7178725004196167,0.856990396976471,-0.4237058162689209,-0.26933005452156067,0.4304410219192505,0.5695589184761047,0.0,0.0
3,25,0.694859813084112,0.10171339563862927,0.10171339563862927,0.10171339563862927,0.21966460347175598,0.6856364607810974,0.12642498314380646,-0.05681757628917694,0.20908922950426737,0.6750610868136088,0.11584960917631786,0.0,0.4461716413497925,-0.008517295122146606,-0.010853230953216553,0.49091267585754395,0.46674318611621857,0.01205424964427948,0.009718313813209534,0.51148422062397
3,26,0.694859813084112,0.10171339563862927,0.10171339563862927,0.10171339563862927,-0.4869767427444458,1.1350634098052979,-0.005522564053535461,0.3463172912597656,0.0,0.8943730592727661,0.0,0.10562694072723389,1.020006537437439,0.632095992565155,-0.3810259699821472,-0.4194119870662689,0.6939553022384644,0.3060447573661804,0.0,0.0
3,27,0.694859813084112,0.10171339563862927,0.10171339563862927,0.10171339563862927,-0.49531108140945435,1.0921108722686768,0.22020858526229858,0.15099547803401947,0.0,0.9359511137008667,0.06404882669448853,0.0,-0.012019634246826172,0.11638128757476807,0.2634430527687073,0.6053407192230225,0.0,0.1213262677192688,0.268388032913208,0.6102856993675232
3,28,0.694859813084112,0.10171339563862927,0.10171339563862927,0.10171339563862927,0.11647765338420868,1.1677082777023315,0.288074791431427,-0.5709729790687561,0.0,0.9398167133331299,0.06018322706222534,0.0,1.1768828630447388,0.44283950328826904,-0.5166881680488586,-0.006377190351486206,0.8670216798782349,0.13297832012176514,0.0,0.0
3,29,0.694859813084112,0.10171339563862927,0.10171339563862927,0.10171339563862927,-0.14237847924232483,0.8998826146125793,0.6096280813217163,-0.3805028796195984,0.0,0.6451272368431091,0.3548727035522461,0.0,-0.0641537606716156,-1.1326580047607422,0.8028392791748047,1.4400668144226074,0.0,0.0,0.18138623237609863,0.8186137676239014
3,30,0.694859813084112,0.10171339563862927,0.10171339563862927,0.10171339563862927,0.21167756617069244,0.9704509973526001,-0.04241998493671417,-0.13673965632915497,0.12061329185962677,0.8793867230415344,0.0,0.0,0.3257381021976471,-1.3997929096221924,1.1863069534301758,0.86855149269104,0.0,0.0,0.6588777303695679,0.34112226963043213
3,31,0.694859813084112,0.10171339563862927,0.10171339563862927,0.10171339563862927,-0.07630431652069092,0.7984618544578552,0.2655239403247833,-0.004520043730735779,0.0,0.7664689421653748,0.23353102803230286,0.0,0.48539429903030396,0.5904077291488647,0.12398169189691544,-0.10500484704971313,0.4187996983528137,0.5238131284713745,0.0573870912194252,0.0
3,32,0.694859813084112,0.10171339563862927,0.10171339563862927,0.10171339563862927,0.6447734832763672,0.12914398312568665,0.008453592658042908,0.20259630680084229,0.6485316455364227,0.1329021453857422,0.01221175491809845,0.20635446906089783,-0.19741979241371155,-0.48625481128692627,0.6979971528053284,0.9554007053375244,0.0,0.0,0.37129825353622437,0.6287018060684204
3,33,0.694859813084112,0.10171339563862927,0.10171339563862927,0.10171339563862927,0.07049278914928436,0.9401745796203613,0.19119514524936676,-0.18936027586460114,0.003205304344495133,0.8728870948155721,0.12390766044457753,0.0,1.3682652711868286,1.5464203357696533,-1.716043472290039,-0.294781893491745,0.41092240810394287,0.5890774726867676,0.0,0.0
3,34,0.694859813084112,0.10171339563862927,0.10171339563862927,0.10171339563862927,1.2446434497833252,-0.07221496105194092,-0.14191649854183197,-0.01001770794391632,1.0,0.0,0.0,0.0,0.026233598589897156,-1.7689909934997559,0.7512659430503845,1.953974723815918,0.0,0.0,0.0,1.0
3,35,0.694859813084112,0.10171339563862927,0.10171339563862927,0.10171339563862927,0.503448486328125,0.4446338415145874,0.46079692244529724,-0.41506707668304443,0.367155392964681,0.30834074815114343,0.32450382908185327,0.0,-0.4035564959049225,-0.1780703067779541,0.510027289390564,1.202189564704895,0.0,0.0,0.15391886234283447,0.8460811376571655
3,36,0.694859813084112,0.10171339563862927,0.10171339563862927,0.10171339563862927,0.5683008432388306,0.22931191325187683,0.26796919107437134,-0.03390757739543915,0.5464402039845785,0.20745127399762472,0.24610855182011923,0.0,-0.22225606441497803,0.008344575762748718,0.012117430567741394,1.3422541618347168,0.0,0.0,0.0,1.0
3,37,0.694859813084112,0.10171339563862927,0.10171339563862927,0.10171339563862927,0.350676953792572,0.8025898337364197,-0.16272924840450287,0.012084424495697021,0.27404356002807617,0.7259564399719238,0.0,0.0,-0.054580122232437134,1.5133380889892578,-0.4905601739883423,-0.019155830144882202,0.0,1.0,0.0,0.0
3,38,0.694859813084112,0.10171339563862927,0.10171339563862927,0.10171339563862927,0.2541409134864807,0.420779287815094,0.40904468297958374,-0.07624007761478424,0.22615263859430948,0.3927910129229228,0.38105640808741253,0.0,-0.007703453302383423,2.2475388050079346,-0.592864990234375,-0.5877476930618286,0.0,1.0,0.0,0.0
3,39,0.694859813084112,0.10171339563862927,0.10171339563862927,0.10171339563862927,0.2239731252193451,1.1958677768707275,0.07839779555797577,-0.5600078701972961,0.014052659273147583,0.98594731092453,0.0,0.0,0.8257318735122681,-0.8555653691291809,0.9447912573814392,0.009042873978614807,0.4404703378677368,0.0,0.559529721736908,0.0
3,40,0.694859813084112,0.10171339563862927,0.10171339563862927,0.10171339563862927,0.4547092318534851,0.6028900146484375,-0.0796305388212204,0.015367954969406128,0.4259095788002014,0.5740903615951538,0.0,0.0,0.534813404083252,0.34047895669937134,0.02228376269340515,0.10958456993103027,0.5330232381820679,0.33868879079818726,0.02049359679222107,0.10779440402984619
3,41,0.6954128225542078,0.10152905914859746,0.10152905914859746,0.10152905914859746,0.28072884678840637,0.518078088760376,0.31446564197540283,-0.12720228731632233,0.24297133088111877,0.4803205728530884,0.27670812606811523,0.0,0.7002785205841064,-1.3952445983886719,1.2083896398544312,0.4837944209575653,0.23612435658772785,0.0,0.7442354758580525,0.01964025696118671
3,42,0.6954128225542078,0.10152905914859746,0.10152905914859746,0.10152905914859746,0.20638222992420197,0.21388483047485352,0.5100428462028503,0.11308328807353973,0.19553394615650177,0.20303654670715332,0.49919456243515015,0.10223500430583954,-0.6194283962249756,-1.2464299201965332,0.5744738578796387,2.432359457015991,0.0,0.0,0.0,1.0
3,43,0.6954128225542078,0.10152905914859746,0.10152905914859746,0.10152905914859746,0.6432820558547974,0.3034743070602417,-0.2984815835952759,0.3341267704963684,0.5496543645858765,0.2098466157913208,0.0,0.2404990792274475,0.42496758699417114,-0.5363129377365112,0.3101782202720642,0.8139892816543579,0.24192251761754355,0.0,0.12713315089543661,0.6309442122777303
3,44,0.6954128225542078,0.10152905914859746,0.10152905914859746,0.10152905914859746,-0.05924534797668457,0.9405391812324524,0.5758253931999207,-0.4509255886077881,0.0,0.6823568940162659,0.31764310598373413,0.0,1.4644334316253662,0.18836158514022827,-0.136699378490448,-0.44734594225883484,1.0,0.0,0.0,0.0
3,45,0.6954128225542078,0.10152905914859746,0.10152905914859746,0.10152905914859746,0.3867030739784241,0.4608233571052551,-0.11932097375392914,0.3039650022983551,0.33620593945185345,0.4103262225786845,0.0,0.2534678677717845,0.03757105767726898,-0.26073354482650757,0.42858660221099854,0.8938949108123779,0.0,0.0,0.2673458456993103,0.7326541543006897
3,46,0.6954128225542078,0.10152905914859746,0.10152905914859746,0.10152905914859746,-0.3069712519645691,0.7917034029960632,0.8428925275802612,-0.322210431098938,0.0,0.4744054675102234,0.5255945920944214,0.0,0.08645397424697876,0.8122270703315735,0.3216848075389862,-0.19932293891906738,0.012998720010121659,0.7387718160947164,0.2482295533021291,0.0
3,47,0.6954128225542078,0.10152905914859746,0.10152905914859746,0.10152905914859746,-0.4575725197792053,1.2296662330627441,0.37128946185112,-0.10445253551006317,0.0,0.9291883707046509,0.07081159949302673,0.0,-1.0429385900497437,0.2517312169075012,0.6233537197113037,1.2565326690673828,0.0,0.0,0.18341052532196045,0.8165894746780396
3,48,0.6954128225542078,0.10152905914859746,0.10152905914859746,0.10152905914859746,-0.44598501920700073,0.9633591175079346,0.15709340572357178,0.29182177782058716,0.0,0.825934370358785,0.01966865857442221,0.1543970306714376,-0.7294958829879761,0.30380547046661377,1.5351653099060059,-0.05089697241783142,0.0,0.0,1.0,0.0
3,49,0.6954128225542078,0.10152905914859746,0.10152905914859746,0.10152905914859746,-0.28712087869644165,1.050657033920288,0.0900115817785263,0.13919924199581146,0.0,0.9557288885116577,0.0,0.04427109658718109,-0.09734281897544861,-1.1469552516937256,1.0251660346984863,1.2135419845581055,0.0,0.0,0.40581202507019043,0.5941879749298096
3,50,0.6954128225542078,0.10152905914859746,0.10152905914859746,0.10152905914859746,-0.36483436822891235,0.9062920212745667,-0.07204334437847137,0.5070592164993286,0.0,0.6996163725852966,0.0,0.3003835678100586,1.2493408918380737,0.30286264419555664,0.18549838662147522,-0.8427231311798096,0.9732391238212585,0.026760876178741455,0.0,0.0
3,51,0.6954128225542078,0.10152905914859746,0.10152905914859746,0.10152905914859746,0.19368889927864075,0.3114672005176544,0.1344640851020813,0.34809911251068115,0.19675908982753754,0.3145373910665512,0.1375342756509781,0.35116930305957794,0.795936107635498,-1.771458625793457,1.287489652633667,0.6976087093353271,0.20225795110066735,0.0,0.6938114960988363,0.10393055280049646
3,52,0.6954128225542078,0.10152905914859746,0.10152905914859746,0.10152905914859746,0.4951043725013733,0.7364351749420166,-0.17552344501018524,-0.10462720692157745,0.37933462858200073,0.620665431022644,0.0,0.0,0.496451199054718,-2.009531259536743,0.9418148398399353,1.6689571142196655,0.0,0.0,0.13642889261245728,0.8635711669921875
3,53,0.6954128225542078,0.10152905914859746,0.10152905914859746,0.10152905914859746,0.584364652633667,0.5010007619857788,0.31029102206230164,-0.3801983594894409,0.4524791638056437,0.3691152731577555,0.17840553323427835,0.0,0.2703905999660492,1.3287711143493652,0.03206990659236908,-0.6351542472839355,0.0,1.0,0.0,0.0
3,54,0.6954128225542078,0.10152905914859746,0.10152905914859746,0.10152905914859746,-0.24742132425308228,1.284719705581665,-0.35425376892089844,0.30105477571487427,0.0,0.9918324947357178,0.0,0.008167564868927002,-1.2235608100891113,0.862368643283844,0.3321555256843567,1.0281726121902466,0.0,0.4170979857444763,0.0,0.5829019546508789
3,55,0.6954128225542078,0.10152905914859746,0.10152905914859746,0.10152905914859746,-0.3249638080596924,0.5317149758338928,0.3982889652252197,0.3668677806854248,0.0,0.4327577551205953,0.2993317445119222,0.26791055997212726,0.3050823211669922,-0.763053834438324,0.8909376263618469,0.49184513092041016,0.07579398155212402,0.0,0.6616492867469788,0.262556791305542
3,56,0.6954128225542078,0.10152905914859746,0.10152905914859746,0.10152905914859746,-0.4875880479812622,0.8300048112869263,0.5990931987762451,0.06269559264183044,0.0,0.6154558062553406,0.3845441937446594,0.0,0.23654983937740326,-0.910163938999176,0.6199731826782227,1.150294542312622,0.0,0.0,0.2348393201828003,0.7651606798171997
3,57,0.6954128225542078,0.10152905914859746,0.10152905914859746,0.10152905914859746,0.47857266664505005,0.06507554650306702,0.4193229675292969,0.08632564544677734,0.46624845266342163,0.0527513325214386,0.40699875354766846,0.07400143146514893,-0.6039333343505859,0.6117448806762695,1.0384539365768433,-0.08503136038780212,0.0,0.28664547204971313,0.7133545279502869,0.0
3,58,0.6954128225542078,0.10152905914859746,0.10152905914859746,0.10152905914859746,0.7885211706161499,0.528355062007904,-0.16291795670986176,-0.1883222609758377,0.6300830841064453,0.36991697549819946,0.0,0.0,-0.09414666891098022,-0.17343959212303162,0.30323949456214905,0.8891103267669678,0.0,0.0,0.20706459879875183,0.7929354310035706
3,59,0.6954128225542078,0.10152905914859746,0.10152905914859746,0.10152905914859746,0.11841036379337311,0.5248605608940125,0.0862838625907898,0.27320000529289246,0.11772169172763824,0.5241718888282776,0.08559519052505493,0.2725113332271576,0.2985678017139435,-0.3437078595161438,0.40228575468063354,0.7212369441986084,0.1578709582487742,0.0,0.26158891121546424,0.5805401007334391
3,60,0.6954128225542078,0.10152905914859746,0.10152905914859746,0.10152905914859746,0.6043630242347717,0.09679193794727325,-0.013819649815559387,0.31327688694000244,0.5995524128278097,0.09198132654031117,0.0,0.30846627553304035,0.28251704573631287,0.39699411392211914,0.16668492555618286,0.16083365678787231,0.2807596027851105,0.39523667097091675,0.16492748260498047,0.15907621383666992
3,61,0.6954246860202784,0.1015251046599072,0.1015251046599072,0.1015251046599072,0.5427305698394775,-0.009411841630935669,0.12407069653272629,0.34256598353385925,0.5396081606547037,0.0,0.12094828734795253,0.3394435743490855,1.0699063539505005,-0.8236668705940247,0.514459490776062,0.31102827191352844,0.7714416583379109,0.0,0.21599479516347247,0.012563576300938906
3,62,0.6954246860202784,0.1015251046599072,0.1015251046599072,0.1015251046599072,-0.38552314043045044,0.9424566030502319,0.513615071773529,-0.03128977119922638,0.0,0.7144207954406738,0.28557926416397095,0.0,0.3959972858428955,-0.2591888904571533,1.9130773544311523,-0.7984793186187744,0.0,0.0,1.0,0.0
3,63,0.6954246860202784,0.1015251046599072,0.1015251046599072,0.1015251046599072,-0.15872588753700256,0.6384304761886597,1.1406880617141724,-0.6091466546058655,0.0,0.24887120723724365,0.7511287927627563,0.0,1.390843391418457,-0.06190955638885498,0.24299921095371246,-0.5800752639770508,1.0,0.0,0.0,0.0
3,64,0.6954246860202784,0.1015251046599072,0.1015251046599072,0.1015251046599072,-0.19230937957763672,0.4193282127380371,0.7946697473526001,0.0184362530708313,0.0,0.3123292326927185,0.6876707673072815,0.0,0.4117808938026428,-0.02547207474708557,0.5311275720596313,0.18349695205688477,0.36964573462804157,0.0,0.4889924128850301,0.14136179288228354
3,65,0.6954246860202784,0.1015251046599072,0.1015251046599072,0.1015251046599072,-0.227658212184906,0.5652340650558472,0.8204031586647034,-0.11822070181369781,0.0,0.3724154233932495,0.6275845170021057,0.0,0.025956541299819946,0.9357839822769165,-0.027307748794555664,0.14168676733970642,0.0,0.8970485925674438,0.0,0.10295137763023376
3,66,0.6954246860202784,0.1015251046599072,0.1015251046599072,0.1015251046599072,-0.21804279088974,0.7042325735092163,0.6917986869812012,-0.13811521232128143,0.0,0.5062169432640076,0.49378305673599243,0.0,1.1549241542816162,-0.9182993769645691,1.1842947006225586,-0.42368873953819275,0.4853147268295288,0.0,0.5146852731704712,0.0
3,67,0.6954246860202784,0.1015251046599072,0.1015251046599072,0.1015251046599072,-0.2304660677909851,0.7945848703384399,0.44793829321861267,-0.027200058102607727,0.0,0.6733232736587524,0.32667669653892517,0.0,-0.26452985405921936,0.5762428641319275,-0.12311568856239319,0.807425856590271,0.0,0.38440853357315063,0.0,0.6155915260314941
3,68,0.6954246860202784,0.1015251046599072,0.1015251046599072,0.1015251046599072,-0.40022343397140503,0.5178008079528809,0.6377086043357849,0.2626337707042694,0.0,0.37841971715291345,0.4983275135358175,0.12325267990430197,-0.0509200394153595,0.8094126582145691,-0.1102784276008606,0.2745021879673004,0.0,0.7674552202224731,0.0,0.23254474997520447
3,69,0.6954246860202784,0.1015251046599072,0.1015251046599072,0.1015251046599072,-0.10639801621437073,0.7163967490196228,1.005214810371399,-0.5651690363883972,0.0,0.3555909991264343,0.6444090604782104,0.0,0.7356457710266113,-1.4956319332122803,0.18610802292823792,1.5460538864135742,0.09479594230651855,0.0,0.0,0.9052040576934814
3,70,0.6954246860202784,0.1015251046599072,0.1015251046599072,0.1015251046599072,0.05661080777645111,0.5002466440200806,0.49218273162841797,-0.10977797210216522,0.040264075001080826,0.48389991124471027,0.47583599885304767,0.0,-0.44725820422172546,0.36388468742370605,0.6396917104721069,0.6100846529006958,0.0,0.15933100382486978,0.43513802687327063,0.4055309693018595
3,71,0.6954246860202784,0.1015251046599072,0.1015251046599072,0.1015251046599072,0.10390870273113251,0.1899772584438324,1.1477530002593994,-0.4046746492385864,0.0,0.021112114191055298,0.9788878560066223,0.0,0.01273779571056366,-0.1329619288444519,0.889868438243866,0.2672591209411621,0.0,0.0,0.8113046288490295,0.18869531154632568
3,72,0.6954246860202784,0.1015251046599072,0.1015251046599072,0.1015251046599072,-0.19800618290901184,0.792181670665741,0.7950344681739807,-0.3914269804954529,0.0,0.4985736012458801,0.5014263987541199,0.0,-1.5115808248519897,1.137729525566101,0.6821712255477905,0.8552194833755493,0.0,0.5793560743331909,0.12379777431488037,0.29684603214263916
3,73,0.6954246860202784,0.1015251046599072,0.1015251046599072,0.1015251046599072,0.04844832420349121,1.114518165588379,0.15158244967460632,-0.25786858797073364,0.0,0.9814678430557251,0.018532127141952515,0.0,-0.03574630618095398,-0.9267576336860657,0.97015380859375,0.8550068140029907,0.0,0.0,0.5575734972953796,0.44242650270462036
3,74,0.6954246860202784,0.1015251046599072,0.1015251046599072,0.1015251046599072,0.33963581919670105,0.9148593544960022,-0.07793329656124115,-0.17215286195278168,0.21238824725151062,0.7876117825508118,0.0,0.0,1.621397852897644,-0.1892981231212616,-0.4113074541091919,-0.038456887006759644,1.0,0.0,0.0,0.0
3,75,0.6954246860202784,0.1015251046599072,0.1015251046599072,0.1015251046599072,0.12515395879745483,0.8679320216178894,-0.0852200835943222,0.11370551586151123,0.08955679337183634,0.8323348561922709,0.0,0.07810835043589273,-0.7137805223464966,1.3270790576934814,-0.37092137336730957,0.7892951965332031,0.0,0.7688919305801392,0.0,0.23110806941986084
3,76,0.6954246860202784,0.1015251046599072,0.1015251046599072,0.1015251046599072,-0.3467721939086914,1.2094082832336426,0.35334235429763794,-0.25106966495513916,0.0,0.9280329942703247,0.07196706533432007,0.0,-0.39063021540641785,1.0335335731506348,0.08060133457183838,0.3326163589954376,0.0,0.8504586219787598,0.0,0.14954140782356262
3,77,0.6954246860202784,0.1015251046599072,0.1015251046599072,0.1015251046599072,0.2779868245124817,0.7712895274162292,0.6505813598632812,-0.6667101383209229,0.04470092058181763,0.5380036234855652,0.4172954559326172,0.0,0.15319937467575073,-0.387068510055542,-0.22144195437431335,1.335816740989685,0.0,0.0,0.0,1.0
3,78,0.6954246860202784,0.1015251046599072,0.1015251046599072,0.1015251046599072,0.2129705250263214,0.809276819229126,0.22106458246707916,-0.22646258771419525,0.13186656435330707,0.7281728585561117,0.13996062179406482,0.0,0.587710440158844,-0.4794202446937561,0.11772309243679047,0.7432136535644531,0.4222484230995178,0.0,0.0,0.577751636505127
3,79,0.6954246860202784,0.1015251046599072,0.1015251046599072,0.1015251046599072,0.31178414821624756,0.40599215030670166,0.12478525191545486,0.13160279393196106,0.318243071436882,0.4124510735273361,0.13124417513608932,0.13806171715259552,-0.0777006447315216,-0.9221450686454773,1.5945236682891846,0.38174453377723694,0.0,0.0,1.0,0.0
3,80,0.6954246860202784,0.1015251046599072,0.1015251046599072,0.1015251046599072,0.6598308682441711,0.05231860280036926,0.09951460361480713,0.16784298419952393,0.6649540960788727,0.0574418306350708,0.10463783144950867,0.17296621203422546,0.14160992205142975,0.19732949137687683,0.32279348373413086,0.34520792961120605,0.13987471163272858,0.19559428095817566,0.3210582733154297,0.3434727191925049
3,81,0.6954249403203878,0.101525019893204,0.101525019893204,0.101525019893204,0.16477209329605103,0.18545587360858917,0.3297177851200104,0.35387757420539856,0.15631628036499023,0.17700006067752838,0.3212619721889496,0.34542176127433777,0.04982323944568634,0.24986034631729126,0.0538526326417923,0.5500921607017517,0.07391615211963654,0.27395325899124146,0.07794554531574249,0.5741850733757019
3,82,0.6954249403203878,0.101525019893204,0.101525019893204,0.101525019893204,-0.22793403267860413,0.4642413258552551,0.9025092124938965,-0.17208422720432281,0.0,0.2808660864830017,0.7191339731216431,0.0,-0.3912552297115326,-1.5833773612976074,1.8280518054962158,1.110004186630249,0.0,0.0,0.8590238094329834,0.1409761905670166
3,83,0.6954249403203878,0.101525019893204,0.101525019893204,0.101525019893204,-0.6867854595184326,1.0925440788269043,0.8836433291435242,-0.29302120208740234,0.0,0.6044503450393677,0.39554959535598755,0.0,-0.4667315185070038,0.5798357725143433,-0.46582144498825073,1.3427523374557495,0.0,0.11854171752929688,0.0,0.8814582824707031
3,84,0.6954249403203878,0.101525019893204,0.101525019893204,0.101525019893204,-0.16379594802856445,0.745415210723877,0.6087973117828369,-0.17953787744045258,0.0,0.56830894947052,0.43169105052948,0.0,-0.09138408303260803,0.37841737270355225,0.4623476266860962,0.2329137921333313,0.0,0.3538577953974406,0.43778804937998456,0.20835421482721964
3,85,0.6954249403203878,0.101525019893204,0.101525019893204,0.101525019893204,0.07277217507362366,0.5135464072227478,0.24870531260967255,0.1994682401418686,0.06414914131164551,0.5049233734607697,0.2400822788476944,0.19084520637989044,-0.4174867570400238,-0.5513107180595398,0.11321039497852325,1.8823013305664062,0.0,0.0,0.0,1.0
3,86,0.6954249403203878,0.101525019893204,0.101525019893204,0.101525019893204,0.20164120197296143,0.2535403072834015,0.6089814901351929,-0.034232333302497864,0.18025354544321695,0.232152650753657,0.5875938336054484,0.0,0.07078662514686584,-0.31913769245147705,0.16302737593650818,1.1118662357330322,0.0,0.0,0.025580555200576782,0.9744194149971008
3,87,0.6954249403203878,0.101525019893204,0.101525019893204,0.101525019893204,0.06378813087940216,0.16989870369434357,0.7959540486335754,-0.005157396197319031,0.05390782654285431,0.16001839935779572,0.7860737442970276,0.0,-0.9188412427902222,-1.8326160907745361,2.014096975326538,1.740128993988037,0.0,0.0,0.6369839906692505,0.3630160093307495
3,88,0.6954249403203878,0.101525019893204,0.101525019893204,0.101525019893204,0.03558291494846344,0.1486159861087799,0.9142274260520935,-0.0862485021352768,0.0027741342782974243,0.11580720543861389,0.8814186453819275,0.0,-0.7646733522415161,0.5319132208824158,0.4049339294433594,0.9330546855926514,0.0,0.24194592237472534,0.11496663093566895,0.6430873870849609
3,89,0.6954249403203878,0.101525019893204,0.101525019893204,0.101525019893204,0.538709282875061,-0.1752181351184845,0.5406432747840881,0.10624215006828308,0.4768443504969279,0.0,0.478778342405955,0.04437721769014994,-0.47777149081230164,0.6000910997390747,0.8141652941703796,0.16039912402629852,0.0,0.3929629325866699,0.6070371270179749,0.0
3,90,0.6954249403203878,0.101525019893204,0.101525019893204,0.101525019893204,-0.10929349064826965,0.07345175743103027,0.7854025959968567,0.2943520247936249,0.0,0.02238297462463379,0.7343338131904602,0.2432832419872284,-0.2173323929309845,1.317366123199463,-0.3789595365524292,0.24561120569705963,0.0,1.0,0.0,0.0
3,91,0.6954249403203878,0.101525019893204,0.101525019893204,0.101525019893204,0.7232725024223328,-0.0483725368976593,0.37347060441970825,-0.05659766495227814,0.6749009490013123,0.0,0.32509905099868774,0.0,1.1977423429489136,0.0004730820655822754,-0.18179485201835632,0.04525476694107056,1.0,0.0,0.0,0.0
3,92,0.6954249403203878,0.101525019893204,0.101525019893204,0.101525019893204,0.01419772207736969,-0.12301203608512878,1.4197925329208374,-0.26426011323928833,0.0,0.0,1.0,0.0,-0.1733727753162384,0.4951489567756653,-0.305192768573761,1.1231273412704468,0.0,0.18601077795028687,0.0,0.8139891624450684
3,93,0.6954249403203878,0.101525019893204,0.101525019893204,0.101525019893204,0.11254872381687164,0.5724203586578369,0.4311182498931885,-0.08588667213916779,0.07385295132795969,0.5337245861689249,0.39242247740427655,0.0,-0.3086186349391937,0.3607090711593628,-0.18692347407341003,1.1208611726760864,0.0,0.11992394924163818,0.0,0.8800760507583618
3,94,0.6954249403203878,0.101525019893204,0.101525019893204,0.101525019893204,0.4337879419326782,0.5334717035293579,0.25190478563308716,-0.21369697153568268,0.36073315143585205,0.46041691303253174,0.178849995136261,0.0,-0.033655136823654175,0.980015754699707,0.054495617747306824,-0.03580215573310852,0.0,0.9627600908279419,0.03723995387554169,0.0
3,95,0.6954249403203878,0.101525019893204,0.101525019893204,0.101525019893204,0.3891955614089966,0.5242911577224731,0.5407697558403015,-0.4763677716255188,0.2377767562866211,0.37287235260009766,0.389350950717926,0.0,-0.5034971237182617,-0.1510905921459198,0.2016681730747223,1.3553802967071533,0.0,0.0,0.0,1.0
3,96,0.6954249403203878,0.101525019893204,0.101525019893204,0.101525019893204,0.3564210534095764,0.3283938765525818,0.3504432737827301,-0.02804599702358246,0.3446682890256246,0.31664111216862995,0.33869050939877826,0.0,0.15224432945251465,-0.13218027353286743,0.7706981301307678,0.347713440656662,0.062025705973307296,0.0,0.6804795066515604,0.25749481717745465
3,97,0.6954249403203878,0.101525019893204,0.101525019893204,0.101525019893204,0.381314754486084,0.36930903792381287,1.2904701232910156,-1.0026825666427612,0.03428347905476886,0.022277762492497744,0.9434388478597004,0.0,0.4120660424232483,-0.38838469982147217,0.6661524772644043,0.3290587067604065,0.2763070066769918,0.0,0.5303934415181478,0.19329967101415
3,98,0.6954249403203878,0.101525019893204,0.101525019893204,0.101525019893204,0.8071414828300476,0.13433507084846497,0.10224151611328125,-0.05176864564418793,0.7925687829653422,0.11976237098375957,0.08766881624857585,0.0,0.16573911905288696,0.6736240386962891,0.21659789979457855,-0.02820950746536255,0.1470854083697001,0.6549703280131022,0.1979441891113917,0.0
3,99,0.6954249403203878,0.101525019893204,0.101525019893204,0.101525019893204,0.41962045431137085,0.12284982204437256,1.0125149488449097,-0.5496567487716675,0.20355278253555298,0.0,0.7964472770690918,0.0,0.13795536756515503,-0.20549139380455017,0.668292224407196,0.3615575432777405,0.08202030261357626,0.0,0.6123571594556173,0.3056224783261617
3,100,0.6954249403203878,0.101525019893204,0.101525019893204,0.101525019893204,0.6078673601150513,0.17470210790634155,0.07216301560401917,0.14275896549224854,0.6084944903850555,0.17532923817634583,0.07279014587402344,0.1433860957622528,0.4968487620353699,0.1985575407743454,0.12822827696800232,0.1536237895488739,0.5025341510772705,0.20424292981624603,0.13391366600990295,0.15930917859077454
3,101,0.6954249457713619,0.10152501807621264,0.10152501807621264,0.10152501807621264,-0.10964775085449219,0.48231685161590576,0.3836391568183899,0.2999459505081177,0.0,0.4270162185033162,0.32833852370580036,0.24464531739552817,0.021255001425743103,0.12072014808654785,-0.19349679350852966,1.0201787948608398,0.0,0.050270676612854004,0.0,0.949729323387146
3,102,0.6954249457713619,0.10152501807621264,0.10152501807621264,0.10152501807621264,-0.00907057523727417,-0.14597752690315247,0.44119101762771606,0.7528651356697083,0.0,0.0,0.3441629409790039,0.6558370590209961,0.05282437801361084,0.703116774559021,0.00856006145477295,0.21070441603660583,0.05902296304702759,0.7093153595924377,0.014758646488189697,0.21690300107002258
3,103,0.6954249457713619,0.10152501807621264,0.10152501807621264,0.10152501807621264,0.28631383180618286,-0.07516011595726013,0.5586488246917725,0.20237453281879425,0.2705347736676534,0.0,0.542869766553243,0.1865954746802648,0.3994356691837311,-0.34977489709854126,0.7174438238143921,0.17073646187782288,0.3035637040932973,0.0,0.6215718587239584,0.07486449678738911
3,104,0.6954249457713619,0.10152501807621264,0.10152501807621264,0.10152501807621264,0.024503543972969055,0.04747970402240753,0.7671265602111816,0.1663120836019516,0.023148074746131897,0.046124234795570374,0.7657710909843445,0.16495661437511444,-0.3451981842517853,0.3768409490585327,-0.050064653158187866,1.097733974456787,0.0,0.1395534873008728,0.0,0.8604465126991272
3,105,0.6954249457713619,0.10152501807621264,0.10152501807621264,0.10152501807621264,-0.1819499433040619,0.7166810035705566,0.8340238332748413,-0.3437981605529785,0.0,0.44132858514785767,0.5586714148521423,0.0,0.21127653121948242,-0.5381424427032471,0.09381462633609772,1.3325837850570679,0.0,0.0,0.0,1.0
3,106,0.6954249457713619,0.10152501807621264,0.10152501807621264,0.10152501807621264,-0.8753221035003662,1.2195041179656982,0.5914504528045654,0.034435778856277466,0.0,0.8140268325805664,0.1859731674194336,0.0,-0.1713787317276001,0.41810140013694763,-0.10367429256439209,0.8799546957015991,0.0,0.26907333731651306,0.0,0.7309266328811646
3,107,0.6954249457713619,0.10152501807621264,0.10152501807621264,0.10152501807621264,-0.33009666204452515,0.7011727094650269,0.15001627802848816,0.4431731700897217,0.0,0.6030519803365072,0.05189554889996846,0.34505244096120197,-0.47911641001701355,-0.24522653222084045,-0.015060067176818848,1.77873957157135,0.0,0.0,0.0,1.0
3,108,0.6954249457713619,0.10152501807621264,0.10152501807621264,0.10152501807621264,0.35886985063552856,-0.07525339722633362,0.38829708099365234,0.2990241050720215,0.34347285827000934,0.0,0.3729000886281331,0.28362711270650226,-0.035801470279693604,-0.16931670904159546,0.798119843006134,0.5562369227409363,0.0,0.0,0.6209414601325989,0.3790585398674011
3,109,0.6954249457713619,0.10152501807621264,0.10152501807621264,0.10152501807621264,0.3440951108932495,-0.2454468011856079,0.841154158115387,0.0407232940196991,0.2514704465866089,0.0,0.7485294938087463,0.0,0.6404778957366943,-1.345484733581543,0.7119700908660889,0.9878997802734375,0.1936953067779541,0.0,0.26518750190734863,0.5411171913146973
3,110,0.6954249457713619,0.10152501807621264,0.10152501807621264,0.10152501807621264,0.30117401480674744,-0.37457799911499023,0.8351175785064697,0.20513513684272766,0.1873651047547658,0.0,0.7213086684544882,0.09132622679074605,0.6313531398773193,0.10482712090015411,-0.5915116667747498,0.8483865261077881,0.3914833068847656,0.0,0.0,0.6085166931152344
3,111,0.6954249457713619,0.10152501807621264,0.10152501807621264,0.10152501807621264,0.16032567620277405,-0.047488272190093994,0.8453605771064758,0.10948200523853302,0.12193623185157776,0.0,0.8069711327552795,0.07109256088733673,0.5661739706993103,-0.5092432498931885,0.6135210990905762,0.3870965838432312,0.3772433797518412,0.0,0.42459050814310706,0.19816599289576212
3,112,0.6954249457713619,0.10152501807621264,0.10152501807621264,0.10152501807621264,-0.19405785202980042,0.08871065080165863,1.1854450702667236,-0.06497152149677277,0.0,0.0,1.0,0.0,0.6307133436203003,-0.5423263311386108,0.4548150300979614,0.6049309968948364,0.40056022008260095,0.0,0.22466190656026205,0.3747778733571371
3,113,0.6954249457713619,0.10152501807621264,0.10152501807621264,0.10152501807621264,-0.3586515188217163,0.5962222814559937,0.6338142156600952,0.16098544001579285,0.0,0.4658816258112589,0.5034735600153605,0.030644784371058137,0.09513580799102783,-0.17209097743034363,0.04082810878753662,1.0334687232971191,0.030833542346954346,0.0,0.0,0.9691664576530457
3,114,0.6954249457713619,0.10152501807621264,0.10152501807621264,0.10152501807621264,-0.2866932153701782,1.0609029531478882,0.0740102231502533,0.12706595659255981,0.0,0.9669184684753418,0.0,0.03308147192001343,0.7639293670654297,0.27279624342918396,-0.3114702105522156,0.2779266834259033,0.6590452591578165,0.16791213552157086,0.0,0.17304257551829022
3,115,0.6954249457713619,0.10152501807621264,0.10152501807621264,0.10152501807621264,0.2642918825149536,0.16405647993087769,0.5261476635932922,0.06213630735874176,0.2601338028907776,0.15989840030670166,0.5219895839691162,0.057978227734565735,0.6105418801307678,-0.09995359182357788,0.33123233914375305,0.1975323110818863,0.5641063650449117,0.0,0.2847968240578969,0.15109679599603018
3,116,0.6954249457713619,0.10152501807621264,0.10152501807621264,0.10152501807621264,0.7914654612541199,-0.11475983262062073,0.3355576694011688,-0.009629413485527039,0.7279539108276367,0.0,0.27204611897468567,0.0,0.8477591276168823,-0.5833937525749207,0.34254321455955505,0.4136349558830261,0.646446704864502,0.0,0.14123079180717468,0.21232253313064575
3,117,0.6954249457713619,0.10152501807621264,0.10152501807621264,0.10152501807621264,0.6344678401947021,0.1262175291776657,0.4495399296283722,-0.15836553275585175,0.5643927653630575,0.05614245434602101,0.3794648547967275,0.0,-0.4699213206768036,-0.4973829984664917,0.2792636752128601,1.5355957746505737,0.0,0.0,0.0,1.0
3,118,0.6954249457713619,0.10152501807621264,0.10152501807621264,0.10152501807621264,0.8314530253410339,-0.26325076818466187,0.4613727331161499,-0.032334670424461365,0.6850401759147644,0.0,0.31495988368988037,0.0,1.2525548934936523,-0.8740773797035217,-0.29205530881881714,0.805086612701416,0.7237341403961182,0.0,0.0,0.27626585960388184
3,119,0.6954249457713619,0.10152501807621264,0.10152501807621264,0.10152501807621264,1.137657642364502,-0.22330135107040405,0.3522114157676697,-0.27737778425216675,0.8927230834960938,0.0,0.10727685689926147,0.0,1.4325414896011353,0.8538675308227539,-0.8679943680763245,-0.34803345799446106,0.7893370389938354,0.2106630802154541,0.0,0.0
3,120,0.6954249457713619,0.10152501807621264,0.10152501807621264,0.10152501807621264,0.7376531362533569,-0.03116777539253235,0.3500257134437561,-0.049944862723350525,0.693813681602478,0.0,0.3061862587928772,0.0,0.5543622374534607,0.10651852190494537,0.27281391620635986,0.06581956148147583,0.5544836819171906,0.10663996636867523,0.2729353606700897,0.06594100594520569
3,121,0.6954249458882049,0.1015250180372651,0.1015250180372651,0.1015250180372651,-0.185678631067276,0.43323829770088196,0.6145826578140259,0.19757387042045593,0.0,0.35144002238909405,0.5327843825022379,0.11577559510866801,-0.9387834072113037,0.30160921812057495,1.480132818222046,0.17479774355888367,0.0,0.0,1.0,0.0
3,122,0.6954249458882049,0.1015250180372651,0.1015250180372651,0.1015250180372651,0.13485753536224365,-0.08715817332267761,0.3418363928794861,0.6161018013954163,0.10392562548319499,0.0,0.31090448300043744,0.5851698915163676,1.189156413078308,-0.5496606826782227,0.19397255778312683,0.18227818608283997,0.9975919127464294,0.0,0.002408057451248169,0.0
3,123,0.6954249458882049,0.1015250180372651,0.1015250180372651,0.1015250180372651,-0.11936455965042114,0.36967578530311584,0.6356181502342224,0.16887995600700378,0.0,0.3116178015867869,0.5775601665178934,0.11082197229067484,0.2631216049194336,-0.3023846745491028,-0.7726544737815857,1.776123285293579,0.0,0.0,0.0,1.0
3,124,0.6954249458882049,0.1015250180372651,0.1015250180372651,0.1015250180372651,0.19234426319599152,0.09102505445480347,0.45508652925491333,0.2374340444803238,0.1983717978000641,0.09705258905887604,0.4611140638589859,0.24346157908439636,0.8826965093612671,0.19665104150772095,-0.3874986171722412,0.3860650062561035,0.727558970451355,0.04151350259780884,0.0,0.2309274673461914
3,125,0.6954249458882049,0.1015250180372651,0.1015250180372651,0.1015250180372651,0.3726201355457306,0.09212243556976318,0.02273544669151306,0.49399882555007935,0.37725090980529785,0.09675320982933044,0.027366220951080322,0.4986295998096466,-0.13174974918365479,-0.560015082359314,1.2210445404052734,0.46511316299438477,0.0,0.0,0.8779656887054443,0.12203431129455566
3,126,0.6954249458882049,0.1015250180372651,0.1015250180372651,0.1015250180372651,-0.058684468269348145,0.3333749771118164,0.7945502996444702,-0.0952339619398117,0.0,0.2694123387336731,0.7305876612663269,0.0,0.5553542375564575,0.15470649302005768,0.9295868277549744,-0.6330475807189941,0.31288373470306396,0.0,0.6871163249015808,0.0
3,127,0.6954249458882049,0.1015250180372651,0.1015250180372651,0.1015250180372651,-0.4139304757118225,1.0124123096466064,0.5265972018241882,-0.13259823620319366,0.0,0.7429075241088867,0.2570924162864685,0.0,0.945080041885376,-1.6191842555999756,1.1947383880615234,0.5069407224655151,0.37517082691192627,0.0,0.6248291730880737,0.0
3,128,0.6954249458882049,0.1015250180372651,0.1015250180372651,0.1015250180372651,-0.0974321961402893,0.6370205879211426,0.54627925157547,-0.11099611222743988,0.0,0.5453706979751587,0.4546293616294861,0.0,-0.13711103796958923,0.643838107585907,0.25345566868782043,0.29702097177505493,0.0,0.579066534837087,0.18868409593900043,0.23224939902623493
3,129,0.6954249458882049,0.1015250180372651,0.1015250180372651,0.1015250180372651,-0.19016033411026,0.6935244798660278,0.514779269695282,-0.022174343466758728,0.0,0.5893726348876953,0.41062742471694946,0.0,0.6717100739479065,0.33856043219566345,-0.5159916281700134,0.5021600723266602,0.5008998910586039,0.16775024930636087,0.0,0.33134988943735755
3,130,0.6954249458882049,0.1015250180372651,0.1015250180372651,0.1015250180372651,0.19198720157146454,0.19566988945007324,0.4801675081253052,0.13242286443710327,0.19192533195018768,0.1956080198287964,0.4801056385040283,0.13236099481582642,0.9767705202102661,-0.2684484124183655,-0.932117760181427,1.25242280960083,0.3621739149093628,0.0,0.0,0.6378262042999268
3,131,0.6954249458882049,0.1015250180372651,0.1015250180372651,0.1015250180372651,-0.4102739095687866,0.4445081353187561,1.2682980298995972,-0.2936868667602539,0.0,0.08810502290725708,0.9118949174880981,0.0,0.09884966909885406,-2.040436267852783,2.0326614379882812,1.0137368440628052,0.0,0.0,1.0,0.0
3,132,0.6954249458882049,0.1015250180372651,0.1015250180372651,0.1015250180372651,0.14496862888336182,0.15286369621753693,0.4320189952850342,0.25727590918540955,0.1481868177652359,0.156081885099411,0.43523718416690826,0.26049409806728363,-0.8055667877197266,0.030083179473876953,1.9220213890075684,0.023353859782218933,0.0,0.0,1.0,0.0
3,133,0.6954249458882049,0.1015250180372651,0.1015250180372651,0.1015250180372651,0.09400492906570435,0.38255423307418823,0.24968108534812927,0.25836747884750366,0.09785299003124237,0.38640229403972626,0.2535291463136673,0.2622155398130417,0.6625139713287354,-0.09659311175346375,-0.613077700138092,1.048625111579895,0.30694442987442017,0.0,0.0,0.6930555701255798
3,134,0.6954249458882049,0.1015250180372651,0.1015250180372651,0.1015250180372651,-0.15589216351509094,0.93113112449646,0.7160011529922485,-0.4678947329521179,0.0,0.6075649857521057,0.3924350142478943,0.0,0.20170128345489502,-1.0747449398040771,0.6873359084129333,1.1942932605743408,0.0,0.0,0.24652129411697388,0.7534786462783813
3,135,0.6954249458882049,0.1015250180372651,0.1015250180372651,0.1015250180372651,0.13526593148708344,0.8137297630310059,0.12441032379865646,-0.07121162116527557,0.11079727113246918,0.7892611026763916,0.0999416634440422,0.0,0.5947582721710205,-1.5061135292053223,0.4386584758758545,1.4928138256072998,0.05097222328186035,0.0,0.0,0.9490277767181396
3,136,0.6954249458882049,0.1015250180372651,0.1015250180372651,0.1015250180372651,0.5850057005882263,-0.11975181102752686,0.2503344416618347,0.29415643215179443,0.5418401757876078,0.0,0.20716891686121622,0.25099090735117596,-0.42403432726860046,-1.1205248832702637,1.1788411140441895,1.4473094940185547,0.0,0.0,0.3657658100128174,0.6342341899871826
3,137,0.6954249458882049,0.1015250180372651,0.1015250180372651,0.1015250180372651,0.6188806891441345,0.5165654420852661,0.06608860194683075,-0.20900864899158478,0.5511576533317566,0.4488424062728882,0.0,0.0,0.5293892621994019,-0.2813239097595215,-0.06490311026573181,0.7481865882873535,0.39060133695602417,0.0,0.0,0.6093986630439758
3,138,0.6954249458882049,0.1015250180372651,0.1015250180372651,0.1015250180372651,0.7819681763648987,-0.027127772569656372,0.3888641893863678,-0.13431157171726227,0.6965519785881042,0.0,0.30344799160957336,0.0,0.3828229308128357,-1.0208020210266113,0.39315998554229736,1.3258062601089478,0.015559852123260498,0.0,0.025896906852722168,0.9585431814193726
3,139,0.6954249458882049,0.1015250180372651,0.1015250180372651,0.1015250180372651,0.9876620173454285,-0.03433796763420105,-0.41794639825820923,0.44239115715026855,0.7726354002952576,0.0,0.0,0.22736454010009766,-0.2701655328273773,-0.1899024248123169,0.6077541708946228,0.884161114692688,0.0,0.0,0.3617965579032898,0.638203501701355
3,140,0.6954249458882049,0.1015250180372651,0.1015250180372651,0.1015250180372651,0.6620972156524658,0.0959172248840332,0.27583158016204834,-0.04177103936672211,0.6508152087529501,0.08463521798451741,0.26454957326253253,0.0,0.5143812298774719,0.30430638790130615,0.07438887655735016,0.1117437332868576,0.5131761729717255,0.3031013309955597,0.0731838196516037,0.11053867638111115
3,141,0.6954249458907094,0.10152501803643026,0.10152501803643026,0.10152501803643026,0.4773295223712921,-0.3693965673446655,0.4286242723464966,0.4966961145401001,0.3431128958861033,0.0,0.29440764586130774,0.36247948805491126,0.5580096244812012,-1.3791275024414062,0.8435555696487427,0.9495365619659424,0.10764233271280926,0.0,0.39318827788035077,0.4991692701975505
3,142,0.6954249458907094,0.10152501803643026,0.10152501803643026,0.10152501803643026,0.22703894972801208,-0.05218210816383362,0.8537321090698242,-0.005385532975196838,0.18665340542793274,0.0,0.8133465647697449,0.0,0.2931728661060333,-0.46845394372940063,1.2691733837127686,-0.0028050243854522705,0.011999756097793579,0.0,0.9880002737045288,0.0
3,143,0.6954249458907094,0.10152501803643026,0.10152501803643026,0.10152501803643026,-0.049802958965301514,0.49903810024261475,0.9874017238616943,-0.39057421684265137,0.0,0.2558181881904602,0.7441818118095398,0.0,-0.824444055557251,-0.38621580600738525,1.0324738025665283,1.2799369096755981,0.0,0.0,0.3762683868408203,0.6237314939498901
3,144,0.6954249458907094,0.10152501803643026,0.10152501803643026,0.10152501803643026,0.908382773399353,0.10314245522022247,-0.02094949781894684,-0.03342621028423309,0.9026201367378235,0.09737981855869293,0.0,0.0,1.0781818628311157,-1.4873623847961426,0.2648899555206299,1.0898592472076416,0.4941612482070923,0.0,0.0,0.5058386325836182
3,145,0.6954249458907094,0.10152501803643026,0.10152501803643026,0.10152501803643026,0.8147072792053223,0.39140430092811584,-0.06826169788837433,-0.14111198484897614,0.7116515040397644,0.288348525762558,0.0,0.0,-0.4661746919155121,0.8747708201408386,-0.3172929286956787,0.8253123760223389,0.0,0.5247291922569275,0.0,0.47527074813842773
3,146,0.6954249458907094,0.10152501803643026,0.10152501803643026,0.10152501803643026,0.3949756622314453,0.3914126753807068,0.0919843465089798,0.10399371385574341,0.3993840664625168,0.39582107961177826,0.09639275074005127,0.10840211808681488,-0.4670463502407074,0.3940708041191101,-0.48117512464523315,1.588731050491333,0.0,0.0,0.0,1.0
3,147,0.6954249458907094,0.10152501803643026,0.10152501803643026,0.10152501803643026,0.7107948660850525,0.46068090200424194,-0.24205206334590912,0.034557491540908813,0.6250569820404053,0.3749430179595947,0.0,0.0,0.7410409450531006,-0.1563740074634552,0.8532856106758118,-0.32888492941856384,0.4438776969909668,0.0,0.556122362613678,0.0
3,148,0.6954249458907094,0.10152501803643026,0.10152501803643026,0.10152501803643026,0.10539895296096802,0.9165271520614624,0.41344350576400757,-0.4245392084121704,0.0,0.7515418529510498,0.24845820665359497,0.0,0.3503188192844391,0.3332497477531433,0.17440420389175415,0.1392495185136795,0.3510132431983948,0.333944171667099,0.17509862780570984,0.1399439424276352
3,149,0.6954249458907094,0.10152501803643026,0.10152501803643026,0.10152501803643026,-0.4522849917411804,1.387751579284668,0.4197528660297394,-0.35085034370422363,0.0,0.9839993715286255,0.0160006582736969,0.0,0.04442127048969269,0.3944029211997986,0.8020684719085693,-0.13978543877601624,0.0,0.29616719484329224,0.703832745552063,0.0
3,150,0.6954249458907094,0.10152501803643026,0.10152501803643026,0.10152501803643026,-0.33801138401031494,1.1793136596679688,-0.013761773705482483,0.11346246302127838,0.0,1.0,0.0,0.0,0.5155619382858276,-1.0829479694366455,0.937992513179779,0.6377793550491333,0.1517839829126994,0.0,0.5742145578066509,0.27400139967600506
3,151,0.6954249458907094,0.10152501803643026,0.10152501803643026,0.10152501803643026,-0.15770596265792847,0.05598632991313934,1.0199822187423706,0.10443940758705139,0.0,0.0,0.9577714204788208,0.04222860932350159,1.1410151720046997,0.11691983044147491,-0.6467153429985046,0.40813392400741577,0.8664406538009644,0.0,0.0,0.13355940580368042
3,152,0.6954249458907094,0.10152501803643026,0.10152501803643026,0.10152501803643026,-0.14866259694099426,0.57142174243927,0.6527593731880188,-0.08473406732082367,0.0,0.4593311548233032,0.540668785572052,0.0,-0.4646977484226227,0.5648206472396851,0.3450270891189575,0.6489458084106445,0.0,0.37855613231658936,0.15876257419586182,0.46268129348754883
3,153,0.6954249458907094,0.10152501803643026,0.10152501803643026,0.10152501803643026,0.23233871161937714,0.22657281160354614,0.8556522727012634,-0.2921021580696106,0.12748412787914276,0.12171822786331177,0.750797688961029,0.0,-0.26129356026649475,-0.39326298236846924,0.8254936933517456,0.8972047567367554,0.0,0.0,0.4641444683074951,0.5358555316925049
3,154,0.6954249458907094,0.10152501803643026,0.10152501803643026,0.10152501803643026,0.0768011212348938,0.5474154949188232,0.4612170457839966,-0.07571490108966827,0.048323214054107666,0.5189375877380371,0.43273913860321045,0.0,-0.06034258008003235,0.8956443071365356,-0.33310937881469727,0.3979957103729248,0.0,0.7488242983818054,0.0,0.2511757016181946
3,155,0.6954249458907094,0.10152501803643026,0.10152501803643026,0.10152501803643026,0.3044833540916443,0.5085055828094482,0.2416282296180725,-0.06545256078243256,0.2862776319185893,0.49029986063639325,0.2234225074450175,0.0,-0.2191397249698639,-1.289186716079712,1.028739333152771,1.5287991762161255,0.0,0.0,0.24997007846832275,0.7500299215316772
3,156,0.6954249458907094,0.10152501803643026,0.10152501803643026,0.10152501803643026,0.20807161927223206,0.6738045811653137,0.09625330567359924,-0.018586531281471252,0.21536178390185037,0.681094745794932,0.10354347030321757,0.0,-0.9790233373641968,0.1794660985469818,1.0385267734527588,0.7254297733306885,0.0,0.0,0.6565485000610352,0.34345149993896484
3,157,0.6954249458907094,0.10152501803643026,0.10152501803643026,0.10152501803643026,0.8119900226593018,0.4360131025314331,-0.2151649445295334,-0.007297143340110779,0.6879884600639343,0.3120115399360657,0.0,0.0,-0.14888650178909302,-0.9989456534385681,0.5132268667221069,1.5925978422164917,0.0,0.0,0.0,1.0
3,158,0.6954249458907094,0.10152501803643026,0.10152501803643026,0.10152501803643026,0.3711128830909729,0.28453779220581055,0.11543269455432892,0.25455471873283386,0.36470335721969604,0.2781282663345337,0.10902316868305206,0.248145192861557,-0.24992480874061584,0.4618953466415405,0.28052759170532227,0.4931415915489197,0.0,0.38337385654449463,0.20200610160827637,0.4146201014518738
3,159,0.6954249458907094,0.10152501803643026,0.10152501803643026,0.10152501803643026,0.3363974094390869,0.32373833656311035,0.515634298324585,-0.1363385170698166,0.27780739466349286,0.2651483217875163,0.4570442835489909,0.0,-0.7474521398544312,-0.41151756048202515,0.42774492502212524,1.7833776473999023,0.0,0.0,0.0,1.0
3,160,0.6954249458907094,0.10152501803643026,0.10152501803643026,0.10152501803643026,0.49580293893814087,0.24210122227668762,0.2802780866622925,-0.01844678819179535,0.48974217971165973,0.2360404630502065,0.27421732743581134,0.0,0.30623430013656616,0.20565880835056305,0.2578665316104889,0.23435766994953156,0.30520495772361755,0.20462946593761444,0.2568371891975403,0.23332832753658295
3,161,0.6954249458907629,0.10152501803641233,0.10152501803641233,0.10152501803641233,0.20240332186222076,0.2897374927997589,0.027728602290153503,0.46782633662223816,0.20547938346862793,0.2928135544061661,0.03080466389656067,0.4709023982286453,0.30043870210647583,0.18537050485610962,-0.24515441060066223,0.6013952493667603,0.2713705499966939,0.15630235274632773,0.0,0.5723270972569784
3,162,0.6954249458907629,0.10152501803641233,0.10152501803641233,0.10152501803641233,0.24502073228359222,0.4912022650241852,0.06861439347267151,0.18474605679512024,0.24762488901615143,0.4938064217567444,0.07121855020523071,0.18735021352767944,0.15730096399784088,-1.101881980895996,0.4580056369304657,1.4786086082458496,0.0,0.0,0.0,1.0
3,163,0.6954249458907629,0.10152501803641233,0.10152501803641233,0.10152501803641233,-0.32402241230010986,1.0091609954833984,0.3674687445163727,-0.10898850858211517,0.0,0.8208461403846741,0.17915388941764832,0.0,0.35877126455307007,0.4393235445022583,0.05126705765724182,0.11582508683204651,0.3674745261669159,0.4480268061161041,0.059970319271087646,0.12452834844589233
3,164,0.6954249458907629,0.10152501803641233,0.10152501803641233,0.10152501803641233,-0.14151886105537415,0.8810797929763794,0.2544640600681305,0.00356234610080719,0.0,0.8133078813552856,0.18669214844703674,0.0,0.03926585614681244,-0.7317059636116028,0.4928916096687317,1.198116660118103,0.0,0.0,0.14738744497299194,0.8526124954223633
3,165,0.6954249458907629,0.10152501803641233,0.10152501803641233,0.10152501803641233,0.26612794399261475,0.5407142639160156,0.5098085403442383,-0.36500734090805054,0.16057769457499188,0.43516401449839276,0.4042582909266154,0.0,0.9641927480697632,-0.5155602097511292,0.015341252088546753,0.4266114830970764,0.768790602684021,0.0,0.0,0.23120933771133423
3,166,0.6954249458907629,0.10152501803641233,0.10152501803641233,0.10152501803641233,-0.09264793992042542,0.7471749782562256,0.6538081169128418,-0.3027392625808716,0.0,0.5466834306716919,0.4533165693283081,0.0,-0.26088592410087585,1.3955988883972168,-0.0854921042919159,0.07304079830646515,0.0,1.0,0.0,0.0
3,167,0.6954249458907629,0.10152501803641233,0.10152501803641233,0.10152501803641233,-0.10720047354698181,0.7404146194458008,-0.029223307967185974,0.38038718700408936,0.0,0.6800137162208557,0.0,0.3199862837791443,0.03828400373458862,-0.40325069427490234,0.4059895873069763,0.9910212755203247,0.0,0.0,0.2074841856956482,0.7925158739089966
3,168,0.6954249458907629,0.10152501803641233,0.10152501803641233,0.10152501803641233,-0.7388337850570679,1.0058488845825195,0.7060267329216003,0.04260796308517456,0.0,0.6499110460281372,0.350088894367218,0.0,-0.6610879898071289,0.606296181678772,-0.013520509004592896,1.0053876638412476,0.0,0.3004542589187622,0.0,0.6995457410812378
3,169,0.6954249458907629,0.10152501803641233,0.10152501803641233,0.10152501803641233,-0.2280541956424713,1.3961379528045654,-0.08606274425983429,-0.13929106295108795,0.0,1.0,0.0,0.0,0.9907598495483398,-1.509526252746582,0.515856146812439,0.9950118064880371,0.4902172088623047,0.0,0.015313506126403809,0.49446916580200195
3,170,0.6954249458907629,0.10152501803641233,0.10152501803641233,0.10152501803641233,0.54606693983078,0.41766655445098877,0.12343909591436386,-0.10510174930095673,0.5170093973477682,0.38860901196797687,0.09438155343135197,0.0,-0.41923561692237854,-0.23338934779167175,1.5242998600006104,0.16675233840942383,0.0,0.0,1.0,0.0
3,171,0.6954249458907629,0.10152501803641233,0.10152501803641233,0.10152501803641233,-0.0992230772972107,0.3815276622772217,0.8348050713539124,-0.10784034430980682,0.0,0.27336132526397705,0.7266387343406677,0.0,-0.6855114698410034,-0.2949764132499695,0.5923922061920166,1.3253649473190308,0.0,0.0,0.13351362943649292,0.8664863705635071
3,172,0.6954249458907629,0.10152501803641233,0.10152501803641233,0.10152501803641233,0.3894946277141571,0.3793635368347168,-0.06428481638431549,0.29912069439888,0.3668350080649058,0.3567039171854655,0.0,0.2764610747496287,0.16586963832378387,-0.16470307111740112,0.238620325922966,0.6787840127944946,0.1381116360425949,0.0,0.21086232364177704,0.6510260105133057
3,173,0.6954249458907629,0.10152501803641233,0.10152501803641233,0.10152501803641233,0.5219793319702148,0.5020300149917603,-0.07788257300853729,0.010684937238693237,0.5099746584892273,0.4900253415107727,0.0,0.0,-0.08602514863014221,0.9279556274414062,0.6929184794425964,-0.409302681684494,0.0,0.6175185441970825,0.3824813961982727,0.0
3,174,0.6954249458907629,0.10152501803641233,0.10152501803641233,0.10152501803641233,0.6962231397628784,0.5082172155380249,0.06873853504657745,-0.2958827018737793,0.5940029621124268,0.40599703788757324,0.0,0.0,-0.17134690284729004,-0.7579397559165955,1.5526375770568848,0.3766632080078125,0.0,0.0,1.0,0.0
3,175,0.6954249458907629,0.10152501803641233,0.10152501803641233,0.10152501803641233,0.4288390874862671,0.34609514474868774,0.17626377940177917,0.059272632002830505,0.42622143030166626,0.3434774875640869,0.17364612221717834,0.056654974818229675,-0.3802550733089447,-0.39351004362106323,1.1771304607391357,0.710466742515564,0.0,0.0,0.7333318591117859,0.2666681408882141
3,176,0.6954249458907629,0.10152501803641233,0.10152501803641233,0.10152501803641233,0.5771360397338867,0.4470796585083008,-0.10389997065067291,0.042599260807037354,0.5548644065856934,0.4248080253601074,0.0,0.020327627658843994,0.15298539400100708,-0.44912272691726685,0.04018177092075348,1.3675519227981567,0.0,0.0,0.0,1.0
3,177,0.6954249458907629,0.10152501803641233,0.10152501803641233,0.10152501803641233,0.685799241065979,0.07276861369609833,0.18511748313903809,0.07175303995609283,0.6819396317005157,0.06890900433063507,0.18125787377357483,0.06789343059062958,-0.6898082494735718,-1.472442626953125,1.7625997066497803,1.4189035892486572,0.0,0.0,0.6718480587005615,0.3281519412994385
3,178,0.6954249458907629,0.10152501803641233,0.10152501803641233,0.10152501803641233,0.4136742353439331,-0.10204437375068665,0.6080708503723145,0.08899194002151489,0.3767618735631307,0.0,0.5711584885915121,0.052079578240712486,0.668490469455719,-0.19616422057151794,0.39182722568511963,0.16096624732017517,0.5947291254997253,0.0,0.318065881729126,0.08720490336418152
3,179,0.6954249458907629,0.10152501803641233,0.10152501803641233,0.10152501803641233,0.30574360489845276,0.3360137343406677,0.5447008013725281,-0.19750221073627472,0.24359090129534403,0.273861030737559,0.48254809776941937,0.0,1.1779823303222656,-1.6276967525482178,0.9826586842536926,0.5200339555740356,0.5976618528366089,0.0,0.4023382067680359,0.0
3,180,0.6954249458907629,0.10152501803641233,0.10152501803641233,0.10152501803641233,0.3481939733028412,0.22027459740638733,0.3297955393791199,0.09803164005279541,0.34912005066871643,0.22120067477226257,0.3307216167449951,0.09895771741867065,0.24622973799705505,0.3182342052459717,0.20186933875083923,0.23596930503845215,0.24565407633781433,0.31765854358673096,0.2012936770915985,0.23539364337921143
3,181,0.6954249458907641,0.10152501803641198,0.10152501803641198,0.10152501803641198,0.4520912766456604,0.08113104104995728,0.09176020324230194,0.3733392655849457,0.4525108337402344,0.08155059814453125,0.09217976033687592,0.37375882267951965,0.5467610359191895,0.09959395229816437,0.776824414730072,-0.4364640414714813,0.38496828079223633,0.0,0.6150316596031189,0.0
3,182,0.6954249458907641,0.10152501803641198,0.10152501803641198,0.10152501803641198,-0.20634084939956665,0.7977269291877747,0.6240441799163818,-0.20126335322856903,0.0,0.5868414044380188,0.413158655166626,0.0,0.04601961374282837,0.1654668152332306,0.007993534207344055,0.8244835138320923,0.034029622872670494,0.15347682436307272,0.0,0.8124935229619344
3,183,0.6954249458907641,0.10152501803641198,0.10152501803641198,0.10152501803641198,-0.049180567264556885,0.464490681886673,0.9403356909751892,-0.3411328196525574,0.0,0.2620774805545807,0.7379224896430969,0.0,0.8313548564910889,-0.1865476369857788,0.2227424830198288,0.12675687670707703,0.771070122718811,0.0,0.16245774924755096,0.0664721429347992
3,184,0.6954249458907641,0.10152501803641198,0.10152501803641198,0.10152501803641198,0.07902549207210541,1.0515704154968262,0.08049729466438293,-0.24272151291370392,0.008661096294720963,0.9812060197194418,0.01013289888699849,0.0,-0.4200657308101654,-0.9685736298561096,1.9948313236236572,0.4505710005760193,0.0,0.0,1.0,0.0
3,185,0.6954249458907641,0.10152501803641198,0.10152501803641198,0.10152501803641198,-0.23817631602287292,0.9323293566703796,0.6426097750663757,-0.3631191849708557,0.0,0.644859790802002,0.35514020919799805,0.0,0.5757365822792053,-0.9257387518882751,0.47259217500686646,0.9018325805664062,0.25901617606480914,0.0,0.15587176879247028,0.58511217435201
3,186,0.6954249458907641,0.10152501803641198,0.10152501803641198,0.10152501803641198,-0.19818568229675293,0.9939743876457214,0.7714642882347107,-0.5931017994880676,0.0,0.6112550497055054,0.38874495029449463,0.0,0.6433713436126709,-0.26553457975387573,0.11465811729431152,0.5441423654556274,0.5426474014918009,0.0,0.013934175173441574,0.4434184233347575
3,187,0.6954249458907641,0.10152501803641198,0.10152501803641198,0.10152501803641198,0.23626606166362762,0.23127104341983795,0.5388649702072144,-0.030062004923820496,0.23413201669851938,0.2291369984547297,0.5367309252421061,0.0,0.8175598382949829,-0.8157667517662048,0.3350364565849304,0.7878326177597046,0.504083514213562,0.0,0.02156013250350952,0.4743562936782837
3,188,0.6954249458907641,0.10152501803641198,0.10152501803641198,0.10152501803641198,-0.14583566784858704,0.6550799012184143,0.8653680682182312,-0.33141040802001953,0.0,0.39485591650009155,0.6051440834999084,0.0,-1.3967491388320923,-1.16902494430542,1.2825207710266113,2.3576648235321045,0.0,0.0,0.0,1.0
3,189,0.6954249458907641,0.10152501803641198,0.10152501803641198,0.10152501803641198,-0.3590599298477173,0.2127942442893982,0.7821714282035828,0.3766554594039917,0.0,0.08892053365707397,0.6582977175712585,0.2527817487716675,-0.335786372423172,0.4440791606903076,0.2675098478794098,0.5583217144012451,0.0,0.35410892963409424,0.1775396168231964,0.46835148334503174
3,190,0.6954249458907641,0.10152501803641198,0.10152501803641198,0.10152501803641198,-0.07699412107467651,-0.06739291548728943,1.3031797409057617,-0.11458764970302582,0.0,0.0,1.0,0.0,-0.1545836329460144,0.3326480984687805,-0.20915892720222473,0.9761258363723755,0.0,0.17826110124588013,0.0,0.8217388391494751
3,191,0.6954249458907641,0.10152501803641198,0.10152501803641198,0.10152501803641198,0.025450661778450012,0.06543643772602081,0.9278632402420044,0.05266593396663666,0.007596597075462341,0.04758237302303314,0.9100091755390167,0.03481186926364899,1.8957608938217163,-1.4360296726226807,0.3957664668560028,0.2162199169397354,1.0,0.0,0.0,0.0
3,192,0.6954249458907641,0.10152501803641198,0.10152501803641198,0.10152501803641198,0.3008996248245239,0.0025931745767593384,0.7083016037940979,-0.003496125340461731,0.2962989807128906,0.0,0.7037009596824646,0.0,-0.49866804480552673,0.10742287337779999,0.8626208901405334,0.44451963901519775,0.0,0.0,0.7090505957603455,0.29094934463500977
3,193,0.6954249458907641,0.10152501803641198,0.10152501803641198,0.10152501803641198,0.8068931102752686,0.05448181927204132,-0.2376803606748581,0.3521674871444702,0.7273628115653992,0.0,0.0,0.27263718843460083,0.4494894742965698,-0.8116863369941711,1.7566437721252441,-0.2613624632358551,0.0,0.0,1.0,0.0
3,194,0.6954249458907641,0.10152501803641198,0.10152501803641198,0.10152501803641198,0.42415404319763184,0.5836736559867859,-0.03164042532444,0.047883614897727966,0.40558358033498126,0.5651031931241354,0.0,0.029313152035077412,0.33800238370895386,-0.9941185116767883,1.5630388259887695,-0.0202084481716156,0.0,0.0,1.0,0.0
3,195,0.6954249458907641,0.10152501803641198,0.10152501803641198,0.10152501803641198,0.3845115900039673,0.5702459812164307,-0.17363159358501434,0.22773724794387817,0.32367996374766034,0.5094143549601237,0.0,0.1669056216875712,-0.44018837809562683,0.028592467308044434,-0.06404712796211243,1.5561771392822266,0.0,0.0,0.0,1.0
3,196,0.6954249458907641,0.10152501803641198,0.10152501803641198,0.10152501803641198,0.79244065284729,-0.023721516132354736,-0.3858147859573364,0.5717738270759583,0.6103334426879883,0.0,0.0,0.3896666169166565,-1.3274050951004028,-0.07476192712783813,0.6568447351455688,1.5531810522079468,0.0,0.0,0.051831841468811035,0.948168158531189
3,197,0.6954249458907641,0.10152501803641198,0.10152501803641198,0.10152501803641198,1.1175410747528076,-0.02657616138458252,-0.2765597701072693,0.18268820643424988,0.9674264192581177,0.0,0.0,0.032573550939559937,-0.6453328132629395,0.20470653474330902,0.14453519880771637,1.2558610439300537,0.0,0.0,0.0,1.0
3,198,0.6954249458907641,0.10152501803641198,0.10152501803641198,0.10152501803641198,0.7869094014167786,-0.45684319734573364,0.6120705008506775,0.056366145610809326,0.5874194502830505,0.0,0.41258054971694946,0.0,1.5081671476364136,-2.0724174976348877,1.1969034671783447,0.41366833448410034,0.6556318998336792,0.0,0.34436821937561035,0.0
3,199,0.6954249458907641,0.10152501803641198,0.10152501803641198,0.10152501803641198,1.3353383541107178,-0.8457937836647034,0.32838284969329834,0.16708138585090637,1.0,0.0,0.0,0.0,1.2369102239608765,-0.7720631957054138,0.6364483833312988,-0.1915716528892517,0.8002309203147888,0.0,0.19976907968521118,0.0
3,200,0.6954249458907641,0.10152501803641198,0.10152501803641198,0.10152501803641198,0.5184669494628906,0.22691212594509125,0.2346416711807251,0.012990444898605347,0.5202141404151917,0.22865931689739227,0.23638886213302612,0.014737635850906372,0.4026103615760803,0.236842080950737,0.13609656691551208,0.22333109378814697,0.40289032459259033,0.237122043967247,0.1363765299320221,0.22361105680465698
3,201,0.6954249458907642,0.10152501803641191,0.10152501803641191,0.10152501803641191,0.23169437050819397,0.2941604256629944,0.015617161989212036,0.4251844882965088,0.24003025889396667,0.3024963140487671,0.02395305037498474,0.4335203766822815,0.10995309054851532,-1.2002148628234863,1.2824952602386475,0.9087831974029541,0.0,0.0,0.6868560314178467,0.3131439685821533
3,202,0.6954249458907642,0.10152501803641191,0.10152501803641191,0.10152501803641191,-0.1300658881664276,0.5174303650856018,0.8417884707450867,-0.24220682680606842,0.0,0.33782094717025757,0.6621790528297424,0.0,0.28328603506088257,-0.05986422300338745,0.9686377644538879,-0.16674694418907166,0.15732413530349731,0.0,0.8426758646965027,0.0
3,203,0.6954249458907642,0.10152501803641191,0.10152501803641191,0.10152501803641191,-0.4468613862991333,0.7429177761077881,0.7275100350379944,-0.03049732744693756,0.0,0.5077039003372192,0.49229615926742554,0.0,-0.036094218492507935,-0.4869331121444702,0.0364658385515213,1.4812097549438477,0.0,0.0,0.0,1.0
3,204,0.6954249458907642,0.10152501803641191,0.10152501803641191,0.10152501803641191,-0.06310608983039856,0.6967650651931763,0.3564762473106384,-0.051389291882514954,0.0,0.6701444387435913,0.32985562086105347,0.0,-1.0007504224777222,0.7099795341491699,1.430797815322876,-0.030083179473876953,0.0,0.13959085941314697,0.860409140586853,0.0
3,205,0.6954249458907642,0.10152501803641191,0.10152501803641191,0.10152501803641191,-0.3942776322364807,0.7474632263183594,0.6276140809059143,0.015378013253211975,0.0,0.5599246025085449,0.44007545709609985,0.0,-0.8528009653091431,0.5549638867378235,0.3789600729942322,0.93465256690979,0.0,0.26543837785720825,0.08943456411361694,0.6451270580291748
3,206,0.6954249458907642,0.10152501803641191,0.10152501803641191,0.10152501803641191,-0.4876289963722229,1.2332971096038818,0.5678150653839111,-0.3214031457901001,0.0,0.8327410221099854,0.16725897789001465,0.0,-0.1988409459590912,-1.3506333827972412,0.8313275575637817,1.7075016498565674,0.0,0.0,0.0619128942489624,0.938086986541748
3,207,0.6954249458907642,0.10152501803641191,0.10152501803641191,0.10152501803641191,-0.3916245698928833,0.5841401815414429,0.7937920689582825,0.011083319783210754,0.0,0.3951740264892578,0.6048259139060974,0.0,-0.7221847772598267,0.18756353855133057,0.7563839554786682,0.8883601427078247,0.0,0.0,0.43401187658309937,0.5659880638122559
3,208,0.6954249458907642,0.10152501803641191,0.10152501803641191,0.10152501803641191,-0.23002350330352783,0.13404518365859985,0.7439778447151184,0.37416720390319824,0.0,0.04998181263605754,0.659914473692576,0.29010383288065594,0.6908565759658813,-1.3720777034759521,0.9464575052261353,0.8225593566894531,0.2042320966720581,0.0,0.459833025932312,0.3359348773956299
3,209,0.6954249458907642,0.10152501803641191,0.10152501803641191,0.10152501803641191,-0.6127049326896667,0.6081153750419617,1.1434094905853271,-0.13402952253818512,0.0,0.23235291242599487,0.7676470279693604,0.0,-0.5800707340240479,-0.4154694080352783,2.1586227416992188,0.039324864745140076,0.0,0.0,1.0,0.0
3,210,0.6954249458907642,0.10152501803641191,0.10152501803641191,0.10152501803641191,-0.1573042869567871,0.16483715176582336,0.7988849878311157,0.2554623484611511,0.0,0.09177568554878235,0.7258235216140747,0.1824008822441101,-0.9521169662475586,-0.7637011408805847,0.7435380816459656,1.9445604085922241,0.0,0.0,0.0,1.0
3,211,0.6954249458907642,0.10152501803641191,0.10152501803641191,0.10152501803641191,-0.5202478766441345,0.7012497186660767,1.298559546470642,-0.3821079730987549,0.0,0.20134508609771729,0.7986549139022827,0.0,-0.8675076961517334,-0.25605249404907227,0.8718266487121582,1.3581469058990479,0.0,0.0,0.2568398714065552,0.7431601285934448
3,212,0.6954249458907642,0.10152501803641191,0.10152501803641191,0.10152501803641191,-0.07487308979034424,0.3206599950790405,0.9810695648193359,-0.19582299888134003,0.0,0.1697952151298523,0.8302047848701477,0.0,0.7903624773025513,-0.7928223013877869,0.15336523950099945,0.8970327377319336,0.44666486978530884,0.0,0.0,0.5533351302146912
3,213,0.6954249458907642,0.10152501803641191,0.10152501803641191,0.10152501803641191,0.16738933324813843,0.5933852791786194,0.5832676887512207,-0.38148748874664307,0.052708566188812256,0.4787045121192932,0.46858692169189453,0.0,0.1144823431968689,-1.7348546981811523,0.9575088024139404,1.6158450841903687,0.0,0.0,0.17083191871643066,0.8291682004928589
3,214,0.6954249458907642,0.10152501803641191,0.10152501803641191,0.10152501803641191,0.24070006608963013,0.7748733162879944,0.17628192901611328,-0.19603492319583893,0.17674829562505084,0.7109215458234152,0.11233015855153401,0.0,0.9148329496383667,-0.4344902038574219,0.19816887378692627,0.21482303738594055,0.8055580059687296,0.0,0.08889393011728923,0.10554809371630351
3,215,0.6954249458907642,0.10152501803641191,0.10152501803641191,0.10152501803641191,0.6307086944580078,0.5486730337142944,0.11412273347377777,-0.29519426822662354,0.5328738689422607,0.45083820819854736,0.0162879079580307,0.0,0.4915470480918884,-0.02786731719970703,-0.11834636330604553,0.5661741495132446,0.4626864790916443,0.0,0.0,0.5373135805130005
3,216,0.6954249458907642,0.10152501803641191,0.10152501803641191,0.10152501803641191,1.0981221199035645,0.03429734706878662,0.20053733885288239,-0.32381975650787354,0.9487923979759216,0.0,0.05120761692523956,0.0,1.1668237447738647,-1.2452938556671143,0.7196589708328247,0.45644044876098633,0.7191826899846394,0.0,0.27201791604359943,0.00879939397176105
3,217,0.6954249458907642,0.10152501803641191,0.10152501803641191,0.10152501803641191,0.6264101266860962,0.372373104095459,-0.2347845584154129,0.21285225450992584,0.5558649698893229,0.30182794729868573,0.0,0.14230709771315259,0.20661839842796326,-0.2660791873931885,-0.37732595205307007,1.4415405988693237,0.0,0.0,0.0,1.0
3,218,0.6954249458907642,0.10152501803641191,0.10152501803641191,0.10152501803641191,0.8317336440086365,0.09551079571247101,0.320246160030365,-0.2559407949447632,0.7492367625236511,0.013013914227485657,0.23774927854537964,0.0,0.14171844720840454,0.27283963561058044,0.17834696173667908,0.28710660338401794,0.17171554267406464,0.30283673107624054,0.20834405720233917,0.31710369884967804
3,219,0.6954249458907642,0.10152501803641191,0.10152501803641191,0.10152501803641191,0.8330487608909607,-0.019840121269226074,0.16135960817337036,-0.007366552948951721,0.8358445763587952,0.0,0.16415542364120483,0.0,1.2265430688858032,0.5066208839416504,-0.8379186987876892,0.113377645611763,0.8599610924720764,0.14003890752792358,0.0,0.0
3,220,0.6954249458907642,0.10152501803641191,0.10152501803641191,0.10152501803641191,0.7524259686470032,0.06587664783000946,0.2783283591270447,-0.10595597326755524,0.7202156583468119,0.033666337529818215,0.24611804882685342,0.0,0.4847843647003174,0.2046525776386261,0.13149914145469666,0.17993628978729248,0.48456627130508423,0.20443448424339294,0.1312810480594635,0.17971819639205933
3,221,0.16241285555015958,0.10911164651609903,0.6193638514176425,0.10911164651609903,0.2961820363998413,0.04856553673744202,0.35327592492103577,0.3037030100822449,0.2957504093647003,0.048133909702301025,0.3528442978858948,0.3032713830471039,-0.32465264201164246,0.4101702868938446,-1.2755358219146729,2.2145919799804688,0.0,0.0,0.0,1.0
3,222,0.16241285555015958,0.10911164651609903,0.6193638514176425,0.10911164651609903,0.16667817533016205,0.34263306856155396,0.061932727694511414,0.43274664878845215,0.16568051278591156,0.34163540601730347,0.060935065150260925,0.43174898624420166,0.968705415725708,-1.5984172821044922,1.1873228549957275,0.5503125190734863,0.39069128036499023,0.0,0.6093087196350098,0.0
3,223,0.16241285555015958,0.10911164651609903,0.6193638514176425,0.10911164651609903,0.31285351514816284,0.41620200872421265,-0.35896581411361694,0.6135304570198059,0.19865816831588745,0.30200666189193726,0.0,0.4993351101875305,0.6570708155632019,-0.6760666370391846,0.15208017826080322,0.8099609613418579,0.4235549569129944,0.0,0.0,0.5764451026916504
3,224,0.16241285555015958,0.10911164651609903,0.6193638514176425,0.10911164651609903,-0.04282355308532715,0.444198340177536,0.22411657869815826,0.3794303834438324,0.0,0.4282832245031993,0.2082014630238215,0.36351526776949566,1.4959293603897095,-1.2530624866485596,-0.3524417281150818,1.1179600954055786,0.6889846324920654,0.0,0.0,0.31101536750793457
3,225,0.16241285555015958,0.10911164651609903,0.6193638514176425,0.10911164651609903,0.620644211769104,-0.01982051134109497,0.2588018476963043,0.16498953104019165,0.6058323780695597,0.0,0.24399001399676004,0.15017769734064737,1.0907951593399048,-0.8041582703590393,0.9085702896118164,-0.1293158233165741,0.5911124348640442,0.0,0.4088875651359558,0.0
3,226,0.16241285555015958,0.10911164651609903,0.6193638514176425,0.10911164651609903,0.32143262028694153,-0.18415963649749756,0.6371812224388123,0.24833226203918457,0.25245057543118793,0.0,0.5681991775830587,0.17935021718343097,-0.15899232029914856,0.3731677830219269,1.2811648845672607,-0.4446629583835602,0.0,0.04600146412849426,0.9539985656738281,0.0
3,227,0.16241285555015958,0.10911164651609903,0.6193638514176425,0.10911164651609903,0.7583704590797424,-0.43119609355926514,1.0000537633895874,-0.29654496908187866,0.3791583180427551,0.0,0.6208416223526001,0.0,0.7622414827346802,-1.1531660556793213,0.6798121333122253,0.811203122138977,0.3444892168045044,0.0,0.26205986738204956,0.39345085620880127
3,228,0.16241285555015958,0.10911164651609903,0.6193638514176425,0.10911164651609903,0.17291221022605896,0.1010638028383255,0.7274026274681091,0.020146489143371582,0.16753092408180237,0.09568251669406891,0.7220213413238525,0.01476520299911499,0.07154342532157898,-2.004784345626831,1.1621876955032349,1.6880536079406738,0.0,0.0,0.2370671033859253,0.7629330158233643
3,229,0.16241285555015958,0.10911164651609903,0.6193638514176425,0.10911164651609903,0.18749076128005981,0.16536003351211548,0.7959797382354736,-0.12526918947696686,0.13788058360417685,0.11574985583623251,0.7463695605595907,0.0,0.7935720682144165,-2.1450212001800537,1.587543249130249,0.9244853258132935,0.025038520495096805,0.0,0.8190097014109293,0.15595177809397376
3,230,0.16241285555015958,0.10911164651609903,0.6193638514176425,0.10911164651609903,-0.1128341555595398,0.40333154797554016,0.6993399858474731,0.024070143699645996,0.0,0.3519957959651947,0.6480042338371277,0.0,-0.5276174545288086,-1.091853380203247,1.8864402770996094,0.7908669710159302,0.0,0.0,1.0,0.0
3,231,0.16241285555015958,0.10911164651609903,0.6193638514176425,0.10911164651609903,0.05164535343647003,0.4302656650543213,0.722198486328125,-0.19480513036251068,0.0,0.35403358936309814,0.6459664106369019,0.0,-0.12854507565498352,0.6313772201538086,-0.1362495720386505,0.7905664443969727,0.0,0.42040538787841797,0.0,0.579594612121582
3,232,0.16241285555015958,0.10911164651609903,0.6193638514176425,0.10911164651609903,-0.029496878385543823,0.4454883933067322,0.6233512759208679,-0.07375688850879669,0.0,0.41106855869293213,0.5889314413070679,0.0,-0.5229611396789551,1.0362486839294434,0.43499740958213806,0.15151003003120422,0.0,0.8006256222724915,0.19937434792518616,0.0
3,233,0.16241285555015958,0.10911164651609903,0.6193638514176425,0.10911164651609903,-0.020895034074783325,0.48121899366378784,1.1554620265960693,-0.6193931102752686,0.0,0.16287845373153687,0.8371214866638184,0.0,1.479583740234375,-0.7502511143684387,0.2916557192802429,0.03600864112377167,1.0,0.0,0.0,0.0
3,234,0.16241285555015958,0.10911164651609903,0.6193638514176425,0.10911164651609903,0.20921668410301208,0.1853562891483307,0.7693794369697571,-0.1781408041715622,0.15456590056419373,0.13070550560951233,0.7147286534309387,0.0,-0.4768858850002289,-0.7939580082893372,1.120715856552124,1.2830194234848022,0.0,0.0,0.41884827613830566,0.5811518430709839
3,235,0.16241285555015958,0.10911164651609903,0.6193638514176425,0.10911164651609903,0.1530599743127823,-0.031241148710250854,0.16982051730155945,0.6681983470916748,0.15603368977705637,0.0,0.17279423276583353,0.6711720625559489,-0.5060607194900513,1.1808533668518066,-0.01913166046142578,0.39909839630126953,0.0,0.8908774852752686,0.0,0.10912251472473145
3,236,0.16241285555015958,0.10911164651609903,0.6193638514176425,0.10911164651609903,-0.232220858335495,0.601386308670044,0.44196730852127075,0.18341104686260223,0.0,0.5257981220881144,0.36637912193934125,0.10782286028067271,0.6714139580726624,-0.01927068829536438,-0.09530377388000488,0.33966177701950073,0.6658760905265808,0.0,0.0,0.3341239094734192
3,237,0.16241285555015958,0.10911164651609903,0.6193638514176425,0.10911164651609903,0.05983510613441467,0.22172217071056366,0.41671597957611084,0.2575789988040924,0.07087203860282898,0.23275910317897797,0.42775291204452515,0.2686159312725067,-1.0955554246902466,-0.46819227933883667,1.3794496059417725,1.2976632118225098,0.0,0.0,0.5408931970596313,0.45910680294036865
3,238,0.16241285555015958,0.10911164651609903,0.6193638514176425,0.10911164651609903,0.13925139605998993,0.09334084391593933,0.23268386721611023,0.49522680044174194,0.14912568032741547,0.10321512818336487,0.24255815148353577,0.5051010847091675,0.06232643127441406,0.46606600284576416,-0.3071720004081726,0.6388850808143616,0.006567239761352539,0.41030681133270264,0.0,0.5831258893013
3,239,0.16241285555015958,0.10911164651609903,0.6193638514176425,0.10911164651609903,0.2302737683057785,0.5207499265670776,-0.1090417355298996,0.3160317838191986,0.2079219470421473,0.49839810530344647,0.0,0.29367996255556744,0.6314606666564941,0.020249366760253906,0.13643163442611694,0.19123053550720215,0.6366176158189774,0.02540631592273712,0.14158858358860016,0.19638748466968536
3,240,0.16241285555015958,0.10911164651609903,0.6193638514176425,0.10911164651609903,0.15407267212867737,0.22471126914024353,0.15346291661262512,0.4739394187927246,0.1525261104106903,0.22316470742225647,0.15191635489463806,0.47239285707473755,0.10771994292736053,0.21572345495224,0.31449127197265625,0.36871373653411865,0.10605783760547638,0.21406134963035583,0.3128291666507721,0.3670516312122345
3,241,0.6502182944719836,0.10648501340133303,0.13681167872535033,0.10648501340133303,0.3965933918952942,-0.2631801962852478,0.35918349027633667,0.5155884623527527,0.3061382571856181,0.0,0.2687283555666606,0.4251333276430766,-0.31226369738578796,1.6130225658416748,0.6758286952972412,-0.8833065032958984,0.0,0.9685969352722168,0.0314030647277832,0.0
3,242,0.6502182944719836,0.10648501340133303,0.13681167872535033,0.10648501340133303,-0.011962980031967163,0.22249829769134521,0.8862729072570801,-0.0845986157655716,0.0,0.16811269521713257,0.8318873047828674,0.0,-1.574080467224121,0.343906044960022,0.13794344663619995,2.1761255264282227,0.0,0.0,0.0,1.0
3,243,0.6502182944719836,0.10648501340133303,0.13681167872535033,0.10648501340133303,0.2723546028137207,-0.030253976583480835,0.6700721979141235,0.05289909243583679,0.27391262849171955,0.0,0.6716302235921224,0.054457118113835655,-0.8796185255050659,1.1077089309692383,0.42886972427368164,0.3322402536869049,0.0,0.8181026379267375,0.13926343123118085,0.04263396064440411
3,244,0.6502182944719836,0.10648501340133303,0.13681167872535033,0.10648501340133303,0.28419527411460876,0.43111884593963623,0.6447984576225281,-0.38907718658447266,0.16415775815645856,0.311081329981486,0.5247609416643778,0.0,-0.9989627599716187,0.7687705755233765,-0.5140231847763062,1.7476598024368286,0.0,0.010555386543273926,0.0,0.9894446134567261
3,245,0.6502182944719836,0.10648501340133303,0.13681167872535033,0.10648501340133303,-0.09430629014968872,0.5003772377967834,0.5513063073158264,0.02560536563396454,0.0,0.4745354652404785,0.5254645347595215,0.0,-0.1450161635875702,-1.0745747089385986,1.332214117050171,0.9868127107620239,0.0,0.0,0.6727006435394287,0.32729923725128174
3,246,0.6502182944719836,0.10648501340133303,0.13681167872535033,0.10648501340133303,0.5127599835395813,-0.14003503322601318,0.9087643027305603,-0.2575427293777466,0.3019978404045105,0.0,0.6980021595954895,0.0,0.21563602983951569,0.12157388031482697,0.4341502785682678,0.23981687426567078,0.21284176409244537,0.11877961456775665,0.4313560128211975,0.23702260851860046
3,247,0.6502182944719836,0.10648501340133303,0.13681167872535033,0.10648501340133303,0.029970109462738037,0.03431491553783417,0.40441271662712097,0.5371831059455872,0.028499901294708252,0.03284470736980438,0.4029425084590912,0.5357128977775574,0.7188796997070312,1.6558833122253418,-1.3750250339508057,-0.03704410791397095,0.03149819374084473,0.9685018062591553,0.0,0.0
3,248,0.6502182944719836,0.10648501340133303,0.13681167872535033,0.10648501340133303,0.1607518047094345,0.22987602651119232,0.8899048566818237,-0.2840561270713806,0.06724089880784352,0.13636512060960132,0.7963939507802328,0.0,-0.5881332159042358,-0.9980470538139343,1.7601158618927002,0.9129840135574341,0.0,0.0,0.9235658645629883,0.07643401622772217
3,249,0.6502182944719836,0.10648501340133303,0.13681167872535033,0.10648501340133303,0.26100021600723267,0.6831730604171753,0.3483715057373047,-0.3129809498786926,0.1634852687517802,0.5856581131617228,0.25085655848185223,0.0,0.28560471534729004,0.137528657913208,-0.02063867449760437,0.5981278419494629,0.2785176436106364,0.13044158617655435,0.0,0.5910407702128092
3,250,0.6502182944719836,0.10648501340133303,0.13681167872535033,0.10648501340133303,0.4746677279472351,0.6490364074707031,0.09703107178211212,-0.2654989957809448,0.4010892907778422,0.5754579703013102,0.023452634612719223,0.0,0.654117226600647,-0.537244975566864,0.16433605551719666,0.7450875043869019,0.45451486110687256,0.0,0.0,0.5454851388931274
3,251,0.6502182944719836,0.10648501340133303,0.13681167872535033,0.10648501340133303,0.5161566734313965,-0.10381361842155457,1.0434290170669556,-0.4455738663673401,0.23636382818222046,0.0,0.7636361718177795,0.0,-0.029827892780303955,-1.2515685558319092,1.4345579147338867,1.0549241304397583,0.0,0.0,0.689816951751709,0.31018316745758057
3,252,0.6502182944719836,0.10648501340133303,0.13681167872535033,0.10648501340133303,0.15908083319664001,0.6356841325759888,0.47479552030563354,-0.27054381370544434,0.0692273477713267,0.5458306471506754,0.38494203488032025,0.0,-0.3332062065601349,-0.11343890428543091,0.6165677309036255,0.9016169309616089,0.0,0.0,0.3574753999710083,0.6425246000289917
3,253,0.6502182944719836,0.10648501340133303,0.13681167872535033,0.10648501340133303,0.33256906270980835,0.6585108041763306,0.06940831243991852,-0.06720398366451263,0.312406321366628,0.6383480628331503,0.049245571096738175,0.0,-0.18573778867721558,0.2709309160709381,0.7970322966575623,0.03876394033432007,0.0,0.23535520831743875,0.7614565889040629,0.003188232580820717
3,254,0.6502182944719836,0.10648501340133303,0.13681167872535033,0.10648501340133303,0.35755544900894165,0.703559398651123,0.3465161919593811,-0.4178810119628906,0.22167847553888956,0.5676824251810709,0.210639218489329,0.0,0.4544922113418579,-0.6253458261489868,2.0378870964050293,-0.6855050325393677,0.0,0.0,1.0,0.0
3,255,0.6502182944719836,0.10648501340133303,0.13681167872535033,0.10648501340133303,0.1487913429737091,0.6135478019714355,0.5553314685821533,-0.32622337341308594,0.04290114839871724,0.5076576073964437,0.44944127400716144,0.0,0.4827514588832855,-0.6906833648681641,1.8352687358856201,-0.5434166193008423,0.0,0.0,1.0,0.0
3,256,0.6502182944719836,0.10648501340133303,0.13681167872535033,0.10648501340133303,0.4131932258605957,0.38789933919906616,0.34822291135787964,-0.14232124388217926,0.36342140038808185,0.3381275137265523,0.2984510858853658,0.0,0.8103487491607666,0.09987285733222961,-0.5369997024536133,0.5858972668647766,0.6122257709503174,0.0,0.0,0.3877742886543274
3,257,0.6502182944719836,0.10648501340133303,0.13681167872535033,0.10648501340133303,0.1800035834312439,0.2098509669303894,0.5191709399223328,0.0981215089559555,0.1782168447971344,0.2080642282962799,0.5173842012882233,0.09633477032184601,0.05059143900871277,-0.4196355938911438,0.5358384847640991,0.8789860010147095,0.0,0.0,0.3284262418746948,0.6715737581253052
3,258,0.6502182944719836,0.10648501340133303,0.13681167872535033,0.10648501340133303,0.6675944924354553,-0.20271706581115723,0.06723323464393616,0.43028491735458374,0.6125569542249044,0.0,0.012195696433385216,0.3752473791440328,0.6286568641662598,0.4014878273010254,-0.7582373023033142,0.7357451915740967,0.37336023648579914,0.14619119962056476,0.0,0.48044856389363605
3,259,0.6502182944719836,0.10648501340133303,0.13681167872535033,0.10648501340133303,-0.2016533613204956,0.4604640007019043,0.7809097766876221,-0.05872218310832977,0.0,0.3397771120071411,0.6602228879928589,0.0,0.6619766354560852,-1.5974438190460205,2.012718677520752,0.002459704875946045,0.0,0.0,1.0,0.0
3,260,0.6502182944719836,0.10648501340133303,0.13681167872535033,0.10648501340133303,0.231167271733284,0.3555450439453125,0.19820691645145416,0.20924147963523865,0.23262710869312286,0.35700488090515137,0.19966675341129303,0.21070131659507751,0.13754191994667053,0.2718190550804138,0.2684815526008606,0.3202565908432007,0.13801714777946472,0.272294282913208,0.2689567804336548,0.3207318186759949
3,261,0.15602785727108157,0.6230078105086607,0.11178875659729885,0.10917557562295899,0.5190661549568176,-0.1470138132572174,0.2956484854221344,0.3142773509025574,0.4760688344637553,0.0,0.2526511649290721,0.27128003040949505,-0.1025623083114624,1.4431979656219482,0.22330723702907562,-0.5568716526031494,0.0,1.0,0.0,0.0
3,262,0.15602785727108157,0.6230078105086607,0.11178875659729885,0.10917557562295899,-0.18316197395324707,0.5952396988868713,0.6578019261360168,-0.06985561549663544,0.0,0.46871888637542725,0.5312811136245728,0.0,-0.49439623951911926,-0.7862809300422668,0.8471456170082092,1.4890265464782715,0.0,0.0,0.17905956506729126,0.8209404945373535
3,263,0.15602785727108157,0.6230078105086607,0.11178875659729885,0.10917557562295899,0.16310155391693115,0.7346174716949463,0.4575229585170746,-0.36099880933761597,0.04468754927317302,0.6162034670511881,0.33910895387331647,0.0,-0.20155155658721924,-0.749011218547821,0.7680360674858093,1.2528495788574219,0.0,0.0,0.25759321451187134,0.7424067258834839
3,264,0.15602785727108157,0.6230078105086607,0.11178875659729885,0.10917557562295899,-0.32869529724121094,1.012549877166748,0.2878492772579193,0.015096545219421387,0.0,0.8623502850532532,0.13764968514442444,0.0,-0.11335155367851257,-0.3780050277709961,0.5463601350784302,1.0584166049957275,0.0,0.0,0.24397176504135132,0.7560282349586487
3,265,0.15602785727108157,0.6230078105086607,0.11178875659729885,0.10917557562295899,-0.1922328770160675,0.724459171295166,0.673322856426239,-0.22941528260707855,0.0,0.5255681276321411,0.4744318127632141,0.0,-1.179542899131775,0.08308537304401398,0.8062483668327332,1.2641385793685913,0.0,0.0,0.2710549235343933,0.7289451360702515
3,266,0.15602785727108157,0.6230078105086607,0.11178875659729885,0.10917557562295899,-0.04093018174171448,0.7313123941421509,0.5030699372291565,-0.18710939586162567,0.0,0.6141211986541748,0.3858787417411804,0.0,-1.6092551946640015,0.5801392793655396,1.066912055015564,1.0025403499603271,0.0,0.030275464057922363,0.5170482397079468,0.45267653465270996
3,267,0.15602785727108157,0.6230078105086607,0.11178875659729885,0.10917557562295899,-0.5755720138549805,0.9074280261993408,1.0012069940567017,-0.3377686142921448,0.0,0.4531105160713196,0.5468894839286804,0.0,-0.2676180899143219,0.2223036140203476,0.3006032109260559,0.7187328338623047,0.0,0.1417570759852727,0.22005667289098102,0.6381862958272299
3,268,0.15602785727108157,0.6230078105086607,0.11178875659729885,0.10917557562295899,-0.13238438963890076,0.46311402320861816,0.7865692377090454,-0.10008896887302399,0.0,0.3382723927497864,0.6617276072502136,0.0,0.3632098138332367,-0.9375759959220886,0.7256816029548645,0.7696747779846191,0.07702109217643738,0.0,0.4394928812980652,0.4834860563278198
3,269,0.15602785727108157,0.6230078105086607,0.11178875659729885,0.10917557562295899,-0.22485065460205078,0.8209760189056396,0.5884571671485901,-0.18182052671909332,0.0,0.6162594556808472,0.3837406039237976,0.0,1.0852857828140259,-1.2178401947021484,0.22960706055164337,0.7719500064849854,0.6566678881645203,0.0,0.0,0.34333211183547974
3,270,0.15602785727108157,0.6230078105086607,0.11178875659729885,0.10917557562295899,0.08578720688819885,0.3789675831794739,0.5492227673530579,-0.009923085570335388,0.08112803101539612,0.37430840730667114,0.5445635914802551,0.0,-1.2019484043121338,1.0217677354812622,0.10514818131923676,1.1646147966384888,0.0,0.4285764694213867,0.0,0.5714235305786133
3,271,0.15602785727108157,0.6230078105086607,0.11178875659729885,0.10917557562295899,0.1910296231508255,-0.0682973861694336,1.053812861442566,-0.1916080266237259,0.068608358502388,0.0,0.9313915967941284,0.0,0.042571425437927246,-0.6304811835289001,1.517251968383789,0.1503320187330246,0.0,0.0,1.0,0.0
3,272,0.15602785727108157,0.6230078105086607,0.11178875659729885,0.10917557562295899,0.07238943874835968,-0.035177379846572876,1.5309455394744873,-0.5203115940093994,0.0,0.0,1.0,0.0,-1.1014937162399292,-0.7517620921134949,0.9774255156517029,1.9883451461791992,0.0,0.0,0.0,1.0
3,273,0.15602785727108157,0.6230078105086607,0.11178875659729885,0.10917557562295899,0.08873961865901947,0.7122405767440796,0.8235554695129395,-0.6013906598091125,0.0,0.44434255361557007,0.5556574463844299,0.0,0.2341260313987732,-0.5845750570297241,-0.05748900771141052,1.3754048347473145,0.0,0.0,0.0,1.0
3,274,0.15602785727108157,0.6230078105086607,0.11178875659729885,0.10917557562295899,-0.04516574740409851,0.8115630149841309,0.5595583915710449,-0.3345702886581421,0.0,0.626002311706543,0.37399768829345703,0.0,0.2450079321861267,0.2043006867170334,-0.25881385803222656,0.6420687437057495,0.21454880634943643,0.1738415608803431,0.0,0.6116096178690592
3,275,0.15602785727108157,0.6230078105086607,0.11178875659729885,0.10917557562295899,-0.13673093914985657,1.00809645652771,1.3206121921539307,-1.161280632019043,0.0,0.34374213218688965,0.6562578678131104,0.0,-0.08642849326133728,-0.3134315013885498,0.6944323778152466,0.7491985559463501,0.0,0.0,0.47261691093444824,0.5273830890655518
3,276,0.15602785727108157,0.6230078105086607,0.11178875659729885,0.10917557562295899,-0.07999363541603088,0.8780319690704346,0.43193554878234863,-0.21776433289051056,0.0,0.723048210144043,0.27695178985595703,0.0,-0.8993463516235352,0.10605846345424652,1.3573603630065918,0.2862321138381958,0.0,0.0,1.0,0.0
3,277,0.15602785727108157,0.6230078105086607,0.11178875659729885,0.10917557562295899,0.22555482387542725,0.4890708923339844,0.8568242788314819,-0.5801725387573242,0.035071492195129395,0.2985875606536865,0.6663409471511841,0.0,0.20838575065135956,-0.4903169274330139,0.25600171089172363,1.0360125303268433,0.04158576826254526,0.0,0.08920172850290933,0.8692125479380289
3,278,0.15602785727108157,0.6230078105086607,0.11178875659729885,0.10917557562295899,0.047087252140045166,0.8250123262405396,0.7172985076904297,-0.5870363116264343,0.0,0.5538569092750549,0.44614309072494507,0.0,-0.6537667512893677,0.6938819885253906,0.3570826053619385,0.5401508212089539,0.0,0.4968434969584147,0.16004411379496256,0.3431123296419779
3,279,0.15602785727108157,0.6230078105086607,0.11178875659729885,0.10917557562295899,0.6257834434509277,0.007631286978721619,0.24865935742855072,0.10542446374893188,0.6289087980985641,0.010756641626358032,0.25178471207618713,0.1085498183965683,-0.10869801044464111,0.48041069507598877,-0.42584484815597534,1.0388420820236206,0.0,0.22078430652618408,0.0,0.7792156934738159
3,280,0.15602785727108157,0.6230078105086607,0.11178875659729885,0.10917557562295899,0.3409670889377594,0.3702642321586609,0.1596829742193222,0.12432552874088287,0.34215712547302246,0.37145426869392395,0.16087301075458527,0.12551556527614594,0.2543950378894806,0.23931348323822021,0.2332882136106491,0.2759164571762085,0.2536667585372925,0.2385852038860321,0.232559934258461,0.2751881778240204
3,281,0.10260854807773513,0.693697264908854,0.10186893770916593,0.10182524930424511,-0.04198679327964783,-0.0008964836597442627,0.712394654750824,0.32052144408226013,0.0,0.0,0.6959366202354431,0.3040634095668793,-0.6123819351196289,0.3331683576107025,0.15148529410362244,0.9522883892059326,0.0,0.1875209907690684,0.005837927261988313,0.8066410223642985
3,282,0.10260854807773513,0.693697264908854,0.10186893770916593,0.10182524930424511,-0.3447414040565491,0.11940595507621765,1.3274539709091187,-0.09281735122203827,0.0,0.0,1.0,0.0,-0.12465968728065491,-1.2169442176818848,1.49934720993042,1.0100921392440796,0.0,0.0,0.7446274757385254,0.25537240505218506
3,283,0.10260854807773513,0.693697264908854,0.10186893770916593,0.10182524930424511,-0.07253018021583557,0.2310333549976349,1.0060714483261108,-0.1592014878988266,0.0,0.11248096823692322,0.8875190615653992,0.0,-0.10819196701049805,0.30555132031440735,-0.24657544493675232,1.0927871465682983,0.0,0.1063821017742157,0.0,0.8936179280281067
3,284,0.10260854807773513,0.693697264908854,0.10186893770916593,0.10182524930424511,0.13391131162643433,0.5648775696754456,0.6770720481872559,-0.36497944593429565,0.008624335130055755,0.439590593179067,0.5517850716908773,0.0,0.5849436521530151,1.1890424489974976,-1.411879301071167,0.7395044565200806,0.08044675985972083,0.6845455567042033,0.0,0.23500756422678626
3,285,0.10260854807773513,0.693697264908854,0.10186893770916593,0.10182524930424511,0.3272508978843689,0.223223015666008,0.22731150686740875,0.16450554132461548,0.3416781574487686,0.23765027523040771,0.24173876643180847,0.1789328008890152,-0.6750428676605225,0.04409514367580414,1.2466647624969482,0.36794838309288025,0.0,0.0,0.9393581748008728,0.06064179539680481
3,286,0.10260854807773513,0.693697264908854,0.10186893770916593,0.10182524930424511,-0.4312542676925659,0.8881310820579529,0.6804065704345703,-0.1380898505449295,0.0,0.6038622260093689,0.39613771438598633,0.0,0.6906204223632812,-0.17732876539230347,0.21690145134925842,0.3858388662338257,0.5928335189819336,0.0,0.11911454796791077,0.288051962852478
3,287,0.10260854807773513,0.693697264908854,0.10186893770916593,0.10182524930424511,0.2339668720960617,0.8221915364265442,0.23257330060005188,-0.3072315454483032,0.1377229740222295,0.725947638352712,0.13632940252621967,0.0,0.46340590715408325,-1.8590431213378906,0.8395624756813049,1.4117262363433838,0.0,0.0,0.21391814947128296,0.7860819101333618
3,288,0.10260854807773513,0.693697264908854,0.10186893770916593,0.10182524930424511,0.016202732920646667,0.2270987331867218,0.7874465584754944,-0.01546640694141388,0.005953396360079447,0.21684939662615457,0.7771972219149271,0.0,-1.4549369812011719,0.25294989347457886,0.45962026715278625,1.767854928970337,0.0,0.0,0.0,1.0
3,289,0.10260854807773513,0.693697264908854,0.10186893770916593,0.10182524930424511,-0.39594876766204834,0.7578399777412415,1.1473397016525269,-0.46755313873291016,0.0,0.3052501082420349,0.6947498321533203,0.0,-0.6229429244995117,-0.9820664525032043,2.3723297119140625,0.32401883602142334,0.0,0.0,1.0,0.0
3,290,0.10260854807773513,0.693697264908854,0.10186893770916593,0.10182524930424511,0.011628702282905579,0.3276839554309845,0.9694223403930664,-0.2766706347465515,0.0,0.17913082242012024,0.8208692073822021,0.0,0.3193055987358093,-2.5037992000579834,1.9960365295410156,1.3788502216339111,0.0,0.0,0.8085931539535522,0.19140684604644775
3,291,0.10260854807773513,0.693697264908854,0.10186893770916593,0.10182524930424511,0.2066640406847,-0.09738597273826599,1.4595301151275635,-0.5408334136009216,0.0,0.0,1.0,0.0,0.726008415222168,-0.6385590434074402,1.2776260375976562,-0.4053156077861786,0.22419118881225586,0.0,0.7758088111877441,0.0
3,292,0.10260854807773513,0.693697264908854,0.10186893770916593,0.10182524930424511,0.14422237873077393,0.08483277261257172,1.4588576555252075,-0.608431875705719,0.0,0.0,1.0,0.0,-0.4537210166454315,-1.0046253204345703,0.888015866279602,1.579609990119934,0.0,0.0,0.15420293807983398,0.845797061920166
3,293,0.10260854807773513,0.693697264908854,0.10186893770916593,0.10182524930424511,-0.08531221747398376,0.7326371669769287,0.5446075201034546,-0.16721637547016144,0.0,0.5940148234367371,0.40598517656326294,0.0,-0.6534072160720825,1.0135564804077148,0.3954569101333618,0.2101312279701233,0.0,0.8071749210357666,0.18907535076141357,0.003749668598175049
3,294,0.10260854807773513,0.693697264908854,0.10186893770916593,0.10182524930424511,0.334622323513031,0.6885591745376587,0.8772648572921753,-0.849951446056366,0.03447351853052777,0.38841036955515545,0.5771160523096721,0.0,-0.05688190460205078,0.7276695370674133,0.018205121159553528,0.3703572452068329,0.0,0.6786561608314514,0.0,0.32134386897087097
3,295,0.10260854807773513,0.693697264908854,0.10186893770916593,0.10182524930424511,0.21536272764205933,0.6491931676864624,0.4242051839828491,-0.26277387142181396,0.11910901467005412,0.5529394547144572,0.32795147101084393,0.0,0.23655980825424194,-0.49547332525253296,-0.00886833667755127,1.2939412593841553,0.0,0.0,0.0,1.0
3,296,0.10260854807773513,0.693697264908854,0.10186893770916593,0.10182524930424511,0.07456046342849731,0.9410200715065002,0.3907809853553772,-0.3891940116882324,0.0,0.7751195430755615,0.22488045692443848,0.0,-1.8422422409057617,-1.0396759510040283,1.611025333404541,2.417384386062622,0.0,0.0,0.09682035446166992,0.903179407119751
3,297,0.10260854807773513,0.693697264908854,0.10186893770916593,0.10182524930424511,0.3162011504173279,0.7327756285667419,0.37798765301704407,-0.4755181074142456,0.17387964328130087,0.590454121430715,0.23566614588101706,0.0,-1.2311593294143677,0.8313261866569519,0.24328258633613586,1.144162654876709,0.0,0.3435817360877991,0.0,0.6564182043075562
3,298,0.10260854807773513,0.693697264908854,0.10186893770916593,0.10182524930424511,0.5417883396148682,0.612354040145874,0.20295117795467377,-0.3668671250343323,0.4227571487426758,0.49332284927368164,0.08391998708248138,0.0,0.34912803769111633,1.1113922595977783,-0.19727984070777893,-0.21729493141174316,0.1188679039478302,0.8811321258544922,0.0,0.0
3,299,0.10260854807773513,0.693697264908854,0.10186893770916593,0.10182524930424511,0.41888105869293213,0.3165026605129242,0.29787394404411316,-0.06672163307666779,0.40779515107472736,0.3054167528947194,0.2867880364259084,0.0,1.4310157299041748,0.5766540169715881,-0.3193665146827698,-0.6735295057296753,0.9271808862686157,0.07281917333602905,0.0,0.0
3,300,0.10260854807773513,0.693697264908854,0.10186893770916593,0.10182524930424511,0.22354599833488464,0.4485202431678772,0.3156627416610718,0.00601622462272644,0.22510969638824463,0.4500839412212372,0.31722643971443176,0.007579922676086426,0.2699904143810272,0.262199729681015,0.24622124433517456,0.2182457596063614,0.270826131105423,0.26303544640541077,0.2470569610595703,0.21908147633075714
3,301,0.10154503617549711,0.6953878227960988,0.1015338994349758,0.1015332415934283,0.23168720304965973,-0.058247923851013184,0.8351147770881653,-0.015295162796974182,0.19828619062900543,0.0,0.801713764667511,0.0,1.0062956809997559,-0.30731910467147827,-0.2214677333831787,0.5404202938079834,0.7329376935958862,0.0,0.0,0.26706230640411377
3,302,0.10154503617549711,0.6953878227960988,0.1015338994349758,0.1015332415934283,-0.08792099356651306,0.12265124917030334,0.5915799140930176,0.35993117094039917,0.0,0.09793046116828918,0.5668591260910034,0.335210382938385,0.11359897255897522,-1.016416311264038,1.354538917541504,0.5788578987121582,0.0,0.0,0.8878405094146729,0.11215949058532715
3,303,0.10154503617549711,0.6953878227960988,0.1015338994349758,0.1015332415934283,-0.2950296401977539,0.849011242389679,0.6445114016532898,-0.23141194880008698,0.0,0.6022499203681946,0.3977500796318054,0.0,-2.0687246322631836,-0.21769413352012634,1.689854383468628,1.6983599662780762,0.0,0.0,0.4957472085952759,0.5042527914047241
3,304,0.10154503617549711,0.6953878227960988,0.1015338994349758,0.1015332415934283,-0.033502787351608276,0.7941269874572754,0.6992497444152832,-0.4458370804786682,0.0,0.5474386215209961,0.4525613784790039,0.0,-0.4248792827129364,-1.4972641468048096,1.1787863969802856,1.784023404121399,0.0,0.0,0.19738149642944336,0.8026185035705566
3,305,0.10154503617549711,0.6953878227960988,0.1015338994349758,0.1015332415934283,-0.272441565990448,0.7205467224121094,0.9015612006187439,-0.3542194962501526,0.0,0.40949273109436035,0.5905072093009949,0.0,0.04762116074562073,-0.49555838108062744,1.0326814651489258,0.5075303316116333,0.0,0.0,0.7625755667686462,0.23742443323135376
3,306,0.10154503617549711,0.6953878227960988,0.1015338994349758,0.1015332415934283,0.23250742256641388,0.4517167806625366,0.5650267004966736,-0.2756614685058594,0.14942379295825958,0.3686331510543823,0.4819430708885193,0.0,-0.11390236020088196,-0.29671555757522583,0.640641450881958,1.0137345790863037,0.0,0.0,0.31345343589782715,0.6865465641021729
3,307,0.10154503617549711,0.6953878227960988,0.1015338994349758,0.1015332415934283,0.024369359016418457,0.6186321973800659,0.6969045996665955,-0.3491137623786926,0.0,0.4608638286590576,0.5391362309455872,0.0,0.7579904794692993,-1.1455042362213135,1.2421172857284546,0.1542247235774994,0.25793659687042236,0.0,0.7420634031295776,0.0
3,308,0.10154503617549711,0.6953878227960988,0.1015338994349758,0.1015332415934283,-0.21794390678405762,0.9511076211929321,0.44810613989830017,-0.18377287685871124,0.0,0.7515007257461548,0.24849924445152283,0.0,-0.390621155500412,-0.387373149394989,0.9554145336151123,0.7125492095947266,0.0,0.0,0.6214326620101929,0.37856733798980713
3,309,0.10154503617549711,0.6953878227960988,0.1015338994349758,0.1015332415934283,-0.3865680694580078,1.5177478790283203,0.6934346556663513,-0.8352994322776794,0.0,0.9121565818786621,0.08784335851669312,0.0,0.2682330012321472,-0.5757895112037659,0.6623197793960571,0.6796163320541382,0.06484327713648477,0.0,0.45893005530039466,0.4762266079584757
3,310,0.10154503617549711,0.6953878227960988,0.1015338994349758,0.1015332415934283,-0.25818657875061035,0.7687393426895142,0.4737856686115265,0.023491501808166504,0.0,0.647476851940155,0.35252317786216736,0.0,0.04336586594581604,-0.16229039430618286,0.7419968843460083,0.4939229488372803,0.0,0.0,0.624036967754364,0.375963032245636
3,311,0.10154503617549711,0.6953878227960988,0.1015338994349758,0.1015332415934283,-0.009300261735916138,0.2848355174064636,0.6265972256660461,0.06287504732608795,0.0,0.29339959224065143,0.635161300500234,0.07143912216027577,0.35819029808044434,-0.05004867911338806,0.6888253688812256,0.060072898864746094,0.322494109471639,0.0,0.6531291802724203,0.024376710255940758
3,312,0.10154503617549711,0.6953878227960988,0.1015338994349758,0.1015332415934283,-0.6629259586334229,1.0767420530319214,0.8528456687927246,-0.2679045796394348,0.0,0.6119481921195984,0.3880518078804016,0.0,0.6608635187149048,-0.14503061771392822,0.6654468774795532,-0.13906165957450867,0.4977083206176758,0.0,0.5022916793823242,0.0
3,313,0.10154503617549711,0.6953878227960988,0.1015338994349758,0.1015332415934283,-0.11901360750198364,0.7041494846343994,0.7744446992874146,-0.39321446418762207,0.0,0.46485239267349243,0.5351476073265076,0.0,-0.4555107057094574,1.1861462593078613,-0.8279792666435242,1.1387394666671753,0.0,0.5237033367156982,0.0,0.4762965440750122
3,314,0.10154503617549711,0.6953878227960988,0.1015338994349758,0.1015332415934283,0.34494778513908386,0.30330368876457214,0.37999874353408813,-0.0394759327173233,0.33553104599316913,0.2938869496186574,0.3705820043881734,0.0,0.3854019343852997,-0.19264313578605652,0.3518562316894531,0.46596604585647583,0.31766054034233093,0.0,0.2841148376464844,0.3982246518135071
3,315,0.10154503617549711,0.6953878227960988,0.1015338994349758,0.1015332415934283,0.35683801770210266,0.03394857048988342,0.6706442832946777,-0.048236772418022156,0.3363610804080963,0.013471633195877075,0.6501673460006714,0.0,0.020922347903251648,-0.30313098430633545,0.6723068952560425,0.6663510799407959,0.0,0.0,0.5029779076576233,0.4970220923423767
3,316,0.10154503617549711,0.6953878227960988,0.1015338994349758,0.1015332415934283,0.2064208686351776,1.081392526626587,0.23457971215248108,-0.5295339226722717,0.03228983283042908,0.9072614908218384,0.060448676347732544,0.0,1.1918967962265015,-0.10828018188476562,-0.8330901265144348,0.6955815553665161,0.7481576204299927,0.0,0.0,0.2518423795700073
3,317,0.10154503617549711,0.6953878227960988,0.1015338994349758,0.1015332415934283,1.0463238954544067,-0.24774974584579468,6.884336471557617e-06,0.1714158058166504,0.9374540448188782,0.0,0.0,0.06254595518112183,0.7661055326461792,0.4426078796386719,-0.617077112197876,0.4262387454509735,0.5544548034667969,0.23095715045928955,0.0,0.2145880162715912
3,318,0.10154503617549711,0.6953878227960988,0.1015338994349758,0.1015332415934283,0.3370080292224884,0.6400631666183472,0.6130475997924805,-0.6138231754302979,0.1403017739454905,0.44335691134134925,0.41634134451548255,0.0,0.06981678307056427,0.24023908376693726,0.4649156630039215,0.21831172704696655,0.07149596512317657,0.24191826581954956,0.4665948450565338,0.21999090909957886
3,319,0.10154503617549711,0.6953878227960988,0.1015338994349758,0.1015332415934283,0.14879518747329712,0.1416047066450119,0.6019605994224548,0.05479006469249725,0.16200754046440125,0.15481705963611603,0.615172952413559,0.06800241768360138,-0.13080748915672302,-0.8440753817558289,1.011181116104126,1.0411030054092407,0.0,0.0,0.48503899574279785,0.5149608850479126
3,320,0.10154503617549711,0.6953878227960988,0.1015338994349758,0.1015332415934283,0.3597728908061981,0.6425245404243469,0.08865460753440857,-0.10230489075183868,0.32945554455121356,0.6122071941693624,0.05833726127942403,0.0,0.19872276484966278,0.23255009949207306,0.3440864086151123,0.21906617283821106,0.20011639595031738,0.23394373059272766,0.3454800397157669,0.22045980393886566
3,321,0.1015253981210443,0.6954241501086178,0.10152523082617981,0.10152522094415802,0.4480414390563965,0.4219372272491455,0.347586065530777,-0.21644560992717743,0.37551987171173096,0.34941565990448,0.27506449818611145,0.0,0.1834130585193634,0.3353917598724365,0.24467933177947998,0.23131825029850006,0.1847124695777893,0.3366911709308624,0.24597874283790588,0.23261766135692596
3,322,0.1015253981210443,0.6954241501086178,0.10152523082617981,0.10152522094415802,0.5444566011428833,0.3574686646461487,0.2410135120153427,-0.14135663211345673,0.4968103567759196,0.309822420279185,0.193367267648379,0.0,0.1894647628068924,0.33004075288772583,0.2569870948791504,0.21854601800441742,0.1907051056623459,0.3312810957431793,0.2582274377346039,0.2197863608598709
3,323,0.1015253981210443,0.6954241501086178,0.10152523082617981,0.10152522094415802,0.5924117565155029,0.2763035297393799,0.14948789775371552,-0.017019525170326233,0.586344043413798,0.270235816637675,0.1434201846520106,0.0,0.18155139684677124,0.332815557718277,0.24381081759929657,0.2362435758113861,0.1829460710287094,0.33421023190021515,0.24520549178123474,0.23763824999332428
3,324,0.1015253981210443,0.6954241501086178,0.10152523082617981,0.10152522094415802,0.40444493293762207,0.25614672899246216,0.13332991302013397,0.19300542771816254,0.4077131748199463,0.2594149708747864,0.1365981549024582,0.19627366960048676,0.2185436487197876,0.2960878610610962,0.30228862166404724,0.20721516013145447,0.21250981092453003,0.2900540232658386,0.2962547838687897,0.2011813223361969
3,325,0.1015253981210443,0.6954241501086178,0.10152523082617981,0.10152522094415802,0.431631863117218,0.18757043778896332,0.2063664197921753,0.17436736822128296,0.4316478371620178,0.18758641183376312,0.2063823938369751,0.17438334226608276,0.23330089449882507,0.2917596399784088,0.31733202934265137,0.1821771264076233,0.22715845704078674,0.2856172025203705,0.31118959188461304,0.17603468894958496
3,326,0.1015253981210443,0.6954241501086178,0.10152523082617981,0.10152522094415802,0.4973713457584381,0.13680864870548248,0.21053171157836914,0.15838590264320374,0.49659696221351624,0.1360342651605606,0.20975732803344727,0.15761151909828186,0.2286473661661148,0.28748804330825806,0.31105244159698486,0.19746755063533783,0.2224835306406021,0.28132420778274536,0.30488860607147217,0.19130371510982513
3,327,0.1015253981210443,0.6954241501086178,0.10152523082617981,0.10152522094415802,0.3505944609642029,0.21420177817344666,0.11234524846076965,0.3157954216003418,0.35236024856567383,0.2159675657749176,0.1141110360622406,0.31756120920181274,0.2089913785457611,0.2862052023410797,0.3136223554611206,0.21559923887252808,0.20288684964179993,0.28010067343711853,0.3075178265571594,0.2094947099685669
3,328,0.1015253981210443,0.6954241501086178,0.10152523082617981,0.10152522094415802,0.2912434935569763,0.09378214180469513,0.3208881914615631,0.2966296076774597,0.29060763120651245,0.09314627945423126,0.32025232911109924,0.29599374532699585,0.2122349739074707,0.2790653109550476,0.3100712299346924,0.2225886583328247,0.20624494552612305,0.27307528257369995,0.3040812015533447,0.21659862995147705
3,329,0.1015253981210443,0.6954241501086178,0.10152523082617981,0.10152522094415802,0.20624729990959167,0.267758846282959,0.27794286608695984,0.2424553632736206,0.2076461911201477,0.269157737493515,0.27934175729751587,0.24385425448417664,0.20052435994148254,0.2676427364349365,0.33347564935684204,0.22361712157726288,0.19420939683914185,0.2613277733325958,0.32716068625450134,0.21730215847492218
3,330,0.1015253981210443,0.6954241501086178,0.10152523082617981,0.10152522094415802,0.13412168622016907,0.2926187515258789,0.37795332074165344,0.19312652945518494,0.13466662168502808,0.2931636869907379,0.37849825620651245,0.19367146492004395,0.1680692434310913,0.3306328058242798,0.2512940466403961,0.2454732060432434,0.16920192539691925,0.3317654877901077,0.25242672860622406,0.24660588800907135
3,331,0.1015253981210443,0.6954241501086178,0.10152523082617981,0.10152522094415802,0.15919989347457886,0.32432934641838074,0.35972321033477783,0.14740730822086334,0.16153495013713837,0.32666440308094025,0.36205826699733734,0.14974236488342285,0.16294384002685547,0.3329930603504181,0.24343247711658478,0.25591662526130676,0.1641223430633545,0.3341715633869171,0.2446109801530838,0.2570951282978058
3,332,0.1015253981210443,0.6954241501086178,0.10152523082617981,0.10152522094415802,0.2054044008255005,0.14635306596755981,0.3954129219055176,0.2522493004798889,0.2055494785308838,0.14649814367294312,0.3955579996109009,0.2523943781852722,0.1760377138853073,0.23297208547592163,0.32856428623199463,0.2552042007446289,0.1778431385755539,0.2347775101661682,0.3303697109222412,0.2570096254348755
3,333,0.1015253981210443,0.6954241501086178,0.10152523082617981,0.10152522094415802,0.2026662826538086,0.20875860750675201,0.4242894649505615,0.1600957214832306,0.2037137746810913,0.20980609953403473,0.42533695697784424,0.1611432135105133,0.16660097241401672,0.22698742151260376,0.3501070439815521,0.24884459376335144,0.1684659719467163,0.22885242104530334,0.3519720435142517,0.250709593296051
3,334,0.1015253981210443,0.6954241501086178,0.10152523082617981,0.10152522094415802,0.31896504759788513,0.166437029838562,0.3140918016433716,0.19311802089214325,0.32081206142902374,0.16828404366970062,0.3159388154745102,0.19496503472328186,0.1644526571035385,0.24956177175045013,0.3439432978630066,0.23417948186397552,0.16641834378242493,0.25152745842933655,0.345908984541893,0.23614516854286194
3,335,0.1015253981210443,0.6954241501086178,0.10152523082617981,0.10152522094415802,0.3437630534172058,0.23173226416110992,0.3800402879714966,0.028022557497024536,0.3478735089302063,0.2358427196741104,0.38415074348449707,0.032133013010025024,0.09513328969478607,0.2712332606315613,0.3013422191143036,0.3192107081413269,0.09840342402458191,0.2745033949613571,0.3046123534440994,0.32248084247112274
3,336,0.1015253981210443,0.6954241501086178,0.10152523082617981,0.10152522094415802,0.40948235988616943,0.30702704191207886,0.2673170864582062,0.007750228047370911,0.4115881770849228,0.3091328591108322,0.26942290365695953,0.009856045246124268,0.09825381636619568,0.2753572165966034,0.3054661154747009,0.3085113763809204,0.10135668516159058,0.2784600853919983,0.3085689842700958,0.3116142451763153
3,337,0.1015253981210443,0.6954241501086178,0.10152523082617981,0.10152522094415802,0.31404978036880493,0.3932742178440094,0.3058742582798004,-0.01808716356754303,0.30965036153793335,0.3888747990131378,0.30147483944892883,0.0,0.11872893571853638,0.2695345878601074,0.29452192783355713,0.3039349317550659,0.12204883992671967,0.2728544920682907,0.2978418320417404,0.3072548359632492
3,338,0.1015253981210443,0.6954241501086178,0.10152523082617981,0.10152522094415802,0.28616997599601746,0.46466028690338135,0.2721661329269409,-0.024516239762306213,0.27850450078646344,0.45699481169382733,0.2645006577173869,0.0,0.11820323765277863,0.25198060274124146,0.3164243698120117,0.3002885580062866,0.12147904932498932,0.25525641441345215,0.3197001814842224,0.3035643696784973
3,339,0.1015253981210443,0.6954241501086178,0.10152523082617981,0.10152522094415802,0.19783562421798706,0.4170604944229126,0.2993929386138916,0.09036330878734589,0.19667252898216248,0.415897399187088,0.298229843378067,0.0892002135515213,0.12479643523693085,0.24866002798080444,0.30860796570777893,0.318055659532547,0.12476642429828644,0.24863001704216003,0.3085779547691345,0.3180256485939026
3,340,0.1015253981210443,0.6954241501086178,0.10152523082617981,0.10152522094415802,0.23022794723510742,0.47408926486968994,0.20591232180595398,0.08918933570384979,0.23037321865558624,0.47423453629016876,0.2060575932264328,0.08933460712432861,0.12073098123073578,0.2617945671081543,0.306844562292099,0.3113686740398407,0.12054629623889923,0.26160988211631775,0.30665987730026245,0.31118398904800415
3,341,0.10152502544711725,0.6954249288330006,0.10152502293416057,0.10152502278572151,0.26085537672042847,0.42981719970703125,0.3108818531036377,0.0026559382677078247,0.25980275869369507,0.42876458168029785,0.3098292350769043,0.0016033202409744263,0.11990666389465332,0.25013813376426697,0.30419039726257324,0.3268928527832031,0.11962464451789856,0.2498561143875122,0.3039083778858185,0.32661083340644836
3,342,0.10152502544711725,0.6954249288330006,0.10152502293416057,0.10152502278572151,0.24799910187721252,0.660813570022583,0.03563237190246582,0.05193018913269043,0.24890530109405518,0.6617197692394257,0.03653857111930847,0.05283638834953308,0.03366251289844513,0.2535317540168762,0.4238593280315399,0.2792220711708069,0.03609360754489899,0.2559628486633301,0.4262904226779938,0.28165316581726074
3,343,0.10152502544711725,0.6954249288330006,0.10152502293416057,0.10152502278572151,0.3003128170967102,0.5411577224731445,0.08388745784759521,0.06897173821926117,0.3017303794622421,0.5425752848386765,0.08530502021312714,0.07038930058479309,0.050467342138290405,0.24309468269348145,0.4119577407836914,0.2863507866859436,0.05249971151351929,0.24512705206871033,0.4139901101589203,0.2883831560611725
3,344,0.10152502544711725,0.6954249288330006,0.10152502293416057,0.10152502278572151,0.3579919934272766,0.5458381175994873,0.07205642759799957,0.018736854195594788,0.35933615267276764,0.5471822768449783,0.0734005868434906,0.020081013441085815,0.03863146901130676,0.23289771378040314,0.4220898747444153,0.29802262783050537,0.04072105884552002,0.2349873036146164,0.42417946457862854,0.30011221766471863
3,345,0.10152502544711725,0.6954249288330006,0.10152502293416057,0.10152502278572151,0.41081202030181885,0.521472692489624,0.08108556270599365,-0.016780182719230652,0.40635526180267334,0.5170159339904785,0.07662880420684814,0.0,0.06015419960021973,0.23477758467197418,0.4115464389324188,0.2831566035747528,0.06274549663066864,0.2373688817024231,0.41413773596286774,0.2857479006052017
3,346,0.10152502544711725,0.6954249288330006,0.10152502293416057,0.10152502278572151,0.34515801072120667,0.5067342519760132,0.17360706627368927,-0.03717295825481415,0.33665822943051654,0.49823447068532306,0.16510728498299918,0.0,0.06757748126983643,0.24014334380626678,0.40941518545150757,0.2732080817222595,0.06999145448207855,0.2425573170185089,0.4118291586637497,0.27562205493450165
3,347,0.10152502544711725,0.6954249288330006,0.10152502293416057,0.10152502278572151,0.29210612177848816,0.41562265157699585,0.1685970574617386,0.12120230495929718,0.2927241027355194,0.4162406325340271,0.16921503841876984,0.12182028591632843,0.11972834169864655,0.23585245013237,0.3169521391391754,0.3281624913215637,0.11955447494983673,0.23567858338356018,0.3167782723903656,0.3279886245727539
3,348,0.10152502544711725,0.6954249288330006,0.10152502293416057,0.10152502278572151,0.26376816630363464,0.4460601508617401,0.2746732831001282,0.01933129131793976,0.2628099322319031,0.44510191679000854,0.2737150490283966,0.01837305724620819,0.08222874999046326,0.24650995433330536,0.33092114329338074,0.34118491411209106,0.08201757073402405,0.24629877507686615,0.33070996403694153,0.34097373485565186
3,349,0.10152502544711725,0.6954249288330006,0.10152502293416057,0.10152502278572151,0.3157227039337158,0.48929327726364136,0.21856506168842316,-0.01722000539302826,0.3078623612721761,0.4814329346021016,0.21070471902688345,0.0,0.07327218353748322,0.27852022647857666,0.31592071056365967,0.31714391708374023,0.07705792784690857,0.282305970788002,0.319706454873085,0.3209296613931656
3,350,0.10152502544711725,0.6954249288330006,0.10152502293416057,0.10152502278572151,0.4154438078403473,0.3349176049232483,0.2423350065946579,0.008026167750358582,0.4152631461620331,0.3347369432449341,0.2421543449163437,0.007845506072044373,0.15331615507602692,0.24363286793231964,0.36145269870758057,0.2331167608499527,0.15543654561042786,0.24575325846672058,0.3635730892419815,0.23523715138435364
3,351,0.10152502544711725,0.6954249288330006,0.10152502293416057,0.10152502278572151,0.24637246131896973,0.3038567900657654,0.466106653213501,-0.014103665947914124,0.24092713991800943,0.2984114686648051,0.4606613318125407,0.0,0.1576448529958725,0.230693981051445,0.34779390692710876,0.25389397144317627,0.16013815999031067,0.23318728804588318,0.35028721392154694,0.25638727843761444
3,352,0.10152502544711725,0.6954249288330006,0.10152502293416057,0.10152502278572151,0.253301203250885,0.3030518889427185,0.5972757935523987,-0.15379630029201508,0.2020915945370992,0.2518422802289327,0.5460661848386129,0.0,0.1491069495677948,0.32091763615608215,0.27714505791664124,0.24608680605888367,0.15079283714294434,0.3226035237312317,0.27883094549179077,0.2477726936340332
3,353,0.10152502544711725,0.6954249288330006,0.10152502293416057,0.10152502278572151,0.29659005999565125,0.17761947214603424,0.48529452085494995,0.029591858386993408,0.29931609332561493,0.18034550547599792,0.48802055418491364,0.03231789171695709,0.16588512063026428,0.2744852602481842,0.3435544967651367,0.23877942562103271,0.160209059715271,0.2688091993331909,0.33787843585014343,0.23310336470603943
3,354,0.10152502544711725,0.6954249288330006,0.10152502293416057,0.10152502278572151,0.4326944947242737,0.2044159173965454,0.332375705242157,0.01721993088722229,0.4360179901123047,0.20773941278457642,0.335699200630188,0.020543426275253296,0.1520778238773346,0.26523861289024353,0.35246407985687256,0.25445300340652466,0.14601942896842957,0.2591802179813385,0.34640568494796753,0.24839460849761963
3,355,0.10152502544711725,0.6954249288330006,0.10152502293416057,0.10152502278572151,0.3578067421913147,0.2503751218318939,0.344189316034317,0.032602131366729736,0.36156339943408966,0.2541317790746689,0.347945973277092,0.0363587886095047,0.18592265248298645,0.24036520719528198,0.3108322322368622,0.268273264169693,0.18457430601119995,0.23901686072349548,0.3094838857650757,0.2669249176979065
3,356,0.10152502544711725,0.6954249288330006,0.10152502293416057,0.10152502278572151,0.4053390622138977,0.1266004890203476,0.37157970666885376,0.07843294739723206,0.4098510146141052,0.13111244142055511,0.3760916590690613,0.08294489979743958,0.1768481284379959,0.23710355162620544,0.3343750834465027,0.25803738832473755,0.17525707185268402,0.23551249504089355,0.3327840268611908,0.25644633173942566
3,357,0.10152502544711725,0.6954249288330006,0.10152502293416057,0.10152502278572151,0.42679381370544434,0.18488717079162598,0.24049390852451324,0.12468171864748001,0.4325796663761139,0.19067302346229553,0.2462797611951828,0.13046757131814957,0.1639302372932434,0.23372182250022888,0.3247470259666443,0.2826497554779053,0.16266804933547974,0.2324596345424652,0.3234848380088806,0.2813875675201416
3,358,0.10152502544711725,0.6954249288330006,0.10152502293416057,0.10152502278572151,0.379050076007843,0.2490348070859909,0.4045397639274597,-0.04984577000141144,0.368175208568573,0.2381599396467209,0.3936648964881897,0.0,0.1618047058582306,0.22141288220882416,0.3315359354019165,0.29045191407203674,0.1605033576488495,0.22011153399944305,0.3302345871925354,0.28915056586265564
3,359,0.10152502544711725,0.6954249288330006,0.10152502293416057,0.10152502278572151,0.4652261734008789,0.2570232152938843,0.2760370373725891,-0.014459177851676941,0.4657973647117615,0.25759440660476685,0.2766082286834717,0.0,0.1637749969959259,0.22187289595603943,0.3259352445602417,0.29536858201026917,0.16203707456588745,0.22013497352600098,0.32419732213020325,0.2936306595802307
3,360,0.10152502544711725,0.6954249288330006,0.10152502293416057,0.10152502278572151,0.4764847159385681,0.23210887610912323,0.2757345736026764,3.2275915145874023e-05,0.4803946018218994,0.23601876199245453,0.2796444594860077,0.003942161798477173,0.17911434173583984,0.21087591350078583,0.3332933187484741,0.28334665298461914,0.177456796169281,0.209218367934227,0.3316357731819153,0.2816891074180603
3,361,0.10152501818419894,0.6954249455251277,0.10152501814645157,0.10152501814422184,0.39012014865875244,0.3883957266807556,0.41647979617118835,-0.20519475638866425,0.32512160142262775,0.3233971794446309,0.35148124893506366,0.0,0.1218213140964508,0.30468377470970154,0.2990444302558899,0.26896464824676514,0.12319278717041016,0.3060552477836609,0.30041590332984924,0.2703361213207245
3,362,0.10152501818419894,0.6954249455251277,0.10152501814645157,0.10152501814422184,0.4132266044616699,0.33708685636520386,0.2985401749610901,-0.05401541292667389,0.3969420591990153,0.32080231110254925,0.2822556296984355,0.0,0.12645992636680603,0.22997500002384186,0.3855198919773102,0.2503184974193573,0.1283915936946869,0.23190666735172272,0.38745155930519104,0.25225016474723816
3,363,0.10152501818419894,0.6954249455251277,0.10152501814645157,0.10152501814422184,0.35131704807281494,0.3065250515937805,0.35368645191192627,-0.013085857033729553,0.34747421741485596,0.30268222093582153,0.3498436212539673,0.0,0.08263859152793884,0.21208171546459198,0.3550623059272766,0.3513178527355194,0.08236348628997803,0.21180661022663116,0.3547872006893158,0.3510427474975586
3,364,0.10152501818419894,0.6954249455251277,0.10152501814645157,0.10152501814422184,0.3397789001464844,0.3778529167175293,0.3388490080833435,-0.06672225892543793,0.3209519386291504,0.3590259552001953,0.3200220465660095,0.0,0.030490577220916748,0.20818611979484558,0.44339415431022644,0.3097533881664276,0.03253452479839325,0.21023006737232208,0.44543810188770294,0.3117973357439041
3,365,0.10152501818419894,0.6954249455251277,0.10152501814645157,0.10152501814422184,0.22004500031471252,0.4475908875465393,0.30925706028938293,0.005091443657875061,0.22454890608787537,0.45209479331970215,0.3137609660625458,0.009595349431037903,0.03251367807388306,0.20675212144851685,0.44194498658180237,0.3231296241283417,0.03142857551574707,0.20566701889038086,0.4408598840236664,0.3220445215702057
3,366,0.10152501818419894,0.6954249455251277,0.10152501814645157,0.10152501814422184,0.17473828792572021,0.3601076006889343,0.48558521270751953,-0.024256393313407898,0.1679279406865438,0.3532972534497579,0.4787748654683431,0.0,0.035377174615859985,0.18024958670139313,0.41681402921676636,0.36056190729141235,0.037126511335372925,0.18199892342090607,0.4185633659362793,0.3623112440109253
3,367,0.10152501818419894,0.6954249455251277,0.10152501814645157,0.10152501814422184,0.14639267325401306,0.3741613030433655,0.5821892619132996,-0.10041426122188568,0.11214491724967957,0.339913547039032,0.5479415059089661,0.0,0.048194751143455505,0.1759379506111145,0.40063101053237915,0.36867043375968933,0.04983621835708618,0.17757941782474518,0.4022724777460098,0.37031190097332
3,368,0.10152501818419894,0.6954249455251277,0.10152501814645157,0.10152501814422184,0.16968666017055511,0.30077582597732544,0.4634708762168884,0.06066298484802246,0.17103756964206696,0.3021267354488373,0.46482178568840027,0.0620138943195343,0.04422686994075775,0.17887777090072632,0.3959076404571533,0.3739987015724182,0.04597412049770355,0.18062502145767212,0.3976548910140991,0.375745952129364
3,369,0.10152501818419894,0.6954249455251277,0.10152501814645157,0.10152501814422184,0.14710085093975067,0.3739214539527893,0.40417176485061646,0.06554828584194183,0.1494152545928955,0.37623585760593414,0.4064861685037613,0.06786268949508667,0.044017210602760315,0.16798412799835205,0.4126701354980469,0.36912086606025696,0.04556913673877716,0.1695360541343689,0.4142220616340637,0.3706727921962738
3,370,0.10152501818419894,0.6954249455251277,0.10152501814645157,0.10152501814422184,0.18216060101985931,0.38737624883651733,0.3233736455440521,0.08864133059978485,0.1867726445198059,0.39198829233646393,0.3279856890439987,0.09325337409973145,0.05599750578403473,0.21992182731628418,0.4101305902004242,0.31772923469543457,0.05505271255970001,0.21897703409194946,0.4091857969760895,0.31678444147109985
3,371,0.10152501818419894,0.6954249455251277,0.10152501814645157,0.10152501814422184,0.25360721349716187,0.4412250518798828,0.19304384291172028,0.09307141602039337,0.2583703398704529,0.44598817825317383,0.1978069692850113,0.09783454239368439,0.05094394087791443,0.2338535487651825,0.4184193015098572,0.3007764518260956,0.04994562268257141,0.23285523056983948,0.41742098331451416,0.29977813363075256
3,372,0.10152501818419894,0.6954249455251277,0.10152501814645157,0.10152501814422184,0.3468904495239258,0.34692883491516113,0.2736344635486603,0.027747973799705505,0.3480900228023529,0.34812840819358826,0.2748340368270874,0.02894754707813263,0.08939880132675171,0.2281367927789688,0.36669814586639404,0.3176969885826111,0.0889161229133606,0.2276541143655777,0.36621546745300293,0.31721431016921997
3,373,0.10152501818419894,0.6954249455251277,0.10152501814645157,0.10152501814422184,0.3092136085033417,0.6077352166175842,0.028544694185256958,0.03842651844024658,0.3132336139678955,0.6117552220821381,0.03256469964981079,0.042446523904800415,0.09052935242652893,0.24458929896354675,0.3287505507469177,0.32199597358703613,0.09406307339668274,0.24812301993370056,0.33228427171707153,0.32552969455718994
3,374,0.10152501818419894,0.6954249455251277,0.10152501814645157,0.10152501814422184,0.3454093337059021,0.5586314797401428,-0.023787125945091248,0.09737792611122131,0.34493643045425415,0.5581585764884949,0.0,0.09690502285957336,0.15332220494747162,0.2216065376996994,0.3692358136177063,0.24935461580753326,0.15494240820407867,0.22322674095630646,0.37085601687431335,0.2509748190641403
3,375,0.10152501818419894,0.6954249455251277,0.10152501814645157,0.10152501814422184,0.3787458837032318,0.4856937527656555,0.15515875816345215,-0.034987255930900574,0.37221309542655945,0.47916096448898315,0.14862596988677979,0.0,0.14668846130371094,0.29372280836105347,0.30033648014068604,0.25322839617729187,0.14819443225860596,0.2952287793159485,0.30184245109558105,0.2547343671321869
3,376,0.10152501818419894,0.6954249455251277,0.10152501814645157,0.10152501814422184,0.4207751452922821,0.42448410391807556,0.006738379597663879,0.12888005375862122,0.4255557209253311,0.4292646795511246,0.01151895523071289,0.13366062939167023,0.18273279070854187,0.260181188583374,0.3477972745895386,0.23367911577224731,0.17663520574569702,0.2540836036205292,0.3416996896266937,0.22758153080940247
3,377,0.10152501818419894,0.6954249455251277,0.10152501814645157,0.10152501814422184,0.3770543038845062,0.3942561149597168,0.16750198602676392,0.040944769978523254,0.3821150064468384,0.39931681752204895,0.17256268858909607,0.04600547254085541,0.22400248050689697,0.2366846352815628,0.26793450117111206,0.26921188831329346,0.22454410791397095,0.23722626268863678,0.26847612857818604,0.26975351572036743
3,378,0.10152501818419894,0.6954249455251277,0.10152501814645157,0.10152501814422184,0.3371809720993042,0.4540737271308899,0.14083120226860046,0.04616712033748627,0.3426177203655243,0.45951047539711,0.14626795053482056,0.05160386860370636,0.2204226851463318,0.23737716674804688,0.26123854517936707,0.27919673919677734,0.22086389362812042,0.2378183752298355,0.2616797536611557,0.279637947678566
3,379,0.10152501818419894,0.6954249455251277,0.10152501814645157,0.10152501814422184,0.4580933451652527,0.2941988408565521,0.16000515222549438,0.06580974161624908,0.4635665863752365,0.29967208206653595,0.1654783934354782,0.07128298282623291,0.4336100220680237,0.15585988759994507,0.2568340301513672,0.1488923877477646,0.43481093645095825,0.15706080198287964,0.25803494453430176,0.15009330213069916
3,380,0.10152501818419894,0.6954249455251277,0.10152501814645157,0.10152501814422184,0.5785273313522339,0.20640552043914795,0.12254023551940918,0.08072559535503387,0.5814776569604874,0.20935584604740143,0.12549056112766266,0.08367592096328735,0.433907151222229,0.15883323550224304,0.25811487436294556,0.14427241683006287,0.4351252317428589,0.16005131602287292,0.25933295488357544,0.14549049735069275
3,381,0.10152501803941362,0.6954249458829267,0.1015250180388466,0.10152501803881311,0.3653373718261719,0.38656190037727356,0.16152998805046082,0.06862874329090118,0.3698228746652603,0.391047403216362,0.16601549088954926,0.07311424612998962,0.19969454407691956,0.23505008220672607,0.28190377354621887,0.2816622853279114,0.20011687278747559,0.2354724109172821,0.2823261022567749,0.2820846140384674
3,382,0.10152501803941362,0.6954249458829267,0.1015250180388466,0.10152501803881311,0.3914695382118225,0.1581440418958664,0.3016580045223236,0.1403048038482666,0.39357544481754303,0.16024994850158691,0.30376391112804413,0.14241071045398712,0.1572137475013733,0.21007093787193298,0.33359307050704956,0.3062577247619629,0.1554298996925354,0.2082870900630951,0.33180922269821167,0.304473876953125
3,383,0.10152501803941362,0.6954249458829267,0.1015250180388466,0.10152501803881311,0.3433205485343933,0.1755816489458084,0.36072495579719543,0.10894903540611267,0.34617650508880615,0.17843760550022125,0.3635809123516083,0.11180499196052551,0.15395933389663696,0.2545037567615509,0.35705476999282837,0.2582341134548187,0.14802134037017822,0.24856576323509216,0.35111677646636963,0.25229611992836
3,384,0.10152501803941362,0.6954249458829267,0.1015250180388466,0.10152501803881311,0.25035712122917175,0.3697863221168518,0.3866429924964905,-0.020031943917274475,0.2480949660142263,0.3675241669019063,0.384380837281545,0.0,0.1277340203523636,0.2988983690738678,0.3111632168292999,0.25567957758903503,0.1293652355670929,0.3005295842885971,0.31279443204402924,0.25731079280376434
3,385,0.10152501803941362,0.6954249458829267,0.1015250180388466,0.10152501803881311,0.2799823582172394,0.2857043147087097,0.27560585737228394,0.15366202592849731,0.2812437117099762,0.28696566820144653,0.27686721086502075,0.15492337942123413,0.12380953133106232,0.20456361770629883,0.38553234934806824,0.27831482887268066,0.1257544457912445,0.20650853216648102,0.3874772638082504,0.28025974333286285
3,386,0.10152501803941362,0.6954249458829267,0.1015250180388466,0.10152501803881311,0.25931432843208313,0.2337486892938614,0.34470024704933167,0.15300145745277405,0.2616231441497803,0.23605750501155853,0.3470090627670288,0.1553102731704712,0.07662737369537354,0.21888446807861328,0.3456193804740906,0.3606211543083191,0.07618927955627441,0.21844637393951416,0.34518128633499146,0.36018306016921997
3,387,0.10152501803941362,0.6954249458829267,0.1015250180388466,0.10152501803881311,0.1949934959411621,0.20491811633110046,0.4471461772918701,0.13870584964752197,0.19855257868766785,0.2084771990776062,0.45070526003837585,0.1422649323940277,0.021492362022399902,0.21941883862018585,0.4226399064064026,0.3281159996986389,0.023575589060783386,0.22150206565856934,0.42472313344478607,0.3301992267370224
3,388,0.10152501803941362,0.6954249458829267,0.1015250180388466,0.10152501803881311,0.20838379859924316,0.1178843230009079,0.550311267375946,0.11275002360343933,0.21105143427848816,0.1205519586801529,0.552978903055191,0.11541765928268433,0.004289984703063965,0.217342808842659,0.4430907666683197,0.33900532126426697,0.0033577680587768555,0.2164105921983719,0.4421585500240326,0.33807310461997986
3,389,0.10152501803941362,0.6954249458829267,0.1015250180388466,0.10152501803881311,0.16684970259666443,0.15813525021076202,0.5237496495246887,0.13345378637313843,0.17130261659622192,0.16258816421031952,0.5282025635242462,0.13790670037269592,0.0063064247369766235,0.21939846873283386,0.4455958604812622,0.3325907289981842,0.005333557724952698,0.21842560172080994,0.4446229934692383,0.3316178619861603
3,390,0.10152501803941362,0.6954249458829267,0.1015250180388466,0.10152501803881311,0.08968615531921387,0.3473532795906067,0.4713231325149536,0.08002947270870209,0.0925881415605545,0.3502552658319473,0.47422511875629425,0.08293145895004272,0.026959434151649475,0.1802566647529602,0.4012075662612915,0.384613573551178,0.028700128197669983,0.1819973587989807,0.402948260307312,0.3863542675971985
3,391,0.10152501803941362,0.6954249458829267,0.1015250180388466,0.10152501803881311,0.11593244969844818,0.38733595609664917,0.6076539754867554,-0.11065049469470978,0.07895833750565848,0.35036184390385944,0.5706798632939657,0.0,0.009616836905479431,0.18376609683036804,0.411430299282074,0.38736432790756226,0.01157243549823761,0.18572169542312622,0.41338589787483215,0.38931992650032043
3,392,0.10152501803941362,0.6954249458829267,0.1015250180388466,0.10152501803881311,0.22967080771923065,0.4750288724899292,0.36172056198120117,-0.07413838803768158,0.20753074189027151,0.45288880666097003,0.339580496152242,0.0,0.010928645730018616,0.17271992564201355,0.412047415971756,0.3979998528957367,0.012504681944847107,0.17429596185684204,0.4136234521865845,0.3995758891105652
3,393,0.10152501803941362,0.6954249458829267,0.1015250180388466,0.10152501803881311,0.2765137255191803,0.473984956741333,0.35854360461235046,-0.1305382400751114,0.24016629656155905,0.43763752778371173,0.3221961756547292,0.0,0.01670658588409424,0.216323584318161,0.45298486948013306,0.3183985948562622,0.015603184700012207,0.21522018313407898,0.451881468296051,0.3172951936721802
3,394,0.10152501803941362,0.6954249458829267,0.1015250180388466,0.10152501803881311,0.4123636484146118,0.41416552662849426,0.24534305930137634,-0.08429764211177826,0.388406236966451,0.39020811518033344,0.22138564785321554,0.0,0.02400609850883484,0.2334723323583603,0.4292960464954376,0.3043557107448578,0.02622354030609131,0.23568977415561676,0.4315134882926941,0.30657315254211426
3,395,0.10152501803941362,0.6954249458829267,0.1015250180388466,0.10152501803881311,0.48296093940734863,0.32730549573898315,0.23675285279750824,-0.0434422641992569,0.4672878583272298,0.3116324146588643,0.22107977171738943,0.0,0.08191828429698944,0.23392890393733978,0.3397212028503418,0.3455401360988617,0.08164115250110626,0.2336517721414566,0.3394440710544586,0.3452630043029785
3,396,0.10152501803941362,0.6954249458829267,0.1015250180388466,0.10152501803881311,0.5049349069595337,0.4591546058654785,0.07382126152515411,-0.0492604523897171,0.4922979672749837,0.44651766618092853,0.06118432184060415,0.0,0.048202887177467346,0.2395843267440796,0.3614247441291809,0.3372920751571655,0.0515768826007843,0.24295832216739655,0.36479873955249786,0.3406660705804825
3,397,0.10152501803941362,0.6954249458829267,0.1015250180388466,0.10152501803881311,0.522246241569519,0.4932844936847687,0.014258533716201782,-0.04444579780101776,0.5123165051142374,0.4833547572294871,0.004328797260920206,0.0,0.12260566651821136,0.21326781809329987,0.38238459825515747,0.2745944559574127,0.12439252436161041,0.2150546759366989,0.3841714560985565,0.27638131380081177
3,398,0.10152501803941362,0.6954249458829267,0.1015250180388466,0.10152501803881311,0.5236632823944092,0.4657008647918701,0.10608425736427307,-0.10146234929561615,0.4918471574783325,0.43388473987579346,0.07426813244819641,0.0,0.12266948819160461,0.29058510065078735,0.30955684185028076,0.2712835669517517,0.1241457462310791,0.29206135869026184,0.31103309988975525,0.2727598249912262
3,399,0.10152501803941362,0.6954249458829267,0.1015250180388466,0.10152501803881311,0.5021159052848816,0.4088616967201233,0.001545056700706482,0.07552200555801392,0.50510473549366,0.4118505269289017,0.004533886909484863,0.0785108357667923,0.1429087519645691,0.2737216055393219,0.34740501642227173,0.25930461287498474,0.13707375526428223,0.26788660883903503,0.34157001972198486,0.2534696161746979
3,400,0.10152501803941362,0.6954249458829267,0.1015250180388466,0.10152501803881311,0.32772815227508545,0.5313525199890137,0.09911142289638519,0.031667113304138184,0.3302633464336395,0.5338877141475677,0.10164661705493927,0.03420230746269226,0.1560438871383667,0.2107664793729782,0.3409939110279083,0.29836100339889526,0.15450257062911987,0.20922516286373138,0.3394525945186615,0.29681968688964844
3,401,0.10152501803647379,0.6954249458905962,0.10152501803646528,0.10152501803646478,0.3795982003211975,0.3866243362426758,0.13184040784835815,0.08706830441951752,0.38331538438796997,0.39034152030944824,0.13555759191513062,0.09078548848628998,0.17216885089874268,0.20339885354042053,0.3427361845970154,0.28908005356788635,0.17032286524772644,0.2015528678894043,0.34089019894599915,0.2872340679168701
3,402,0.10152501803647379,0.6954249458905962,0.10152501803646528,0.10152501803646478,0.42245346307754517,0.3236364722251892,0.15106558799743652,0.09662263095378876,0.42400892078876495,0.325191929936409,0.1526210457086563,0.09817808866500854,0.16933080554008484,0.20513562858104706,0.3478969633579254,0.2845287322998047,0.16760778427124023,0.20341260731220245,0.3461739420890808,0.2828057110309601
3,403,0.10152501803647379,0.6954249458905962,0.10152501803646528,0.10152501803646478,0.3332764208316803,0.3801988959312439,0.20174703001976013,0.0841854065656662,0.3334244638681412,0.3803469389677048,0.201895073056221,0.08433344960212708,0.16034191846847534,0.21184955537319183,0.3521749973297119,0.28229689598083496,0.15867608785629272,0.21018372476100922,0.3505091667175293,0.28063106536865234
3,404,0.10152501803647379,0.6954249458905962,0.10152501803646528,0.10152501803646478,0.35419711470603943,0.23493310809135437,0.298509418964386,0.1089455634355545,0.35505081713199615,0.2357868105173111,0.2993631213903427,0.10979926586151123,0.12439815700054169,0.2504889667034149,0.3819189667701721,0.2660279870033264,0.1186896413564682,0.24478045105934143,0.37621045112609863,0.26031947135925293
3,405,0.10152501803647379,0.6954249458905962,0.10152501803646528,0.10152501803646478,0.10742338001728058,0.4275744557380676,0.4241675138473511,0.04378923773765564,0.10668472945690155,0.4268358051776886,0.42342886328697205,0.04305058717727661,0.08152645826339722,0.30898410081863403,0.32367193698883057,0.28113508224487305,0.0826970636844635,0.3101547062397003,0.32484254240989685,0.28230568766593933
3,406,0.10152501803647379,0.6954249458905962,0.10152501803646528,0.10152501803646478,0.10264141857624054,0.30544906854629517,0.5623272657394409,0.031706929206848145,0.10211025178432465,0.3049179017543793,0.561796098947525,0.03117576241493225,0.08613520860671997,0.30032044649124146,0.3371652364730835,0.2711755037307739,0.08743610978126526,0.30162134766578674,0.3384661376476288,0.2724764049053192
3,407,0.10152501803647379,0.6954249458905962,0.10152501803646528,0.10152501803646478,0.1855604350566864,0.20185284316539764,0.4321495294570923,0.1854470819234848,0.18430796265602112,0.20060037076473236,0.430897057056427,0.18419460952281952,0.0858519971370697,0.22531245648860931,0.40781861543655396,0.2741946876049042,0.08755755424499512,0.22701801359653473,0.40952417254447937,0.2759002447128296
3,408,0.10152501803647379,0.6954249458905962,0.10152501803646528,0.10152501803646478,0.12665407359600067,0.2191559076309204,0.4644453525543213,0.18821458518505096,0.12703658640384674,0.21953842043876648,0.46482786536216736,0.18859709799289703,0.03431783616542816,0.25832340121269226,0.35211411118507385,0.34190791845321655,0.03765200078487396,0.26165756583213806,0.35544827580451965,0.34524208307266235
3,409,0.10152501803647379,0.6954249458905962,0.10152501803646528,0.10152501803646478,0.2418028861284256,0.23719529807567596,0.3981722593307495,0.1167113333940506,0.24333244562149048,0.23872485756874084,0.3997018188238144,0.11824089288711548,0.03253592550754547,0.2465391457080841,0.3594634532928467,0.34708327054977417,0.036130473017692566,0.2501336932182312,0.3630580008029938,0.35067781805992126
3,410,0.10152501803647379,0.6954249458905962,0.10152501803646528,0.10152501803646478,0.15460115671157837,0.21435317397117615,0.4635796546936035,0.15927591919898987,0.1566486805677414,0.21640069782733917,0.46562717854976654,0.1613234430551529,0.061395689845085144,0.2373814582824707,0.3492017984390259,0.3524795472621918,0.06128107011318207,0.23726683855056763,0.3490871787071228,0.3523649275302887
3,411,0.10152501803647379,0.6954249458905962,0.10152501803646528,0.10152501803646478,0.22303910553455353,0.13774394989013672,0.4104515314102173,0.22730055451393127,0.22340533137321472,0.1381101757287979,0.4108177572488785,0.22766678035259247,0.03683765232563019,0.23417040705680847,0.35863828659057617,0.3720981478691101,0.036401525139808655,0.23373427987098694,0.35820215940475464,0.3716620206832886
3,412,0.10152501803647379,0.6954249458905962,0.10152501803646528,0.10152501803646478,0.16915524005889893,0.2641546428203583,0.5012516975402832,0.04787963628768921,0.17354492843151093,0.2685443311929703,0.5056413859128952,0.05226932466030121,-0.04005923867225647,0.22003351151943207,0.45662614703178406,0.3559127449989319,0.0,0.20917604863643646,0.44576868414878845,0.3450552821159363
3,413,0.10152501803647379,0.6954249458905962,0.10152501803646528,0.10152501803646478,0.16475249826908112,0.5247840881347656,0.3472138047218323,-0.05060763657093048,0.15250235299269357,0.512533942858378,0.33496365944544476,0.0,-0.01426839828491211,0.23059475421905518,0.44272926449775696,0.33275550603866577,0.0,0.22856823603312174,0.44070274631182355,0.33072898785273236
3,414,0.10152501803647379,0.6954249458905962,0.10152501803646528,0.10152501803646478,0.32214102149009705,0.37540408968925476,0.31577247381210327,-0.021149560809135437,0.31770182649294537,0.3709648946921031,0.3113332788149516,0.0,-0.027270734310150146,0.23265112936496735,0.4400678873062134,0.3471846282482147,0.0,0.22601657609144846,0.4334333340326945,0.34055007497469586
3,415,0.10152501803647379,0.6954249458905962,0.10152501803646528,0.10152501803646478,0.29516077041625977,0.35091453790664673,0.4162406325340271,-0.05878455936908722,0.27438879013061523,0.3301425576210022,0.39546865224838257,0.0,0.02614434063434601,0.22049924731254578,0.3746156394481659,0.38235557079315186,0.025240615010261536,0.2195955216884613,0.3737119138240814,0.3814518451690674
3,416,0.10152501803647379,0.6954249458905962,0.10152501803646528,0.10152501803646478,0.16254113614559174,0.4279332756996155,0.4473690986633301,-0.0364832729101181,0.14992664754390717,0.4153187870979309,0.4347546100616455,0.0,0.03255052864551544,0.2190396636724472,0.36170846223831177,0.38885658979415894,0.03201170265674591,0.21850083768367767,0.36116963624954224,0.3883177638053894
3,417,0.10152501803647379,0.6954249458905962,0.10152501803646528,0.10152501803646478,0.23643425107002258,0.437766969203949,0.4072079062461853,-0.07577784359455109,0.2092978854974111,0.41063060363133747,0.3800715406735738,0.0,0.042321085929870605,0.21705418825149536,0.3603867292404175,0.38211190700531006,0.041852593421936035,0.2165856957435608,0.3599182367324829,0.3816434144973755
3,418,0.10152501803647379,0.6954249458905962,0.10152501803646528,0.10152501803646478,0.299486368894577,0.6114602088928223,0.10051445662975311,-0.01347862184047699,0.29566602905591327,0.6076398690541586,0.09669411679108937,0.0,0.027895644307136536,0.24316942691802979,0.36326995491981506,0.35242295265197754,0.0312061607837677,0.24647994339466095,0.36658047139644623,0.3557334691286087
3,419,0.10152501803647379,0.6954249458905962,0.10152501803646528,0.10152501803646478,0.31642335653305054,0.551134467124939,0.07901275157928467,0.04998214542865753,0.3172851800918579,0.5519962906837463,0.07987457513809204,0.050843968987464905,0.09663215279579163,0.2068517506122589,0.3961027264595032,0.2952931523323059,0.09791222214698792,0.2081318199634552,0.39738279581069946,0.2965732216835022
3,420,0.10152501803647379,0.6954249458905962,0.10152501803646528,0.10152501803646478,0.35292449593544006,0.5117762088775635,0.11125284433364868,0.015501171350479126,0.3550608158111572,0.5139125287532806,0.11338916420936584,0.01763749122619629,0.10662354528903961,0.20261283218860626,0.41044461727142334,0.2740834653377533,0.10818243026733398,0.20417171716690063,0.4120035022497177,0.27564235031604767
3,421,0.6193638514176898,0.1624128555501121,0.10911164651609907,0.10911164651609902,0.3870882987976074,0.5747817158699036,0.09621599316596985,-0.061621710658073425,0.36772628625233966,0.5554197033246359,0.0768539806207021,0.0,0.04100055992603302,0.24115616083145142,0.3711046576499939,0.3328264653682709,0.044478610157966614,0.244634211063385,0.3745827078819275,0.33630451560020447
3,422,0.6193638514176898,0.1624128555501121,0.10911164651609907,0.10911164651609902,0.38999444246292114,0.5973140597343445,0.15618456900119781,-0.1546231359243393,0.34216342369715375,0.549483040968577,0.10835355023543039,0.0,0.0050453245639801025,0.23698921501636505,0.4456964135169983,0.3054784834384918,0.006742954254150391,0.23868684470653534,0.4473940432071686,0.3071761131286621
3,423,0.6193638514176898,0.1624128555501121,0.10911164651609907,0.10911164651609902,0.08950302004814148,0.5041971206665039,0.41258740425109863,-0.0055910199880599976,0.08740716179211934,0.5021012624104818,0.4104915459950765,0.0,0.004043027758598328,0.17412108182907104,0.4181826114654541,0.39711904525756836,0.005676582455635071,0.1757546365261078,0.41981616616249084,0.3987525999546051
3,424,0.6193638514176898,0.1624128555501121,0.10911164651609907,0.10911164651609902,0.14641207456588745,0.49498534202575684,0.3050600588321686,0.047948628664016724,0.14781054854393005,0.49638381600379944,0.3064585328102112,0.049347102642059326,-0.03642687201499939,0.18925000727176666,0.4474029242992401,0.40308472514152527,0.0,0.17600410679976145,0.4341570238272349,0.3898388246695201
3,425,0.6193638514176898,0.1624128555501121,0.10911164651609907,0.10911164651609902,0.09911632537841797,0.5380539894104004,0.39244991540908813,-0.03339435160160065,0.08924293518066406,0.5281805992126465,0.38257652521133423,0.0,-0.034403204917907715,0.18071195483207703,0.44561588764190674,0.4120979607105255,0.0,0.16790335377057394,0.4328072865804036,0.3992893596490224
3,426,0.6193638514176898,0.1624128555501121,0.10911164651609907,0.10911164651609902,0.10294035077095032,0.40190908312797546,0.5115386843681335,-0.014815166592597961,0.09747766455014546,0.3964463969071706,0.5060759981473287,0.0,-0.06404641270637512,0.1562221348285675,0.4442307949066162,0.4604690968990326,0.0,0.13591479261716208,0.42392345269521076,0.44016175468762714
3,427,0.6193638514176898,0.1624128555501121,0.10911164651609907,0.10911164651609902,0.023167356848716736,0.38567519187927246,0.5005185604095459,0.0990113765001297,0.02107425034046173,0.38358208537101746,0.4984254539012909,0.0969182699918747,-0.0657423734664917,0.13719794154167175,0.4464024305343628,0.4792109429836273,0.0,0.11626081665356953,0.42546530564626056,0.4582738180955251
3,428,0.6193638514176898,0.1624128555501121,0.10911164651609907,0.10911164651609902,0.05309875309467316,0.4072142243385315,0.36095619201660156,0.17832013964653015,0.05320143699645996,0.4073169082403183,0.36105887591838837,0.17842282354831696,-0.04080861806869507,0.2017352133989334,0.44338494539260864,0.3991237282752991,0.0,0.1869872361421585,0.42863696813583374,0.38437575101852417
3,429,0.6193638514176898,0.1624128555501121,0.10911164651609907,0.10911164651609902,0.0582270622253418,0.37645214796066284,0.385847806930542,0.18472345173358917,0.056914448738098145,0.3751395344734192,0.38453519344329834,0.18341083824634552,0.015708208084106445,0.1554640531539917,0.42971158027648926,0.3929497003555298,0.01724982261657715,0.1570056676864624,0.43125319480895996,0.3944913148880005
3,430,0.6193638514176898,0.1624128555501121,0.10911164651609907,0.10911164651609902,0.09306153655052185,0.22017690539360046,0.5705045461654663,0.1075458824634552,0.0952393114566803,0.2223546802997589,0.5726823210716248,0.10972365736961365,-0.009458601474761963,0.19283603131771088,0.4735107719898224,0.34697604179382324,0.0,0.18839508791764578,0.46906982858975727,0.3425350983937581
3,431,0.6193638514176898,0.1624128555501121,0.10911164651609907,0.10911164651609902,0.19992145895957947,0.29225292801856995,0.3559359908103943,0.15215453505516052,0.19985520839691162,0.2921866774559021,0.35586974024772644,0.15208828449249268,0.06486110389232635,0.21464090049266815,0.3645794093608856,0.35646533966064453,0.064724400639534,0.2145041972398758,0.36444270610809326,0.3563286364078522
3,432,0.6193638514176898,0.1624128555501121,0.10911164651609907,0.10911164651609902,0.2189205288887024,0.44186845421791077,0.2759131193161011,0.058443233370780945,0.2201341986656189,0.44308212399482727,0.2771267890930176,0.05965690314769745,0.09293951094150543,0.21035753190517426,0.39263805747032166,0.29611197113990784,0.09492774307727814,0.21234576404094696,0.39462628960609436,0.29810020327568054
3,433,0.6193638514176898,0.1624128555501121,0.10911164651609907,0.10911164651609902,0.3077305853366852,0.35367563366889954,0.4033617079257965,-0.07721491158008575,0.2861412664254506,0.332086314757665,0.38177238901456195,0.0,0.09144511818885803,0.301369845867157,0.3230120539665222,0.27817413210868835,0.09294483065605164,0.3028695583343506,0.3245117664337158,0.27967384457588196
3,434,0.6193638514176898,0.1624128555501121,0.10911164651609907,0.10911164651609902,0.3396998345851898,0.19307638704776764,0.31583210825920105,0.12339670211076736,0.3466985821723938,0.20007513463497162,0.32283085584640503,0.13039544969797134,0.16164997220039368,0.20616298913955688,0.3402072489261627,0.2985745668411255,0.16000127792358398,0.2045142948627472,0.338558554649353,0.2969258725643158
3,435,0.6193638514176898,0.1624128555501121,0.10911164651609907,0.10911164651609902,0.4430297613143921,0.3315783143043518,0.29789310693740845,-0.10016022622585297,0.4188627004623413,0.307411253452301,0.27372604608535767,0.0,0.1581043004989624,0.2435542196035385,0.2893521189689636,0.3068051040172577,0.15865036845207214,0.24410028755664825,0.28989818692207336,0.30735117197036743
3,436,0.6193638514176898,0.1624128555501121,0.10911164651609907,0.10911164651609902,0.5976341366767883,0.22271229326725006,0.164818674325943,-0.0013853013515472412,0.6016891896724701,0.22676734626293182,0.16887372732162476,0.0026697516441345215,0.3827934265136719,0.15170061588287354,0.289723664522171,0.17155447602272034,0.3838503956794739,0.15275758504867554,0.290780633687973,0.17261144518852234
3,437,0.6193638514176898,0.1624128555501121,0.10911164651609907,0.10911164651609902,0.48906344175338745,0.34974420070648193,0.14477819204330444,-0.0025398433208465576,0.49380195140838623,0.3544827103614807,0.14951670169830322,0.0021986663341522217,0.19886969029903412,0.227800652384758,0.2940409481525421,0.2892667353153229,0.19637517631053925,0.22530613839626312,0.29154643416404724,0.286772221326828
3,438,0.6193638514176898,0.1624128555501121,0.10911164651609907,0.10911164651609902,0.5481096506118774,0.21400579810142517,0.21193094551563263,0.0014111995697021484,0.5542452484369278,0.22014139592647552,0.21806654334068298,0.0075467973947525024,0.2542189657688141,0.07975752651691437,0.3303048610687256,0.3426247239112854,0.25249242782592773,0.07803098857402802,0.32857832312583923,0.34089818596839905
3,439,0.6193638514176898,0.1624128555501121,0.10911164651609907,0.10911164651609902,0.4636901617050171,0.3635144829750061,0.19212105870246887,-0.03105969727039337,0.4572482506434123,0.3570725719134013,0.18567914764086405,0.0,0.24243542551994324,0.07610024511814117,0.34250304102897644,0.34592944383621216,0.24069339036941528,0.07435820996761322,0.3407610058784485,0.3441874086856842
3,440,0.6193638514176898,0.1624128555501121,0.10911164651609907,0.10911164651609902,0.5567970275878906,0.2546156346797943,0.17323729395866394,0.0033735334873199463,0.5597911477088928,0.2576097548007965,0.17623141407966614,0.0063676536083221436,0.23804421722888947,0.07675580680370331,0.33760127425193787,0.3544042706489563,0.23634283244609833,0.07505442202091217,0.33589988946914673,0.35270288586616516
3,441,0.15226513773933845,0.11370524005644843,0.10920740727938301,0.62482221492483,0.3725535571575165,0.3655751347541809,0.32590988278388977,-0.0674273818731308,0.3512073854605357,0.34422896305720013,0.304563711086909,0.0,0.3093935251235962,0.2542474865913391,0.24147678911685944,0.17731893062591553,0.3137843459844589,0.25863830745220184,0.24586760997772217,0.18170975148677826
3,442,0.15226513773933845,0.11370524005644843,0.10920740727938301,0.62482221492483,0.4931949973106384,0.34908968210220337,0.3697808086872101,-0.21617014706134796,0.42250651121139526,0.2784011960029602,0.2990923225879669,0.0,0.26902419328689575,0.2288987934589386,0.24893110990524292,0.2571655511856079,0.26801928877830505,0.2278938889503479,0.24792620539665222,0.2561606466770172
3,443,0.15226513773933845,0.11370524005644843,0.10920740727938301,0.62482221492483,0.6085249185562134,0.14834269881248474,0.40012580156326294,-0.15913860499858856,0.5561937491099039,0.09601152936617532,0.34779463211695355,0.0,0.3239573538303375,0.14940527081489563,0.22926026582717896,0.30064141750335693,0.32314127683639526,0.14858919382095337,0.2284441888332367,0.2998253405094147
3,444,0.15226513773933845,0.11370524005644843,0.10920740727938301,0.62482221492483,0.6016355752944946,0.013287648558616638,0.4913645386695862,-0.10445122420787811,0.5551354885101318,0.0,0.4448644518852234,0.0,0.4131959080696106,0.21640229225158691,0.17550776898860931,0.19134388864040375,0.41408343613147736,0.21728982031345367,0.17639529705047607,0.1922314167022705
3,445,0.15226513773933845,0.11370524005644843,0.10920740727938301,0.62482221492483,0.47398000955581665,0.10175181925296783,0.3836260139942169,0.03695830702781677,0.4749009609222412,0.1026727706193924,0.3845469653606415,0.03787925839424133,0.39763695001602173,0.22341454029083252,0.18582883477210999,0.18988186120986938,0.3984464108943939,0.2242240011692047,0.18663829565048218,0.19069132208824158
3,446,0.15226513773933845,0.11370524005644843,0.10920740727938301,0.62482221492483,0.5942423939704895,0.04993690550327301,0.32059118151664734,0.03308066725730896,0.5947796106338501,0.050474122166633606,0.32112839818000793,0.033617883920669556,0.32383406162261963,0.1333317756652832,0.23727278411388397,0.308390736579895,0.32312673330307007,0.13262444734573364,0.2365654557943344,0.30768340826034546
3,447,0.15226513773933845,0.11370524005644843,0.10920740727938301,0.62482221492483,0.4967055916786194,0.11062811315059662,0.40465831756591797,-0.025372549891471863,0.4927082657814026,0.10663078725337982,0.40066099166870117,0.0,0.2506156861782074,0.2316078096628189,0.24908609688282013,0.2708357870578766,0.25007933378219604,0.23107145726680756,0.24854974448680878,0.27029943466186523
3,448,0.15226513773933845,0.11370524005644843,0.10920740727938301,0.62482221492483,0.39103567600250244,0.045417025685310364,0.3597705364227295,0.1918417066335678,0.3940194398164749,0.04840078949928284,0.36275430023670197,0.19482547044754028,0.3456357717514038,0.1491769403219223,0.23173698782920837,0.26614275574684143,0.34746265411376953,0.15100382268428802,0.2335638701915741,0.26796963810920715
3,449,0.15226513773933845,0.11370524005644843,0.10920740727938301,0.62482221492483,0.43743419647216797,0.12759265303611755,0.19990622997283936,0.2140784114599228,0.44268131256103516,0.13283976912498474,0.20515334606170654,0.21932552754878998,0.19745491445064545,0.21904312074184418,0.31197258830070496,0.28089120984077454,0.19511444866657257,0.2167026549577713,0.3096321225166321,0.27855074405670166
3,450,0.15226513773933845,0.11370524005644843,0.10920740727938301,0.62482221492483,0.3355226516723633,0.2068946808576584,0.2250373363494873,0.2115362137556076,0.34077492356300354,0.21214695274829865,0.23028960824012756,0.21678848564624786,0.13824644684791565,0.24171778559684753,0.305229514837265,0.3123117685317993,0.13887006044387817,0.24234139919281006,0.30585312843322754,0.31293538212776184
3,451,0.15226513773933845,0.11370524005644843,0.10920740727938301,0.62482221492483,0.3123009204864502,0.33104407787323,0.34986570477485657,-0.0020853281021118164,0.31451958417892456,0.33326274156570435,0.35208436846733093,0.00013333559036254883,0.05784696340560913,0.3037007451057434,0.31917116045951843,0.31183570623397827,0.05970832705497742,0.3055621087551117,0.3210325241088867,0.31369706988334656
3,452,0.15226513773933845,0.11370524005644843,0.10920740727938301,0.62482221492483,0.35346683859825134,0.5068368911743164,0.1410500407218933,-0.013845846056938171,0.35301559170087177,0.5063856442769369,0.14059879382451376,0.0,0.00956544280052185,0.24352404475212097,0.3559129536151886,0.3747701048851013,0.013622283935546875,0.247580885887146,0.3599697947502136,0.37882694602012634
3,453,0.15226513773933845,0.11370524005644843,0.10920740727938301,0.62482221492483,0.16729971766471863,0.43632054328918457,0.34270790219306946,0.03300192952156067,0.1724672019481659,0.44148802757263184,0.3478753864765167,0.038169413805007935,-0.030915826559066772,0.22059914469718933,0.444771945476532,0.3687247633934021,0.0,0.2092338502407074,0.43340665102005005,0.35735946893692017
3,454,0.15226513773933845,0.11370524005644843,0.10920740727938301,0.62482221492483,0.15100537240505219,0.37398895621299744,0.4178275465965271,0.04300311207771301,0.15454913675785065,0.3775327205657959,0.42137131094932556,0.046546876430511475,-0.07781815528869629,0.194840207695961,0.4572480320930481,0.42902281880378723,0.0,0.16780318319797516,0.43021100759506226,0.4019857943058014
3,455,0.15226513773933845,0.11370524005644843,0.10920740727938301,0.62482221492483,0.06855954229831696,0.4383111298084259,0.5021547675132751,-0.01526881754398346,0.06555105745792389,0.43530264496803284,0.4991462826728821,0.0,-0.1066315770149231,0.19495250284671783,0.4282195568084717,0.4785858988761902,0.0,0.16103316843509674,0.3943002223968506,0.4446665644645691
3,456,0.15226513773933845,0.11370524005644843,0.10920740727938301,0.62482221492483,0.007901087403297424,0.3824818730354309,0.5310375690460205,0.06179802119731903,0.012096449732780457,0.38667723536491394,0.5352329313755035,0.06599338352680206,-0.06748804450035095,0.15608367323875427,0.4322468042373657,0.47311532497406006,0.0,0.1356017291545868,0.41176486015319824,0.4526333808898926
3,457,0.15226513773933845,0.11370524005644843,0.10920740727938301,0.62482221492483,0.15215140581130981,0.3130660355091095,0.6320252418518066,-0.09648166596889496,0.11973720788955688,0.28065183758735657,0.5996110439300537,0.0,-0.07403883337974548,0.1545264720916748,0.437897652387619,0.475358784198761,0.0,0.13193217913309732,0.41530335942904156,0.45276449124018353
3,458,0.15226513773933845,0.11370524005644843,0.10920740727938301,0.62482221492483,0.11123104393482208,0.408278226852417,0.5701836943626404,-0.08961157500743866,0.081333393851916,0.3783805767695109,0.5402860442797343,0.0,-0.06168803572654724,0.13353368639945984,0.43492618203163147,0.48797541856765747,0.0,0.11472190419832866,0.4161143998305003,0.4691636363665263
3,459,0.15226513773933845,0.11370524005644843,0.10920740727938301,0.62482221492483,0.03973837196826935,0.5500718951225281,0.37403830885887146,0.026467084884643555,0.042159467935562134,0.5524929910898209,0.37645940482616425,0.02888818085193634,-0.06984788179397583,0.16888752579689026,0.4632298946380615,0.4386633634567261,0.0,0.14529394110043845,0.4396363099416097,0.41506977876027423
3,460,0.15226513773933845,0.11370524005644843,0.10920740727938301,0.62482221492483,0.09442116320133209,0.5992938280105591,0.1741304099559784,0.12667053937911987,0.09579217433929443,0.6006648391485214,0.17550142109394073,0.12804155051708221,-0.0872490406036377,0.16705931723117828,0.43590059876441956,0.47833114862442017,0.0,0.13996229072411856,0.4088035722573598,0.4512341221173604
3,461,0.11283923949135662,0.10958780736143364,0.6248869465140106,0.15268600663319917,0.12167374789714813,0.5511459708213806,0.3105281591415405,0.004360884428024292,0.12474654614925385,0.5542187690734863,0.31360095739364624,0.007433682680130005,-0.034540265798568726,0.23174813389778137,0.4393552541732788,0.3650505542755127,0.0,0.21969682971636453,0.427303949991862,0.3529992500940959
3,462,0.11283923949135662,0.10958780736143364,0.6248869465140106,0.15268600663319917,0.2582831084728241,0.3959668278694153,0.32190632820129395,0.010778158903121948,0.2615495026111603,0.39923322200775146,0.3251727223396301,0.01404455304145813,0.009187296032905579,0.24608181416988373,0.37095439434051514,0.3573792278766632,0.013286620378494263,0.2501811385154724,0.3750537186861038,0.3614785522222519
3,463,0.11283923949135662,0.10958780736143364,0.6248869465140106,0.15268600663319917,0.08433571457862854,0.5112298727035522,0.11425013840198517,0.26367655396461487,0.09096264839172363,0.5178568065166473,0.12087707221508026,0.27030348777770996,0.11136077344417572,0.25567400455474854,0.3724463880062103,0.28028014302253723,0.10642044246196747,0.2507336735725403,0.3675060570240021,0.275339812040329
3,464,0.11283923949135662,0.10958780736143364,0.6248869465140106,0.15268600663319917,0.044635310769081116,0.4753303527832031,0.19887909293174744,0.2621679902076721,0.04938213527202606,0.48007717728614807,0.20362591743469238,0.26691481471061707,0.36418792605400085,0.16402843594551086,0.282719224691391,0.18073704838752747,0.3662697672843933,0.16611027717590332,0.28480106592178345,0.18281888961791992
3,465,0.11283923949135662,0.10958780736143364,0.6248869465140106,0.15268600663319917,0.2990749180316925,0.37018707394599915,-0.02449871599674225,0.32423022389411926,0.30124416947364807,0.3723563253879547,0.0,0.32639947533607483,0.23947471380233765,0.08069884777069092,0.33623719215393066,0.34803152084350586,0.23836416006088257,0.07958829402923584,0.3351266384124756,0.3469209671020508
3,466,0.11283923949135662,0.10958780736143364,0.6248869465140106,0.15268600663319917,0.20115864276885986,0.47443512082099915,0.03383888304233551,0.2720293402671814,0.20579314231872559,0.47906962037086487,0.03847338259220123,0.2766638398170471,0.3041425049304962,0.24997596442699432,0.23660041391849518,0.1898893266916275,0.3089904636144638,0.2548239231109619,0.24144837260246277,0.1947372853755951
3,467,0.11283923949135662,0.10958780736143364,0.6248869465140106,0.15268600663319917,0.44314050674438477,0.34854620695114136,0.1375686228275299,0.07869312167167664,0.4411533772945404,0.346559077501297,0.13558149337768555,0.07670599222183228,0.3254721462726593,0.14185625314712524,0.22841407358646393,0.305059552192688,0.3252716362476349,0.14165574312210083,0.22821356356143951,0.3048590421676636
3,468,0.11283923949135662,0.10958780736143364,0.6248869465140106,0.15268600663319917,0.4835033118724823,0.23873360455036163,0.22688254714012146,0.05821041762828827,0.4816708564758301,0.2369011491537094,0.22505009174346924,0.05637796223163605,0.38156765699386597,0.22848622500896454,0.1994508057832718,0.18548308312892914,0.3828207105398178,0.22973927855491638,0.20070385932922363,0.18673613667488098
3,469,0.11283923949135662,0.10958780736143364,0.6248869465140106,0.15268600663319917,0.6497007012367249,0.039680495858192444,0.2926594913005829,0.010012388229370117,0.6516874432563782,0.041667237877845764,0.2946462333202362,0.011999130249023438,0.37153226137161255,0.2416204959154129,0.19694562256336212,0.18566055595874786,0.3725925385951996,0.24268077313899994,0.19800589978694916,0.1867208331823349
3,470,0.11283923949135662,0.10958780736143364,0.6248869465140106,0.15268600663319917,0.7437885999679565,-0.10040584206581116,0.38603490591049194,-0.033882662653923035,0.6788768768310547,0.0,0.3211231827735901,0.0,0.3723766803741455,0.2250419557094574,0.19887372851371765,0.19896292686462402,0.37356284260749817,0.22622811794281006,0.2000598907470703,0.20014908909797668
3,471,0.11283923949135662,0.10958780736143364,0.6248869465140106,0.15268600663319917,0.709147572517395,-0.1919819414615631,0.4052422046661377,0.06976541876792908,0.6477624972661337,0.0,0.3438571294148763,0.008380343516667686,0.35627317428588867,0.23044171929359436,0.1892586648464203,0.22025230526924133,0.3572167158126831,0.2313852608203888,0.19020220637321472,0.22119584679603577
3,472,0.11283923949135662,0.10958780736143364,0.6248869465140106,0.15268600663319917,0.6882175207138062,-0.20916414260864258,0.3225410580635071,0.1825476586818695,0.6237820784250895,0.0,0.25810561577479046,0.11811221639315288,0.2932452857494354,0.14904141426086426,0.2366504818201065,0.3220747411251068,0.29299232363700867,0.1487884521484375,0.23639751970767975,0.32182177901268005
3,473,0.11283923949135662,0.10958780736143364,0.6248869465140106,0.15268600663319917,0.6177432537078857,-0.06706410646438599,0.13234658539295197,0.2920974791049957,0.6036808093388876,0.0,0.11828414102395375,0.2780350347359975,0.2369009405374527,0.24656130373477936,0.2625077962875366,0.23541250824928284,0.241555318236351,0.2512156814336777,0.26716217398643494,0.24006688594818115
3,474,0.11283923949135662,0.10958780736143364,0.6248869465140106,0.15268600663319917,0.6482682228088379,-0.17730292677879333,0.03463655710220337,0.47354787588119507,0.587360143661499,0.0,0.0,0.4126397967338562,0.17765453457832336,0.08543163537979126,0.352180540561676,0.38966089487075806,0.1764226257801056,0.08419972658157349,0.35094863176345825,0.3884289860725403
3,475,0.11283923949135662,0.10958780736143364,0.6248869465140106,0.15268600663319917,0.6040406227111816,0.009097650647163391,-0.07305990159511566,0.44085457921028137,0.5815930366516113,0.0,0.0,0.41840699315071106,0.3023926019668579,0.15832637250423431,0.2960841953754425,0.23731695115566254,0.3038625717163086,0.159796342253685,0.2975541651248932,0.23878692090511322
3,476,0.11283923949135662,0.10958780736143364,0.6248869465140106,0.15268600663319917,0.49618300795555115,0.20415166020393372,-0.12555862963199615,0.38553905487060547,0.4675584336121877,0.17552708586057028,0.0,0.356914480527242,0.053085848689079285,0.2644297480583191,0.3737298846244812,0.3306307792663574,0.04761679470539093,0.25896069407463074,0.36826083064079285,0.32516172528266907
3,477,0.11283923949135662,0.10958780736143364,0.6248869465140106,0.15268600663319917,0.5036623477935791,0.005472883582115173,0.14917020499706268,0.3187754452228546,0.5093921273946762,0.01120266318321228,0.1548999845981598,0.3245052248239517,-0.04583960771560669,0.2359650731086731,0.38557666540145874,0.40989354252815247,0.0,0.22548665603001913,0.37509824832280475,0.3994151254494985
3,478,0.11283923949135662,0.10958780736143364,0.6248869465140106,0.15268600663319917,0.4773623049259186,-0.04306483268737793,0.32541319727897644,0.22441282868385315,0.46829953789711,0.0,0.31635043025016785,0.21535006165504456,-0.09448277950286865,0.21954292058944702,0.4768409729003906,0.39049214124679565,0.0,0.1905842423439026,0.4478822946548462,0.3615334630012512
3,479,0.11283923949135662,0.10958780736143364,0.6248869465140106,0.15268600663319917,0.31440871953964233,0.12819992005825043,0.3318217992782593,0.20375077426433563,0.3198634088039398,0.1336546093225479,0.33727648854255676,0.20920546352863312,-0.11312973499298096,0.20115508139133453,0.43614500761032104,0.47891485691070557,0.0,0.16241675118605295,0.3974066774050395,0.440176526705424
3,480,0.11283923949135662,0.10958780736143364,0.6248869465140106,0.15268600663319917,0.22094060480594635,0.10322359204292297,0.49729353189468384,0.1599961221218109,0.22557716071605682,0.10786014795303345,0.5019300878047943,0.1646326780319214,-0.10036900639533997,0.14821814000606537,0.4889369606971741,0.46411198377609253,0.0,0.11446244021256766,0.45518126090367633,0.4303562839825948
3,481,0.6272719436315617,0.10898383763784406,0.1512272578916991,0.11251696083889506,0.25112438201904297,-0.010312288999557495,0.48860007524490356,0.26486915349960327,0.24959317843119302,0.0,0.48706887165705365,0.26333794991175336,-0.07533666491508484,0.12055963277816772,0.4424295127391815,0.5045928955078125,0.0,0.09803225596745808,0.41990213592847186,0.48206551869710285
3,482,0.6272719436315617,0.10898383763784406,0.1512272578916991,0.11251696083889506,0.30329009890556335,0.03981618583202362,0.28258711099624634,0.3630301356315613,0.306109219789505,0.04263530671596527,0.285406231880188,0.36584925651550293,-0.10530504584312439,0.03615851700305939,0.4621273875236511,0.6263965368270874,0.0,0.0,0.41786545515060425,0.5821346044540405
3,483,0.6272719436315617,0.10898383763784406,0.1512272578916991,0.11251696083889506,0.3007168173789978,-0.0856054425239563,0.2549545466899872,0.5350602269172668,0.2704729437828064,0.0,0.22471067309379578,0.5048163533210754,-0.08369266986846924,0.08519516885280609,0.32988062500953674,0.6664732694625854,0.0,0.0580121527115504,0.30269760886828107,0.6392902533213297
3,484,0.6272719436315617,0.10898383763784406,0.1512272578916991,0.11251696083889506,0.24912236630916595,0.06607280671596527,0.2342212200164795,0.4568629860877991,0.2475525289773941,0.06450296938419342,0.23265138268470764,0.4552931487560272,-0.0895538330078125,0.0970693975687027,0.3153756558895111,0.6745928525924683,0.0,0.06805675725142162,0.28636301557223004,0.6455802122751871
3,485,0.6272719436315617,0.10898383763784406,0.1512272578916991,0.11251696083889506,0.4111734628677368,-0.12897443771362305,0.14723563194274902,0.5573553442955017,0.37258533636728924,0.0,0.10864750544230142,0.5187672177950541,-0.11701160669326782,0.1728818416595459,0.2850784361362457,0.6550411581993103,0.0,0.1352146863937378,0.24741128087043762,0.6173740029335022
3,486,0.6272719436315617,0.10898383763784406,0.1512272578916991,0.11251696083889506,0.35467347502708435,-0.023224234580993652,0.28817692399024963,0.37325233221054077,0.349305917819341,0.0,0.2828093667825063,0.3678847750027974,-0.14724615216255188,0.07858379185199738,0.4313303530216217,0.6299039125442505,0.0,0.031977767745653786,0.38472432891527814,0.5832978884379069
3,487,0.6272719436315617,0.10898383763784406,0.1512272578916991,0.11251696083889506,0.21086156368255615,0.22098477184772491,0.44028520584106445,0.13057324290275574,0.21018537878990173,0.2203085869550705,0.43960902094841003,0.12989705801010132,-0.10035169124603271,0.1596657931804657,0.45449602603912354,0.4811413884162903,0.0,0.12789806723594666,0.4227283000946045,0.44937366247177124
3,488,0.6272719436315617,0.10898383763784406,0.1512272578916991,0.11251696083889506,0.2575828731060028,0.2849743366241455,0.3913022577762604,0.06383827328681946,0.25815844535827637,0.28554990887641907,0.39187783002853394,0.06441384553909302,-0.04571092128753662,0.1924145519733429,0.4155181348323822,0.4297524690628052,0.0,0.17985283335049948,0.40295641620953876,0.41719075043996173
3,489,0.6272719436315617,0.10898383763784406,0.1512272578916991,0.11251696083889506,0.4051453471183777,0.2793477475643158,0.2034817636013031,0.09663331508636475,0.40899330377578735,0.28319570422172546,0.20732972025871277,0.10048127174377441,0.05782704055309296,0.2261076271533966,0.39442628622055054,0.3136022090911865,0.059836238622665405,0.22811682522296906,0.396435484290123,0.31561140716075897
3,490,0.6272719436315617,0.10898383763784406,0.1512272578916991,0.11251696083889506,0.2051302045583725,0.3355625867843628,0.24951180815696716,0.19399474561214447,0.20908035337924957,0.33951273560523987,0.25346195697784424,0.19794489443302155,0.1366453468799591,0.2460731863975525,0.2819961905479431,0.3319084644317627,0.13748955726623535,0.24691739678382874,0.28284040093421936,0.33275267481803894
3,491,0.6272719436315617,0.10898383763784406,0.1512272578916991,0.11251696083889506,0.2359263002872467,0.378940224647522,0.19114255905151367,0.18300051987171173,0.23867391049861908,0.38168783485889435,0.19389016926288605,0.1857481300830841,0.3150254189968109,0.17253558337688446,0.21059170365333557,0.2930602431297302,0.3172221928834915,0.17473235726356506,0.21278847754001617,0.2952570170164108
3,492,0.6272719436315617,0.10898383763784406,0.1512272578916991,0.11251696083889506,0.3313782513141632,0.4098931550979614,0.11619870364665985,0.14976432919502258,0.32956966757774353,0.40808457136154175,0.11439011991024017,0.1479557454586029,0.37005701661109924,0.23475900292396545,0.17915159463882446,0.21293778717517853,0.3708306699991226,0.23553265631198883,0.17992524802684784,0.2137114405632019
3,493,0.6272719436315617,0.10898383763784406,0.1512272578916991,0.11251696083889506,0.6202062964439392,0.20029371976852417,0.19434748589992523,-0.031445398926734924,0.6152571241060892,0.19534454743067423,0.1893983135620753,0.0,0.30395036935806274,0.16637343168258667,0.20996837317943573,0.3212584853172302,0.3035627007484436,0.16598576307296753,0.2095807045698166,0.3208708167076111
3,494,0.6272719436315617,0.10898383763784406,0.1512272578916991,0.11251696083889506,0.6542173027992249,0.05499529838562012,0.3646429479122162,-0.09879420697689056,0.6295987963676453,0.030376791954040527,0.3400244414806366,0.0,0.2877071499824524,0.26987767219543457,0.1521015167236328,0.2881336510181427,0.2882521450519562,0.27042266726493835,0.1526465117931366,0.2886786460876465
3,495,0.6272719436315617,0.10898383763784406,0.1512272578916991,0.11251696083889506,0.76937335729599,-0.1634468138217926,0.3394557237625122,0.02847476303577423,0.7149588465690613,0.0,0.2850412130355835,0.0,0.42953914403915405,0.11765153706073761,0.1529836505651474,0.30802977085113525,0.4274881184101105,0.11560051143169403,0.15093262493610382,0.3059787452220917
3,496,0.6272719436315617,0.10898383763784406,0.1512272578916991,0.11251696083889506,0.6920306086540222,-0.1206209659576416,0.5379871726036072,-0.11568690836429596,0.5770217180252075,0.0,0.4229782819747925,0.0,0.2983572483062744,0.2598012685775757,0.22074346244335175,0.21971487998962402,0.29870302975177765,0.2601470500230789,0.22108924388885498,0.22006066143512726
3,497,0.6272719436315617,0.10898383763784406,0.1512272578916991,0.11251696083889506,0.6161303520202637,-0.16641765832901,0.6364099979400635,-0.08734013140201569,0.4898601770401001,0.0,0.5101398229598999,0.0,0.2967928647994995,0.2638663947582245,0.21523311734199524,0.22228632867336273,0.2972481846809387,0.2643217146396637,0.21568843722343445,0.22274164855480194
3,498,0.6272719436315617,0.10898383763784406,0.1512272578916991,0.11251696083889506,0.8148002028465271,-0.39474189281463623,0.37833675742149353,0.19587232172489166,0.6851304570833842,0.0,0.24866701165835062,0.06620257596174875,0.44929277896881104,0.1050967425107956,0.1406911313533783,0.3132045269012451,0.4472214877605438,0.10302545130252838,0.13861984014511108,0.3111332356929779
3,499,0.6272719436315617,0.10898383763784406,0.1512272578916991,0.11251696083889506,0.6707739233970642,-0.029990792274475098,0.01800847053527832,0.3365657329559326,0.6623245278994242,0.0,0.009559075037638346,0.32811633745829266,0.32989075779914856,0.23886458575725555,0.13883212208747864,0.29159438610076904,0.3300952911376953,0.2390691190958023,0.1390366554260254,0.2917989194393158
3,500,0.6272719436315617,0.10898383763784406,0.1512272578916991,0.11251696083889506,0.7336030006408691,0.03190957009792328,-0.18002836406230927,0.40626734495162964,0.6636677980422974,0.0,0.0,0.33633214235305786,0.40183860063552856,0.07324153184890747,0.21346861124038696,0.32507210969924927,0.3984333872795105,0.0698363184928894,0.2100633978843689,0.3216668963432312
4,1,0.11000000000000001,0.67,0.11000000000000001,0.11000000000000001,0.1788787841796875,0.423820436000824,-1.3851395845413208,1.7565181255340576,0.0,0.0,0.0,1.0,-1.0875324010849,-0.6482709050178528,0.7727554440498352,2.033597707748413,0.0,0.0,0.0,1.0
4,2,0.11000000000000001,0.67,0.11000000000000001,0.11000000000000001,0.47171223163604736,-0.28783243894577026,-0.08020196855068207,0.8720311522483826,0.2998405694961548,0.0,0.0,0.70015949010849,0.38355502486228943,-1.2804927825927734,0.6816067695617676,1.147794246673584,0.0,0.0,0.2669062614440918,0.7330937385559082
4,3,0.11000000000000001,0.67,0.11000000000000001,0.11000000000000001,0.6159332990646362,-0.25687164068222046,0.027860239148139954,0.6397570967674255,0.48808813095092773,0.0,0.0,0.511911928653717,-2.5238773822784424,-0.2743678092956543,1.1025952100753784,2.8097076416015625,0.0,0.0,0.0,1.0
4,4,0.11000000000000001,0.67,0.11000000000000001,0.11000000000000001,0.8866778612136841,-0.3503081798553467,0.7036991715431213,-0.1821802407503128,0.591489315032959,0.0,0.40851062536239624,0.0,-1.4018019437789917,1.6440436840057373,-0.5690762996673584,1.2233822345733643,0.0,0.7103307247161865,0.0,0.2896692752838135
4,5,0.11000000000000001,0.67,0.11000000000000001,0.11000000000000001,0.09430259466171265,0.1650393307209015,0.5953071117401123,0.18086645007133484,0.08542370796203613,0.15616044402122498,0.5864282250404358,0.17198756337165833,-0.051779717206954956,-1.378113031387329,1.3647518157958984,1.2486014366149902,0.0,0.0,0.5580751895904541,0.4419248104095459
4,6,0.11000000000000001,0.67,0.11000000000000001,0.11000000000000001,-0.10898983478546143,0.5885089635848999,0.16005131602287292,0.3490179777145386,0.0,0.5559828678766886,0.12752522031466165,0.31649188200632733,-1.2915928363800049,0.03347848355770111,0.8070815205574036,1.5086086988449097,0.0,0.0,0.14923638105392456,0.8507635593414307
4,7,0.11000000000000001,0.67,0.11000000000000001,0.11000000000000001,0.7023897171020508,0.9234704375267029,-0.5609124898910522,-0.09354732930660248,0.38945960998535156,0.6105403304100037,0.0,0.0,-0.7471437454223633,-2.0958211421966553,1.1931344270706177,2.6984922885894775,0.0,0.0,0.0,1.0
4,8,0.11000000000000001,0.67,0.11000000000000001,0.11000000000000001,0.14604800939559937,0.25959300994873047,0.1099151074886322,0.4746231436729431,0.14850318431854248,0.2620481848716736,0.11237028241157532,0.47707831859588623,-0.058496713638305664,-0.5127497315406799,-0.05039885640144348,1.6845694780349731,0.0,0.0,0.0,1.0
4,9,0.11000000000000001,0.67,0.11000000000000001,0.11000000000000001,-0.2068743109703064,0.4178915321826935,0.028155505657196045,0.7564190030097961,0.0,0.3307362496852875,0.0,0.6692637205123901,-1.3365771770477295,-1.1923820972442627,1.7092680931091309,1.9140254259109497,0.0,0.0,0.39762139320373535,0.6023787260055542
4,10,0.11000000000000001,0.67,0.11000000000000001,0.11000000000000001,-0.026101619005203247,-0.05253031849861145,0.4165281355381012,0.6333825588226318,0.0,0.0,0.3915728032588959,0.6084272265434265,-0.18749600648880005,-0.5704908967018127,0.48223599791526794,1.1761555671691895,0.0,0.0,0.15304020047187805,0.8469597697257996
4,11,0.11000000000000001,0.67,0.11000000000000001,0.11000000000000001,0.03261969983577728,0.26599645614624023,0.24158675968647003,0.4648571014404297,0.03135471045970917,0.2647314667701721,0.24032177031040192,0.4635921120643616,-0.08979642391204834,-0.9810371994972229,0.7358742952346802,1.2842905521392822,0.0,0.0,0.2257918119430542,0.7742080688476562
4,12,0.11000000000000001,0.67,0.11000000000000001,0.11000000000000001,0.4109156131744385,0.49927982687950134,0.20459787547588348,-0.09431193768978119,0.3726511796315511,0.46101539333661395,0.16633344193299612,0.0,0.2582097053527832,-0.7015858888626099,0.25302210450172424,1.197862148284912,0.021845062573750823,0.0,0.016657461722691863,0.9614975055058798
4,13,0.11000000000000001,0.67,0.11000000000000001,0.11000000000000001,-0.15394359827041626,0.96817547082901,0.021749749779701233,0.12596508860588074,0.0,0.9211052060127258,0.0,0.07889482378959656,-0.028187692165374756,0.22209253907203674,0.1372235119342804,0.704134464263916,0.0,0.2009423871835073,0.11607336004575093,0.6829843123753866
4,14,0.11000000000000001,0.67,0.11000000000000001,0.11000000000000001,-0.006242513656616211,-0.2115117907524109,1.0328367948532104,0.2019309550523758,0.0,0.0,0.9154528975486755,0.08454705774784088,0.25713619589805603,-0.552097737789154,1.162439227104187,0.09312497079372406,0.047348469495773315,0.0,0.9526515007019043,0.0
4,15,0.11000000000000001,0.67,0.11000000000000001,0.11000000000000001,0.661300778388977,-0.11311405897140503,-0.03340481221675873,0.4906296133995056,0.5853356122970581,0.0,0.0,0.41466444730758667,0.17312371730804443,-0.5939699411392212,-0.0423254668712616,1.3791619539260864,0.0,0.0,0.0,1.0
4,16,0.11000000000000001,0.67,0.11000000000000001,0.11000000000000001,-0.5024006366729736,1.1115531921386719,0.06483949720859528,0.31854739785194397,0.0,0.8965029120445251,0.0,0.10349711775779724,0.4073945879936218,0.9275321960449219,-0.308952271938324,0.023052498698234558,0.2399311661720276,0.7600687742233276,0.0,0.0
4,17,0.11000000000000001,0.67,0.11000000000000001,0.11000000000000001,0.9136962890625,-0.19763705134391785,0.3902873396873474,-0.10343365371227264,0.7617044448852539,0.0,0.23829549551010132,0.0,-0.19424408674240112,0.6217341423034668,0.30640628933906555,0.22592046856880188,0.0,0.5703805287679037,0.2550526758035024,0.17456685503323874
4,18,0.11000000000000001,0.67,0.11000000000000001,0.11000000000000001,0.3460150361061096,1.2116755247116089,-0.9082266688346863,0.326455295085907,0.051299711068471254,0.9169601996739705,0.0,0.03173997004826862,2.005507230758667,-1.6719107627868652,-1.3649728298187256,1.9092823266983032,0.5481123924255371,0.0,0.0,0.45188748836517334
4,19,0.11000000000000001,0.67,0.11000000000000001,0.11000000000000001,-0.017368406057357788,0.9401759505271912,0.1583193838596344,-0.06936953961849213,0.0,0.8909282684326172,0.10907170176506042,0.0,0.6923118233680725,-0.42814725637435913,0.7726238965988159,0.12245933711528778,0.4598439335823059,0.0,0.5401560068130493,0.0
4,20,0.11000000000000001,0.67,0.11000000000000001,0.11000000000000001,0.618840217590332,-0.029037147760391235,0.30443745851516724,0.11175231635570526,0.6071635484695435,0.0,0.29276078939437866,0.10007564723491669,0.6396160125732422,0.14361584186553955,-0.09256550669670105,0.30391034483909607,0.6105686028798422,0.11456843217213948,0.0,0.274862935145696
4,21,0.10171339563862927,0.694859813084112,0.1017133956386293,0.1017133956386293,0.3388652801513672,0.3555607199668884,-0.024119332432746887,0.36283156275749207,0.3197794357935588,0.33647487560908,0.0,0.34374571839968365,0.20924727618694305,-0.9802481532096863,0.6470312476158142,1.1274758577346802,0.0,0.0,0.2597777247428894,0.7402223348617554
4,22,0.10171339563862927,0.694859813084112,0.1017133956386293,0.1017133956386293,0.7881327271461487,0.33070144057273865,-0.2333885282278061,0.12899857759475708,0.705521802107493,0.24809051553408307,0.0,0.046387652556101486,0.18560630083084106,-0.4595416784286499,0.48626020550727844,0.8255386352539062,0.019804616769154876,0.0,0.3204585214455923,0.6597369511922201
4,23,0.10171339563862927,0.694859813084112,0.1017133956386293,0.1017133956386293,0.5356592535972595,0.013449281454086304,-0.4407098889350891,0.8721393942832947,0.3317599296569824,0.0,0.0,0.6682400703430176,0.29585903882980347,0.610993504524231,-0.570775032043457,0.6082420349121094,0.12416086594263712,0.4392953316370646,0.0,0.436543862024943
4,24,0.10171339563862927,0.694859813084112,0.1017133956386293,0.1017133956386293,-0.15317502617835999,0.6599506139755249,0.6722662448883057,-0.14173097908496857,0.0,0.4938421845436096,0.5061578154563904,0.0,0.6062507629394531,1.0344046354293823,-0.3946799635887146,-0.37384310364723206,0.2859230637550354,0.7140769362449646,0.0,0.0
4,25,0.10171339563862927,0.694859813084112,0.1017133956386293,0.1017133956386293,0.05513489246368408,0.9094790816307068,-0.1553141325712204,0.16457568109035492,0.012071688969930015,0.8664158781369528,0.0,0.12151247759660086,0.7519533038139343,0.037560075521469116,-0.30659037828445435,0.41837844252586365,0.6667874455451965,0.0,0.0,0.33321258425712585
4,26,0.10171339563862927,0.694859813084112,0.1017133956386293,0.1017133956386293,-0.09839153289794922,0.7709134817123413,-0.032796964049339294,0.3807942867279053,0.0,0.695059597492218,0.0,0.304940402507782,1.0480061769485474,0.5061691999435425,-0.3172198534011841,-0.3916064202785492,0.7709184885025024,0.22908151149749756,0.0,0.0
4,27,0.10171339563862927,0.694859813084112,0.1017133956386293,0.1017133956386293,0.007575169205665588,0.6966947317123413,0.3216795325279236,-0.045430973172187805,0.0,0.6875076293945312,0.3124924302101135,0.0,0.06949703395366669,0.4156714677810669,-0.08861058950424194,0.5461723208427429,0.059050088127454124,0.4052245219548543,0.0,0.5357253750165304
4,28,0.10171339563862927,0.694859813084112,0.1017133956386293,0.1017133956386293,0.31972014904022217,0.8874184489250183,0.339447557926178,-0.5261472463607788,0.13752476374308267,0.7052230636278788,0.15725217262903848,0.0,1.302803635597229,0.30757835507392883,-0.666817307472229,0.17657533288002014,0.9976126551628113,0.0023873746395111084,0.0,0.0
4,29,0.10171339563862927,0.694859813084112,0.1017133956386293,0.1017133956386293,0.1528080403804779,0.7952052354812622,0.235756054520607,-0.2120157927274704,0.09155159195264181,0.7339487870534261,0.1744996060927709,0.0,0.17493754625320435,-0.7737588286399841,0.2819381356239319,1.339457392692566,0.0,0.0,0.0,1.0
4,30,0.10171339563862927,0.694859813084112,0.1017133956386293,0.1017133956386293,0.5385481119155884,0.233785480260849,0.005137920379638672,0.17479240894317627,0.5504821240901947,0.24571949243545532,0.017071932554244995,0.1867264211177826,0.26889270544052124,-1.0483758449554443,0.9387430548667908,0.7900005578994751,0.0,0.0,0.5743712782859802,0.42562878131866455
4,31,0.10171339563862927,0.694859813084112,0.1017133956386293,0.1017133956386293,0.29807937145233154,0.45418602228164673,0.35869163274765015,-0.08486418426036835,0.2610936959584554,0.41720034678777057,0.321705957253774,0.0,0.3277761936187744,0.9740917682647705,0.0545656681060791,-0.268642395734787,0.17684221267700195,0.823157787322998,0.0,0.0
4,32,0.10171339563862927,0.694859813084112,0.1017133956386293,0.1017133956386293,0.696998119354248,-0.14051637053489685,0.2316579669713974,0.2176436334848404,0.6482315460840861,0.0,0.18289139370123544,0.16887706021467844,-0.34548696875572205,-0.3711855411529541,0.732611894607544,0.9522511959075928,0.0,0.0,0.3901803493499756,0.6098196506500244
4,33,0.10171339563862927,0.694859813084112,0.1017133956386293,0.1017133956386293,0.23693375289440155,0.45554402470588684,0.22647248208522797,0.10672201216220856,0.23051567375659943,0.4491259455680847,0.22005440294742584,0.10030393302440643,1.053565502166748,1.4787468910217285,-1.4731507301330566,-0.15935155749320984,0.28740930557250977,0.7125906944274902,0.0,0.0
4,34,0.10171339563862927,0.694859813084112,0.1017133956386293,0.1017133956386293,0.8584161400794983,-0.015997976064682007,0.25470641255378723,-0.04720257222652435,0.8018548488616943,0.0,0.19814512133598328,0.0,-0.23223617672920227,-1.5391473770141602,0.6943134069442749,2.042072057723999,0.0,0.0,0.0,1.0
4,35,0.10171339563862927,0.694859813084112,0.1017133956386293,0.1017133956386293,0.24902857840061188,0.413418173789978,0.23654118180274963,0.06669159233570099,0.25760871171951294,0.4219983071088791,0.2451213151216507,0.07527172565460205,-0.9243036508560181,-0.07737106084823608,1.0620791912078857,1.0686830282211304,0.0,0.0,0.49669814109802246,0.5033019781112671
4,36,0.10171339563862927,0.694859813084112,0.1017133956386293,0.1017133956386293,0.42741239070892334,0.001511305570602417,0.4665836989879608,0.1369272768497467,0.4171046018600464,0.0,0.45627591013908386,0.12661948800086975,-0.2967788279056549,0.09669062495231628,-0.35173165798187256,1.693880558013916,0.0,0.0,0.0,1.0
4,37,0.10171339563862927,0.694859813084112,0.1017133956386293,0.1017133956386293,0.39032840728759766,0.5008590817451477,-0.19123400747776031,0.3418138027191162,0.3126613299051921,0.4231920043627421,0.0,0.26414672533671063,-0.22468382120132446,1.7671828269958496,-0.7263256907463074,0.11723446846008301,0.0,1.0,0.0,0.0
4,38,0.10171339563862927,0.694859813084112,0.1017133956386293,0.1017133956386293,0.10403722524642944,0.5981539487838745,0.2533018887042999,0.05721263587474823,0.10086080431938171,0.5949775278568268,0.2501254677772522,0.0540362149477005,-0.2842290699481964,2.292969226837158,-0.49627429246902466,-0.4636615812778473,0.0,1.0,0.0,0.0
4,39,0.10171339563862927,0.694859813084112,0.1017133956386293,0.1017133956386293,0.38483476638793945,0.505211353302002,0.41736090183258057,-0.36805111169815063,0.28236575921376544,0.40274234612782794,0.31489189465840656,0.0,0.45076984167099,-0.7414773106575012,1.1772480010986328,0.06524400413036346,0.1367608904838562,0.0,0.863239049911499,0.0
4,40,0.10171339563862927,0.694859813084112,0.1017133956386293,0.1017133956386293,0.19708873331546783,0.33470824360847473,0.03258548676967621,0.4177616834640503,0.20155270397663116,0.33917221426963806,0.03704945743083954,0.4222256541252136,0.016825824975967407,0.552812933921814,0.36719566583633423,0.05340571701526642,0.019265800714492798,0.5552529096603394,0.3696356415748596,0.05584569275379181
4,41,0.10911417139666887,0.16226388759653862,0.6195077696101238,0.10911417139666887,0.09267634153366089,0.5010682344436646,0.480604887008667,-0.06053747236728668,0.06789320707321167,0.47628509998321533,0.4558217525482178,0.0,0.5422341823577881,-1.2380459308624268,1.109824538230896,0.5885425806045532,0.12870041529337567,0.0,0.6962907711664836,0.1750088135401408
4,42,0.10911417139666887,0.16226388759653862,0.6195077696101238,0.10911417139666887,-0.4347405433654785,0.7049341201782227,0.5103190541267395,0.2844269871711731,0.0,0.538374106089274,0.3437590400377909,0.11786697308222452,-0.8988627195358276,-0.8025121092796326,0.6331511735916138,2.178145408630371,0.0,0.0,0.0,1.0
4,43,0.10911417139666887,0.16226388759653862,0.6195077696101238,0.10911417139666887,0.19213934242725372,0.2138482630252838,0.48199883103370667,0.1023353636264801,0.19455890357494354,0.21626782417297363,0.4844183921813965,0.10475492477416992,0.07376088201999664,-0.3818972706794739,0.5141646862030029,0.807726263999939,0.0,0.0,0.353219211101532,0.646780788898468
4,44,0.10911417139666887,0.16226388759653862,0.6195077696101238,0.10911417139666887,-0.3330308198928833,0.10679855942726135,1.4205225706100464,-0.17960073053836823,0.0,0.0,1.0,0.0,1.1494157314300537,0.5905541181564331,0.01423025131225586,-0.6970604658126831,0.7794308066368103,0.2205691933631897,0.0,0.0
4,45,0.10911417139666887,0.16226388759653862,0.6195077696101238,0.10911417139666887,-0.4640229344367981,0.7704550623893738,0.5361133217811584,0.1786627620458603,0.0,0.6087113420168558,0.3743696014086405,0.016919041673342378,-0.0713350772857666,-0.008741945028305054,0.36473143100738525,0.7879778146743774,0.0,0.0,0.2883768081665039,0.7116231918334961
4,46,0.10911417139666887,0.16226388759653862,0.6195077696101238,0.10911417139666887,-0.17239642143249512,0.6338788270950317,0.7531324625015259,-0.20696492493152618,0.0,0.44037318229675293,0.5596268177032471,0.0,-0.3126438558101654,1.0975159406661987,0.33433812856674194,-0.10952135920524597,0.0,0.8815889358520508,0.118411123752594,0.0
4,47,0.10911417139666887,0.16226388759653862,0.6195077696101238,0.10911417139666887,-0.6238861680030823,1.744875431060791,0.5276796817779541,-0.5956680178642273,0.0,1.0,0.0,0.0,-1.1833431720733643,0.3859037160873413,0.831123948097229,1.0787522792816162,0.0,0.0,0.3761858344078064,0.6238141655921936
4,48,0.10911417139666887,0.16226388759653862,0.6195077696101238,0.10911417139666887,0.035866767168045044,0.3283764719963074,-0.060979947447776794,0.6276550889015198,0.03856733441352844,0.33107703924179077,0.0,0.6303556561470032,-0.5761749744415283,0.6478311419487,1.24113929271698,-0.26393935084342957,0.0,0.20334595441818237,0.7966541051864624,0.0
4,49,0.10911417139666887,0.16226388759653862,0.6195077696101238,0.10911417139666887,-0.3083072900772095,0.679262638092041,0.527146577835083,0.09768256545066833,0.0,0.576058030128479,0.423941969871521,0.0,-0.3311038315296173,-0.8936863541603088,0.8618570566177368,1.3487259149551392,0.0,0.0,0.25656557083129883,0.7434344291687012
4,50,0.10911417139666887,0.16226388759653862,0.6195077696101238,0.10911417139666887,-0.1404057741165161,0.8725220561027527,-0.011416807770729065,0.2657884657382965,0.0,0.8033667802810669,0.0,0.19663318991661072,1.39137601852417,0.246559739112854,0.18208539485931396,-0.925389289855957,1.0,0.0,0.0,0.0
4,51,0.10911417139666887,0.16226388759653862,0.6195077696101238,0.10911417139666887,0.2679997682571411,0.19019675254821777,0.6182151436805725,-0.0481482595205307,0.24252919356028238,0.16472617785135904,0.5927445689837137,0.0,0.991978645324707,-2.1102023124694824,1.596306324005127,0.5348650813102722,0.19783616065979004,0.0,0.80216383934021,0.0
4,52,0.10911417139666887,0.16226388759653862,0.6195077696101238,0.10911417139666887,0.40554332733154297,0.7443627119064331,-0.11609970033168793,-0.07338465750217438,0.33059030771255493,0.6694096922874451,0.0,0.0,0.858797550201416,-1.9959561824798584,0.7725391983985901,1.4629499912261963,0.16070199012756348,0.0,0.07444363832473755,0.7648544311523438
4,53,0.10911417139666887,0.16226388759653862,0.6195077696101238,0.10911417139666887,-0.14328700304031372,0.7549313306808472,0.7012097835540771,-0.29452013969421387,0.0,0.526860773563385,0.473139226436615,0.0,0.2765575051307678,1.4575555324554443,-0.058915168046951294,-0.6967718601226807,0.0,1.0,0.0,0.0
4,54,0.10911417139666887,0.16226388759653862,0.6195077696101238,0.10911417139666887,-0.1718682050704956,1.24026358127594,-0.3742848038673401,0.30199891328811646,0.0,0.9691323041915894,0.0,0.03086763620376587,-0.9294934272766113,1.0488231182098389,0.06234942376613617,0.8077696561813354,0.0,0.6205267310142517,0.0,0.3794732689857483
4,55,0.10911417139666887,0.16226388759653862,0.6195077696101238,0.10911417139666887,-0.5515831708908081,0.9377884864807129,0.5624746084213257,0.032713860273361206,0.0,0.6876569390296936,0.3123430609703064,0.0,0.4273947775363922,-0.9002943634986877,0.891828715801239,0.48132216930389404,0.16054625312487286,0.0,0.6249801913897197,0.2144736448923747
4,56,0.10911417139666887,0.16226388759653862,0.6195077696101238,0.10911417139666887,-0.5151932239532471,0.9263522624969482,0.5908909440040588,0.0030577480792999268,0.0,0.6677306890487671,0.3322693705558777,0.0,-0.05094420909881592,-0.6713758707046509,0.7332217693328857,1.0857924222946167,0.0,0.0,0.3237146735191345,0.6762853264808655
4,57,0.10911417139666887,0.16226388759653862,0.6195077696101238,0.10911417139666887,0.15358805656433105,0.2964365482330322,0.23024164140224457,0.3231074810028076,0.1527446210384369,0.29559311270713806,0.2293982058763504,0.32226404547691345,-0.6637965440750122,0.6524325609207153,1.0244978666305542,-0.056403279304504395,0.0,0.31396734714508057,0.6860326528549194,0.0
4,58,0.10911417139666887,0.16226388759653862,0.6195077696101238,0.10911417139666887,0.8126434087753296,0.5461033582687378,-0.2972766160964966,-0.09001852571964264,0.6332700252532959,0.3667299747467041,0.0,0.0,-0.314027339220047,-0.2643251419067383,0.4274079501628876,1.0818686485290527,0.0,0.0,0.17276963591575623,0.8272303342819214
4,59,0.10911417139666887,0.16226388759653862,0.6195077696101238,0.10911417139666887,0.11994311213493347,0.3946777582168579,0.550550103187561,-0.049151405692100525,0.0982194443543752,0.3729540904362996,0.5288264354070028,0.0,-0.12132221460342407,-0.24990087747573853,0.6167118549346924,0.8432132005691528,0.0,0.0,0.3867493271827698,0.6132506728172302
4,60,0.10911417139666887,0.16226388759653862,0.6195077696101238,0.10911417139666887,0.09857502579689026,0.3791079521179199,0.48688676953315735,0.027852922677993774,0.10046938061714172,0.3810023069381714,0.4887811243534088,0.02974727749824524,0.0276450514793396,0.4249892830848694,0.341486394405365,0.21911735832691193,0.024335533380508423,0.4216797649860382,0.3381768763065338,0.21580784022808075
4,61,0.10183424029932224,0.10272770216686403,0.6936038172344914,0.10183424029932224,0.5945981740951538,-0.43653661012649536,0.47852569818496704,0.3410877585411072,0.45652759075164795,0.0,0.3404551148414612,0.20301717519760132,1.1507960557937622,-0.9374650120735168,0.5704869031906128,0.29506915807724,0.7901545763015747,0.0,0.2098454236984253,0.0
4,62,0.10183424029932224,0.10272770216686403,0.6936038172344914,0.10183424029932224,-0.1209540069103241,0.13809579610824585,0.08719494938850403,0.8923944234848022,0.0,0.09886743625005087,0.047966589530309044,0.8531660636266073,0.3887874484062195,-0.4440777897834778,1.897148847579956,-0.5825800895690918,0.0,0.0,1.0,0.0
4,63,0.10183424029932224,0.10272770216686403,0.6936038172344914,0.10183424029932224,0.06547078490257263,0.08992791175842285,0.9512605667114258,-0.10762371122837067,0.02991768717765808,0.0543748140335083,0.9157074689865112,0.0,1.0823196172714233,-0.11369296908378601,0.27062955498695374,-0.22934260964393616,0.905845046043396,0.0,0.09415498375892639,0.0
4,64,0.10183424029932224,0.10272770216686403,0.6936038172344914,0.10183424029932224,0.012159556150436401,-0.5254564881324768,1.1503713130950928,0.4434162378311157,0.0,0.0,0.8534775376319885,0.14652246236801147,0.0015448927879333496,-0.153823584318161,0.8746664524078369,0.3903716504573822,0.0,0.0,0.7421473860740662,0.25785258412361145
4,65,0.10183424029932224,0.10272770216686403,0.6936038172344914,0.10183424029932224,-0.14290153980255127,0.04022926092147827,0.9194363951683044,0.19057683646678925,0.0,0.0,0.864429771900177,0.1355702131986618,-0.05161336064338684,1.0182132720947266,-0.1986590027809143,0.3100545406341553,0.0,0.8540793657302856,0.0,0.14592063426971436
4,66,0.10183424029932224,0.10272770216686403,0.6936038172344914,0.10183424029932224,0.31955385208129883,-0.18171483278274536,0.5920462012290955,0.2975598871707916,0.24983386198679608,0.0,0.5223262111345927,0.22783989707628888,1.2634989023208618,-1.1011340618133545,1.2689018249511719,-0.43130025267601013,0.49729859828948975,0.0,0.5027015209197998,0.0
4,67,0.10183424029932224,0.10272770216686403,0.6936038172344914,0.10183424029932224,-0.48295164108276367,0.3147280812263489,0.885727047920227,0.3035236895084381,0.0,0.14673513174057007,0.7177340984344482,0.1355307400226593,-0.3668089807033539,0.7105841040611267,-0.0967283844947815,0.745418131351471,0.0,0.4825829863548279,0.0,0.5174170136451721
4,68,0.10183424029932224,0.10272770216686403,0.6936038172344914,0.10183424029932224,-0.3336966037750244,-0.027191877365112305,0.6848137974739075,0.7083173990249634,0.0,0.0,0.48824816942214966,0.5117517709732056,-0.23289671540260315,0.8428940176963806,-0.0067872703075408936,0.3246338963508606,0.0,0.75913006067276,0.0,0.24086993932724
4,69,0.10183424029932224,0.10272770216686403,0.6936038172344914,0.10183424029932224,-0.1255100667476654,0.33348777890205383,1.2144107818603516,-0.3817880153656006,0.0,0.05953851342201233,0.9404615163803101,0.0,0.626712441444397,-1.1309874057769775,0.12093736231327057,1.3525713682174683,0.13707053661346436,0.0,0.0,0.8629294633865356
4,70,0.10183424029932224,0.10272770216686403,0.6936038172344914,0.10183424029932224,-0.2578107714653015,0.1001984030008316,0.7854864597320557,0.32879605889320374,0.0,0.028704777359962463,0.7139928340911865,0.2573024332523346,-0.5745505094528198,0.27972903847694397,0.831382155418396,0.6296114921569824,0.0,0.03282148639361063,0.5844746033350626,0.38270394007364905
4,71,0.10183424029932224,0.10272770216686403,0.6936038172344914,0.10183424029932224,-0.30810093879699707,0.5582443475723267,1.3812962770462036,-0.6185387969017029,0.0,0.08847403526306152,0.9115259647369385,0.0,-0.162565678358078,-0.003913253545761108,0.6493712663650513,0.5307972431182861,0.0,0.0,0.5592870116233826,0.44071298837661743
4,72,0.10183424029932224,0.10272770216686403,0.6936038172344914,0.10183424029932224,-0.5388710498809814,0.5608157515525818,0.8743987083435059,0.0921863466501236,0.0,0.3432084918022156,0.6567914485931396,0.0,-1.463944911956787,1.5154883861541748,0.4780319929122925,0.6487341523170471,0.0,0.9333771467208862,0.0,0.06662291288375854
4,73,0.10183424029932224,0.10272770216686403,0.6936038172344914,0.10183424029932224,-0.22052836418151855,1.2174872159957886,0.037116989493370056,0.006078928709030151,0.0,1.0,0.0,0.0,-0.14810410141944885,-0.7213690280914307,1.0013065338134766,0.7314786911010742,0.0,0.0,0.6349139213562012,0.36508607864379883
4,74,0.10183424029932224,0.10272770216686403,0.6936038172344914,0.10183424029932224,0.04444566369056702,1.257502555847168,0.03158675134181976,-0.3121582269668579,0.0,1.0,0.0,0.0,1.561211347579956,-0.05380743741989136,-0.4427495002746582,-0.08209919929504395,1.0,0.0,0.0,0.0
4,75,0.10183424029932224,0.10272770216686403,0.6936038172344914,0.10183424029932224,0.001590639352798462,1.309556007385254,-0.16506417095661163,-0.11119683086872101,0.0,1.0,0.0,0.0,-0.4521476924419403,1.2505207061767578,-0.4462425708770752,0.6870421767234802,0.0,0.7817392349243164,0.0,0.21826070547103882
4,76,0.10183424029932224,0.10272770216686403,0.6936038172344914,0.10183424029932224,-0.8482924699783325,1.0348496437072754,0.49114319682121277,0.3010035753250122,0.0,0.7591841618220012,0.21547771493593854,0.025338093439737974,-0.4002736508846283,1.1383366584777832,0.062015876173973083,0.25921058654785156,0.0,0.9395630359649658,0.0,0.06043696403503418
4,77,0.10183424029932224,0.10272770216686403,0.6936038172344914,0.10183424029932224,-0.30072396993637085,0.6340726613998413,0.8896501660346985,-0.19173435866832733,0.0,0.372211217880249,0.6277887225151062,0.0,0.042453572154045105,0.0781802088022232,-0.5249058604240417,1.262134075164795,0.0,0.0,0.0,1.0
4,78,0.10183424029932224,0.10272770216686403,0.6936038172344914,0.10183424029932224,-0.18601518869400024,0.9582545161247253,0.2816150486469269,-0.01615370810031891,0.0,0.838319718837738,0.16168025135993958,0.0,0.5485132932662964,-0.2748602628707886,0.15600794553756714,0.5200072526931763,0.4736704428990682,0.0,0.08116509517033894,0.44516440232594806
4,79,0.10183424029932224,0.10272770216686403,0.6936038172344914,0.10183424029932224,0.17175650596618652,0.1325104981660843,0.17077243328094482,0.5218425989151001,0.1725360006093979,0.13328999280929565,0.1715519279241562,0.5226220935583115,-0.2822372615337372,-0.6696850657463074,1.6434214115142822,0.24933362007141113,0.0,0.0,1.0,0.0
4,80,0.10183424029932224,0.10272770216686403,0.6936038172344914,0.10183424029932224,-0.008893311023712158,0.2076159119606018,0.5395569801330566,0.29073622822761536,0.0,0.1949795683224996,0.5269206364949545,0.2780998845895131,0.08288462460041046,0.34157389402389526,0.08920487761497498,0.48697274923324585,0.08272556960582733,0.34141483902931213,0.08904582262039185,0.4868136942386627
4,81,0.6195998549399188,0.10919576600054005,0.1620885921307707,0.10911578692877057,0.3160284757614136,0.33830970525741577,0.08601692318916321,0.298833966255188,0.30623120069503784,0.32851243019104004,0.07621964812278748,0.28903669118881226,-0.33469823002815247,0.4668489098548889,0.030674010515213013,0.7196989059448242,0.0,0.37357503175735474,0.0,0.62642502784729
4,82,0.6195998549399188,0.10919576600054005,0.1620885921307707,0.10911578692877057,-0.2401215136051178,0.10190188884735107,0.5832293033599854,0.53464674949646,0.0,0.028642574946085617,0.5099699894587199,0.4613874355951945,-0.34730592370033264,-1.508349895477295,1.8383164405822754,0.9919899702072144,0.0,0.0,0.9231631755828857,0.07683670520782471
4,83,0.6195998549399188,0.10919576600054005,0.1620885921307707,0.10911578692877057,-0.5555306077003479,0.7194446325302124,0.4518250823020935,0.36249175667762756,0.0,0.5415241718292236,0.27390462160110474,0.1845712959766388,-0.47764065861701965,0.5974797010421753,-0.5138939023017883,1.3846341371536255,0.0,0.1064227819442749,0.0,0.8935772180557251
4,84,0.6195998549399188,0.10919576600054005,0.1620885921307707,0.10911578692877057,0.09546846151351929,-0.15979692339897156,1.1341514587402344,-0.03941451013088226,0.0,0.0,1.0,0.0,-0.09795808792114258,0.18834742903709412,0.47284775972366333,0.41900813579559326,0.0,0.161612997452418,0.44611332813898724,0.3922737042109172
4,85,0.6195998549399188,0.10919576600054005,0.1620885921307707,0.10911578692877057,0.01023198664188385,0.04572972655296326,0.45257407426834106,0.5298590064048767,0.0006332844495773315,0.03613102436065674,0.44297537207603455,0.5202603042125702,-0.5289051532745361,-0.6157806515693665,0.062353312969207764,2.0965800285339355,0.0,0.0,0.0,1.0
4,86,0.6195998549399188,0.10919576600054005,0.1620885921307707,0.10911578692877057,0.04391203820705414,0.051790088415145874,0.2665114998817444,0.6560373306274414,0.039349302649497986,0.04722735285758972,0.26194876432418823,0.6514745950698853,0.05950368940830231,-0.21414107084274292,0.2188914269208908,0.9512888193130493,0.0,0.0,0.13380132615566254,0.866198718547821
4,87,0.6195998549399188,0.10919576600054005,0.1620885921307707,0.10911578692877057,0.14480087161064148,0.2687256336212158,-0.319490909576416,0.9295929670333862,0.030427704254786178,0.15435246626536053,0.0,0.8152197996775309,-0.8329164981842041,-1.880150556564331,1.7348058223724365,1.9967540502548218,0.0,0.0,0.36902594566345215,0.6309741735458374
4,88,0.6195998549399188,0.10919576600054005,0.1620885921307707,0.10911578692877057,0.23409923911094666,-0.01955452561378479,0.5845013856887817,0.24586106836795807,0.21261200308799744,0.0,0.5630141496658325,0.22437383234500885,-0.8781887292861938,0.699307918548584,0.2270250767469406,1.0547804832458496,0.0,0.3222637176513672,0.0,0.6777362823486328
4,89,0.6195998549399188,0.10919576600054005,0.1620885921307707,0.10911578692877057,1.0522031784057617,-0.6807311773300171,-0.261341392993927,0.9146974086761475,0.5687528848648071,0.0,0.0,0.43124711513519287,-0.4847320020198822,0.4174923002719879,1.0211358070373535,0.14324504137039185,0.0,0.1981782615184784,0.801821768283844,0.0
4,90,0.6195998549399188,0.10919576600054005,0.1620885921307707,0.10911578692877057,0.2543061673641205,-0.1925983726978302,0.07693594694137573,0.8846953511238098,0.18232704202334088,0.0,0.004956821600596115,0.8127162257830302,-0.20428842306137085,1.5542612075805664,-0.5347787737846375,0.1638917475938797,0.0,1.0,0.0,0.0
4,91,0.6195998549399188,0.10919576600054005,0.1620885921307707,0.10911578692877057,0.8541099429130554,-0.7052796483039856,0.7309707999229431,0.10155653953552246,0.5615695714950562,0.0,0.43843042850494385,0.0,1.0848066806793213,0.17899057269096375,-0.16720616817474365,-0.03775826096534729,0.9529080390930176,0.047091931104660034,0.0,0.0
4,92,0.6195998549399188,0.10919576600054005,0.1620885921307707,0.10911578692877057,-0.1309131383895874,0.1668441891670227,1.4477765560150146,-0.45578712224960327,0.0,0.0,1.0,0.0,-0.06306329369544983,0.521207332611084,-0.29981106519699097,1.000393033027649,0.0,0.26040714979171753,0.0,0.7395928502082825
4,93,0.6195998549399188,0.10919576600054005,0.1620885921307707,0.10911578692877057,0.006525903940200806,0.8305032253265381,0.7456071972846985,-0.5311146378517151,0.0,0.5424480438232422,0.4575520157814026,0.0,-0.602569580078125,0.528583824634552,0.08703151345252991,0.9702104330062866,0.0,0.2791866660118103,0.0,0.7208132743835449
4,94,0.6195998549399188,0.10919576600054005,0.1620885921307707,0.10911578692877057,0.5069330930709839,0.6797611117362976,0.2206183820962906,-0.41023844480514526,0.3711622556050619,0.5439902742703756,0.08484754463036856,0.0,-0.24381029605865479,1.0936357975006104,0.23785145580768585,-0.11861476302146912,0.0,0.9278921484947205,0.07210780680179596,0.0
4,95,0.6195998549399188,0.10919576600054005,0.1620885921307707,0.10911578692877057,0.39230626821517944,0.7463877201080322,0.21726395189762115,-0.37561923265457153,0.27365360657374066,0.6277350584665934,0.09861129025618236,0.0,-0.453642874956131,-0.23396536707878113,0.10133446753025055,1.479034423828125,0.0,0.0,0.0,1.0
4,96,0.6195998549399188,0.10919576600054005,0.1620885921307707,0.10911578692877057,0.24330218136310577,0.39329957962036133,0.48098134994506836,-0.10842771828174591,0.20410779615243277,0.3541051944096883,0.4417869647343953,0.0,0.16032914817333221,-0.11948639154434204,0.75319504737854,0.36053287982940674,0.06897680461406708,0.0,0.6618427038192749,0.2691805362701416
4,97,0.6195998549399188,0.10919576600054005,0.1620885921307707,0.10911578692877057,0.43163615465164185,0.6684601306915283,1.0847053527832031,-1.1248987913131714,0.03670229514439899,0.27352627118428546,0.6897714932759602,0.0,0.42121100425720215,-0.3674048185348511,0.8958396315574646,0.09648172557353973,0.2626856565475464,0.0,0.7373142838478088,0.0
4,98,0.6195998549399188,0.10919576600054005,0.1620885921307707,0.10911578692877057,0.531661868095398,0.4126285910606384,0.1995878964662552,-0.13904903829097748,0.4837024211883545,0.36466914415359497,0.15162844955921173,0.0,0.11595162749290466,0.7878968119621277,0.20127195119857788,-0.08156022429466248,0.08091148734092712,0.7528566718101501,0.16623181104660034,0.0
4,99,0.6195998549399188,0.10919576600054005,0.1620885921307707,0.10911578692877057,0.19238963723182678,0.46612441539764404,0.9521353840827942,-0.5973169803619385,0.0,0.25699448585510254,0.7430054545402527,0.0,0.11822988092899323,-0.0845775306224823,0.6401885747909546,0.28541773557662964,0.10361780226230621,0.0,0.6255764961242676,0.2708056569099426
4,100,0.6195998549399188,0.10919576600054005,0.1620885921307707,0.10911578692877057,0.5225310325622559,0.32995593547821045,-0.04996161162853241,0.2092471718788147,0.5019529660542806,0.30937786897023517,0.0,0.18866910537083945,0.2638179659843445,0.3308262825012207,0.2243041843175888,0.19655264914035797,0.2599426805973053,0.3269509971141815,0.22042889893054962,0.1926773637533188
4,101,0.6936062889669193,0.10183534676027285,0.10272436178929249,0.10183400248351526,-0.10833194851875305,0.4242997169494629,0.8341869115829468,-0.07956300675868988,0.0,0.29505640268325806,0.7049435973167419,0.0,-0.18224897980690002,0.1632719337940216,0.05538751184940338,0.9433791637420654,0.0,0.10925907890001932,0.0013746569554011004,0.8893663088480631
4,102,0.6936062889669193,0.10183534676027285,0.10272436178929249,0.10183400248351526,0.06353460252285004,-0.12330079078674316,0.808859646320343,0.27916693687438965,0.013014222184816994,0.0,0.7583392659823099,0.2286465565363566,-0.03752675652503967,1.0964986085891724,-0.19529834389686584,0.11588236689567566,0.0,0.9903081059455872,0.0,0.009691864252090454
4,103,0.6936062889669193,0.10183534676027285,0.10272436178929249,0.10183400248351526,0.38409745693206787,0.010194078087806702,0.3762449026107788,0.18249374628067017,0.3958399146795273,0.021936535835266113,0.3879873603582382,0.19423620402812958,0.43420907855033875,-0.27211612462997437,0.7862317562103271,-0.01703295111656189,0.3239886462688446,0.0,0.676011323928833,0.0
4,104,0.6936062889669193,0.10183534676027285,0.10272436178929249,0.10183400248351526,-0.27307748794555664,0.5580268502235413,0.691801905632019,0.04056122899055481,0.0,0.4331124424934387,0.5668874979019165,0.0,-0.6371492147445679,0.7344473600387573,-0.25879019498825073,1.2257380485534668,0.0,0.25435465574264526,0.0,0.7456453442573547
4,105,0.6936062889669193,0.10183534676027285,0.10272436178929249,0.10183400248351526,-0.3277164697647095,0.05943876504898071,0.8855768442153931,0.39661356806755066,0.0,0.0,0.74448162317276,0.2555183470249176,0.3648136854171753,-0.5150468349456787,-0.114239901304245,1.370566487312317,0.0,0.0,0.0,1.0
4,106,0.6936062889669193,0.10183534676027285,0.10272436178929249,0.10183400248351526,-0.617743968963623,0.4385893940925598,0.8908810615539551,0.2399372160434723,0.0,0.24878686666488647,0.7010785341262817,0.05013468861579895,-0.30476114153862,0.48971831798553467,-0.202298104763031,1.0436152219772339,0.0,0.2230515480041504,0.0,0.7769484519958496
4,107,0.6936062889669193,0.10183534676027285,0.10272436178929249,0.10183400248351526,-0.4136784076690674,0.3042837679386139,0.7104547023773193,0.3833944797515869,0.0,0.17157279451688132,0.5777437289555868,0.25068350632985437,-0.7579231262207031,-0.49599987268447876,0.18634672462940216,2.101583480834961,0.0,0.0,0.0,1.0
4,108,0.6936062889669193,0.10183534676027285,0.10272436178929249,0.10183400248351526,0.05268654227256775,-0.2682490944862366,0.11495839059352875,1.0956604480743408,0.0,0.0,0.009648963809013367,0.9903510212898254,0.025436580181121826,-0.06552410125732422,0.5360571146011353,0.6286106109619141,0.0,0.0,0.4537232518196106,0.5462767481803894
4,109,0.6936062889669193,0.10183534676027285,0.10272436178929249,0.10183400248351526,0.43395668268203735,-0.4286894202232361,-0.008570536971092224,1.0135936737060547,0.21018153429031372,0.0,0.0,0.789818525314331,0.5106583833694458,-1.157188892364502,0.5547163486480713,1.0723799467086792,0.13140682379404706,0.0,0.17546478907267254,0.6931283871332805
4,110,0.6936062889669193,0.10183534676027285,0.10272436178929249,0.10183400248351526,0.21033135056495667,-0.21981576085090637,0.10413707792758942,0.9027343392372131,0.13793042302131653,0.0,0.03173615038394928,0.830333411693573,0.5330262780189514,0.35004863142967224,-0.8684907555580139,0.9849256277084351,0.2436927358309428,0.06071508924166363,0.0,0.6955920855204265
4,111,0.6936062889669193,0.10183534676027285,0.10272436178929249,0.10183400248351526,0.3178020119667053,-0.0281505286693573,0.5027567744255066,0.23903290927410126,0.2979381283124288,0.0,0.48289289077123004,0.21916902561982474,0.5244686603546143,-0.662088930606842,0.7410976886749268,0.4538242816925049,0.2846717834472656,0.0,0.5013008117675781,0.21402740478515625
4,112,0.6936062889669193,0.10183534676027285,0.10272436178929249,0.10183400248351526,0.11804990470409393,0.03600838780403137,1.1230871677398682,-0.299369215965271,0.0,0.0,1.0,0.0,0.48069480061531067,-0.457583487033844,0.4017711877822876,0.7028539180755615,0.28558817505836487,0.0,0.2066645622253418,0.5077472925186157
4,113,0.6936062889669193,0.10183534676027285,0.10272436178929249,0.10183400248351526,0.08507110178470612,0.1600607931613922,1.2135276794433594,-0.470681369304657,0.0,0.0,1.0,0.0,-0.15915045142173767,-0.1971367597579956,0.3242321014404297,1.012201189994812,0.0,0.0,0.15601545572280884,0.8439845442771912
4,114,0.6936062889669193,0.10183534676027285,0.10272436178929249,0.10183400248351526,-0.11387801170349121,0.8308793306350708,0.5313962697982788,-0.2512131929397583,0.0,0.649741530418396,0.350258469581604,0.0,0.6363925933837891,0.4565577507019043,-0.41840529441833496,0.29747650027275085,0.5062503019968668,0.32641545931498206,0.0,0.16733420888582864
4,115,0.6936062889669193,0.10183534676027285,0.10272436178929249,0.10183400248351526,0.35264191031455994,0.3374037742614746,0.4945203959941864,-0.17600537836551666,0.29111990332603455,0.2758817672729492,0.432998389005661,0.0,0.4934648275375366,0.3501634895801544,0.11357437074184418,0.08496850728988647,0.4829220175743103,0.3396206796169281,0.10303156077861786,0.07442569732666016
4,116,0.6936062889669193,0.10183534676027285,0.10272436178929249,0.10183400248351526,0.4143308401107788,0.23795263469219208,0.5784485340118408,-0.21935395896434784,0.33742018540700275,0.16104197998841602,0.5015378793080648,0.0,0.9077385663986206,-0.4635657072067261,0.22803224623203278,0.33379825949668884,0.7512155373891195,0.0,0.07150921722253165,0.1772752304871877
4,117,0.6936062889669193,0.10183534676027285,0.10272436178929249,0.10183400248351526,0.425898015499115,0.3257650136947632,0.5746652483940125,-0.24356494843959808,0.3171219229698181,0.2169889211654663,0.4658891558647156,0.0,-0.41720303893089294,-0.3744240403175354,0.2127029150724411,1.4248435497283936,0.0,0.0,0.0,1.0
4,118,0.6936062889669193,0.10183534676027285,0.10272436178929249,0.10183400248351526,0.9863871932029724,-0.46479880809783936,0.32779553532600403,0.1444110870361328,0.829295814037323,0.0,0.17070415616035461,0.0,1.2579253911972046,-0.7590293288230896,-0.3853725790977478,0.7765377759933472,0.7406938076019287,0.0,0.0,0.2593061923980713
4,119,0.6936062889669193,0.10183534676027285,0.10272436178929249,0.10183400248351526,1.2305779457092285,-0.21339643001556396,0.22342494130134583,-0.24360914528369904,1.0,0.0,0.0,0.0,1.7661141157150269,0.6072267293930054,-1.110297679901123,-0.18624132871627808,1.0,0.0,0.0,0.0
4,120,0.6936062889669193,0.10183534676027285,0.10272436178929249,0.10183400248351526,0.6749395132064819,-0.02644166350364685,0.3796432614326477,-0.007174506783485413,0.6476480960845947,0.0,0.3523518443107605,0.0,0.5851727724075317,0.3065703809261322,0.07882493734359741,0.02981249988079071,0.5850776135921478,0.3064752221107483,0.0787297785282135,0.0297173410654068
4,121,0.16208823942898157,0.6196006972196642,0.10919538197882045,0.10911568137253375,-0.09806421399116516,0.4900241494178772,0.7211507558822632,-0.04078499972820282,0.0,0.3844366669654846,0.6155632734298706,0.0,-0.8324264287948608,0.1210554987192154,1.4319911003112793,0.29015862941741943,0.0,0.0,1.0,0.0
4,122,0.16208823942898157,0.6196006972196642,0.10919538197882045,0.10911568137253375,0.22360917925834656,-0.04369428753852844,0.035086020827293396,0.7964149713516235,0.20523910721143088,0.0,0.016715948780377705,0.7780448993047079,1.2284059524536133,-0.2902175188064575,0.15524080395698547,-0.12780234217643738,1.0,0.0,0.0,0.0
4,123,0.16208823942898157,0.6196006972196642,0.10919538197882045,0.10911568137253375,-0.014568150043487549,0.4296359419822693,0.44697028398513794,0.19209736585617065,0.0,0.4067347248395284,0.42406906684239704,0.16919614871342978,0.4402488172054291,-0.030866533517837524,-1.061741590499878,1.6032497882843018,0.0,0.0,0.0,1.0
4,124,0.16208823942898157,0.6196006972196642,0.10919538197882045,0.10911568137253375,0.6850322484970093,-0.4746067523956299,0.4514192044734955,0.3412661552429199,0.5257930358250936,0.0,0.29217999180157983,0.18202694257100424,0.9885932207107544,0.14247173070907593,-0.5822525024414062,0.5260817408561707,0.7312557697296143,0.0,0.0,0.2687442898750305
4,125,0.16208823942898157,0.6196006972196642,0.10919538197882045,0.10911568137253375,0.5717862248420715,-0.334877610206604,0.44036319851875305,0.3306615948677063,0.45751585563023883,0.0,0.32609282930692035,0.2163912256558736,-0.2861035168170929,-0.26703596115112305,0.9568690061569214,0.5592460036277771,0.0,0.0,0.6988115310668945,0.30118852853775024
4,126,0.16208823942898157,0.6196006972196642,0.10919538197882045,0.10911568137253375,0.14548450708389282,0.21759064495563507,0.8447970151901245,-0.2219361811876297,0.07619378964106242,0.14829992751280469,0.7755062977472941,0.0,0.8032130002975464,0.2956523001194,0.698747456073761,-0.7954732179641724,0.5373420715332031,0.029781371355056763,0.4328765273094177,0.0
4,127,0.16208823942898157,0.6196006972196642,0.10919538197882045,0.10911568137253375,0.10878355801105499,0.22036591172218323,0.589483916759491,0.08309909701347351,0.10835044085979462,0.21993279457092285,0.5890507996082306,0.08266597986221313,0.8370459079742432,-1.3245878219604492,1.195416808128357,0.3142140209674835,0.3208146095275879,0.0,0.6791855096817017,0.0
4,128,0.16208823942898157,0.6196006972196642,0.10919538197882045,0.10911568137253375,-0.31028425693511963,0.6032533049583435,0.7297042608261108,-0.052467718720436096,0.0,0.4367745518684387,0.563225507736206,0.0,-0.031545668840408325,0.8306330442428589,0.1911276876926422,0.08123281598091125,0.0,0.7963018814722697,0.156796524922053,0.04690165321032206
4,129,0.16208823942898157,0.6196006972196642,0.10919538197882045,0.10911568137253375,-0.45148319005966187,0.702384352684021,0.6701457500457764,0.08958850800991058,0.0,0.5161193013191223,0.4838806986808777,0.0,0.6811755299568176,0.6223903894424438,-0.7483861446380615,0.4514780044555664,0.4294942021369934,0.37070906162261963,0.0,0.1997966766357422
4,130,0.16208823942898157,0.6196006972196642,0.10919538197882045,0.10911568137253375,0.02390219271183014,0.21824726462364197,0.5960891246795654,0.1677611768245697,0.022402241826057434,0.21674731373786926,0.5945891737937927,0.166261225938797,0.6849325895309448,0.16997766494750977,-1.1067054271697998,1.2266777753829956,0.2291274070739746,0.0,0.0,0.7708725929260254
4,131,0.16208823942898157,0.6196006972196642,0.10919538197882045,0.10911568137253375,-0.5216029286384583,0.48500508069992065,0.9270848035812378,0.08261600136756897,0.0,0.2789601683616638,0.721039891242981,0.0,0.062052249908447266,-1.8631441593170166,1.8890585899353027,1.0057644844055176,0.0,0.0,0.9416470527648926,0.05835294723510742
4,132,0.16208823942898157,0.6196006972196642,0.10919538197882045,0.10911568137253375,-0.00767245888710022,0.20414069294929504,0.5991986989974976,0.20509544014930725,0.0,0.20132910211881003,0.5963871081670126,0.20228384931882223,-0.8949055671691895,-0.05028939247131348,1.6409633159637451,0.42853811383247375,0.0,0.0,1.0,0.0
4,133,0.16208823942898157,0.6196006972196642,0.10919538197882045,0.10911568137253375,0.4161354899406433,0.1328875720500946,0.24485833942890167,0.1473272442817688,0.4308333396911621,0.1475854218006134,0.25955618917942047,0.1620250940322876,0.7907490730285645,-0.14516624808311462,-0.6282260417938232,0.971877932548523,0.40943557024002075,0.0,0.0,0.5905644297599792
4,134,0.16208823942898157,0.6196006972196642,0.10919538197882045,0.10911568137253375,0.14983084797859192,0.7697397470474243,0.5381482243537903,-0.4481586813926697,0.0,0.6157957315444946,0.3842042088508606,0.0,0.17884297668933868,-0.9562929272651672,0.5135365724563599,1.2503844499588013,0.0,0.0,0.1315760612487793,0.8684239387512207
4,135,0.16208823942898157,0.6196006972196642,0.10919538197882045,0.10911568137253375,0.5551772117614746,0.25331565737724304,0.18227428197860718,-0.022698745131492615,0.5582548181215922,0.25639326373736065,0.18535188833872476,0.0,0.4660181999206543,-1.5085773468017578,0.3511100113391876,1.7109076976776123,0.0,0.0,0.0,1.0
4,136,0.16208823942898157,0.6196006972196642,0.10919538197882045,0.10911568137253375,0.33265289664268494,-0.10707780718803406,0.472661554813385,0.2860775589942932,0.3021888832251231,0.0,0.4421975413958232,0.2556135455767314,-0.566603422164917,-1.1150634288787842,1.212606430053711,1.5421092510223389,0.0,0.0,0.33524858951568604,0.664751410484314
4,137,0.16208823942898157,0.6196006972196642,0.10919538197882045,0.10911568137253375,0.5137473344802856,0.5486234426498413,0.07283344864845276,-0.15781833231449127,0.4686792691548665,0.5035553773244222,0.027765383323033653,0.0,0.746721088886261,-0.605991005897522,-0.2251867949962616,1.0305100679397583,0.35810548067092896,0.0,0.0,0.6418944597244263
4,138,0.16208823942898157,0.6196006972196642,0.10919538197882045,0.10911568137253375,0.6022608876228333,0.4957997798919678,0.45716357231140137,-0.5280900001525879,0.4171861608823141,0.3107250531514486,0.2720888455708822,0.0,-0.006750732660293579,-0.9417498707771301,0.429548442363739,1.5884511470794678,0.0,0.0,0.0,1.0
4,139,0.16208823942898157,0.6196006972196642,0.10919538197882045,0.10911568137253375,0.7218649387359619,0.10627876222133636,0.17998385429382324,0.009252876043319702,0.7175198197364807,0.10193364322185516,0.17563873529434204,0.004907757043838501,-0.35133638978004456,-0.22252848744392395,0.5798574686050415,1.0232547521591187,0.0,0.0,0.2783013582229614,0.7216986417770386
4,140,0.16208823942898157,0.6196006972196642,0.10919538197882045,0.10911568137253375,0.5987337231636047,0.2458411008119583,0.12043924629688263,0.04324254393577576,0.5966695845127106,0.24377696216106415,0.11837510764598846,0.04117840528488159,0.310262531042099,0.33596259355545044,0.24059173464775085,0.11553668975830078,0.30967414379119873,0.33537420630455017,0.24000334739685059,0.11494830250740051
4,141,0.10272435226141137,0.6936063115718953,0.10183533788063645,0.10183399828605674,0.7332280278205872,-0.5127003192901611,-0.04064987599849701,0.8519459962844849,0.44064098596572876,0.0,0.0,0.5593589544296265,0.9254653453826904,-1.252255916595459,0.6827826499938965,0.5979404449462891,0.5234025319417317,0.0,0.2807198365529378,0.19587763150533039
4,142,0.10272435226141137,0.6936063115718953,0.10183533788063645,0.10183399828605674,0.6526905298233032,-0.3689867854118347,0.6603933572769165,0.09085774421691895,0.49614858627319336,0.0,0.5038514137268066,0.0,0.45011135935783386,-0.20186948776245117,1.00095796585083,-0.18096604943275452,0.2245766818523407,0.0,0.7754232883453369,0.0
4,143,0.10272435226141137,0.6936063115718953,0.10183533788063645,0.10183399828605674,0.3865874409675598,0.0848478376865387,0.7282499670982361,-0.14246328175067902,0.3200257023175557,0.018286099036534623,0.661688228448232,0.0,-0.7416502237319946,-0.3055639863014221,0.9851029515266418,1.1639151573181152,0.0,0.0,0.4105939269065857,0.5894061326980591
4,144,0.10272435226141137,0.6936063115718953,0.10183533788063645,0.10183399828605674,0.5972768068313599,0.7458741664886475,-0.20985449850559235,-0.16458551585674286,0.4257013201713562,0.5742986798286438,0.0,0.0,0.9726052284240723,-1.1221961975097656,0.3114933371543884,0.7750877141952515,0.5987587571144104,0.0,0.0,0.4012412428855896
4,145,0.10272435226141137,0.6936063115718953,0.10183533788063645,0.10183399828605674,1.087092399597168,0.25362738966941833,-0.005143478512763977,-0.327467143535614,0.9167324900627136,0.08326748013496399,0.0,0.0,-0.10471931099891663,0.9308489561080933,-0.5677140355110168,0.6664475798606873,0.0,0.6322007179260254,0.0,0.3677993416786194
4,146,0.10272435226141137,0.6936063115718953,0.10183533788063645,0.10183399828605674,0.5982071161270142,0.12362292408943176,0.20688234269618988,0.050137147307395935,0.6034947335720062,0.12891054153442383,0.21216996014118195,0.055424764752388,-0.12649673223495483,0.6692975759506226,-0.8309497237205505,1.3242828845977783,0.0,0.17250734567642212,0.0,0.8274926543235779
4,147,0.10272435226141137,0.6936063115718953,0.10183533788063645,0.10183399828605674,1.1423161029815674,0.26519301533699036,-0.2808903455734253,-0.14722855389118195,0.9385615587234497,0.06143847107887268,0.0,0.0,0.8707261085510254,-0.14008498191833496,1.0438090562820435,-0.6658710241317749,0.41345852613449097,0.0,0.586541473865509,0.0
4,148,0.10272435226141137,0.6936063115718953,0.10183533788063645,0.10183399828605674,0.5391794443130493,0.5422517657279968,0.4242219626903534,-0.5053191184997559,0.37062839667002356,0.3737007180849711,0.25567091504732764,0.0,0.5101155042648315,0.26482856273651123,0.22158455848693848,0.014124274253845215,0.5074522793292999,0.2621653378009796,0.21892133355140686,0.011461049318313599
4,149,0.10272435226141137,0.6936063115718953,0.10183533788063645,0.10183399828605674,0.2173955738544464,0.7380927801132202,0.3200764060020447,-0.28225529193878174,0.12554068366686505,0.6462378899256388,0.22822151581446332,0.0,0.1215553879737854,0.37083330750465393,0.6562416553497314,-0.049588024616241455,0.072011927763621,0.32128984729448956,0.606698195139567,0.0
4,150,0.10272435226141137,0.6936063115718953,0.10183533788063645,0.10183399828605674,0.09645916521549225,0.8769195675849915,-0.01991315186023712,0.004987746477127075,0.10367033382256825,0.8841307361920675,0.0,0.012198915084203083,0.504196047782898,-0.6487980484962463,0.6629244685173035,0.49278563261032104,0.2842273314793905,0.0,0.442955752213796,0.2728169163068136
4,151,0.10272435226141137,0.6936063115718953,0.10183533788063645,0.10183399828605674,0.05569969117641449,0.5639654397964478,0.8580372333526611,-0.4414178729057312,0.0,0.3529641032218933,0.6470358967781067,0.0,1.3489491939544678,0.26161712408065796,-0.9343723654747009,0.3510832190513611,0.998932957649231,0.0,0.0,0.0010669827461242676
4,152,0.10272435226141137,0.6936063115718953,0.10183533788063645,0.10183399828605674,0.14190468192100525,0.7219459414482117,0.21333768963813782,-0.11506830155849457,0.11617522438367207,0.6962164839108785,0.18760823210080466,0.0,-0.42238733172416687,0.5254541635513306,0.7305468320846558,0.26282021403312683,0.0,0.3525137503941854,0.5576064189275106,0.08987980087598166
4,153,0.10272435226141137,0.6936063115718953,0.10183533788063645,0.10183399828605674,0.20098814368247986,0.37821710109710693,0.978472113609314,-0.5555920004844666,0.015095680952072144,0.19232463836669922,0.7925796508789062,0.0,-0.03494939208030701,-0.32429611682891846,0.7571308016777039,0.6763285994529724,0.0,0.0,0.5404011011123657,0.4595988988876343
4,154,0.10272435226141137,0.6936063115718953,0.10183533788063645,0.10183399828605674,-0.11879020929336548,0.7941330671310425,0.9362791180610657,-0.5944408774375916,0.0,0.428926944732666,0.5710729956626892,0.0,-0.16249939799308777,1.095526933670044,-0.32727599143981934,0.2888774573802948,0.0,0.9033247232437134,0.0,0.09667524695396423
4,155,0.10272435226141137,0.6936063115718953,0.10183533788063645,0.10183399828605674,-0.2495487928390503,0.7537858486175537,0.8589189052581787,-0.3476290702819824,0.0,0.4474334716796875,0.5525665283203125,0.0,-0.43858739733695984,-0.9605737328529358,1.0025877952575684,1.4313299655914307,0.0,0.0,0.28562891483306885,0.7143710851669312
4,156,0.10272435226141137,0.6936063115718953,0.10183533788063645,0.10183399828605674,-0.2652449607849121,0.7227761745452881,0.3842347264289856,0.12979748845100403,0.0,0.6438400745391846,0.3052986264228821,0.05086138844490051,-1.3488892316818237,0.21568284928798676,0.8917415142059326,1.1662744283676147,0.0,0.0,0.3627336025238037,0.6372665166854858
4,157,0.10272435226141137,0.6936063115718953,0.10183533788063645,0.10183399828605674,0.23932892084121704,0.5849643349647522,0.2594192624092102,-0.03888104856014252,0.21142472823460898,0.5570601423581442,0.23151506980260214,0.0,-0.21978861093521118,-0.9730973839759827,0.5696969032287598,1.5851876735687256,0.0,0.0,0.0,1.0
4,158,0.10272435226141137,0.6936063115718953,0.10183533788063645,0.10183399828605674,0.15698006749153137,0.37117302417755127,0.5616068840026855,-0.03487752377986908,0.12706008553504944,0.34125304222106934,0.5316869020462036,0.0,-0.5484412908554077,0.512997031211853,0.38072919845581055,0.6317186951637268,0.0,0.33784870306650794,0.20558087031046549,0.4565703670183817
4,159,0.10272435226141137,0.6936063115718953,0.10183533788063645,0.10183399828605674,-0.30118757486343384,0.6410571336746216,0.8123030662536621,-0.10219545662403107,0.0,0.41437703371047974,0.5856229662895203,0.0,-0.996766209602356,-0.38147205114364624,0.6745655536651611,1.7760902643203735,0.0,0.0,0.0,1.0
4,160,0.10272435226141137,0.6936063115718953,0.10183533788063645,0.10183399828605674,0.31725507974624634,0.14835810661315918,0.5429078340530396,-0.016849562525749207,0.31441471974054974,0.14551774660746256,0.5400674740473429,0.0,0.05094112455844879,0.24582020938396454,0.3053233027458191,0.41388389468193054,0.046948984265327454,0.2418280690908432,0.30133116245269775,0.4098917543888092
4,161,0.10919548472369318,0.16208894095614026,0.1091159036119354,0.6195996707082312,0.26714369654655457,0.3412332534790039,0.19205120205879211,0.20367033779621124,0.2661190629005432,0.34020861983299255,0.19102656841278076,0.2026457041501999,0.253726601600647,0.3227248787879944,-0.278967022895813,0.5497161149978638,0.21167075634002686,0.28066903352737427,0.0,0.5076602697372437
4,162,0.10919548472369318,0.16208894095614026,0.1091159036119354,0.6195996707082312,0.11472801864147186,0.3103978931903839,-0.11598645150661469,0.6817387938499451,0.07910645504792532,0.27477632959683734,0.0,0.6461172302563986,-0.22651851177215576,-0.8468807339668274,0.4432884454727173,1.6175717115402222,0.0,0.0,0.0,1.0
4,163,0.10919548472369318,0.16208894095614026,0.1091159036119354,0.6195996707082312,-0.492897629737854,0.23039250075817108,1.0082381963729858,0.2337413877248764,0.0,0.07293514907360077,0.8507808446884155,0.07628403604030609,0.5041537880897522,0.5946277379989624,-0.16746297478675842,0.04819321632385254,0.4547629952430725,0.5452369451522827,0.0,0.0
4,164,0.10919548472369318,0.16208894095614026,0.1091159036119354,0.6195996707082312,-0.2983783483505249,0.12968045473098755,0.9804205894470215,0.21287377178668976,0.0,0.022022147973378495,0.8727622826894125,0.1052154650290807,-0.0533563494682312,-0.791360080242157,0.7594634890556335,1.0871305465698242,0.0,0.0,0.3361664414405823,0.663833498954773
4,165,0.10919548472369318,0.16208894095614026,0.1091159036119354,0.6195996707082312,-0.008375078439712524,-0.14164581894874573,1.5077875852584839,-0.3642261028289795,0.0,0.0,1.0,0.0,1.2222012281417847,-0.4290121793746948,-0.2100433111190796,0.3209124505519867,0.9506443738937378,0.0,0.0,0.04935559630393982
4,166,0.10919548472369318,0.16208894095614026,0.1091159036119354,0.6195996707082312,-0.1253930628299713,0.3160157799720764,1.2721282243728638,-0.4571276307106018,0.0,0.021943747997283936,0.9780561923980713,0.0,0.10127350687980652,1.3424556255340576,-0.29126936197280884,-0.027442246675491333,0.0,1.0,0.0,0.0
4,167,0.10919548472369318,0.16208894095614026,0.1091159036119354,0.6195996707082312,-0.009177029132843018,0.33777689933776855,0.42899712920188904,0.24510708451271057,0.0,0.3338165283203125,0.425036758184433,0.24114671349525452,0.28239524364471436,-0.457114577293396,0.42284637689590454,0.7799570560455322,0.12066237131754556,0.0,0.2611135045687357,0.6182241837183634
4,168,0.10919548472369318,0.16208894095614026,0.1091159036119354,0.6195996707082312,-0.18140089511871338,0.5299429893493652,0.6679210662841797,-0.013245806097984314,0.0,0.4310109615325928,0.5689890384674072,0.0,-0.4689321219921112,0.6145361661911011,-0.10507917404174805,0.8876606225967407,0.0,0.3634377717971802,0.0,0.6365622282028198
4,169,0.10919548472369318,0.16208894095614026,0.1091159036119354,0.6195996707082312,0.012044578790664673,0.9397130608558655,0.3046630620956421,-0.30968987941741943,0.0,0.8175249695777893,0.18247497081756592,0.0,1.4690935611724854,-1.343675136566162,0.09760704636573792,0.7682143449783325,0.8504395484924316,0.0,0.0,0.1495603322982788
4,170,0.10919548472369318,0.16208894095614026,0.1091159036119354,0.6195996707082312,0.9547719359397888,0.13188143074512482,-0.5386049747467041,0.4117148518562317,0.7715285420417786,0.0,0.0,0.22847145795822144,0.20551547408103943,-0.03205031156539917,1.1300530433654785,-0.2706061899662018,0.03773120045661926,0.0,0.9622687697410583,0.0
4,171,0.10919548472369318,0.16208894095614026,0.1091159036119354,0.6195996707082312,-0.05885937809944153,0.4646718502044678,0.75445556640625,-0.1638471931219101,0.0,0.3551081418991089,0.6448918581008911,0.0,-0.24357828497886658,-0.2576770782470703,0.4066019654273987,1.0236417055130005,0.0,0.0,0.1914801001548767,0.8085198402404785
4,172,0.10919548472369318,0.16208894095614026,0.1091159036119354,0.6195996707082312,0.26530197262763977,0.040741413831710815,0.7778030633926392,-0.07603131234645844,0.23735315601030985,0.012792597214380901,0.7498542467753092,0.0,0.35859808325767517,-0.11031943559646606,0.2553367614746094,0.3969899117946625,0.3549564778804779,0.0,0.2516951560974121,0.3933483064174652
4,173,0.10919548472369318,0.16208894095614026,0.1091159036119354,0.6195996707082312,0.09967683255672455,0.059823110699653625,0.7889525890350342,0.023845896124839783,0.10660222172737122,0.06674849987030029,0.7958779782056808,0.03077128529548645,0.12353180348873138,1.057875394821167,0.4100046157836914,-0.46894046664237976,0.0,0.8239353895187378,0.1760646104812622,0.0
4,174,0.10919548472369318,0.16208894095614026,0.1091159036119354,0.6195996707082312,0.29258105158805847,0.1547681987285614,0.9290865659713745,-0.37434208393096924,0.16710242629051208,0.029289573431015015,0.8036079406738281,0.0,-0.24102836847305298,-0.35319411754608154,1.415891170501709,0.18651799857616425,0.0,0.0,1.0,0.0
4,175,0.10919548472369318,0.16208894095614026,0.1091159036119354,0.6195996707082312,0.0764479786157608,-0.050371646881103516,0.9279609322547913,0.08207038044929504,0.04762154320875804,0.0,0.8991344968477885,0.05324394504229228,-0.25685110688209534,-0.25347471237182617,0.7840425968170166,0.842732310295105,0.0,0.0,0.4706551432609558,0.5293448567390442
4,176,0.10919548472369318,0.16208894095614026,0.1091159036119354,0.6195996707082312,-0.22100183367729187,0.5942016243934631,0.2896178960800171,0.32708144187927246,0.0,0.5239012837409973,0.21931755542755127,0.25678110122680664,0.1645393669605255,-0.325653612613678,0.11893191933631897,1.1530559062957764,0.005741745233535767,0.0,0.0,0.9942582845687866
4,177,0.10919548472369318,0.16208894095614026,0.1091159036119354,0.6195996707082312,0.2103155255317688,0.05737152695655823,0.7311534285545349,0.03537552058696747,0.20176154375076294,0.04881754517555237,0.722599446773529,0.02682153880596161,-0.9510278701782227,-1.5321080684661865,1.9939794540405273,1.5316991806030273,0.0,0.0,0.73114013671875,0.26885986328125
4,178,0.10919548472369318,0.16208894095614026,0.1091159036119354,0.6195996707082312,-0.11475834250450134,0.021976828575134277,1.1178873777389526,0.02361150085926056,0.0,0.0,1.0,0.0,0.4414527714252472,-0.0036637485027313232,0.471263587474823,0.10551290214061737,0.4353763560454051,0.0,0.4651871720949809,0.09943648676077525
4,179,0.10919548472369318,0.16208894095614026,0.1091159036119354,0.6195996707082312,0.06928554177284241,0.21590672433376312,1.000935435295105,-0.2658076286315918,0.0,0.10748563706874847,0.8925143480300903,0.0,0.9633176326751709,-1.7249999046325684,0.9680200815200806,0.857130765914917,0.36716151237487793,0.0,0.3718639612197876,0.260974645614624
4,180,0.10919548472369318,0.16208894095614026,0.1091159036119354,0.6195996707082312,0.16764533519744873,0.08226664364337921,0.7068290114402771,0.05818408727645874,0.16391408443450928,0.07853539288043976,0.7030977606773376,0.05445283651351929,0.09501193463802338,0.3758643865585327,0.10792200267314911,0.4207874536514282,0.09511548280715942,0.37596793472766876,0.10802555084228516,0.42089100182056427
4,181,0.6248788925189787,0.1136688808220447,0.1092016905870515,0.1522505360719251,0.13389801979064941,-0.33212733268737793,0.9827657341957092,0.22172340750694275,0.021102309226989746,0.0,0.8699700236320496,0.10892769694328308,0.27719321846961975,0.3270837068557739,0.9375600814819336,-0.5634373426437378,0.09658089280128479,0.14647138118743896,0.7569477558135986,0.0
4,182,0.6248788925189787,0.1136688808220447,0.1092016905870515,0.1522505360719251,0.07687607407569885,0.27066972851753235,0.38775479793548584,0.28526100516319275,0.071735680103302,0.2655293345451355,0.382614403963089,0.2801206111907959,-0.07676991820335388,0.1352422535419464,-0.017450928688049316,1.0187889337539673,0.0,0.05822667479515076,0.0,0.9417733550071716
4,183,0.6248788925189787,0.1136688808220447,0.1092016905870515,0.1522505360719251,0.1991407424211502,-0.052795201539993286,0.9581623673439026,-0.04001899063587189,0.1204891949892044,0.0,0.8795108199119568,0.0,0.6643844842910767,-0.3347804546356201,0.23882530629634857,0.4187288284301758,0.5570716063181559,0.0,0.13151242832342785,0.31141595045725506
4,184,0.6248788925189787,0.1136688808220447,0.1092016905870515,0.1522505360719251,0.25542375445365906,-0.029454559087753296,0.419450968503952,0.366145521402359,0.2417503297328949,0.0,0.40577754378318787,0.35247209668159485,-0.23776239156723022,-1.0365657806396484,1.7645440101623535,0.564598798751831,0.0,0.0,1.0,0.0
4,185,0.6248788925189787,0.1136688808220447,0.1092016905870515,0.1522505360719251,0.2283354103565216,-0.20819851756095886,0.5998214483261108,0.37492430210113525,0.16064170002937317,0.0,0.5321277379989624,0.3072305917739868,0.600778341293335,-1.2056019306182861,0.6976999044418335,0.9349441528320312,0.18963758150736493,0.0,0.28655914465586346,0.5238033930460613
4,186,0.6248788925189787,0.1136688808220447,0.1092016905870515,0.1522505360719251,0.4323435425758362,-0.3609214425086975,0.5165585279464722,0.4120293855667114,0.3120330770810445,0.0,0.3962480624516805,0.29171892007191974,0.5969880819320679,-0.2397042214870453,-0.23155859112739563,0.8869563341140747,0.3550158739089966,0.0,0.0,0.6449841260910034
4,187,0.6248788925189787,0.1136688808220447,0.1092016905870515,0.1522505360719251,0.6035006046295166,-0.45643454790115356,0.5125733017921448,0.33090054988861084,0.4545091390609741,0.0,0.3635818362236023,0.18190908432006836,0.7624207735061646,-0.8216622471809387,0.45887279510498047,0.7311122417449951,0.44495217005411786,0.0,0.14140419165293378,0.4136436382929484
4,188,0.6248788925189787,0.1136688808220447,0.1092016905870515,0.1522505360719251,-0.032385289669036865,0.26341724395751953,0.6766148209571838,0.09759275615215302,0.0,0.25087563196818036,0.6640732089678446,0.08505114416281383,-1.3042693138122559,-0.6970128417015076,1.1586381196975708,1.9211509227752686,0.0,0.0,0.11874353885650635,0.8812563419342041
4,189,0.6248788925189787,0.1136688808220447,0.1092016905870515,0.1522505360719251,-0.14267653226852417,0.5344725251197815,0.4488515257835388,0.16770541667938232,0.0,0.4841293692588806,0.39850836992263794,0.11736226081848145,-0.227804034948349,0.5580860376358032,0.11653684079647064,0.47812920808792114,0.0,0.5071686506271362,0.06561945378780365,0.42721182107925415
4,190,0.6248788925189787,0.1136688808220447,0.1092016905870515,0.1522505360719251,0.2331194281578064,0.5839380025863647,0.3602667450904846,-0.1757025271654129,0.17401136954625449,0.5248299439748129,0.3011586864789327,0.0,-0.1437547206878662,0.8841105103492737,-0.6337829828262329,0.8297860622406006,0.0,0.5271622538566589,0.0,0.47283780574798584
4,191,0.6248788925189787,0.1136688808220447,0.1092016905870515,0.1522505360719251,0.07671637833118439,0.3720233738422394,0.9871025085449219,-0.39190953969955444,0.0,0.19246044754981995,0.8075395822525024,0.0,2.0254814624786377,-1.1351959705352783,0.39124298095703125,-0.21369871497154236,1.0,0.0,0.0,0.0
4,192,0.6248788925189787,0.1136688808220447,0.1092016905870515,0.1522505360719251,0.3116896152496338,-0.2240981161594391,1.335864543914795,-0.3943951725959778,0.0,0.0,1.0,0.0,-0.21760472655296326,0.36234891414642334,0.46639829874038696,0.29862892627716064,0.0,0.31989022095998126,0.4239396055539449,0.25617023309071857
4,193,0.6248788925189787,0.1136688808220447,0.1092016905870515,0.1522505360719251,0.9338309168815613,-0.5557630658149719,1.0188130140304565,-0.3662528395652771,0.45750898122787476,0.0,0.54249107837677,0.0,0.6062797904014587,-0.7287290096282959,1.8996129035949707,-0.639940619468689,0.0,0.0,1.0,0.0
4,194,0.6248788925189787,0.1136688808220447,0.1092016905870515,0.1522505360719251,0.13477078080177307,0.6084542274475098,0.6417020559310913,-0.3323192000389099,0.006461769342422485,0.4801452159881592,0.5133930444717407,0.0,0.5737246870994568,-0.7140493392944336,1.3134567737579346,-0.2978551685810089,0.13013392686843872,0.0,0.8698660135269165,0.0
4,195,0.6248788925189787,0.1136688808220447,0.1092016905870515,0.1522505360719251,0.15780286490917206,0.4233851730823517,0.7130517363548279,-0.2476690262556076,0.05972294509410858,0.3253052532672882,0.6149718165397644,0.0,-0.4472328722476959,-0.004782170057296753,0.1031920313835144,1.4375858306884766,0.0,0.0,0.0,1.0
4,196,0.6248788925189787,0.1136688808220447,0.1092016905870515,0.1522505360719251,0.5370602011680603,-0.09038561582565308,0.481869101524353,0.05080755054950714,0.5138145883878072,0.0,0.4586234887440999,0.027561937769254048,-1.175681471824646,-0.043474823236465454,0.6938197612762451,1.3623050451278687,0.0,0.0,0.165757417678833,0.8342427015304565
4,197,0.6248788925189787,0.1136688808220447,0.1092016905870515,0.1522505360719251,0.9214210510253906,0.1819785237312317,0.319746196269989,-0.3995514512062073,0.7803724606831869,0.04092993338902792,0.17869760592778525,0.0,-0.2341407835483551,0.04210251569747925,0.08049046993255615,1.0618929862976074,0.0,0.0,0.009298741817474365,0.9907012581825256
4,198,0.6248788925189787,0.1136688808220447,0.1092016905870515,0.1522505360719251,0.6937552690505981,-0.14993759989738464,0.8020794987678528,-0.32969892024993896,0.4458378553390503,0.0,0.5541620850563049,0.0,1.6653268337249756,-1.8277552127838135,0.9372619986534119,0.25603818893432617,0.8640323877334595,0.0,0.13596755266189575,0.0
4,199,0.6248788925189787,0.1136688808220447,0.1092016905870515,0.1522505360719251,1.3306584358215332,-0.6381270289421082,0.02910052239894867,0.26338738203048706,1.0,0.0,0.0,0.0,1.371522068977356,-0.5308374166488647,0.46625226736068726,-0.38361796736717224,0.9526349306106567,0.0,0.04736512899398804,0.0
4,200,0.6248788925189787,0.1136688808220447,0.1092016905870515,0.1522505360719251,0.7089889049530029,0.10623468458652496,0.10889048874378204,0.07810500264167786,0.708434134721756,0.10567991435527802,0.1083357185125351,0.07755023241043091,0.4141422510147095,0.36032211780548096,0.13915053009986877,0.10262039303779602,0.41008344292640686,0.35626330971717834,0.13509172201156616,0.09856158494949341
4,201,0.6937468035059541,0.10189483831451555,0.10182037111510021,0.10253798706443026,0.409229576587677,0.18799462914466858,0.013910219073295593,0.359578013420105,0.41655145585536957,0.19531650841236115,0.02123209834098816,0.36689989268779755,-0.0032099783420562744,-1.1573176383972168,1.4556169509887695,0.8270692825317383,0.0,0.0,0.8142738342285156,0.18572616577148438
4,202,0.6937468035059541,0.10189483831451555,0.10182037111510021,0.10253798706443026,0.31276750564575195,0.01966637372970581,0.7144449353218079,-0.062471821904182434,0.29714123407999676,0.004040102163950603,0.6988186637560526,0.0,0.38093501329421997,-0.11893105506896973,1.1140618324279785,-0.3230632245540619,0.13343662023544312,0.0,0.8665634393692017,0.0
4,203,0.6937468035059541,0.10189483831451555,0.10182037111510021,0.10253798706443026,-0.26231253147125244,0.5645140409469604,0.5934119820594788,0.11157248914241791,0.0,0.47468117872873944,0.5035791198412577,0.021739626924196884,-0.21881374716758728,-0.30876660346984863,0.1507885754108429,1.3649102449417114,0.0,0.0,0.0,1.0
4,204,0.6937468035059541,0.10189483831451555,0.10182037111510021,0.10253798706443026,-0.18693554401397705,0.3935084939002991,0.5367071628570557,0.21864090859889984,0.0,0.34388965368270874,0.48708832263946533,0.1690220683813095,-1.2224329710006714,0.7115896940231323,1.4922599792480469,0.1617841273546219,0.0,0.10966479778289795,0.8903350830078125,0.0
4,205,0.6937468035059541,0.10189483831451555,0.10182037111510021,0.10253798706443026,-0.3062594532966614,0.18392395973205566,0.9203497171401978,0.2205853909254074,0.0,0.07563761870066325,0.8120633761088053,0.112299049894015,-0.693618893623352,0.3498406410217285,0.459401935338974,0.8872710466384888,0.0,0.11766942342122397,0.22723071773846945,0.6550998290379842
4,206,0.6937468035059541,0.10189483831451555,0.10182037111510021,0.10253798706443026,-0.3899504542350769,0.5607671737670898,0.6163702607154846,0.24741126596927643,0.0,0.4192509651184082,0.474854052066803,0.10589505732059479,-0.2678939998149872,-1.5139086246490479,0.7967396974563599,1.9524215459823608,0.0,0.0,0.0,1.0
4,207,0.6937468035059541,0.10189483831451555,0.10182037111510021,0.10253798706443026,-0.5698416829109192,0.20161232352256775,1.2870409488677979,0.10310831665992737,0.0,0.0,1.0,0.0,-0.4204547703266144,0.25690922141075134,0.2989118695259094,0.9549418687820435,0.0,0.08665487170219421,0.1286575198173523,0.7846875190734863
4,208,0.6937468035059541,0.10189483831451555,0.10182037111510021,0.10253798706443026,-0.1102990210056305,-0.19165381789207458,1.0760278701782227,0.2868106961250305,0.0,0.0,0.8946086168289185,0.10539144277572632,0.7799590826034546,-1.3326330184936523,0.7941368818283081,0.8358738422393799,0.30996914704640705,0.0,0.32414694627126056,0.36588390668233234
4,209,0.6937468035059541,0.10189483831451555,0.10182037111510021,0.10253798706443026,-0.42985081672668457,0.3223109543323517,0.8621904253959656,0.2622321546077728,0.0,0.17339975635210672,0.7132792274157206,0.11332095662752786,-0.4006635844707489,-0.32856619358062744,1.9993982315063477,-0.06673991680145264,0.0,0.0,1.0,0.0
4,210,0.6937468035059541,0.10189483831451555,0.10182037111510021,0.10253798706443026,0.04341711103916168,-0.22747957706451416,0.34158411622047424,0.8850826621055603,0.0,0.0,0.22825071215629578,0.7717492580413818,-1.1768484115600586,-0.5774236917495728,0.828860878944397,1.8855409622192383,0.0,0.0,0.0,1.0
4,211,0.6937468035059541,0.10189483831451555,0.10182037111510021,0.10253798706443026,-0.5534550547599792,0.709260106086731,0.653843104839325,0.23749612271785736,0.0,0.5090603431065878,0.45364334185918176,0.03729635973771414,-0.9429067373275757,-0.11954182386398315,0.889112651348114,1.2799630165100098,0.0,0.0,0.30457478761672974,0.6954251527786255
4,212,0.6937468035059541,0.10189483831451555,0.10182037111510021,0.10253798706443026,-0.2090328335762024,-0.15480759739875793,1.0460100173950195,0.3413461148738861,0.0,0.0,0.8523319363594055,0.1476680338382721,0.8542811870574951,-1.002936840057373,0.3296622633934021,0.8898160457611084,0.48223257064819336,0.0,0.0,0.5177674293518066
4,213,0.6937468035059541,0.10189483831451555,0.10182037111510021,0.10253798706443026,-0.0990438163280487,0.47537386417388916,0.8426802754402161,-0.23250873386859894,0.0,0.31634676456451416,0.6836531758308411,0.0,-0.05159372091293335,-1.4745612144470215,0.9374748468399048,1.516776204109192,0.0,0.0,0.21034932136535645,0.7896506786346436
4,214,0.6937468035059541,0.10189483831451555,0.10182037111510021,0.10253798706443026,0.18087103962898254,0.09508581459522247,0.920268714427948,-0.17397920787334442,0.11546249190966289,0.029677266875902816,0.8548601667086283,0.0,0.9668073654174805,-0.16845092177391052,0.14146709442138672,-0.04018363356590271,0.9126701354980469,0.0,0.08732986450195312,0.0
4,215,0.6937468035059541,0.10189483831451555,0.10182037111510021,0.10253798706443026,0.28776758909225464,0.18435588479042053,1.0342686176300049,-0.48023152351379395,0.11897021532058716,0.015558511018753052,0.8654712438583374,0.0,0.37418505549430847,0.47552579641342163,-0.3045347332954407,0.37149229645729065,0.30045069257418316,0.4017914334932963,0.0,0.29775793353716534
4,216,0.6937468035059541,0.10189483831451555,0.10182037111510021,0.10253798706443026,0.7223239541053772,-0.1175852119922638,1.0772780179977417,-0.645385205745697,0.32252293825149536,0.0,0.6774770021438599,0.0,1.1965980529785156,-1.115985631942749,0.7724590301513672,0.2634144723415375,0.7120695114135742,0.0,0.2879304885864258,0.0
4,217,0.6937468035059541,0.10189483831451555,0.10182037111510021,0.10253798706443026,0.5122662782669067,0.15884995460510254,0.22161974012851715,0.11603251099586487,0.5100741684436798,0.1566578447818756,0.21942763030529022,0.11384040117263794,0.6155702471733093,-0.3565431833267212,-0.46765005588531494,1.2289762496948242,0.19329696893692017,0.0,0.0,0.8067029714584351
4,218,0.6937468035059541,0.10189483831451555,0.10182037111510021,0.10253798706443026,0.9730879664421082,0.03621037304401398,0.15329772233963013,-0.17912687361240387,0.909895122051239,0.0,0.09010487794876099,0.0,0.5250608921051025,-0.11821231245994568,0.30998337268829346,0.16961586475372314,0.5235075155893961,0.0,0.3084299961725871,0.16806248823801676
4,219,0.6937468035059541,0.10189483831451555,0.10182037111510021,0.10253798706443026,0.9042845964431763,-0.0029700100421905518,0.054212167859077454,0.022055089473724365,0.9098891317844391,0.0026345252990722656,0.05981670320034027,0.027659624814987183,1.5252594947814941,0.3213039040565491,-0.759833037853241,-0.07731819152832031,1.0,0.0,0.0,0.0
4,220,0.6937468035059541,0.10189483831451555,0.10182037111510021,0.10253798706443026,0.8199647665023804,-0.14259356260299683,0.18991784751415253,0.1343463957309723,0.7718884547551473,0.0,0.14184153576691946,0.08627008398373923,0.6859993934631348,0.37143880128860474,0.01133798062801361,-0.0711614191532135,0.6572803258895874,0.3427197337150574,0.0,0.0
4,221,0.1621085884843762,0.10912226845525781,0.6195892958734429,0.10917984718692307,0.548187255859375,-0.11325585842132568,0.13200172781944275,0.43766504526138306,0.5089025894800822,0.0,0.09271706144014993,0.39838037888209027,-0.17324870824813843,0.535150408744812,-1.4572014808654785,2.1115784645080566,0.0,0.0,0.0,1.0
4,222,0.1621085884843762,0.10912226845525781,0.6195892958734429,0.10917984718692307,0.4903903007507324,-0.1121005117893219,-0.08348490297794342,0.7409281730651855,0.37473106384277344,0.0,0.0,0.6252689361572266,1.0941890478134155,-1.502666711807251,1.1704747676849365,0.3628581166267395,0.4618571996688843,0.0,0.5381429195404053,0.0
4,223,0.1621085884843762,0.10912226845525781,0.6195892958734429,0.10917984718692307,0.9262883067131042,-0.41057920455932617,-0.3781765103340149,0.8423905372619629,0.5419488549232483,0.0,0.0,0.45805108547210693,1.0463414192199707,-0.5753713846206665,-0.1811228096485138,0.6877052783966064,0.6793180704116821,0.0,0.0,0.32068192958831787
4,224,0.1621085884843762,0.10912226845525781,0.6195892958734429,0.10917984718692307,0.7509585618972778,-0.5967971086502075,0.37714439630508423,0.4923992455005646,0.5441244840621948,0.0,0.17031031847000122,0.28556516766548157,1.7993401288986206,-1.4203011989593506,-0.47147423028945923,1.1096630096435547,0.8448385000228882,0.0,0.0,0.15516138076782227
4,225,0.1621085884843762,0.10912226845525781,0.6195892958734429,0.10917984718692307,0.6943396329879761,-0.26620936393737793,0.3099658787250519,0.2673534154891968,0.6037866671880087,0.0,0.2194129129250844,0.1768004496892293,1.240663766860962,-0.7954297661781311,0.7098983526229858,-0.058145344257354736,0.765382707118988,0.0,0.23461729288101196,0.0
4,226,0.1621085884843762,0.10912226845525781,0.6195892958734429,0.10917984718692307,0.541540801525116,-0.4229040741920471,0.495985209941864,0.3952549695968628,0.3972804745038351,0.0,0.3517248829205831,0.2509946425755819,-0.13195732235908508,0.45721501111984253,1.2859458923339844,-0.5581415891647339,0.0,0.08563452959060669,0.9143654108047485,0.0
4,227,0.1621085884843762,0.10912226845525781,0.6195892958734429,0.10917984718692307,0.6828575134277344,-0.36641424894332886,0.9931827187538147,-0.2735322117805481,0.3448374271392822,0.0,0.6551626324653625,0.0,0.6665769219398499,-1.1385951042175293,0.9335629940032959,0.646094560623169,0.2511654496192932,0.0,0.5181515216827393,0.2306830883026123
4,228,0.1621085884843762,0.10912226845525781,0.6195892958734429,0.10917984718692307,0.049339041113853455,0.16457799077033997,0.563223659992218,0.22194747626781464,0.049566999077796936,0.16480594873428345,0.5634516179561615,0.22217543423175812,-0.12257927656173706,-1.7717504501342773,1.3213515281677246,1.501733422279358,0.0,0.0,0.4098091125488281,0.5901910066604614
4,229,0.1621085884843762,0.10912226845525781,0.6195892958734429,0.10917984718692307,0.32693320512771606,-0.3032114505767822,0.7607724070549011,0.23377695679664612,0.2197723587354024,0.0,0.6536115606625875,0.12661611040433246,0.7187846302986145,-1.9638872146606445,1.4035913944244385,0.9974873065948486,0.012163539727528927,0.0,0.6969703038533529,0.29086621602376306
4,230,0.1621085884843762,0.10912226845525781,0.6195892958734429,0.10917984718692307,0.14691166579723358,-0.2695704698562622,0.8921353816986084,0.23288469016551971,0.05626778304576874,0.0,0.8014914989471436,0.14224080741405487,-0.5809190273284912,-1.1525530815124512,1.980771780014038,0.7812931537628174,0.0,0.0,1.0,0.0
4,231,0.1621085884843762,0.10912226845525781,0.6195892958734429,0.10917984718692307,-0.30698204040527344,0.4205540418624878,0.4960200786590576,0.3845413625240326,0.0,0.320182204246521,0.3956482410430908,0.2841695249080658,0.002584904432296753,0.7003176808357239,-0.4782326817512512,0.9037958383560181,0.0,0.3982608914375305,0.0,0.6017390489578247
4,232,0.1621085884843762,0.10912226845525781,0.6195892958734429,0.10917984718692307,0.15332233905792236,0.24838605523109436,0.08051380515098572,0.5287702083587646,0.1505742371082306,0.2456379532814026,0.07776570320129395,0.5260221064090729,-0.5528415441513062,1.0750129222869873,0.34125038981437683,0.20253801345825195,0.0,0.866881251335144,0.13311871886253357,0.0
4,233,0.1621085884843762,0.10912226845525781,0.6195892958734429,0.10917984718692307,0.3806147575378418,0.0012194514274597168,0.6141747832298279,-0.0007270574569702148,0.381794273853302,0.002398967742919922,0.6153542995452881,0.00045245885848999023,1.261711597442627,-1.024338722229004,0.5085241794586182,0.308127760887146,0.8765937089920044,0.0,0.1234062910079956,0.0
4,234,0.1621085884843762,0.10912226845525781,0.6195892958734429,0.10917984718692307,0.4819161891937256,-0.23986512422561646,0.3889573812484741,0.37881195545196533,0.3986876805623372,0.0,0.30572887261708576,0.29558344682057697,-0.558080792427063,-0.49286067485809326,0.8071036338806152,1.3930679559707642,0.0,0.0,0.2070178985595703,0.7929822206497192
4,235,0.1621085884843762,0.10912226845525781,0.6195892958734429,0.10917984718692307,0.7224991321563721,-0.4151644706726074,-0.2554476261138916,0.9277834296226501,0.3973578214645386,0.0,0.0,0.6026421189308167,-0.7087608575820923,1.22922945022583,0.007833704352378845,0.5336319208145142,0.0,0.847798764705658,0.0,0.15220123529434204
4,236,0.1621085884843762,0.10912226845525781,0.6195892958734429,0.10917984718692307,0.4589793086051941,-0.2683038115501404,0.028958067297935486,0.7698484659194946,0.3445654511451721,0.0,0.0,0.6554346084594727,0.6121253967285156,0.04747670888900757,-0.38429224491119385,0.6135340929031372,0.4992956519126892,0.0,0.0,0.5007043480873108
4,237,0.1621085884843762,0.10912226845525781,0.6195892958734429,0.10917984718692307,0.33635300397872925,-0.03341367840766907,-0.12378652393817902,0.8044931292533875,0.2659299373626709,0.0,0.0,0.7340700626373291,-1.025463581085205,-0.520876407623291,1.364759922027588,1.3079988956451416,0.0,0.0,0.5283805131912231,0.47161948680877686
4,238,0.1621085884843762,0.10912226845525781,0.6195892958734429,0.10917984718692307,0.1685318797826767,0.09878109395503998,0.1022772490978241,0.6047469973564148,0.1749475747346878,0.10519678890705109,0.1086929440498352,0.6111626923084259,0.3243148922920227,0.3707295358181,-0.3535350561141968,0.5320379734039307,0.24862072865168255,0.2950353721777598,0.0,0.4563438097635905
4,239,0.1621085884843762,0.10912226845525781,0.6195892958734429,0.10917984718692307,0.3767872154712677,0.08076643943786621,-0.027337536215782166,0.5309922099113464,0.3806052505970001,0.08458447456359863,0.0,0.5348102450370789,0.6435002684593201,0.018519550561904907,0.36645689606666565,-0.03035542368888855,0.6340080300966898,0.009027312199274698,0.35696465770403546,0.0
4,240,0.1621085884843762,0.10912226845525781,0.6195892958734429,0.10917984718692307,0.4117901623249054,0.17726054787635803,0.09594917297363281,0.32596439123153687,0.4090490937232971,0.17451947927474976,0.09320810437202454,0.3232233226299286,0.177535742521286,0.3822804391384125,0.25597959756851196,0.17778559029102325,0.17914041876792908,0.38388511538505554,0.25758427381515503,0.17939026653766632
4,241,0.10272474301875467,0.10183414180546513,0.6936060055792276,0.10183510959655258,0.5561258792877197,-0.36200010776519775,0.720695436000824,0.12001915276050568,0.4177151918411255,0.0,0.5822847485542297,0.0,-0.3019765317440033,1.7525794506072998,0.46032798290252686,-0.8074358701705933,0.0,1.0,0.0,0.0
4,242,0.10272474301875467,0.10183414180546513,0.6936060055792276,0.10183510959655258,-0.04704999923706055,0.4382767677307129,0.9223270416259766,-0.27263808250427246,0.0,0.25797486305236816,0.7420251369476318,0.0,-1.1897552013397217,0.3416213095188141,0.1860627382993698,1.762154459953308,0.0,0.0,0.0,1.0
4,243,0.10272474301875467,0.10183414180546513,0.6936060055792276,0.10183510959655258,0.19451603293418884,0.12999659776687622,0.9230167269706726,-0.25009894371032715,0.112006276845932,0.047486841678619385,0.8405069708824158,0.0,-0.837060809135437,1.545520305633545,0.46032005548477173,-0.1590205729007721,0.0,1.0,0.0,0.0
4,244,0.10272474301875467,0.10183414180546513,0.6936060055792276,0.10183510959655258,0.545799970626831,0.26919206976890564,0.8599332571029663,-0.6548342108726501,0.32082486152648926,0.04421696066856384,0.6349581480026245,0.0,-0.5247988700866699,0.5873162150382996,-0.8307110667228699,1.7703365087509155,0.0,0.0,0.0,1.0
4,245,0.10272474301875467,0.10183414180546513,0.6936060055792276,0.10183510959655258,0.4344116449356079,0.346858948469162,0.43801891803741455,-0.20422808825969696,0.36131513118743896,0.27376243472099304,0.3649224042892456,0.0,0.4442206621170044,-1.3180584907531738,1.216029405593872,0.7655675411224365,0.0,0.0,0.7252309322357178,0.2747690677642822
4,246,0.10272474301875467,0.10183414180546513,0.6936060055792276,0.10183510959655258,1.0520585775375366,-0.652608335018158,1.1772150993347168,-0.5162321329116821,0.43742167949676514,0.0,0.5625782012939453,0.0,0.5982547402381897,0.0827019214630127,0.11529211699962616,0.20262891054153442,0.5985353142023087,0.08298249542713165,0.11557269096374512,0.20290948450565338
4,247,0.10272474301875467,0.10183414180546513,0.6936060055792276,0.10183510959655258,0.6169365644454956,-0.16980311274528503,0.28854233026504517,0.2951093912124634,0.5500738223393759,0.0,0.22167958815892536,0.22824664910634357,1.3407819271087646,1.552597999572754,-1.427006483078003,-0.4988466799259186,0.39409196376800537,0.6059080362319946,0.0,0.0
4,248,0.10272474301875467,0.10183414180546513,0.6936060055792276,0.10183510959655258,1.0074410438537598,-0.3514677882194519,0.6585801243782043,-0.3155534267425537,0.6744304895401001,0.0,0.3255695700645447,0.0,-0.11126053333282471,-1.1876163482666016,1.6645243167877197,0.717269778251648,0.0,0.0,0.9736273288726807,0.026372790336608887
4,249,0.10272474301875467,0.10183414180546513,0.6936060055792276,0.10183510959655258,1.0907936096191406,0.03153626620769501,0.25216159224510193,-0.40417903661727905,0.9193159937858582,0.0,0.08068397641181946,0.0,0.6518405079841614,0.07367199659347534,-0.18791207671165466,0.4447789192199707,0.5950767000516256,0.016908188660939537,0.0,0.3880151112874349
4,250,0.10272474301875467,0.10183414180546513,0.6936060055792276,0.10183510959655258,0.8927956223487854,0.06368815898895264,0.3660205006599426,-0.3339487910270691,0.7633875608444214,0.0,0.2366124391555786,0.0,1.0271142721176147,-0.6939643025398254,0.21408741176128387,0.4790377616882324,0.7740382552146912,0.0,0.0,0.22596174478530884
4,251,0.10272474301875467,0.10183414180546513,0.6936060055792276,0.10183510959655258,1.2633202075958252,-0.377333402633667,0.4199189841747284,-0.2822083830833435,0.9217005968093872,0.0,0.0782993733882904,0.0,0.008498072624206543,-1.1990878582000732,1.4567029476165771,0.9475291967391968,0.0,0.0,0.754586935043335,0.2454131841659546
4,252,0.10272474301875467,0.10183414180546513,0.6936060055792276,0.10183510959655258,0.35901713371276855,0.3575401306152344,0.5048311352729797,-0.22827185690402985,0.28522102038065594,0.28374401728312176,0.4310350219408671,0.0,-0.05992591381072998,0.022602751851081848,0.32119429111480713,0.7863305807113647,0.0,0.0,0.2674318552017212,0.7325681447982788
4,253,0.10272474301875467,0.10183414180546513,0.6936060055792276,0.10183510959655258,0.3104085624217987,0.4834805130958557,0.2458285689353943,-0.032980695366859436,0.29716933767000836,0.47024128834406537,0.2325893441836039,0.0,-0.19169467687606812,0.2782566547393799,0.8153502345085144,0.009725227952003479,0.0,0.23145318031311035,0.7685467600822449,0.0
4,254,0.10272474301875467,0.10183414180546513,0.6936060055792276,0.10183510959655258,0.19936200976371765,0.22690151631832123,0.7003081440925598,-0.16503770649433136,0.15717145800590515,0.18471096456050873,0.6581175923347473,0.0,0.37741971015930176,-0.8109685778617859,2.0436503887176514,-0.4334355294704437,0.0,0.0,1.0,0.0
4,255,0.10272474301875467,0.10183414180546513,0.6936060055792276,0.10183510959655258,0.28197741508483887,0.036428749561309814,0.6898900270462036,-0.04124225676059723,0.27921199798583984,0.03366333246231079,0.6871246099472046,0.0,0.18118953704833984,-0.5424378514289856,2.101628541946411,-0.6495984792709351,0.0,0.0,1.0,0.0
4,256,0.10272474301875467,0.10183414180546513,0.6936060055792276,0.10183510959655258,0.2809319794178009,-0.0199834406375885,0.3923819661140442,0.36244621872901917,0.2690119246641795,0.0,0.3804619113604228,0.35052616397539776,0.778234601020813,-0.06487995386123657,-0.35216861963272095,0.6011098623275757,0.5885623693466187,0.0,0.0,0.41143763065338135
4,257,0.10272474301875467,0.10183414180546513,0.6936060055792276,0.10183510959655258,0.29520943760871887,-0.2973247170448303,0.29198044538497925,0.7281184792518616,0.19010666012763977,0.0,0.18687766790390015,0.6230157017707825,-0.27932050824165344,-0.27156519889831543,0.5516436100006104,1.0496158599853516,0.0,0.0,0.2510138750076294,0.7489861249923706
4,258,0.10272474301875467,0.10183414180546513,0.6936060055792276,0.10183510959655258,0.7554749250411987,-0.8456893563270569,-0.024231120944023132,1.0915839672088623,0.3319454789161682,0.0,0.0,0.6680545210838318,0.6344647407531738,0.16385425627231598,-0.48965883255004883,0.7020351886749268,0.46621477603912354,0.0,0.0,0.5337852239608765
4,259,0.10272474301875467,0.10183414180546513,0.6936060055792276,0.10183510959655258,-0.0757533609867096,0.24223998188972473,0.45526379346847534,0.37285739183425903,0.0,0.21878626942634583,0.43181008100509644,0.3494036793708801,0.49830469489097595,-1.5915555953979492,2.120163679122925,0.053999289870262146,0.0,0.0,1.0,0.0
4,260,0.10272474301875467,0.10183414180546513,0.6936060055792276,0.10183510959655258,0.3832695484161377,-0.057670652866363525,0.15404728055000305,0.5302338004112244,0.3607526620229085,0.0,0.1315303941567739,0.5077169140179952,0.19218872487545013,0.23147234320640564,0.04929496347904205,0.5260385870933533,0.19244007766246796,0.23172369599342346,0.049546316266059875,0.5262899398803711
4,261,0.10919550867660922,0.6195997799619306,0.16208883911530048,0.10911587224615968,0.054389968514442444,-0.1448141634464264,0.6465218663215637,0.4716309607028961,0.0,0.0,0.5874454379081726,0.412554532289505,-0.23725414276123047,1.3486039638519287,0.21753104031085968,-0.32435187697410583,0.0,1.0,0.0,0.0
4,262,0.10919550867660922,0.6195997799619306,0.16208883911530048,0.10911587224615968,-0.11624863743782043,0.05415457487106323,0.5477483868598938,0.5277331471443176,0.0,0.010942558447519936,0.5045363704363505,0.48452113072077435,-0.47474125027656555,-0.8631792664527893,0.575937032699585,1.8092681169509888,0.0,0.0,0.0,1.0
4,263,0.10919550867660922,0.6195997799619306,0.16208883911530048,0.10911587224615968,0.6513185501098633,-0.3809046149253845,0.4033665955066681,0.32385963201522827,0.5251369476318359,0.0,0.27718499302864075,0.19767802953720093,-0.22127681970596313,-0.89633709192276,0.7371854186058044,1.4510786533355713,0.0,0.0,0.1430533528327942,0.856946587562561
4,264,0.10919550867660922,0.6195997799619306,0.16208883911530048,0.10911587224615968,0.049517691135406494,0.10434424877166748,0.4919063448905945,0.34698906540870667,0.05132834613323212,0.1061549037694931,0.4937169998884201,0.3487997204065323,0.0455600768327713,-0.3405832052230835,0.4691982865333557,0.9363406896591187,0.0,0.0,0.26642876863479614,0.7335711717605591
4,265,0.10919550867660922,0.6195997799619306,0.16208883911530048,0.10911587224615968,-0.4078705906867981,0.1293106973171234,0.9620734453201294,0.2901158630847931,0.0,0.002144028743108123,0.8349067767461141,0.1629491945107778,-1.5187596082687378,0.3765179514884949,0.8601706624031067,1.2484642267227173,0.0,0.0,0.3058531880378723,0.6941467523574829
4,266,0.10919550867660922,0.6195997799619306,0.16208883911530048,0.10911587224615968,0.2243564873933792,0.07463276386260986,0.39531344175338745,0.2772881090641022,0.23145878314971924,0.08173505961894989,0.4024157375097275,0.2843904048204422,-1.8261268138885498,1.0623703002929688,0.8508051633834839,0.9553653001785278,0.0,0.4395233790079752,0.22795824209849036,0.3325183788935343
4,267,0.10919550867660922,0.6195997799619306,0.16208883911530048,0.10911587224615968,-0.6255584955215454,0.7198307514190674,1.6000944375991821,-0.6871124505996704,0.0,0.05986809730529785,0.9401317834854126,0.0,-0.3118959963321686,0.33892759680747986,0.49784064292907715,0.45121562480926514,0.0,0.24293296535809833,0.4018460114796956,0.3552209933598836
4,268,0.10919550867660922,0.6195997799619306,0.16208883911530048,0.10911587224615968,0.12543325126171112,0.3654100000858307,1.2233376502990723,-0.7149198651313782,0.0,0.0710361897945404,0.928963840007782,0.0,0.5694776773452759,-0.972764790058136,0.6982530355453491,0.6361074447631836,0.26819829146067303,0.0,0.3969736496607463,0.33482805887858075
4,269,0.10919550867660922,0.6195997799619306,0.16208883911530048,0.10911587224615968,0.033136263489723206,0.13871532678604126,1.1832032203674316,-0.32409101724624634,0.0,0.0,1.0,0.0,1.4391509294509888,-1.2731847763061523,0.19993777573108673,0.5227340459823608,0.958208441734314,0.0,0.0,0.041791558265686035
4,270,0.10919550867660922,0.6195997799619306,0.16208883911530048,0.10911587224615968,0.24209167063236237,-0.1174883246421814,0.7372878789901733,0.13214582204818726,0.20491657157739004,0.0,0.700112779935201,0.09497072299321493,-0.7737958431243896,1.1392812728881836,-0.18949675559997559,0.8852685689926147,0.0,0.6270062923431396,0.0,0.3729935884475708
4,271,0.10919550867660922,0.6195997799619306,0.16208883911530048,0.10911587224615968,0.5240687131881714,-0.05385690927505493,0.9682164192199707,-0.45290589332580566,0.27792614698410034,0.0,0.7220738530158997,0.0,0.4366917610168457,-0.5131941437721252,1.3381876945495605,-0.19032925367355347,0.04925203323364258,0.0,0.9507479667663574,0.0
4,272,0.10919550867660922,0.6195997799619306,0.16208883911530048,0.10911587224615968,0.3147095739841461,0.15517935156822205,1.4639010429382324,-0.8876610398292542,0.0,0.0,1.0,0.0,-0.6525466442108154,-0.7585636973381042,0.7840019464492798,1.7496033906936646,0.0,0.0,0.017199277877807617,0.9828007221221924
4,273,0.10919550867660922,0.6195997799619306,0.16208883911530048,0.10911587224615968,0.5128089189529419,0.8383122682571411,0.2881401777267456,-0.6148651838302612,0.2997217973073324,0.6252251466115316,0.07505305608113608,0.0,0.5755994319915771,-0.5045397281646729,-0.2937024235725403,1.179101586341858,0.19824892282485962,0.0,0.0,0.8017510771751404
4,274,0.10919550867660922,0.6195997799619306,0.16208883911530048,0.10911587224615968,0.21159979701042175,0.7402749061584473,0.597886323928833,-0.5361847877502441,0.02834611137708029,0.5570212205251058,0.4146326382954916,0.0,0.36562538146972656,-0.25815361738204956,0.10865162312984467,0.6416515111923218,0.3269825379053752,0.0,0.07000877956549326,0.6030086676279703
4,275,0.10919550867660922,0.6195997799619306,0.16208883911530048,0.10911587224615968,0.3381589651107788,0.6656054258346558,1.0354869365692139,-0.9973177313804626,0.0,0.31505924463272095,0.684940755367279,0.0,-0.030979514122009277,-0.1543620228767395,0.5454833507537842,0.6618290543556213,0.0,0.0,0.4418271780014038,0.558172881603241
4,276,0.10919550867660922,0.6195997799619306,0.16208883911530048,0.10911587224615968,0.157725989818573,0.8243623375892639,0.3036016821861267,-0.29062098264694214,0.062495966752370194,0.7291323145230612,0.2083716591199239,0.0,-0.6090697050094604,-0.015844285488128662,1.3281793594360352,0.15357540547847748,0.0,0.0,1.0,0.0
4,277,0.10919550867660922,0.6195997799619306,0.16208883911530048,0.10911587224615968,0.25685301423072815,0.5522881746292114,0.7869877219200134,-0.6090400815010071,0.058143407106399536,0.3535785675048828,0.5882781147956848,0.0,0.5276310443878174,-0.5946848392486572,0.1362789124250412,0.9434212446212769,0.29210489988327026,0.0,0.0,0.7078951001167297
4,278,0.10919550867660922,0.6195997799619306,0.16208883911530048,0.10911587224615968,0.09147472679615021,0.6166922450065613,0.7437564134597778,-0.44948798418045044,0.0,0.4364679455757141,0.5635321140289307,0.0,-0.986845850944519,0.8435714840888977,0.4988888204097748,0.5888879299163818,0.0,0.5331220825513203,0.18843941887219745,0.2784385283788045
4,279,0.10919550867660922,0.6195997799619306,0.16208883911530048,0.10911587224615968,0.5423191785812378,-0.23718944191932678,0.5333009958267212,0.1751212626695633,0.45873868465423584,0.0,0.44972050189971924,0.09154076874256134,-0.0941535234451294,0.6306626796722412,-0.49357378482818604,0.9526083469390869,0.0,0.33902716636657715,0.0,0.6609728336334229
4,280,0.10919550867660922,0.6195997799619306,0.16208883911530048,0.10911587224615968,0.3744102418422699,0.21871042251586914,0.10985097289085388,0.3057217001914978,0.3722369074821472,0.21653708815574646,0.1076776385307312,0.3035483658313751,0.19206078350543976,0.3022535443305969,0.30530086159706116,0.20598286390304565,0.1906612664461136,0.30085402727127075,0.303901344537735,0.20458334684371948
4,281,0.10183534265108302,0.6936062869546687,0.10272436626101424,0.10183400413323411,0.4050786793231964,0.0005660355091094971,0.38128387928009033,0.20445628464221954,0.40723246335983276,0.0027198195457458496,0.3834376633167267,0.2066100686788559,-0.9911128282546997,0.30114877223968506,0.224967822432518,1.278562307357788,0.0,0.011293232440948486,0.0,0.9887067675590515
4,282,0.10183534265108302,0.6936062869546687,0.10272436626101424,0.10183400413323411,0.09929715096950531,-0.2275821566581726,0.9966235756874084,0.1442461907863617,0.019241516788800553,0.0,0.9165679415067037,0.06419055660565694,-0.09966382384300232,-1.1066436767578125,1.260497808456421,1.1043169498443604,0.0,0.0,0.5780904293060303,0.4219095706939697
4,283,0.10183534265108302,0.6936062869546687,0.10272436626101424,0.10183400413323411,-0.20682600140571594,-0.06555873155593872,0.9682528376579285,0.31003060936927795,0.0,0.0,0.8291110992431641,0.17088887095451355,-0.14806964993476868,0.20833119750022888,-0.3149585723876953,1.2817869186401367,0.0,0.0,0.0,1.0
4,284,0.10183534265108302,0.6936062869546687,0.10272436626101424,0.10183400413323411,-0.023545503616333008,0.0676368921995163,0.6217079162597656,0.3488163352012634,0.0,0.054916506012280784,0.6089875300725301,0.3360959490140279,0.4232458472251892,1.2644155025482178,-1.1691713333129883,0.5762443542480469,0.0019439260164896832,0.8431135813395183,0.0,0.15494243303934735
4,285,0.10183534265108302,0.6936062869546687,0.10272436626101424,0.10183400413323411,0.4406821131706238,-0.46629130840301514,0.05136208236217499,0.9391183257102966,0.2507818937301636,0.0,0.0,0.7492181062698364,-0.6251846551895142,0.011871933937072754,0.8744827508926392,0.7117281556129456,0.0,0.0,0.5813772678375244,0.4186226725578308
4,286,0.10183534265108302,0.6936062869546687,0.10272436626101424,0.10183400413323411,-0.07637286186218262,0.08590435981750488,0.7486438155174255,0.28284385800361633,0.0,0.046773672103881836,0.7095131278038025,0.2437131702899933,0.6403210163116455,-0.17626631259918213,-0.019956260919570923,0.6565083265304565,0.4919063448905945,0.0,0.0,0.5080936551094055
4,287,0.10183534265108302,0.6936062869546687,0.10272436626101424,0.10183400413323411,0.41168439388275146,0.4621962606906891,0.05507953464984894,0.06334872543811798,0.4136071801185608,0.4641190469264984,0.057002320885658264,0.06527151167392731,0.5509210824966431,-1.8412234783172607,0.5281981229782104,1.6094419956207275,0.0,0.0,0.0,1.0
4,288,0.10183534265108302,0.6936062869546687,0.10272436626101424,0.10183400413323411,0.3734813928604126,-0.5461466312408447,0.3613598644733429,0.8176898956298828,0.18930435180664062,0.0,0.17718282341957092,0.6335128545761108,-1.6160744428634644,0.1179259866476059,0.6556682586669922,1.8726704120635986,0.0,0.0,0.0,1.0
4,289,0.10183534265108302,0.6936062869546687,0.10272436626101424,0.10183400413323411,-0.1944158375263214,0.15188387036323547,0.7243518233299255,0.3444497883319855,0.0,0.07832204302151997,0.6507899959882101,0.27088796099026996,-0.7900205850601196,-1.1484947204589844,2.367098331451416,0.6799429655075073,0.0,0.0,1.0,0.0
4,290,0.10183534265108302,0.6936062869546687,0.10272436626101424,0.10183400413323411,0.0028423964977264404,0.2223486602306366,0.5436091423034668,0.24905915558338165,0.0,0.21734302242596945,0.5386035044987997,0.2440535177787145,0.276633083820343,-2.2072126865386963,1.9872462749481201,1.1151354312896729,0.0,0.0,0.9360554218292236,0.06394457817077637
4,291,0.10183534265108302,0.6936062869546687,0.10272436626101424,0.10183400413323411,-0.04831206798553467,0.3406534194946289,0.8778917789459229,-0.1666959673166275,0.0,0.23138082027435303,0.768619179725647,0.0,0.7877504825592041,-0.5747668147087097,1.224351167678833,-0.4803294241428375,0.28169965744018555,0.0,0.7183003425598145,0.0
4,292,0.10183534265108302,0.6936062869546687,0.10272436626101424,0.10183400413323411,-0.08846381306648254,0.3121601939201355,1.1138676404953003,-0.3037373423576355,0.0,0.09914630651473999,0.9008537530899048,0.0,-0.40992680191993713,-0.5673496127128601,0.7900323271751404,1.1961915493011475,0.0,0.0,0.2969203591346741,0.7030795812606812
4,293,0.10183534265108302,0.6936062869546687,0.10272436626101424,0.10183400413323411,-0.33531653881073,0.8935866951942444,0.5609179735183716,-0.13089801371097565,0.0,0.666334331035614,0.3336656093597412,0.0,-0.6143612861633301,1.329979658126831,0.25143057107925415,-0.006387263536453247,0.0,1.0,0.0,0.0
4,294,0.10183534265108302,0.6936062869546687,0.10272436626101424,0.10183400413323411,0.2066522091627121,0.5146018862724304,0.9022127389907837,-0.589960515499115,0.0,0.30619460344314575,0.693805456161499,0.0,0.14986759424209595,0.5612610578536987,-0.019575178623199463,0.3856143653392792,0.11761989196141562,0.5290133555730184,0.0,0.3533666630585988
4,295,0.10183534265108302,0.6936062869546687,0.10272436626101424,0.10183400413323411,0.21234089136123657,0.23321372270584106,0.9824198484420776,-0.4201543927192688,0.06968273719151816,0.09055556853612265,0.8397616942723592,0.0,0.2098996788263321,-0.444354772567749,-0.1718086302280426,1.4473518133163452,0.0,0.0,0.0,1.0
4,296,0.10183534265108302,0.6936062869546687,0.10272436626101424,0.10183400413323411,0.3273927569389343,0.42916029691696167,0.7946619391441345,-0.5477209687232971,0.14365444580713907,0.2454219857851664,0.6109236280123392,0.0,-1.5114260911941528,-1.088263988494873,1.5362012386322021,2.2178144454956055,0.0,0.0,0.15919339656829834,0.8408066034317017
4,297,0.10183534265108302,0.6936062869546687,0.10272436626101424,0.10183400413323411,0.5652948617935181,0.5379877090454102,0.6011070013046265,-0.7303551435470581,0.3304983377456665,0.3031911849975586,0.3663104772567749,0.0,-0.8597005605697632,1.0220928192138672,-0.07611781358718872,0.8674708604812622,0.0,0.5773109793663025,0.0,0.4226890206336975
4,298,0.10183534265108302,0.6936062869546687,0.10272436626101424,0.10183400413323411,0.8127241134643555,0.39523717761039734,0.268807053565979,-0.4801982641220093,0.6538013219833374,0.23631438612937927,0.10988426208496094,0.0,0.32668206095695496,1.2384059429168701,-0.22030875086784363,-0.3008168637752533,0.044138044118881226,0.9558619260787964,0.0,0.0
4,299,0.10183534265108302,0.6936062869546687,0.10272436626101424,0.10183400413323411,0.5156575441360474,0.27779802680015564,0.37281715869903564,-0.19903643429279327,0.46023329099019367,0.22237377365430197,0.31739290555318195,0.0,1.6979327201843262,0.7128369808197021,-0.6272342801094055,-0.7649593353271484,0.992547869682312,0.007452130317687988,0.0,0.0
4,300,0.10183534265108302,0.6936062869546687,0.10272436626101424,0.10183400413323411,0.31867074966430664,0.4254828691482544,0.2208203375339508,0.04920707643032074,0.3151254951953888,0.42193761467933655,0.21727508306503296,0.04566182196140289,0.5707480907440186,0.24386915564537048,0.1519516408443451,0.03208719193935394,0.571084052324295,0.24420511722564697,0.15228760242462158,0.03242315351963043
4,301,0.1015335896565541,0.6953858629339573,0.10154697791034822,0.10153356949914044,0.5064826011657715,0.007885009050369263,0.3610672950744629,0.10915292799472809,0.5103356540203094,0.011738061904907227,0.36492034792900085,0.11300598084926605,1.3507753610610962,-0.109954833984375,-0.4234313368797302,0.20817780494689941,1.0,0.0,0.0,0.0
4,302,0.1015335896565541,0.6953858629339573,0.10154697791034822,0.10153356949914044,0.4419078826904297,-0.2926654815673828,0.6339122653007507,0.21448209881782532,0.3451404571533203,0.0,0.5371448397636414,0.11771467328071594,0.32145917415618896,-1.0461971759796143,1.2839298248291016,0.46155160665512085,0.0,0.0,0.911189079284668,0.08881086111068726
4,303,0.1015335896565541,0.6953858629339573,0.10154697791034822,0.10153356949914044,0.5441799759864807,-0.17611783742904663,0.6219639778137207,0.00562073290348053,0.4611080288887024,0.0,0.5388920307159424,0.0,-1.431269884109497,-0.6164540648460388,1.3361387252807617,1.803634762763977,0.0,0.0,0.2662520408630371,0.7337480783462524
4,304,0.1015335896565541,0.6953858629339573,0.10154697791034822,0.10153356949914044,0.828974723815918,-0.09731414914131165,0.23245233297348022,0.056433677673339844,0.7896877924601237,0.0,0.19316540161768594,0.01714674631754557,-0.3710280954837799,-1.4352161884307861,1.1212444305419922,1.7342967987060547,0.0,0.0,0.19347381591796875,0.8065261840820312
4,305,0.1015335896565541,0.6953858629339573,0.10154697791034822,0.10153356949914044,0.12790100276470184,-0.09179440140724182,0.9502379894256592,0.0005634725093841553,0.08883152902126312,0.0,0.9111685156822205,0.0,-0.11931920051574707,-0.4549093246459961,1.2860605716705322,0.3840180039405823,0.0,0.0,0.9510213136672974,0.04897874593734741
4,306,0.1015335896565541,0.6953858629339573,0.10154697791034822,0.10153356949914044,0.047904402017593384,-0.056037187576293945,0.7976656556129456,0.19137042760849,0.035590916872024536,0.0,0.7853521704673767,0.17905694246292114,-0.22880983352661133,-0.015286535024642944,0.39708608388900757,1.0646177530288696,0.0,0.0,0.16623419523239136,0.8337658643722534
4,307,0.1015335896565541,0.6953858629339573,0.10154697791034822,0.10153356949914044,-0.23584383726119995,0.13902798295021057,0.8708119988441467,0.21558085083961487,0.0,0.06388770540555318,0.7956717212994894,0.14044057329495746,0.6260946989059448,-1.0327904224395752,1.2364526987075806,0.16058248281478882,0.19482100009918213,0.0,0.8051789999008179,0.0
4,308,0.1015335896565541,0.6953858629339573,0.10154697791034822,0.10153356949914044,-0.21948406100273132,0.18913649022579193,0.7599586248397827,0.2492939680814743,0.0,0.12300680577754974,0.6938289403915405,0.18316428363323212,-0.5605363845825195,-0.558635950088501,1.0831998586654663,0.9152662754058838,0.0,0.0,0.5839667916297913,0.41603320837020874
4,309,0.1015335896565541,0.6953858629339573,0.10154697791034822,0.10153356949914044,-0.374789834022522,0.8994601964950562,1.1548190116882324,-0.6773882508277893,0.0,0.3723205327987671,0.6276793479919434,0.0,-0.0518629252910614,-0.7652621865272522,0.5708898305892944,1.257830262184143,0.0,0.0,0.15652978420257568,0.8434702157974243
4,310,0.1015335896565541,0.6953858629339573,0.10154697791034822,0.10153356949914044,-0.36123722791671753,0.08118483424186707,0.9198487997055054,0.3949403166770935,0.0,0.0,0.7624542713165283,0.23754578828811646,-0.08056148886680603,-0.40810883045196533,0.8080595135688782,0.8268258571624756,0.0,0.0,0.4906168580055237,0.5093832015991211
4,311,0.1015335896565541,0.6953858629339573,0.10154697791034822,0.10153356949914044,-0.16763359308242798,0.029447495937347412,1.0966768264770508,0.04331168532371521,0.0,0.0,1.0,0.0,0.2558298110961914,-0.1739465892314911,0.7023023366928101,0.2904939651489258,0.17295444011688232,0.0,0.619426965713501,0.2076185941696167
4,312,0.1015335896565541,0.6953858629339573,0.10154697791034822,0.10153356949914044,-0.3844810128211975,0.4201355576515198,1.0135109424591064,-0.030513599514961243,0.0,0.20331233739852905,0.7966877222061157,0.0,0.4101751148700714,-0.11174148321151733,0.4192221462726593,0.3149073123931885,0.3620736102263133,0.0,0.3711206416289012,0.26680580774943036
4,313,0.1015335896565541,0.6953858629339573,0.10154697791034822,0.10153356949914044,-0.25768011808395386,0.3715861737728119,1.0208009481430054,-0.14860688149929047,0.0,0.17539259791374207,0.8246073722839355,0.0,-0.4929794371128082,1.1548140048980713,-0.8369453549385071,1.2096673250198364,0.0,0.47257328033447266,0.0,0.5274266004562378
4,314,0.1015335896565541,0.6953858629339573,0.10154697791034822,0.10153356949914044,0.2714522182941437,0.006079524755477905,0.5525997877120972,0.18427494168281555,0.2678506076335907,0.0024779140949249268,0.5489981770515442,0.18067333102226257,0.41279056668281555,-0.21241995692253113,0.24344563484191895,0.5554226040840149,0.3422376215457916,0.0,0.17289268970489502,0.48486965894699097
4,315,0.1015335896565541,0.6953858629339573,0.10154697791034822,0.10153356949914044,0.5088969469070435,-0.20953035354614258,0.5090354084968567,0.21825197339057922,0.4301688273747762,0.0,0.4303072889645894,0.13952385385831195,-0.13394662737846375,-0.4346856474876404,0.6898990869522095,0.9385268688201904,0.0,0.0,0.3756861090660095,0.6243138909339905
4,316,0.1015335896565541,0.6953858629339573,0.10154697791034822,0.10153356949914044,0.5597531795501709,0.25549378991127014,0.6938455700874329,-0.49085086584091187,0.3900556961695353,0.08579630653063455,0.5241480867067972,0.0,1.3707631826400757,-0.09152162075042725,-0.8804904818534851,0.5386143326759338,0.9160743951797485,0.0,0.0,0.08392554521560669
4,317,0.1015335896565541,0.6953858629339573,0.10154697791034822,0.10153356949914044,1.043914556503296,-0.37428784370422363,-0.19893403351306915,0.49580690264701843,0.7740538120269775,0.0,0.0,0.22594615817070007,0.6326239705085754,0.825876772403717,-0.6215673089027405,0.17894631624221802,0.4033735990524292,0.5966264009475708,0.0,0.0
4,318,0.1015335896565541,0.6953858629339573,0.10154697791034822,0.10153356949914044,0.5927741527557373,0.24735194444656372,0.7807695865631104,-0.6195236444473267,0.38580894470214844,0.040386736392974854,0.5738043785095215,0.0,0.34062808752059937,0.44860291481018066,0.10770969092845917,0.09458720684051514,0.3427461087703705,0.4507209360599518,0.10982771217823029,0.09670522809028625
4,319,0.1015335896565541,0.6953858629339573,0.10154697791034822,0.10153356949914044,0.48162275552749634,0.29259222745895386,0.1424783170223236,0.01958674192428589,0.4975527375936508,0.30852220952510834,0.1584082990884781,0.03551672399044037,-0.16105738282203674,-0.23475614190101624,0.6944773197174072,0.7817786931991577,0.0,0.0,0.45634931325912476,0.5436506867408752
4,320,0.1015335896565541,0.6953858629339573,0.10154697791034822,0.10153356949914044,0.6207760572433472,0.10906043648719788,0.2321336418390274,0.03426015377044678,0.6217184960842133,0.11000287532806396,0.2330760806798935,0.035202592611312866,0.46870777010917664,0.3143857717514038,0.14249654114246368,0.05735558271408081,0.4729713499546051,0.3186493515968323,0.14676012098789215,0.06161916255950928
4,321,0.1015252303637675,0.6954241080941043,0.10152543148116396,0.10152523006096426,0.5693368911743164,0.3192453980445862,0.1436997354030609,-0.014955416321754456,0.558576226234436,0.3084847331047058,0.13293907046318054,0.0,0.45849886536598206,0.2339075207710266,0.12506940960884094,0.1860390156507492,0.45762014389038086,0.23302879929542542,0.12419068813323975,0.185160294175148
4,322,0.1015252303637675,0.6954241080941043,0.10152543148116396,0.10152523006096426,0.8321682214736938,0.09779441356658936,0.09623198211193085,-0.025123879313468933,0.8234366973241171,0.08906288941701253,0.08750045796235402,0.0,0.5454543828964233,0.32359760999679565,0.07047571241855621,0.057152509689331055,0.5462843328714371,0.3244275599718094,0.07130566239356995,0.05798245966434479
4,323,0.1015252303637675,0.6954241080941043,0.10152543148116396,0.10152523006096426,0.683021605014801,0.11477111279964447,0.4037513732910156,-0.18852587044239044,0.6158402562141418,0.04758976399898529,0.33657002449035645,0.0,0.5439202785491943,0.3171928822994232,0.0719885528087616,0.0629337728023529,0.5449113845825195,0.3181839883327484,0.07297965884208679,0.0639248788356781
4,324,0.1015252303637675,0.6954241080941043,0.10152543148116396,0.10152523006096426,0.5333844423294067,0.07546518743038177,0.5043569207191467,-0.0963045209646225,0.49564890066782635,0.03772964576880137,0.46662137905756634,0.0,0.5283273458480835,0.32566043734550476,0.07225020229816437,0.07018755376338959,0.5292209535837173,0.3265540450811386,0.07314381003379822,0.07108116149902344
4,325,0.1015252303637675,0.6954241080941043,0.10152543148116396,0.10152523006096426,0.6036831736564636,0.27411097288131714,0.3628053665161133,-0.23766355216503143,0.5234833359718323,0.1939111351966858,0.28260552883148193,0.0,0.40362465381622314,0.32199302315711975,0.14073830842971802,0.13760855793952942,0.40263351798057556,0.32100188732147217,0.13974717259407043,0.13661742210388184
4,326,0.1015252303637675,0.6954241080941043,0.10152543148116396,0.10152523006096426,0.4974745213985443,0.45419350266456604,0.06579573452472687,-0.022878780961036682,0.4916532536347707,0.4483722349007924,0.05997446676095327,0.0,0.4371526837348938,0.32606977224349976,0.15233582258224487,0.06895564496517181,0.44102419912815094,0.3299412876367569,0.15620733797550201,0.07282716035842896
4,327,0.1015252303637675,0.6954241080941043,0.10152543148116396,0.10152523006096426,0.3582726716995239,0.28477221727371216,0.2913631796836853,0.05503752827644348,0.3609112799167633,0.28741082549095154,0.2940017879009247,0.05767613649368286,0.3444846570491791,0.3323727250099182,0.19550906121730804,0.13706611096858978,0.3421265184879303,0.33001458644866943,0.19315092265605927,0.134707972407341
4,328,0.1015252303637675,0.6954241080941043,0.10152543148116396,0.10152523006096426,0.2001229226589203,0.31271982192993164,0.29079222679138184,0.19854901731014252,0.19957691431045532,0.3121738135814667,0.29024621844291687,0.19800300896167755,0.2701196074485779,0.2782181203365326,0.24455596506595612,0.2155867964029312,0.2679995000362396,0.27609801292419434,0.24243585765361786,0.21346668899059296
4,329,0.1015252303637675,0.6954241080941043,0.10152543148116396,0.10152523006096426,0.2984974980354309,0.19532956182956696,0.18239660561084747,0.3307150900363922,0.2967627942562103,0.19359485805034637,0.1806619018316269,0.32898038625717163,0.23014503717422485,0.26061517000198364,0.285346120595932,0.21795830130577087,0.2316288948059082,0.262099027633667,0.28682997822761536,0.21944215893745422
4,330,0.1015252303637675,0.6954241080941043,0.10152543148116396,0.10152523006096426,0.2588571310043335,0.0733894407749176,0.29507550597190857,0.37963271141052246,0.25711843371391296,0.07165074348449707,0.29333680868148804,0.37789401412010193,0.13002577424049377,0.28037258982658386,0.36737626791000366,0.21515139937400818,0.131794273853302,0.2821410894393921,0.3691447675228119,0.2169198989868164
4,331,0.1015252303637675,0.6954241080941043,0.10152543148116396,0.10152523006096426,0.1909460425376892,0.08111080527305603,0.4430769681930542,0.30211231112480164,0.18663451075553894,0.07679927349090576,0.43876543641090393,0.29780077934265137,0.025819063186645508,0.2468576431274414,0.3619335889816284,0.3601440191268921,0.027130484580993652,0.24816906452178955,0.36324501037597656,0.36145544052124023
4,332,0.1015252303637675,0.6954241080941043,0.10152543148116396,0.10152523006096426,0.21810632944107056,0.14830809831619263,0.33638009428977966,0.28835955262184143,0.2203178107738495,0.15051957964897156,0.3385915756225586,0.29057103395462036,0.11463190615177155,0.1901310682296753,0.33315175771713257,0.364807665348053,0.11395131051540375,0.1894504725933075,0.33247116208076477,0.3641270697116852
4,333,0.1015252303637675,0.6954241080941043,0.10152543148116396,0.10152523006096426,0.2158818244934082,0.1429668515920639,0.39782848954200745,0.23666870594024658,0.21754536032676697,0.14463038742542267,0.3994920253753662,0.23833224177360535,0.11579971015453339,0.15610118210315704,0.36730456352233887,0.3691551387310028,0.11370955407619476,0.15401102602481842,0.36521440744400024,0.3670649826526642
4,334,0.1015252303637675,0.6954241080941043,0.10152543148116396,0.10152523006096426,0.37366846203804016,-0.200778990983963,0.34721624851226807,0.4748868942260742,0.30841127038002014,0.0,0.28195905685424805,0.4096297025680542,0.08781483769416809,0.1979336440563202,0.2082676887512207,0.5071510076522827,0.08752304315567017,0.19764184951782227,0.20797589421272278,0.5068592131137848
4,335,0.1015252303637675,0.6954241080941043,0.10152543148116396,0.10152523006096426,0.08577436208724976,0.06680873036384583,0.46038246154785156,0.39375752210617065,0.0840936005115509,0.06512796878814697,0.4587016999721527,0.3920767605304718,-0.08272486925125122,0.19405508041381836,0.27164241671562195,0.6128393411636353,0.0,0.16787612438201904,0.24546346068382263,0.5866603851318359
4,336,0.1015252303637675,0.6954241080941043,0.10152543148116396,0.10152523006096426,0.10078403353691101,0.02316094934940338,0.5052219033241272,0.37727341055870056,0.09917396306991577,0.021550878882408142,0.503611832857132,0.3756633400917053,-0.07932251691818237,0.17942941188812256,0.28935694694519043,0.606346607208252,0.0,0.15438508987426758,0.26431262493133545,0.581302285194397
4,337,0.1015252303637675,0.6954241080941043,0.10152543148116396,0.10152523006096426,0.0675630122423172,0.08511058986186981,0.3850589394569397,0.46645885705947876,0.06651516258716583,0.08406274020671844,0.38401108980178833,0.4654110074043274,-0.08887404203414917,0.1947479248046875,0.2818286418914795,0.6084250211715698,0.0,0.16641406218210855,0.25349477926890057,0.5800911585489908
4,338,0.1015252303637675,0.6954241080941043,0.10152543148116396,0.10152523006096426,0.3788253664970398,-0.10281148552894592,0.2766696512699127,0.4387012720108032,0.3474265933036804,0.0,0.24527087807655334,0.40730249881744385,0.09268416464328766,0.2080853283405304,0.18750277161598206,0.5122549533843994,0.09255237877368927,0.207953542470932,0.18737098574638367,0.512123167514801
4,339,0.1015252303637675,0.6954241080941043,0.10152543148116396,0.10152523006096426,0.3340722322463989,0.17342117428779602,0.3527100086212158,0.13457061350345612,0.3353787362575531,0.1747276782989502,0.35401651263237,0.1358771175146103,0.15790218114852905,0.15564396977424622,0.33427709341049194,0.3587392568588257,0.15626156330108643,0.1540033519268036,0.3326364755630493,0.35709863901138306
4,340,0.1015252303637675,0.6954241080941043,0.10152543148116396,0.10152523006096426,0.3409576714038849,0.08861155807971954,0.5493332147598267,0.012344643473625183,0.3431459069252014,0.09079979360103607,0.5515214502811432,0.014532878994941711,0.13107234239578247,0.1946265995502472,0.3016257882118225,0.37656471133232117,0.13010001182556152,0.19365426898002625,0.30065345764160156,0.3755923807621002
4,341,0.1015250230170433,0.6954249279324093,0.10152502603805254,0.10152502301249486,0.3257039189338684,0.23922638595104218,0.4750717878341675,-0.04214610159397125,0.3123698830604553,0.2258923500776291,0.4617377519607544,0.0,0.1477661430835724,0.20932258665561676,0.34881675243377686,0.3013256788253784,0.14595836400985718,0.20751480758190155,0.34700897336006165,0.2995178997516632
4,342,0.1015250230170433,0.6954249279324093,0.10152502603805254,0.10152502301249486,0.5888979434967041,0.1220933347940445,0.44243741035461426,-0.15475337207317352,0.5377550522486368,0.07095044354597727,0.39129451910654706,0.0,0.16826647520065308,0.25688084959983826,0.2865268290042877,0.28305649757385254,0.16958381235599518,0.25819818675518036,0.2878441661596298,0.28437383472919464
4,343,0.1015250230170433,0.6954249279324093,0.10152502603805254,0.10152502301249486,0.6278531551361084,0.2538323402404785,0.15546146035194397,-0.05228574573993683,0.6154708464940389,0.24145003159840903,0.14307915170987448,0.0,0.16692250967025757,0.28501731157302856,0.3493449091911316,0.19323644042015076,0.16829220950603485,0.28638701140880585,0.3507146090269089,0.19460614025592804
4,344,0.1015250230170433,0.6954249279324093,0.10152502603805254,0.10152502301249486,0.7680222392082214,0.27746930718421936,0.14316950738430023,-0.2002004235982895,0.7051352063814799,0.21458227435747784,0.0802824745575587,0.0,0.2822524309158325,0.2903403341770172,0.24608328938484192,0.17629283666610718,0.283510223031044,0.2915981262922287,0.2473410815000534,0.17755062878131866
4,345,0.1015250230170433,0.6954249279324093,0.10152502603805254,0.10152502301249486,0.7185801267623901,0.3067227303981781,0.09982512891292572,-0.1256386786699295,0.6768707831700643,0.26501338680585224,0.058115785320599876,0.0,0.29223671555519104,0.3234727084636688,0.2694394290447235,0.13873612880706787,0.28626546263694763,0.3175014555454254,0.2634681761264801,0.13276487588882446
4,346,0.1015250230170433,0.6954249279324093,0.10152502603805254,0.10152502301249486,0.8100867867469788,0.09431307017803192,0.127460777759552,-0.026111945509910583,0.799466590086619,0.08369287351767223,0.1168405810991923,0.0,0.3134646415710449,0.27664613723754883,0.23438650369644165,0.18377511203289032,0.3113965392112732,0.2745780348777771,0.23231840133666992,0.1817070096731186
4,347,0.1015250230170433,0.6954249279324093,0.10152502603805254,0.10152502301249486,0.9591749906539917,-0.0458449125289917,0.20134927332401276,-0.10596056282520294,0.8789128661155701,0.0,0.12108714878559113,0.0,0.5356146097183228,0.23621191084384918,0.16307608783245087,0.06102935969829559,0.5366316139698029,0.23722891509532928,0.16409309208393097,0.062046363949775696
4,348,0.1015250230170433,0.6954249279324093,0.10152502603805254,0.10152502301249486,0.6988625526428223,0.16052153706550598,0.2577524483203888,-0.10346256196498871,0.6598170598347982,0.1214760442574819,0.21870695551236471,0.0,0.5216308236122131,0.2352462112903595,0.16956138610839844,0.06733840703964233,0.5231866091489792,0.23680199682712555,0.1711171716451645,0.06889419257640839
4,349,0.1015250230170433,0.6954249279324093,0.10152502603805254,0.10152502301249486,0.4958890974521637,0.03620041906833649,0.2886447310447693,0.17475421726703644,0.4970169812440872,0.03732830286026001,0.2897726148366928,0.17588210105895996,0.37522733211517334,0.3220219314098358,0.18103009462356567,0.13084591925144196,0.37294599413871765,0.3197405934333801,0.17874875664710999,0.12856458127498627
4,350,0.1015250230170433,0.6954249279324093,0.10152502603805254,0.10152502301249486,0.35039854049682617,0.29351678490638733,0.23114585876464844,0.12701277434825897,0.34988006949424744,0.2929983139038086,0.2306273877620697,0.12649430334568024,0.5170287489891052,0.23312589526176453,0.16276362538337708,0.08232350647449493,0.5182183235883713,0.23431546986103058,0.16395319998264313,0.08351308107376099
4,351,0.1015250230170433,0.6954249279324093,0.10152502603805254,0.10152502301249486,0.38290470838546753,0.2508055567741394,0.27974259853363037,0.08551457524299622,0.38316285610198975,0.2510637044906616,0.2800007462501526,0.08577272295951843,0.5185272693634033,0.2231714427471161,0.17550912499427795,0.07845020294189453,0.5196127593517303,0.22425693273544312,0.17659461498260498,0.07953569293022156
4,352,0.1015250230170433,0.6954249279324093,0.10152502603805254,0.10152502301249486,0.1639253795146942,0.4092699885368347,0.26121988892555237,0.1630903035402298,0.16454897820949554,0.40989358723163605,0.2618434876203537,0.16371390223503113,0.28782832622528076,0.2635307013988495,0.24437770247459412,0.2139001488685608,0.2854191064834595,0.2611214816570282,0.24196848273277283,0.2114909291267395
4,353,0.1015250230170433,0.6954249279324093,0.10152502603805254,0.10152502301249486,0.12792523205280304,0.25853654742240906,0.49618053436279297,0.11841818690299988,0.1276601105928421,0.2582714259624481,0.49591541290283203,0.11815306544303894,0.26257941126823425,0.29398107528686523,0.2920406460762024,0.17738309502601624,0.2560833692550659,0.2874850332736969,0.28554460406303406,0.1708870530128479
4,354,0.1015250230170433,0.6954249279324093,0.10152502603805254,0.10152502301249486,0.18571077287197113,0.24953782558441162,0.377015620470047,0.18902987241744995,0.1853872686624527,0.2492143213748932,0.37669211626052856,0.18870636820793152,0.26736342906951904,0.2291637808084488,0.307960569858551,0.18983598053455353,0.26878249645233154,0.2305828481912613,0.3093796372413635,0.19125504791736603
4,355,0.1015250230170433,0.6954249279324093,0.10152502603805254,0.10152502301249486,0.18992923200130463,0.15308070182800293,0.48185890913009644,0.1878930777311325,0.1867387443780899,0.1498902142047882,0.4786684215068817,0.18470259010791779,0.2112453728914261,0.2654390335083008,0.24406331777572632,0.2808731496334076,0.2108401507139206,0.2650338113307953,0.24365809559822083,0.2804679274559021
4,356,0.1015250230170433,0.6954249279324093,0.10152502603805254,0.10152502301249486,0.14072920382022858,0.09528611600399017,0.37490642070770264,0.3993017077445984,0.13817335665225983,0.09273026883602142,0.3723505735397339,0.39674586057662964,0.14759770035743713,0.19992461800575256,0.32160404324531555,0.32609623670578003,0.1487920582294464,0.20111897587776184,0.32279840111732483,0.3272905945777893
4,357,0.1015250230170433,0.6954249279324093,0.10152502603805254,0.10152502301249486,0.061538562178611755,0.1963425874710083,0.4341636300086975,0.3177032470703125,0.059101566672325134,0.19390559196472168,0.4317266345024109,0.3152662515640259,0.06059601902961731,0.22893133759498596,0.3377160429954529,0.36804500222206116,0.06177392601966858,0.23010924458503723,0.33889394998550415,0.3692229092121124
4,358,0.1015250230170433,0.6954249279324093,0.10152502603805254,0.10152502301249486,0.04706661403179169,0.4677402377128601,0.39243000745773315,0.1137472540140152,0.041820600628852844,0.46249422430992126,0.3871839940547943,0.10850124061107635,0.055783018469810486,0.18510010838508606,0.4189278483390808,0.33804434537887573,0.05631919205188751,0.18563628196716309,0.41946402192115784,0.33858051896095276
4,359,0.1015250230170433,0.6954249279324093,0.10152502603805254,0.10152502301249486,0.15152159333229065,0.2710172235965729,0.464810848236084,0.11712174117565155,0.15040376782417297,0.2698993980884552,0.4636930227279663,0.11600391566753387,0.1221318244934082,0.1614401638507843,0.3543080687522888,0.35741645097732544,0.12330770492553711,0.1626160442829132,0.3554839491844177,0.35859233140945435
4,360,0.1015250230170433,0.6954249279324093,0.10152502603805254,0.10152502301249486,0.15176624059677124,0.24795620143413544,0.3386857211589813,0.25985851883888245,0.15219956636428833,0.24838952720165253,0.3391190469264984,0.26029184460639954,0.05509959161281586,0.11364579200744629,0.3515726625919342,0.4763185381889343,0.05594043433666229,0.11448663473129272,0.35241350531578064,0.47715938091278076
4,361,0.101525018149622,0.6954249455058232,0.10152501819500091,0.1015250181495537,0.38270917534828186,0.07143063843250275,0.3102338910102844,0.23623721301555634,0.3825564384460449,0.07127790153026581,0.3100811541080475,0.2360844761133194,0.08177867531776428,0.11638396978378296,0.3579321503639221,0.46289491653442383,0.07703125476837158,0.11163654923439026,0.3531847298145294,0.45814749598503113
4,362,0.101525018149622,0.6954249455058232,0.10152501819500091,0.1015250181495537,0.4150317907333374,-0.1889314353466034,0.4692130982875824,0.3031984567642212,0.3525506655375163,0.0,0.4067319730917613,0.24071733156840006,0.10441809892654419,0.18137401342391968,0.21662083268165588,0.49897512793540955,0.10407108068466187,0.18102699518203735,0.21627381443977356,0.4986281096935272
4,363,0.101525018149622,0.6954249455058232,0.10152501819500091,0.1015250181495537,0.3676753044128418,-0.14169824123382568,0.5377599000930786,0.22883498668670654,0.3229185740152995,0.0,0.4930031696955363,0.18407825628916422,0.10165765881538391,0.20150898396968842,0.1944459080696106,0.5022374987602234,0.10169515013694763,0.20154647529125214,0.19448339939117432,0.5022749900817871
4,364,0.101525018149622,0.6954249455058232,0.10152501819500091,0.1015250181495537,0.419389009475708,-0.134110689163208,0.5617631673812866,0.14938053488731384,0.37587809562683105,0.0,0.5182522535324097,0.10586962103843689,0.10987745225429535,0.11650553345680237,0.3648156225681305,0.4274851083755493,0.10520653426647186,0.11183461546897888,0.360144704580307,0.42281419038772583
4,365,0.101525018149622,0.6954249455058232,0.10152501819500091,0.1015250181495537,0.4276735186576843,0.04178750514984131,0.5334648489952087,-0.010826334357261658,0.4266982277234395,0.04081221421559652,0.532489558060964,0.0,0.14704586565494537,0.14106857776641846,0.3888411223888397,0.33111974596977234,0.1450270563364029,0.13904976844787598,0.38682231307029724,0.32910093665122986
4,366,0.101525018149622,0.6954249455058232,0.10152501819500091,0.1015250181495537,0.2684685289859772,0.28691792488098145,0.4294200539588928,0.01765047013759613,0.2678542733192444,0.28630366921424866,0.42880579829216003,0.017036214470863342,0.15476590394973755,0.19783440232276917,0.3183565139770508,0.32516148686408997,0.15573634207248688,0.1988048404455185,0.3193269520998001,0.3261319249868393
4,367,0.101525018149622,0.6954249455058232,0.10152501819500091,0.1015250181495537,0.3501351475715637,0.35449469089508057,0.46609699726104736,-0.1633293479681015,0.2932262221972148,0.2975857655207316,0.4091880718866984,0.0,0.11432674527168274,0.20259428024291992,0.3710272014141083,0.3099081516265869,0.11486265063285828,0.20313018560409546,0.3715631067752838,0.31044405698776245
4,368,0.101525018149622,0.6954249455058232,0.10152501819500091,0.1015250181495537,0.31184351444244385,0.43549272418022156,0.40417778491973877,-0.15607844293117523,0.26133882999420166,0.38498803973197937,0.3536731004714966,0.0,0.09950517117977142,0.23758362233638763,0.33491596579551697,0.32507777214050293,0.10023452341556549,0.2383129745721817,0.33564531803131104,0.325807124376297
4,369,0.101525018149622,0.6954249455058232,0.10152501819500091,0.1015250181495537,0.4604340195655823,0.3903989791870117,0.15702854096889496,-0.01539488136768341,0.45781352122624713,0.3877784808476766,0.15440804262955984,0.0,0.14251670241355896,0.2980104088783264,0.3329950273036957,0.22890092432498932,0.14191094040870667,0.2974046468734741,0.3323892652988434,0.22829516232013702
4,370,0.101525018149622,0.6954249455058232,0.10152501819500091,0.1015250181495537,0.5739487409591675,0.31876251101493835,0.07409189641475677,0.04314813017845154,0.5714609026908875,0.3162746727466583,0.07160405814647675,0.04066029191017151,0.215112566947937,0.306118369102478,0.2428869605064392,0.22498229146003723,0.21783751249313354,0.30884331464767456,0.24561190605163574,0.22770723700523376
4,371,0.101525018149622,0.6954249455058232,0.10152501819500091,0.1015250181495537,0.8384169340133667,0.030370980501174927,0.16932931542396545,-0.02911512553691864,0.825711210568746,0.01766525705655416,0.1566235919793447,0.0,0.27508020401000977,0.3717927634716034,0.20374807715415955,0.14407163858413696,0.27640701830387115,0.3731195777654648,0.20507489144802094,0.14539845287799835
4,372,0.101525018149622,0.6954249455058232,0.10152501819500091,0.1015250181495537,0.7739083170890808,0.13360604643821716,0.25892338156700134,-0.15776656568050385,0.7184290687243143,0.07812679807345072,0.2034441332022349,0.0,0.34547391533851624,0.2759644389152527,0.2324310839176178,0.15415751934051514,0.34346717596054077,0.2739576995372772,0.23042434453964233,0.15215077996253967
4,373,0.101525018149622,0.6954249455058232,0.10152501819500091,0.1015250181495537,0.6653392314910889,0.334291934967041,0.07120916247367859,-0.06734035909175873,0.6417257785797119,0.31067848205566406,0.047595709562301636,0.0,0.37410983443260193,0.3053378462791443,0.181660994887352,0.1370183825492859,0.3745780736207962,0.30580608546733856,0.18212923407554626,0.13748662173748016
4,374,0.101525018149622,0.6954249455058232,0.10152501819500091,0.1015250181495537,0.6076544523239136,0.11888609826564789,0.3206770718097687,-0.04177422821521759,0.5919152498245239,0.10314689576625824,0.30493786931037903,0.0,0.5571242570877075,0.26025906205177307,0.14529572427272797,0.03181736171245575,0.5585001558065414,0.261634960770607,0.1466716229915619,0.03319326043128967
4,375,0.101525018149622,0.6954249455058232,0.10152501819500091,0.1015250181495537,0.4998721480369568,0.1252107173204422,0.1890653818845749,0.19030159711837769,0.4987596869468689,0.12409825623035431,0.187952920794487,0.1891891360282898,0.3846103549003601,0.3166963756084442,0.19792407751083374,0.10944671928882599,0.382440984249115,0.3145270049571991,0.19575470685958862,0.10727734863758087
4,376,0.101525018149622,0.6954249455058232,0.10152501819500091,0.1015250181495537,0.3698674440383911,0.1080641895532608,0.3396207094192505,0.18482226133346558,0.3692737817764282,0.10747052729129791,0.3390270471572876,0.18422859907150269,0.38064759969711304,0.33607280254364014,0.17567917704582214,0.11552077531814575,0.37866753339767456,0.33409273624420166,0.17369911074638367,0.11354070901870728
4,377,0.101525018149622,0.6954249455058232,0.10152501819500091,0.1015250181495537,0.45794957876205444,0.09306810796260834,0.3586549460887909,0.1007339209318161,0.4553479552268982,0.09046648442745209,0.35605332255363464,0.09813229739665985,0.5437637567520142,0.2420736849308014,0.16227900981903076,0.04641053080558777,0.5451320111751556,0.24344193935394287,0.16364726424217224,0.04777878522872925
4,378,0.101525018149622,0.6954249455058232,0.10152501819500091,0.1015250181495537,0.5609041452407837,0.11759021878242493,0.3306286334991455,0.0016592741012573242,0.5578631560007731,0.11454922954241435,0.32758764425913495,0.0,0.33681803941726685,0.29698118567466736,0.20470765233039856,0.15969568490982056,0.3372674137353897,0.2974305599927902,0.20515702664852142,0.16014505922794342
4,379,0.101525018149622,0.6954249455058232,0.10152501819500091,0.1015250181495537,0.2941970229148865,0.12627144157886505,0.5000151991844177,0.08097101747989655,0.29383334517478943,0.125907763838768,0.4996515214443207,0.0806073397397995,0.31316038966178894,0.27657607197761536,0.23420582711696625,0.18466229736804962,0.3110092282295227,0.2744249105453491,0.2320546656847,0.1825111359357834
4,380,0.101525018149622,0.6954249455058232,0.10152501819500091,0.1015250181495537,0.22129803895950317,0.204531729221344,0.5591806769371033,0.0214700847864151,0.2196778953075409,0.2029115855693817,0.557560533285141,0.01984994113445282,0.26916182041168213,0.3563078045845032,0.20018520951271057,0.17069104313850403,0.27007535099983215,0.3572213351726532,0.2010987401008606,0.17160457372665405
4,381,0.1015250180389355,0.6954249458825129,0.10152501803961714,0.10152501803893446,0.2474842220544815,0.05312146246433258,0.44787096977233887,0.27045732736587524,0.24275071918964386,0.048387959599494934,0.4431374669075012,0.2657238245010376,0.23625725507736206,0.2583474814891815,0.22084403038024902,0.28580185770988464,0.23594459891319275,0.2580348253250122,0.2205313742160797,0.28548920154571533
4,382,0.1015250180389355,0.6954249458825129,0.10152501803961714,0.10152501803893446,0.17622500658035278,0.048726946115493774,0.42264363169670105,0.36328136920928955,0.1735057532787323,0.04600769281387329,0.41992437839508057,0.36056211590766907,0.16245487332344055,0.20823422074317932,0.2880385220050812,0.33456629514694214,0.16413140296936035,0.20991075038909912,0.289715051651001,0.33624282479286194
4,383,0.1015250180389355,0.6954249458825129,0.10152501803961714,0.10152501803893446,0.14179447293281555,0.03147207200527191,0.7007166147232056,0.1370335817337036,0.1390402913093567,0.02871789038181305,0.6979624330997467,0.13427940011024475,0.14223650097846985,0.19990813732147217,0.3456970155239105,0.31655383110046387,0.14113762974739075,0.19880926609039307,0.3445981442928314,0.31545495986938477
4,384,0.1015250180389355,0.6954249458825129,0.10152501803961714,0.10152501803893446,0.20407499372959137,0.14815130829811096,0.5275768041610718,0.1242295429110527,0.2030668407678604,0.14714315533638,0.5265686511993408,0.12322138994932175,0.15225663781166077,0.18238763511180878,0.32163119316101074,0.33747515082359314,0.15381896495819092,0.18394996225833893,0.3231935203075409,0.3390374779701233
4,385,0.1015250180389355,0.6954249458825129,0.10152501803961714,0.10152501803893446,0.20820342004299164,0.17861610651016235,0.4699615240097046,0.14697346091270447,0.20726479589939117,0.1776774823665619,0.4690228998661041,0.146034836769104,0.15632611513137817,0.13919079303741455,0.3664866089820862,0.3452909588813782,0.1545025110244751,0.13736718893051147,0.3646630048751831,0.3434673547744751
4,386,0.1015250180389355,0.6954249458825129,0.10152501803961714,0.10152501803893446,0.4521859884262085,-0.18729853630065918,0.3078323006629944,0.4243329167366028,0.39073558648427326,0.0,0.24638189872105917,0.36288251479466754,0.13932648301124573,0.19067983329296112,0.17298945784568787,0.49593257904052734,0.1395944058895111,0.1909477561712265,0.17325738072395325,0.4962005019187927
4,387,0.1015250180389355,0.6954249458825129,0.10152501803961714,0.10152501803893446,0.2188630849123001,0.026980265974998474,0.3311006426811218,0.43205690383911133,0.21661286056041718,0.02473004162311554,0.3288504183292389,0.4298066794872284,0.10554982721805573,0.1460878551006317,0.21376749873161316,0.5346636772155762,0.10553260147571564,0.14607062935829163,0.21375027298927307,0.5346464514732361
4,388,0.1015250180389355,0.6954249458825129,0.10152501803961714,0.10152501803893446,0.203854501247406,0.03253960609436035,0.4162047207355499,0.35141775012016296,0.202850341796875,0.031535446643829346,0.4152005612850189,0.35041359066963196,0.11301757395267487,0.1714686006307602,0.19340312480926514,0.5218167901039124,0.11309105157852173,0.17154207825660706,0.193476602435112,0.5218902677297592
4,389,0.1015250180389355,0.6954249458825129,0.10152501803961714,0.10152501803893446,0.39727962017059326,-0.2706615924835205,0.5619354248046875,0.30483630299568176,0.3092625141143799,0.0,0.4739183187484741,0.21681919693946838,0.11181028187274933,0.22727972269058228,0.17414969205856323,0.4865912199020386,0.11185255646705627,0.22732199728488922,0.17419196665287018,0.4866334944963455
4,390,0.1015250180389355,0.6954249458825129,0.10152501803961714,0.10152501803893446,0.35932376980781555,-0.16313490271568298,0.5460488200187683,0.26288288831710815,0.3032385806242625,0.0,0.48996363083521527,0.20679769913355509,0.10587264597415924,0.11437752842903137,0.3610121011734009,0.4372095465660095,0.10125468671321869,0.10975956916809082,0.3563941419124603,0.43259158730506897
4,391,0.1015250180389355,0.6954249458825129,0.10152501803961714,0.10152501803893446,0.3120850622653961,0.07132865488529205,0.5001640915870667,0.11897116899490356,0.31144779920578003,0.07069139182567596,0.49952682852745056,0.11833390593528748,0.17479616403579712,0.20371240377426147,0.2990247309207916,0.3162972033023834,0.1763385385274887,0.20525477826595306,0.3005671054124832,0.317839577794075
4,392,0.1015250180389355,0.6954249458825129,0.10152501803961714,0.10152501803893446,0.24500228464603424,0.266182541847229,0.4980441927909851,-0.0011427104473114014,0.24192592998345694,0.2631061871846517,0.4949678381284078,0.0,0.13804206252098083,0.20646977424621582,0.3558650612831116,0.2965599596500397,0.13880783319473267,0.20723554491996765,0.3566308319568634,0.2973257303237915
4,393,0.1015250180389355,0.6954249458825129,0.10152501803961714,0.10152501803893446,0.43877971172332764,0.29601728916168213,0.3452199101448059,-0.07534356415271759,0.4121074279149373,0.2693450053532918,0.3185476263364156,0.0,0.12511086463928223,0.28971338272094727,0.3283945918083191,0.26092883944511414,0.12407395243644714,0.2886764705181122,0.327357679605484,0.25989192724227905
4,394,0.1015250180389355,0.6954249458825129,0.10152501803961714,0.10152501803893446,0.591435432434082,0.37399154901504517,0.19731783866882324,-0.16840679943561554,0.5371871789296468,0.3197432955106099,0.14306958516438803,0.0,0.20622077584266663,0.2722288966178894,0.3302168846130371,0.18489542603492737,0.2078302800655365,0.2738384008407593,0.331826388835907,0.18650493025779724
4,395,0.1015250180389355,0.6954249458825129,0.10152501803961714,0.10152501803893446,0.5899080038070679,0.3362487256526947,0.0986272543668747,-0.03229112923145294,0.5816466808319092,0.327987402677536,0.090365931391716,0.0,0.21481430530548096,0.31281012296676636,0.23805013298988342,0.22242644429206848,0.21778905391693115,0.31578487157821655,0.24102488160133362,0.22540119290351868
4,396,0.1015250180389355,0.6954249458825129,0.10152501803961714,0.10152501803893446,0.7785108685493469,0.11914132535457611,0.09427738189697266,0.000942528247833252,0.7802928388118744,0.12092329561710358,0.09605935215950012,0.0027244985103607178,0.3302445709705353,0.30059996247291565,0.2790240943431854,0.1148240715265274,0.32407140731811523,0.2944267988204956,0.2728509306907654,0.10865090787410736
4,397,0.1015250180389355,0.6954249458825129,0.10152501803961714,0.10152501803893446,0.672608494758606,0.10134623944759369,0.2529958188533783,-0.03177167475223541,0.6636249621709188,0.09236270685990651,0.24401228626569113,0.0,0.3717552721500397,0.3026127815246582,0.16759058833122253,0.15599802136421204,0.37226611375808716,0.3031236231327057,0.16810142993927002,0.15650886297225952
4,398,0.1015250180389355,0.6954249458825129,0.10152501803961714,0.10152501803893446,0.8390231728553772,-0.02424558997154236,0.09515272080898285,0.08964312076568604,0.8310835162798563,0.0,0.08721306423346202,0.0817034641901652,0.5478466749191284,0.2727394998073578,0.140696719288826,0.033455267548561096,0.5491621345281601,0.27405495941638947,0.14201217889785767,0.03477072715759277
4,399,0.1015250180389355,0.6954249458825129,0.10152501803961714,0.10152501803893446,0.6669012308120728,0.22785165905952454,0.11910609900951385,-0.01622883975505829,0.6622815926869711,0.22323202093442282,0.11448646088441213,0.0,0.40645632147789,0.3462398052215576,0.1769973635673523,0.07978913187980652,0.4040856659412384,0.343869149684906,0.17462670803070068,0.07741847634315491
4,400,0.1015250180389355,0.6954249458825129,0.10152501803961714,0.10152501803893446,0.48039236664772034,0.3001025915145874,0.23848825693130493,0.0012092143297195435,0.4740646580855052,0.29377488295237225,0.23216054836908975,0.0,0.39320412278175354,0.15636494755744934,0.23752963542938232,0.21936315298080444,0.39158865809440613,0.15474948287010193,0.2359141707420349,0.21774768829345703
4,401,0.10152501803646749,0.6954249458905873,0.10152501803647775,0.10152501803646749,0.5012166500091553,0.1246671974658966,0.3173639476299286,0.060959815979003906,0.5001647472381592,0.12361529469490051,0.3163120448589325,0.05990791320800781,0.39513739943504333,0.3420678675174713,0.17682617902755737,0.09609919786453247,0.3926047384738922,0.3395352065563202,0.17429351806640625,0.09356653690338135
4,402,0.10152501803646749,0.6954249458905873,0.10152501803647775,0.10152501803646749,0.5272600650787354,-0.0012227892875671387,0.5199980139732361,-0.033124372363090515,0.5036309957504272,0.0,0.496368944644928,0.0,0.5486629605293274,0.23938938975334167,0.153274804353714,0.055277541279792786,0.5495118051767349,0.2402382344007492,0.15412364900112152,0.05612638592720032
4,403,0.10152501803646749,0.6954249458905873,0.10152501803647775,0.10152501803646749,0.4265805780887604,0.053439050912857056,0.6881645917892456,-0.16671593487262726,0.3692080080509186,0.0,0.6307920217514038,0.0,0.3092268407344818,0.28714677691459656,0.22371366620063782,0.1902807354927063,0.3066348135471344,0.28455474972724915,0.2211216390132904,0.1876887083053589
4,404,0.10152501803646749,0.6954249458905873,0.10152501803647775,0.10152501803646749,0.38804394006729126,0.0074934810400009155,0.9114682674407959,-0.2987455129623413,0.23828786611557007,0.0,0.7617121934890747,0.0,0.2713768184185028,0.3691004514694214,0.18555843830108643,0.17188574373722076,0.27189645171165466,0.36962008476257324,0.18607807159423828,0.17240537703037262
4,405,0.10152501803646749,0.6954249458905873,0.10152501803647775,0.10152501803646749,0.2937857508659363,-0.060998231172561646,0.8635039925575256,-0.07046453654766083,0.21514087915420532,0.0,0.7848591208457947,0.0,0.23925746977329254,0.26740649342536926,0.22683529555797577,0.27035441994667053,0.23829405009746552,0.26644307374954224,0.22587187588214874,0.2693910002708435
4,406,0.10152501803646749,0.6954249458905873,0.10152501803647775,0.10152501803646749,0.42733144760131836,-0.2091861367225647,0.6428608894348145,0.13539472222328186,0.3588024377822876,0.0,0.5743318796157837,0.0668657124042511,0.13949114084243774,0.3140287399291992,0.3147323727607727,0.23488838970661163,0.13870596885681152,0.313243567943573,0.3139472007751465,0.2341032177209854
4,407,0.10152501803646749,0.6954249458905873,0.10152501803647775,0.10152501803646749,0.2604694366455078,-0.26020509004592896,0.712769091129303,0.3086223304271698,0.16651582717895508,0.0,0.6188154816627502,0.21466872096061707,0.056792840361595154,0.24123871326446533,0.350109338760376,0.3496474027633667,0.057345762848854065,0.24179163575172424,0.3506622612476349,0.3502003252506256
4,408,0.10152501803646749,0.6954249458905873,0.10152501803647775,0.10152501803646749,0.07703506946563721,0.1788322478532791,0.5660473704338074,0.1879683881998062,0.07456430792808533,0.17636148631572723,0.5635766088962555,0.18549762666225433,0.08386330306529999,0.19207310676574707,0.3827548027038574,0.33941978216171265,0.08433555066585541,0.1925453543663025,0.38322705030441284,0.33989202976226807
4,409,0.10152501803646749,0.6954249458905873,0.10152501803647775,0.10152501803646749,0.18905097246170044,-0.06556114554405212,0.6779751777648926,0.2113226056098938,0.16293472051620483,0.0,0.651858925819397,0.1852063536643982,0.05999176204204559,0.1312500238418579,0.34401026368141174,0.46108776330947876,0.060906797647476196,0.1321650594472885,0.34492529928684235,0.46200279891490936
4,410,0.10152501803646749,0.6954249458905873,0.10152501803647775,0.10152501803646749,0.16210350394248962,0.1435007005929947,0.4473283290863037,0.2543867528438568,0.16027367115020752,0.14167086780071259,0.4454984962940216,0.2525569200515747,0.17914865911006927,0.1475433111190796,0.34990450739860535,0.3308887481689453,0.1772773414850235,0.1456719934940338,0.34803318977355957,0.32901743054389954
4,411,0.10152501803646749,0.6954249458905873,0.10152501803647775,0.10152501803646749,0.3119756877422333,0.0702412873506546,0.24749436974525452,0.36962345242500305,0.3121419996023178,0.07040759921073914,0.24766068160533905,0.3697897642850876,0.08171914517879486,0.11909474432468414,0.3780096173286438,0.44100281596183777,0.07676257193088531,0.1141381710767746,0.37305304408073425,0.4360462427139282
4,412,0.10152501803646749,0.6954249458905873,0.10152501803647775,0.10152501803646749,0.27870267629623413,-0.0634428858757019,0.5242184400558472,0.2626161575317383,0.25685693820317584,0.0,0.5023727019627889,0.24077041943868002,0.07910521328449249,0.12552843987941742,0.37977510690689087,0.43501994013786316,0.07424803078174591,0.12067125737667084,0.3749179244041443,0.4301627576351166
4,413,0.10152501803646749,0.6954249458905873,0.10152501803647775,0.10152501803646749,0.2974739968776703,-0.010089337825775146,0.49941933155059814,0.215060755610466,0.2934893071651459,0.0,0.49543464183807373,0.2110760658979416,0.10944221913814545,0.13772138953208923,0.36753377318382263,0.40582090616226196,0.10431264340877533,0.13259181380271912,0.3624041974544525,0.40069133043289185
4,414,0.10152501803646749,0.6954249458905873,0.10152501803647775,0.10152501803646749,0.2442394495010376,0.12129990756511688,0.3946937918663025,0.23866504430770874,0.24451489746570587,0.12157535552978516,0.39496923983097076,0.23894049227237701,0.1673571765422821,0.15592674911022186,0.3550545275211334,0.3303205966949463,0.16519242525100708,0.15376199781894684,0.3528897762298584,0.32815584540367126
4,415,0.10152501803646749,0.6954249458905873,0.10152501803647775,0.10152501803646749,0.11780424416065216,0.1961081475019455,0.4005630612373352,0.29719802737236023,0.11488588154315948,0.19318978488445282,0.39764469861984253,0.29427966475486755,0.17628365755081177,0.19986948370933533,0.3315756320953369,0.287949800491333,0.17736400663852692,0.20094983279705048,0.33265598118305206,0.28903014957904816
4,416,0.10152501803646749,0.6954249458905873,0.10152501803647775,0.10152501803646749,0.19985613226890564,0.18057294189929962,0.5956206321716309,0.033912062644958496,0.1973656713962555,0.17808248102664948,0.5931301712989807,0.03142160177230835,0.11400750279426575,0.208486407995224,0.3853728175163269,0.29081448912620544,0.11433720588684082,0.20881611108779907,0.385702520608902,0.2911441922187805
4,417,0.10152501803646749,0.6954249458905873,0.10152501803647775,0.10152501803646749,0.17138993740081787,0.3507117033004761,0.5784098505973816,-0.09413997828960419,0.1378860870997111,0.3172078529993693,0.5449060002962748,0.0,0.11910150945186615,0.24621683359146118,0.33646321296691895,0.2956208288669586,0.11975091695785522,0.24686624109745026,0.337112620472908,0.2962702363729477
4,418,0.10152501803646749,0.6954249458905873,0.10152501803647775,0.10152501803646749,0.27122175693511963,0.3889991343021393,0.3346482515335083,0.006505072116851807,0.2708781957626343,0.38865557312965393,0.33430469036102295,0.006161510944366455,0.15783214569091797,0.3144596517086029,0.32654517889022827,0.20385849475860596,0.1571582853794098,0.3137857913970947,0.3258713185787201,0.20318463444709778
4,419,0.10152501803646749,0.6954249458905873,0.10152501803647775,0.10152501803646749,0.4314908981323242,0.2901541590690613,0.30131563544273376,-0.0051130205392837524,0.4238373438517253,0.28250060478846234,0.2936620811621348,0.0,0.26654618978500366,0.2832750976085663,0.2413526475429535,0.21211904287338257,0.26572293043136597,0.2824518382549286,0.2405293881893158,0.21129578351974487
4,420,0.10152501803646749,0.6954249458905873,0.10152501803647775,0.10152501803646749,0.6651980876922607,0.2522343099117279,0.11487799882888794,-0.02861134707927704,0.6544279257456461,0.2414641479651133,0.10410783688227336,0.0,0.33753830194473267,0.2771435081958771,0.24330805242061615,0.1373504102230072,0.3387032151222229,0.2783084213733673,0.24447296559810638,0.13851532340049744
4,421,0.10911164651609977,0.16241285555011462,0.10911164651610068,0.619363851417685,0.7413992285728455,0.21092800796031952,0.05863986909389496,-0.015585139393806458,0.7377435167630514,0.20727229615052542,0.05498415728410085,0.0,0.38367462158203125,0.28942739963531494,0.20283131301403046,0.12349526584148407,0.3838174641132355,0.28957024216651917,0.20297415554523468,0.1236381083726883
4,422,0.10911164651609977,0.16241285555011462,0.10911164651610068,0.619363851417685,0.752739429473877,0.0339425653219223,0.23994970321655273,-0.030264392495155334,0.7438621918360392,0.025065327684084572,0.231072465578715,0.0,0.5474085807800293,0.22898784279823303,0.12909986078739166,0.08969873189926147,0.5486098378896713,0.23018909990787506,0.1303011178970337,0.0908999890089035
4,423,0.10911164651609977,0.16241285555011462,0.10911164651610068,0.619363851417685,0.7902331948280334,0.35694360733032227,0.022648051381111145,-0.15341030061244965,0.716644823551178,0.2833552360534668,0.0,0.0,0.5075756311416626,0.20066741108894348,0.16172084212303162,0.136533722281456,0.5059512257575989,0.19904300570487976,0.1600964367389679,0.13490931689739227
4,424,0.10911164651609977,0.16241285555011462,0.10911164651610068,0.619363851417685,0.6732595562934875,0.3161836266517639,0.24264171719551086,-0.21635065972805023,0.5958979328473409,0.23882200320561725,0.1652800937493642,0.0,0.6075881719589233,0.16408610343933105,0.10590776801109314,0.13794240355491638,0.6037070453166962,0.16020497679710388,0.10202664136886597,0.1340612769126892
4,425,0.10911164651609977,0.16241285555011462,0.10911164651610068,0.619363851417685,0.6189059615135193,0.07640042901039124,0.762448251247406,-0.42198580503463745,0.42822885513305664,0.0,0.5717711448669434,0.0,0.5702700614929199,0.2585114538669586,0.10003910958766937,0.0754144936800003,0.5692112743854523,0.25745266675949097,0.09898032248020172,0.07435570657253265
4,426,0.10911164651609977,0.16241285555011462,0.10911164651610068,0.619363851417685,0.5722647309303284,0.34638071060180664,0.48714011907577515,-0.38362109661102295,0.4370028773943583,0.21111885706583658,0.35187826553980506,0.0,0.5796413421630859,0.1935734748840332,0.14744040369987488,0.07818365097045898,0.5799316167831421,0.19386374950408936,0.14773067831993103,0.07847392559051514
4,427,0.10911164651609977,0.16241285555011462,0.10911164651610068,0.619363851417685,0.6424708962440491,0.27087727189064026,0.3591449558734894,-0.25214070081710815,0.5516398549079895,0.1800462305545807,0.2683139145374298,0.0,0.5880106687545776,0.1659923791885376,0.17378851771354675,0.07285520434379578,0.587848961353302,0.16583067178726196,0.17362681031227112,0.07269349694252014
4,428,0.10911164651609977,0.16241285555011462,0.10911164651610068,0.619363851417685,0.6554676294326782,0.13056695461273193,0.5414918065071106,-0.30890876054763794,0.5462921460469564,0.021391471227010087,0.43231632312138873,0.0,0.5544044971466064,0.2303173840045929,0.0989629328250885,0.12233053892850876,0.5529006719589233,0.2288135588169098,0.0974591076374054,0.12082671374082565
4,429,0.10911164651609977,0.16241285555011462,0.10911164651610068,0.619363851417685,0.5425914525985718,0.1905744969844818,0.4142802953720093,-0.12840314209461212,0.49344269434611004,0.14142573873202005,0.36513153711954754,0.0,0.51674884557724,0.2530350089073181,0.15657754242420197,0.06616544723510742,0.5186171382665634,0.25490330159664154,0.1584458351135254,0.06803373992443085
4,430,0.10911164651609977,0.16241285555011462,0.10911164651610068,0.619363851417685,0.5576755404472351,0.009090930223464966,0.6359391212463379,-0.18830330669879913,0.4608681797981262,0.0,0.539131760597229,0.0,0.4780293405056,0.2269519567489624,0.14026352763175964,0.15940582752227783,0.4768666625022888,0.22578927874565125,0.1391008496284485,0.15824314951896667
4,431,0.10911164651609977,0.16241285555011462,0.10911164651610068,0.619363851417685,0.40425920486450195,-0.05801305174827576,0.6075614094734192,0.050342440605163574,0.3835382064183553,0.0,0.5868404110272726,0.029621442159016926,0.5285856127738953,0.2593466639518738,0.10691814124584198,0.099782794713974,0.5299273133277893,0.2606883645057678,0.10825984179973602,0.10112449526786804
4,432,0.10911164651609977,0.16241285555011462,0.10911164651610068,0.619363851417685,0.3351678252220154,0.1441943645477295,0.5611865520477295,-0.028178587555885315,0.321651558081309,0.1306780974070231,0.5476702849070231,0.0,0.33204907178878784,0.32585641741752625,0.19999270141124725,0.1410123109817505,0.3323214501142502,0.3261287957429886,0.2002650797367096,0.14128468930721283
4,433,0.10911164651609977,0.16241285555011462,0.10911164651610068,0.619363851417685,0.13913288712501526,0.15216697752475739,0.3047472834587097,0.42345499992370605,0.13425734639167786,0.14729143679141998,0.2998717427253723,0.41857945919036865,0.2811789810657501,0.25799083709716797,0.26817625761032104,0.1872907429933548,0.28251977264881134,0.2593316286802292,0.26951704919338226,0.18863153457641602
4,434,0.10911164651609977,0.16241285555011462,0.10911164651610068,0.619363851417685,0.1735321283340454,0.26997557282447815,0.19602707028388977,0.35074934363365173,0.17596110701560974,0.2724045515060425,0.1984560489654541,0.35317832231521606,0.11986643075942993,0.31626230478286743,0.34816545248031616,0.21941706538200378,0.1189386248588562,0.3153344988822937,0.34723764657974243,0.21848925948143005
4,435,0.10911164651609977,0.16241285555011462,0.10911164651610068,0.619363851417685,0.13441622257232666,0.19212006032466888,0.41609328985214233,0.2654496133327484,0.13239642977714539,0.1901002675294876,0.41407349705696106,0.26342982053756714,0.09865805506706238,0.22028180956840515,0.37635135650634766,0.3019915521144867,0.09933733940124512,0.2209610939025879,0.3770306408405304,0.30267083644866943
4,436,0.10911164651609977,0.16241285555011462,0.10911164651610068,0.619363851417685,0.12388782203197479,0.21002130210399628,0.35343775153160095,0.30620959401130676,0.1254986971616745,0.21163217723369598,0.35504862666130066,0.30782046914100647,0.1659323275089264,0.1611584573984146,0.3806132674217224,0.3008897602558136,0.16378387808799744,0.15901000797748566,0.37846481800079346,0.29874131083488464
4,437,0.10911164651609977,0.16241285555011462,0.10911164651610068,0.619363851417685,0.09806567430496216,0.0465511679649353,0.3579423725605011,0.5025707483291626,0.09678319096565247,0.04526868462562561,0.3566598892211914,0.5012882649898529,0.1078067421913147,0.1516028642654419,0.2260279357433319,0.5161972045898438,0.10739803314208984,0.15119415521621704,0.22561922669410706,0.5157884955406189
4,438,0.10911164651609977,0.16241285555011462,0.10911164651610068,0.619363851417685,0.21013258397579193,-0.08429402112960815,0.4300791919231415,0.45383280515670776,0.17878439525763193,0.0,0.3987310032049815,0.4224846164385478,0.1495392918586731,0.015152662992477417,0.22119612991809845,0.6043714284896851,0.1519744098186493,0.017587780952453613,0.22363124787807465,0.6068065464496613
4,439,0.10911164651609977,0.16241285555011462,0.10911164651610068,0.619363851417685,0.0880693793296814,-0.019081711769104004,0.5016050338745117,0.4411587119102478,0.0777916709582011,0.0,0.49132732550303143,0.4308810035387675,0.1228141039609909,0.18654963374137878,0.10266610980033875,0.5728694200515747,0.12658928334712982,0.1903248131275177,0.10644128918647766,0.5766445994377136
4,440,0.10911164651609977,0.16241285555011462,0.10911164651610068,0.619363851417685,0.07774122059345245,0.02686251699924469,0.3676071763038635,0.5300127863883972,0.07718528807163239,0.02630658447742462,0.36705124378204346,0.5294568538665771,0.1404682695865631,0.11871407926082611,0.2781817615032196,0.468820184469223,0.13892218470573425,0.11716799437999725,0.27663567662239075,0.46727409958839417
4,441,0.10920740727938295,0.11370524005644847,0.6248222149248313,0.15226513773933736,0.03438626229763031,0.06337933242321014,0.3373749852180481,0.5742752552032471,0.03203229606151581,0.06102536618709564,0.3350210189819336,0.5719212889671326,-0.021428465843200684,0.19300849735736847,0.2817401885986328,0.5438003540039062,0.0,0.1868254691362381,0.27555716037750244,0.5376173257827759
4,442,0.10920740727938295,0.11370524005644847,0.6248222149248313,0.15226513773933736,0.07911954820156097,0.23322509229183197,0.26795265078544617,0.42464596033096313,0.07788373529911041,0.2319892793893814,0.2667168378829956,0.4234101474285126,0.1365252435207367,0.13887637853622437,0.35163643956184387,0.3938562870025635,0.1313016712665558,0.13365280628204346,0.34641286730766296,0.38863271474838257
4,443,0.10920740727938295,0.11370524005644847,0.6248222149248313,0.15226513773933736,0.15898367762565613,0.08942154049873352,0.4016610383987427,0.3525172770023346,0.15833780169487,0.08877566456794739,0.40101516246795654,0.35187140107154846,0.17751863598823547,0.1786465346813202,0.33060941100120544,0.31846919655799866,0.17620769143104553,0.17733559012413025,0.3292984664440155,0.3171582520008087
4,444,0.10920740727938295,0.11370524005644847,0.6248222149248313,0.15226513773933736,0.2482711523771286,0.4148879051208496,0.1493697464466095,0.19137556850910187,0.2472950667142868,0.4139118194580078,0.1483936607837677,0.19039948284626007,0.160404771566391,0.302348256111145,0.32070958614349365,0.22253094613552094,0.15890637040138245,0.3008498549461365,0.3192111849784851,0.2210325449705124
4,445,0.10920740727938295,0.11370524005644847,0.6248222149248313,0.15226513773933736,0.3040030598640442,0.11684665083885193,0.4099682569503784,0.18504451215267181,0.3000374436378479,0.11288103461265564,0.40600264072418213,0.18107889592647552,0.265176922082901,0.28966546058654785,0.23117542266845703,0.2178877741098404,0.2642005383968353,0.2886890769004822,0.23019903898239136,0.21691139042377472
4,446,0.10920740727938295,0.11370524005644847,0.6248222149248313,0.15226513773933736,0.6226832866668701,0.13480092585086823,0.07287962734699249,0.1619386076927185,0.6246076822280884,0.1367253214120865,0.07480402290821075,0.16386300325393677,0.34778541326522827,0.3350197374820709,0.2728601098060608,0.07029221951961517,0.3412960469722748,0.32853037118911743,0.2663707435131073,0.06380285322666168
4,447,0.10920740727938295,0.11370524005644847,0.6248222149248313,0.15226513773933736,0.6808516979217529,0.12784171104431152,0.11135223507881165,0.07995782792568207,0.6808508336544037,0.12784084677696228,0.1113513708114624,0.07995696365833282,0.4315870404243469,0.33709463477134705,0.17362457513809204,0.06818394362926483,0.4289644956588745,0.33447209000587463,0.17100203037261963,0.06556139886379242
4,448,0.10920740727938295,0.11370524005644847,0.6248222149248313,0.15226513773933736,0.6505932807922363,0.16135942935943604,0.15866532921791077,0.030168592929840088,0.6503966450691223,0.16116279363632202,0.15846869349479675,0.029971957206726074,0.535851240158081,0.2987668812274933,0.13519789278507233,0.015093371272087097,0.5396239012479782,0.30253954231739044,0.13897055387496948,0.018866032361984253
4,449,0.10920740727938295,0.11370524005644847,0.6248222149248313,0.15226513773933736,0.6172504425048828,0.4102589786052704,-0.01738514006137848,0.013474911451339722,0.603495717048645,0.3965042531490326,0.0,0.0,0.5181460380554199,0.22065246105194092,0.1256813108921051,0.13968133926391602,0.517105758190155,0.21961218118667603,0.12464103102684021,0.13864105939865112
4,450,0.10920740727938295,0.11370524005644847,0.6248222149248313,0.15226513773933736,0.7209416627883911,0.366090327501297,-0.1506640762090683,0.057931169867515564,0.6726206143697103,0.31776927908261615,0.0,0.00961012144883474,0.5462859869003296,0.2506418526172638,0.1496027261018753,0.04624173045158386,0.5480929315090179,0.25244879722595215,0.15140967071056366,0.04804867506027222
4,451,0.10920740727938295,0.11370524005644847,0.6248222149248313,0.15226513773933736,0.6889007091522217,0.20367100834846497,0.031932756304740906,0.08891120553016663,0.6855468153953552,0.2003171145915985,0.02857886254787445,0.08555731177330017,0.5535756349563599,0.2450001984834671,0.1438247710466385,0.05044874548912048,0.5553632974624634,0.24678786098957062,0.145612433552742,0.052236407995224
4,452,0.10920740727938295,0.11370524005644847,0.6248222149248313,0.15226513773933736,0.7894085645675659,-0.07658681273460388,0.2441321760416031,0.05235585570335388,0.7607763608296713,0.0,0.2154999723037084,0.023723651965459187,0.5271025896072388,0.23443779349327087,0.1742798089981079,0.0574202686548233,0.5287924706935883,0.23612767457962036,0.1759696900844574,0.05911014974117279
4,453,0.10920740727938295,0.11370524005644847,0.6248222149248313,0.15226513773933736,0.7236205339431763,0.10429580509662628,0.036531344056129456,0.14277103543281555,0.7218158543109894,0.10249112546443939,0.034726664423942566,0.14096635580062866,0.5424090623855591,0.24729928374290466,0.14727415144443512,0.0561596155166626,0.5441235303878784,0.249013751745224,0.14898861944675446,0.057874083518981934
4,454,0.10920740727938295,0.11370524005644847,0.6248222149248313,0.15226513773933736,0.608013391494751,0.15768593549728394,0.42317700386047363,-0.18373392522335052,0.5450545946756998,0.09472713867823283,0.36021820704142254,0.0,0.5009391903877258,0.23561017215251923,0.1418880820274353,0.12639488279819489,0.4997310936450958,0.23440207540988922,0.1406799852848053,0.12518678605556488
4,455,0.10920740727938295,0.11370524005644847,0.6248222149248313,0.15226513773933736,0.4961097240447998,0.36428743600845337,-0.0223282128572464,0.1564301699399948,0.49050060907999676,0.3586783210436503,0.0,0.15082105497519174,0.5027952790260315,0.31604158878326416,0.1235114336013794,0.04334612190723419,0.5063716769218445,0.31961798667907715,0.12708783149719238,0.04692251980304718
4,456,0.10920740727938295,0.11370524005644847,0.6248222149248313,0.15226513773933736,0.2990143299102783,0.32677024602890015,0.04662680625915527,0.31359583139419556,0.302512526512146,0.3302684426307678,0.05012500286102295,0.31709402799606323,0.3968745768070221,0.3375372290611267,0.16419443488121033,0.11047466099262238,0.39460432529449463,0.33526697754859924,0.16192418336868286,0.10820440948009491
4,457,0.10920740727938295,0.11370524005644847,0.6248222149248313,0.15226513773933736,0.15834450721740723,0.40453803539276123,0.1437341868877411,0.29708752036094666,0.15741842985153198,0.403611958026886,0.14280810952186584,0.2961614429950714,0.33796119689941406,0.2725738286972046,0.21667641401290894,0.18237796425819397,0.3355638384819031,0.2701764702796936,0.21427905559539795,0.17998060584068298
4,458,0.10920740727938295,0.11370524005644847,0.6248222149248313,0.15226513773933736,0.14663437008857727,0.3074466586112976,0.2645764648914337,0.28719744086265564,0.145170658826828,0.30598294734954834,0.26311275362968445,0.28573372960090637,0.30547788739204407,0.2540173828601837,0.24586600065231323,0.18926459550857544,0.30682142078876495,0.2553609162569046,0.24720953404903412,0.19060812890529633
4,459,0.10920740727938295,0.11370524005644847,0.6248222149248313,0.15226513773933736,0.28863880038261414,0.16756762564182281,0.2416880577802658,0.29578179121017456,0.2902197390794754,0.16914856433868408,0.24326899647712708,0.2973627299070358,0.13398557901382446,0.2967168688774109,0.3308684825897217,0.24129875004291534,0.13326817750930786,0.2959994673728943,0.3301510810852051,0.24058134853839874
4,460,0.10920740727938295,0.11370524005644847,0.6248222149248313,0.15226513773933736,0.1147841364145279,0.07599768042564392,0.43756920099258423,0.3764520287513733,0.11358337104320526,0.07479691505432129,0.4363684356212616,0.37525126338005066,0.16600313782691956,0.21807679533958435,0.33413833379745483,0.2885441780090332,0.16431254148483276,0.21638619899749756,0.33244773745536804,0.2868535816669464
4,461,0.1068778725491168,0.1071611456471472,0.13935124610289285,0.6466097357008431,0.011572927236557007,0.3697383999824524,0.40458863973617554,0.22734776139259338,0.008260995149612427,0.3664264678955078,0.40127670764923096,0.2240358293056488,0.12591713666915894,0.21225681900978088,0.3614315986633301,0.29756098985671997,0.12662549316883087,0.21296517550945282,0.362139955163002,0.2982693463563919
4,462,0.1068778725491168,0.1071611456471472,0.13935124610289285,0.6466097357008431,0.3228064179420471,-0.04967191815376282,0.32814526557922363,0.3908725380897522,0.3088650107383728,0.0,0.3142038583755493,0.3769311308860779,0.18859250843524933,0.1787494421005249,0.3002789616584778,0.3361753225326538,0.18764345347881317,0.17780038714408875,0.2993299067020416,0.33522626757621765
4,463,0.1068778725491168,0.1071611456471472,0.13935124610289285,0.6466097357008431,0.2588864862918854,0.09279219806194305,0.214417964220047,0.43178361654281616,0.2594164162874222,0.09332212805747986,0.2149478942155838,0.43231354653835297,0.19469772279262543,0.1807178258895874,0.28920477628707886,0.3392155170440674,0.19373874366283417,0.17975884675979614,0.2882457971572876,0.3382565379142761
4,464,0.1068778725491168,0.1071611456471472,0.13935124610289285,0.6466097357008431,0.2695634961128235,0.14600321650505066,0.3327614665031433,0.2543061673641205,0.2689048945903778,0.14534461498260498,0.33210286498069763,0.2536475658416748,0.1886042356491089,0.15990328788757324,0.31288161873817444,0.34354934096336365,0.18736961483955383,0.1586686670780182,0.3116469979286194,0.3423147201538086
4,465,0.1068778725491168,0.1071611456471472,0.13935124610289285,0.6466097357008431,0.2844077944755554,0.10741133987903595,0.28960520029067993,0.31803494691848755,0.284542977809906,0.10754652321338654,0.2897403836250305,0.31817013025283813,0.1861269176006317,0.17340026795864105,0.30761945247650146,0.33726072311401367,0.18502506613731384,0.17229841649532318,0.3065176010131836,0.3361588716506958
4,466,0.1068778725491168,0.1071611456471472,0.13935124610289285,0.6466097357008431,0.1723715215921402,0.2740112245082855,0.44480347633361816,0.1148015707731247,0.17087458074092865,0.272514283657074,0.4433065354824066,0.11330462992191315,0.14522171020507812,0.20687761902809143,0.3549547493457794,0.29123854637145996,0.14564856886863708,0.2073044776916504,0.3553816080093384,0.2916654050350189
4,467,0.1068778725491168,0.1071611456471472,0.13935124610289285,0.6466097357008431,0.2431502491235733,0.1601657271385193,0.39570188522338867,0.20542946457862854,0.24203844368457794,0.15905392169952393,0.3945900797843933,0.20431765913963318,0.22172462940216064,0.20966282486915588,0.322698712348938,0.251773476600647,0.22025972604751587,0.2081979215145111,0.3212338089942932,0.2503085732460022
4,468,0.1068778725491168,0.1071611456471472,0.13935124610289285,0.6466097357008431,0.28365716338157654,0.27071696519851685,0.2645626962184906,0.18515050411224365,0.28263533115386963,0.26969513297080994,0.2635408639907837,0.18412867188453674,0.1383964866399765,0.23442725837230682,0.3270626962184906,0.29742610454559326,0.1390683352947235,0.23509910702705383,0.3277345448732376,0.29809795320034027
4,469,0.1068778725491168,0.1071611456471472,0.13935124610289285,0.6466097357008431,0.3249794840812683,0.3311098515987396,0.2052026391029358,0.15199606120586395,0.3216574788093567,0.327787846326828,0.20188063383102417,0.14867405593395233,0.15905152261257172,0.28534752130508423,0.3017357885837555,0.2589386999607086,0.1577831357717514,0.2840791344642639,0.3004674017429352,0.2576703131198883
4,470,0.1068778725491168,0.1071611456471472,0.13935124610289285,0.6466097357008431,0.4243522882461548,0.1428232491016388,0.493655800819397,-0.05253992974758148,0.4040751854578654,0.12254614631334941,0.4733786980311076,0.0,0.23505033552646637,0.23311245441436768,0.2726113796234131,0.2527996897697449,0.23665687441825867,0.23471899330615997,0.2742179185152054,0.25440622866153717
4,471,0.1068778725491168,0.1071611456471472,0.13935124610289285,0.6466097357008431,0.5511534214019775,0.23281851410865784,0.24403493106365204,-0.034629419445991516,0.5418177843093872,0.2234828770160675,0.2346992939710617,0.0,0.2456098347902298,0.27288687229156494,0.329213947057724,0.1464657187461853,0.2470657378435135,0.27434277534484863,0.3306698501110077,0.147921621799469
4,472,0.1068778725491168,0.1071611456471472,0.13935124610289285,0.6466097357008431,0.4002666771411896,0.26732137799263,0.24229979515075684,0.09656932950019836,0.3986523747444153,0.2657070755958557,0.24068549275398254,0.09495502710342407,0.2874022424221039,0.272675484418869,0.22045038640499115,0.22223782539367676,0.2867107689380646,0.2719840109348297,0.21975891292095184,0.22154635190963745
4,473,0.1068778725491168,0.1071611456471472,0.13935124610289285,0.6466097357008431,0.5165533423423767,0.3975432515144348,0.22591057419776917,-0.14541904628276825,0.4698842962582906,0.3508742054303487,0.17924152811368307,0.0,0.24806366860866547,0.31007468700408936,0.22661620378494263,0.20369139313697815,0.25095216929912567,0.31296318769454956,0.22950470447540283,0.20657989382743835
4,474,0.1068778725491168,0.1071611456471472,0.13935124610289285,0.6466097357008431,0.6005054712295532,0.3104863166809082,0.16480502486228943,-0.07007060945034027,0.5752398570378622,0.2852207024892171,0.13953941067059836,0.0,0.348800927400589,0.2639748752117157,0.2247154712677002,0.1564103364944458,0.3503255248069763,0.265499472618103,0.22624006867408752,0.15793493390083313
4,475,0.1068778725491168,0.1071611456471472,0.13935124610289285,0.6466097357008431,0.5326769948005676,0.21122945845127106,0.25449877977371216,0.013474777340888977,0.5297069847583771,0.2082594484090805,0.2515287697315216,0.010504767298698425,0.3412485122680664,0.26225394010543823,0.23462149500846863,0.15622402727603912,0.3426615297794342,0.26366695761680603,0.23603451251983643,0.15763704478740692
4,476,0.1068778725491168,0.1071611456471472,0.13935124610289285,0.6466097357008431,0.5151934623718262,0.1113211065530777,0.18060125410556793,0.20487168431282043,0.5121966004371643,0.10832424461841583,0.17760439217090607,0.20187482237815857,0.32388490438461304,0.24205990135669708,0.2522343695163727,0.17641910910606384,0.3252353370189667,0.24341033399105072,0.2535848021507263,0.17776954174041748
4,477,0.1068778725491168,0.1071611456471472,0.13935124610289285,0.6466097357008431,0.2870509922504425,0.498577356338501,0.06739570200443268,0.16215121746063232,0.2832571864128113,0.49478355050086975,0.06360189616680145,0.1583574116230011,0.32260680198669434,0.25138306617736816,0.2440912425518036,0.17635953426361084,0.3239966332912445,0.25277289748191833,0.24548107385635376,0.177749365568161
4,478,0.1068778725491168,0.1071611456471472,0.13935124610289285,0.6466097357008431,0.1912519484758377,0.4351353049278259,0.2242875099182129,0.17206615209579468,0.1855667382478714,0.4294500946998596,0.21860229969024658,0.16638094186782837,0.30899518728256226,0.27105775475502014,0.2503301203250885,0.16323551535606384,0.310590535402298,0.27265310287475586,0.2519254684448242,0.16483086347579956
4,479,0.1068778725491168,0.1071611456471472,0.13935124610289285,0.6466097357008431,0.3290528655052185,0.13695289194583893,0.25886255502700806,0.2977834939956665,0.3233899176120758,0.13128994405269623,0.25319960713386536,0.2921205461025238,0.2975601255893707,0.26009026169776917,0.27133670449256897,0.16637453436851501,0.29871970415115356,0.261249840259552,0.2724962830543518,0.16753411293029785
4,480,0.1068778725491168,0.1071611456471472,0.13935124610289285,0.6466097357008431,0.14703361690044403,0.28713858127593994,0.39051806926727295,0.1863725334405899,0.14426793158054352,0.28437289595603943,0.38775238394737244,0.1836068481206894,0.21742935478687286,0.3125556707382202,0.25226521492004395,0.2058546543121338,0.22040313482284546,0.3155294507741928,0.25523899495601654,0.20882843434810638
4,481,0.10172336665675705,0.10172793433199477,0.10224698794412197,0.6943017110671262,0.2812992334365845,-0.009531974792480469,0.43212056159973145,0.31141090393066406,0.2730223337809245,0.0,0.42384366194407147,0.3031340042750041,0.2991414964199066,0.2776438891887665,0.2556108236312866,0.16003862023353577,0.30103278160095215,0.279535174369812,0.25750210881233215,0.1619299054145813
4,482,0.10172336665675705,0.10172793433199477,0.10224698794412197,0.6943017110671262,0.2808490991592407,0.14135973155498505,0.2518724799156189,0.3220061957836151,0.2818272113800049,0.1423378437757492,0.25285059213638306,0.3229843080043793,0.27469754219055176,0.3848915100097656,0.21450260281562805,0.123238205909729,0.27536508440971375,0.3855590522289276,0.21517014503479004,0.12390574812889099
4,483,0.10172336665675705,0.10172793433199477,0.10224698794412197,0.6943017110671262,0.2732856869697571,0.26442763209342957,0.3420533537864685,0.12251917272806168,0.272714227437973,0.2638561725616455,0.34148189425468445,0.12194771319627762,0.2902844548225403,0.28826799988746643,0.30616307258605957,0.14063198864459991,0.28394755721092224,0.2819311022758484,0.29982617497444153,0.13429509103298187
4,484,0.10172336665675705,0.10172793433199477,0.10224698794412197,0.6943017110671262,0.2759791612625122,0.39471253752708435,0.15849676728248596,0.1668996512889862,0.27695712447166443,0.3956905007362366,0.15947473049163818,0.16787761449813843,0.33877718448638916,0.2688778042793274,0.2398872971534729,0.16189312934875488,0.3364183306694031,0.2665189504623413,0.23752844333648682,0.1595342755317688
4,485,0.10172336665675705,0.10172793433199477,0.10224698794412197,0.6943017110671262,0.31282952427864075,0.26601874828338623,0.2606896162033081,0.15535292029380798,0.314106822013855,0.26729604601860046,0.26196691393852234,0.15663021802902222,0.34058889746665955,0.2683852016925812,0.2316267043352127,0.16746306419372559,0.3385729491710663,0.2663692533969879,0.22961075603961945,0.16544711589813232
4,486,0.10172336665675705,0.10172793433199477,0.10224698794412197,0.6943017110671262,0.44821423292160034,0.2525891959667206,0.17452512681484222,0.12055742740631104,0.4492427408695221,0.25361770391464233,0.17555363476276398,0.12158593535423279,0.33226367831230164,0.26933807134628296,0.24226772785186768,0.1657065898180008,0.32986965775489807,0.2669440507888794,0.2398737072944641,0.16331256926059723
4,487,0.10172336665675705,0.10172793433199477,0.10224698794412197,0.6943017110671262,0.3407624065876007,0.1588594615459442,0.25728124380111694,0.23576484620571136,0.3425953984260559,0.16069245338439941,0.25911423563957214,0.23759783804416656,0.3021036982536316,0.3176943063735962,0.2785991430282593,0.12544037401676178,0.2961443066596985,0.3117349147796631,0.27263975143432617,0.11948098242282867
4,488,0.10172336665675705,0.10172793433199477,0.10224698794412197,0.6943017110671262,0.38440826535224915,0.2699461579322815,0.3335420489311218,0.005730673670768738,0.38600146770477295,0.2715393602848053,0.33513525128364563,0.0073238760232925415,0.2892569899559021,0.3643231987953186,0.20920655131340027,0.13348695635795593,0.2901885509490967,0.3652547597885132,0.21013811230659485,0.1344185173511505
4,489,0.10172336665675705,0.10172793433199477,0.10224698794412197,0.6943017110671262,0.45073938369750977,0.2675846815109253,0.25957635045051575,0.02304893732070923,0.45050203800201416,0.2673473358154297,0.25933900475502014,0.022811591625213623,0.334818035364151,0.2802106738090515,0.25592485070228577,0.12325011193752289,0.3362671136856079,0.2816597521305084,0.2573739290237427,0.1246991902589798
4,490,0.10172336665675705,0.10172793433199477,0.10224698794412197,0.6943017110671262,0.47407039999961853,0.21004101634025574,0.10878899693489075,0.2128283977508545,0.47263818979263306,0.20860880613327026,0.10735678672790527,0.21139618754386902,0.2820550799369812,0.27187779545783997,0.23661454021930695,0.21185186505317688,0.28145524859428406,0.2712779641151428,0.2360147088766098,0.21125203371047974
4,491,0.10172336665675705,0.10172793433199477,0.10224698794412197,0.6943017110671262,0.34488797187805176,0.3275619447231293,0.2176770269870758,0.0954110324382782,0.3485034704208374,0.3311774432659149,0.22129252552986145,0.09902653098106384,0.20711302757263184,0.28937482833862305,0.3288271427154541,0.17596673965454102,0.20679259300231934,0.28905439376831055,0.3285067081451416,0.17564630508422852
4,492,0.10172336665675705,0.10172793433199477,0.10224698794412197,0.6943017110671262,0.42478975653648376,0.33561235666275024,0.21386665105819702,0.022890284657478333,0.4255000054836273,0.3363226056098938,0.21457690000534058,0.023600533604621887,0.25594478845596313,0.23238450288772583,0.2890740931034088,0.21721093356609344,0.25729119777679443,0.23373091220855713,0.2904205024242401,0.21855734288692474
4,493,0.10172336665675705,0.10172793433199477,0.10224698794412197,0.6943017110671262,0.3231111168861389,0.3739051818847656,0.34027498960494995,-0.040606722235679626,0.31068068742752075,0.36147475242614746,0.3278445601463318,0.0,0.17400839924812317,0.21914461255073547,0.3320835530757904,0.2723633944988251,0.17460840940475464,0.21974462270736694,0.3326835632324219,0.27296340465545654
4,494,0.10172336665675705,0.10172793433199477,0.10224698794412197,0.6943017110671262,0.29452213644981384,0.21033582091331482,0.48199188709259033,0.013407543301582336,0.2944577634334564,0.2102714478969574,0.4819275140762329,0.013343170285224915,0.15573713183403015,0.2080697864294052,0.38286006450653076,0.2511109709739685,0.1562926471233368,0.20862530171871185,0.3834155797958374,0.25166648626327515
4,495,0.10172336665675705,0.10172793433199477,0.10224698794412197,0.6943017110671262,0.3376673460006714,0.03523865342140198,0.3349037766456604,0.2880162298679352,0.33871084451675415,0.03628215193748474,0.33594727516174316,0.28905972838401794,0.20447012782096863,0.16551226377487183,0.3288513422012329,0.30542638897895813,0.20340511202812195,0.16444724798202515,0.32778632640838623,0.30436137318611145
4,496,0.10172336665675705,0.10172793433199477,0.10224698794412197,0.6943017110671262,0.1736907660961151,0.20277392864227295,0.40552058815956116,0.22221015393733978,0.17264190316200256,0.2017250657081604,0.4044717252254486,0.22116129100322723,0.2106441855430603,0.20243585109710693,0.3198314905166626,0.26208406686782837,0.21189528703689575,0.20368695259094238,0.32108259201049805,0.2633351683616638
4,497,0.10172336665675705,0.10172793433199477,0.10224698794412197,0.6943017110671262,0.10301767289638519,0.2835923135280609,0.39603638648986816,0.21597792208194733,0.1033615916967392,0.2839362323284149,0.39638030529022217,0.21632184088230133,0.2308615893125534,0.18918895721435547,0.328755259513855,0.24647143483161926,0.23204228281974792,0.19036965072155,0.3299359530210495,0.24765212833881378
4,498,0.10172336665675705,0.10172793433199477,0.10224698794412197,0.6943017110671262,0.04642003774642944,0.2776730954647064,0.4807424247264862,0.20051433145999908,0.04508256912231445,0.27633562684059143,0.4794049561023712,0.1991768628358841,0.23021869361400604,0.1961628794670105,0.3039494454860687,0.26386916637420654,0.2316686362028122,0.19761282205581665,0.3053993880748749,0.2653191089630127
4,499,0.10172336665675705,0.10172793433199477,0.10224698794412197,0.6943017110671262,0.04438513517379761,0.3679981231689453,0.3177444636821747,0.2708801031112671,0.04413318634033203,0.36774617433547974,0.3174925148487091,0.2706281542778015,0.24331240355968475,0.18509577214717865,0.30346035957336426,0.2639215290546417,0.2443648874759674,0.1861482560634613,0.3045128434896469,0.2649740129709244
4,500,0.10172336665675705,0.10172793433199477,0.10224698794412197,0.6943017110671262,0.17788927257061005,0.2738817036151886,0.2086043357849121,0.3512929081916809,0.17497222125530243,0.270964652299881,0.2056872844696045,0.3483758568763733,0.23892907798290253,0.1672862470149994,0.3232525885105133,0.274530827999115,0.23792938888072968,0.16628655791282654,0.32225289940834045,0.27353113889694214
