model_name,hypothesis_id,source_revision,configuration_sha256,lookahead_mode,hmm_alpha,n,gamma,delta_v,tokens_seen,experiment,system,training,seed,k_lookahead,d_model,n_layers,model_type,mode,target,alpha,validation_r2,feature_dim,train_rows_per_feature,test_r2
sphere_polar_c00_base_d0p12_a0p5_m16_d128l4h2mlp512_700m_seed0_k1,H-R2-05-polar-ladder-capacity,dc80726a8c987e8c3a9171299dac00d03a074311,c9efa0ccdc6e3e875563d7d67e192c764715715ea88eec0daabbc2d3e5f2e904,fixed,0.5,10,0.35,0.12,699924480,sphere_polar_c00_base_d0p12_a0p5_m16,sphere_mess4,d128l4h2mlp512_700m_seed0_k1,0,1,128,4,trained,single_layer_single_token,physics,1.0,0.9077548995314738,128,153.5,0.9118407992944193
sphere_polar_c00_base_d0p12_a0p5_m16_d128l4h2mlp512_700m_seed0_k1,H-R2-05-polar-ladder-capacity,dc80726a8c987e8c3a9171299dac00d03a074311,c9efa0ccdc6e3e875563d7d67e192c764715715ea88eec0daabbc2d3e5f2e904,fixed,0.5,10,0.35,0.12,699924480,sphere_polar_c00_base_d0p12_a0p5_m16,sphere_mess4,d128l4h2mlp512_700m_seed0_k1,0,1,128,4,trained,single_layer_single_token,belief,1.0,0.13801201111855288,128,153.5,0.1419719246612282
sphere_polar_c00_base_d0p12_a0p5_m16_d128l4h2mlp512_700m_seed0_k1,H-R2-05-polar-ladder-capacity,dc80726a8c987e8c3a9171299dac00d03a074311,c9efa0ccdc6e3e875563d7d67e192c764715715ea88eec0daabbc2d3e5f2e904,fixed,0.5,10,0.35,0.12,699924480,sphere_polar_c00_base_d0p12_a0p5_m16,sphere_mess4,d128l4h2mlp512_700m_seed0_k1,0,1,128,4,trained,all_block_layers_single_token,physics,1.0,0.9902652934824252,512,38.375,0.9917649745193787
sphere_polar_c00_base_d0p12_a0p5_m16_d128l4h2mlp512_700m_seed0_k1,H-R2-05-polar-ladder-capacity,dc80726a8c987e8c3a9171299dac00d03a074311,c9efa0ccdc6e3e875563d7d67e192c764715715ea88eec0daabbc2d3e5f2e904,fixed,0.5,10,0.35,0.12,699924480,sphere_polar_c00_base_d0p12_a0p5_m16,sphere_mess4,d128l4h2mlp512_700m_seed0_k1,0,1,128,4,trained,all_block_layers_single_token,belief,1.0,0.29852312363656364,512,38.375,0.29463360512070846
sphere_polar_c00_base_d0p12_a0p5_m16_d128l4h2mlp512_700m_seed0_k1,H-R2-05-polar-ladder-capacity,dc80726a8c987e8c3a9171299dac00d03a074311,c9efa0ccdc6e3e875563d7d67e192c764715715ea88eec0daabbc2d3e5f2e904,fixed,0.5,10,0.35,0.12,699924480,sphere_polar_c00_base_d0p12_a0p5_m16,sphere_mess4,d128l4h2mlp512_700m_seed0_k1,0,1,128,4,trained,embedding_and_all_layers_single_token,physics,1.0,0.9917447838707701,640,30.7,0.9935962889968275
sphere_polar_c00_base_d0p12_a0p5_m16_d128l4h2mlp512_700m_seed0_k1,H-R2-05-polar-ladder-capacity,dc80726a8c987e8c3a9171299dac00d03a074311,c9efa0ccdc6e3e875563d7d67e192c764715715ea88eec0daabbc2d3e5f2e904,fixed,0.5,10,0.35,0.12,699924480,sphere_polar_c00_base_d0p12_a0p5_m16,sphere_mess4,d128l4h2mlp512_700m_seed0_k1,0,1,128,4,trained,embedding_and_all_layers_single_token,belief,1.0,0.30814696930688773,640,30.7,0.3062621618042912
sphere_polar_c00_base_d0p12_a0p5_m16_d128l4h2mlp512_700m_seed0_k1,H-R2-05-polar-ladder-capacity,dc80726a8c987e8c3a9171299dac00d03a074311,c9efa0ccdc6e3e875563d7d67e192c764715715ea88eec0daabbc2d3e5f2e904,fixed,0.5,10,0.35,0.12,699924480,sphere_polar_c00_base_d0p12_a0p5_m16,sphere_mess4,d128l4h2mlp512_700m_seed0_k1,0,1,128,4,random_init,single_layer_single_token,physics,10.0,0.6867098474997906,128,153.5,0.6898034101108593
sphere_polar_c00_base_d0p12_a0p5_m16_d128l4h2mlp512_700m_seed0_k1,H-R2-05-polar-ladder-capacity,dc80726a8c987e8c3a9171299dac00d03a074311,c9efa0ccdc6e3e875563d7d67e192c764715715ea88eec0daabbc2d3e5f2e904,fixed,0.5,10,0.35,0.12,699924480,sphere_polar_c00_base_d0p12_a0p5_m16,sphere_mess4,d128l4h2mlp512_700m_seed0_k1,0,1,128,4,random_init,single_layer_single_token,belief,10.0,0.09931362728347828,128,153.5,0.08825195867890015
sphere_polar_c00_base_d0p12_a0p5_m16_d128l4h2mlp512_700m_seed0_k1,H-R2-05-polar-ladder-capacity,dc80726a8c987e8c3a9171299dac00d03a074311,c9efa0ccdc6e3e875563d7d67e192c764715715ea88eec0daabbc2d3e5f2e904,fixed,0.5,10,0.35,0.12,699924480,sphere_polar_c00_base_d0p12_a0p5_m16,sphere_mess4,d128l4h2mlp512_700m_seed0_k1,0,1,128,4,random_init,all_block_layers_single_token,physics,1.0,0.7465156570191026,512,38.375,0.752825192412456
sphere_polar_c00_base_d0p12_a0p5_m16_d128l4h2mlp512_700m_seed0_k1,H-R2-05-polar-ladder-capacity,dc80726a8c987e8c3a9171299dac00d03a074311,c9efa0ccdc6e3e875563d7d67e192c764715715ea88eec0daabbc2d3e5f2e904,fixed,0.5,10,0.35,0.12,699924480,sphere_polar_c00_base_d0p12_a0p5_m16,sphere_mess4,d128l4h2mlp512_700m_seed0_k1,0,1,128,4,random_init,all_block_layers_single_token,belief,1.0,0.19044147252315666,512,38.375,0.19600844186608304
sphere_polar_c00_base_d0p12_a0p5_m16_d128l4h2mlp512_700m_seed0_k1,H-R2-05-polar-ladder-capacity,dc80726a8c987e8c3a9171299dac00d03a074311,c9efa0ccdc6e3e875563d7d67e192c764715715ea88eec0daabbc2d3e5f2e904,fixed,0.5,10,0.35,0.12,699924480,sphere_polar_c00_base_d0p12_a0p5_m16,sphere_mess4,d128l4h2mlp512_700m_seed0_k1,0,1,128,4,random_init,embedding_and_all_layers_single_token,physics,1.0,0.7582672005997549,640,30.7,0.7678835976192808
sphere_polar_c00_base_d0p12_a0p5_m16_d128l4h2mlp512_700m_seed0_k1,H-R2-05-polar-ladder-capacity,dc80726a8c987e8c3a9171299dac00d03a074311,c9efa0ccdc6e3e875563d7d67e192c764715715ea88eec0daabbc2d3e5f2e904,fixed,0.5,10,0.35,0.12,699924480,sphere_polar_c00_base_d0p12_a0p5_m16,sphere_mess4,d128l4h2mlp512_700m_seed0_k1,0,1,128,4,random_init,embedding_and_all_layers_single_token,belief,1.0,0.20859631448770893,640,30.7,0.21417020575079562
sphere_polar_c00_base_d0p12_a0p5_m16_d128l4h2mlp512_700m_seed0_k11,H-R2-05-polar-ladder-capacity,dc80726a8c987e8c3a9171299dac00d03a074311,b30e2fa6426434ef8c5de6a849344e121a42ae1fd39400b41c933f44ed91cda0,n_plus_one,0.5,10,0.35,0.12,699924480,sphere_polar_c00_base_d0p12_a0p5_m16,sphere_mess4,d128l4h2mlp512_700m_seed0_k11,0,11,128,4,trained,single_layer_single_token,physics,10.0,0.883144270177661,128,153.5,0.8867304328268727
sphere_polar_c00_base_d0p12_a0p5_m16_d128l4h2mlp512_700m_seed0_k11,H-R2-05-polar-ladder-capacity,dc80726a8c987e8c3a9171299dac00d03a074311,b30e2fa6426434ef8c5de6a849344e121a42ae1fd39400b41c933f44ed91cda0,n_plus_one,0.5,10,0.35,0.12,699924480,sphere_polar_c00_base_d0p12_a0p5_m16,sphere_mess4,d128l4h2mlp512_700m_seed0_k11,0,11,128,4,trained,single_layer_single_token,belief,10.0,0.1397307471258568,128,153.5,0.14313337715846122
sphere_polar_c00_base_d0p12_a0p5_m16_d128l4h2mlp512_700m_seed0_k11,H-R2-05-polar-ladder-capacity,dc80726a8c987e8c3a9171299dac00d03a074311,b30e2fa6426434ef8c5de6a849344e121a42ae1fd39400b41c933f44ed91cda0,n_plus_one,0.5,10,0.35,0.12,699924480,sphere_polar_c00_base_d0p12_a0p5_m16,sphere_mess4,d128l4h2mlp512_700m_seed0_k11,0,11,128,4,trained,all_block_layers_single_token,physics,1.0,0.9744657605415434,512,38.375,0.9759288775266342
sphere_polar_c00_base_d0p12_a0p5_m16_d128l4h2mlp512_700m_seed0_k11,H-R2-05-polar-ladder-capacity,dc80726a8c987e8c3a9171299dac00d03a074311,b30e2fa6426434ef8c5de6a849344e121a42ae1fd39400b41c933f44ed91cda0,n_plus_one,0.5,10,0.35,0.12,699924480,sphere_polar_c00_base_d0p12_a0p5_m16,sphere_mess4,d128l4h2mlp512_700m_seed0_k11,0,11,128,4,trained,all_block_layers_single_token,belief,10.0,0.26011627882812655,512,38.375,0.2604330844170618
sphere_polar_c00_base_d0p12_a0p5_m16_d128l4h2mlp512_700m_seed0_k11,H-R2-05-polar-ladder-capacity,dc80726a8c987e8c3a9171299dac00d03a074311,b30e2fa6426434ef8c5de6a849344e121a42ae1fd39400b41c933f44ed91cda0,n_plus_one,0.5,10,0.35,0.12,699924480,sphere_polar_c00_base_d0p12_a0p5_m16,sphere_mess4,d128l4h2mlp512_700m_seed0_k11,0,11,128,4,trained,embedding_and_all_layers_single_token,physics,1.0,0.9778414921440812,640,30.7,0.978723086397725
sphere_polar_c00_base_d0p12_a0p5_m16_d128l4h2mlp512_700m_seed0_k11,H-R2-05-polar-ladder-capacity,dc80726a8c987e8c3a9171299dac00d03a074311,b30e2fa6426434ef8c5de6a849344e121a42ae1fd39400b41c933f44ed91cda0,n_plus_one,0.5,10,0.35,0.12,699924480,sphere_polar_c00_base_d0p12_a0p5_m16,sphere_mess4,d128l4h2mlp512_700m_seed0_k11,0,11,128,4,trained,embedding_and_all_layers_single_token,belief,10.0,0.2691756830106119,640,30.7,0.2710365613069008
sphere_polar_c00_base_d0p12_a0p5_m16_d128l4h2mlp512_700m_seed0_k11,H-R2-05-polar-ladder-capacity,dc80726a8c987e8c3a9171299dac00d03a074311,b30e2fa6426434ef8c5de6a849344e121a42ae1fd39400b41c933f44ed91cda0,n_plus_one,0.5,10,0.35,0.12,699924480,sphere_polar_c00_base_d0p12_a0p5_m16,sphere_mess4,d128l4h2mlp512_700m_seed0_k11,0,11,128,4,random_init,single_layer_single_token,physics,10.0,0.6867098474997906,128,153.5,0.6898034101108593
sphere_polar_c00_base_d0p12_a0p5_m16_d128l4h2mlp512_700m_seed0_k11,H-R2-05-polar-ladder-capacity,dc80726a8c987e8c3a9171299dac00d03a074311,b30e2fa6426434ef8c5de6a849344e121a42ae1fd39400b41c933f44ed91cda0,n_plus_one,0.5,10,0.35,0.12,699924480,sphere_polar_c00_base_d0p12_a0p5_m16,sphere_mess4,d128l4h2mlp512_700m_seed0_k11,0,11,128,4,random_init,single_layer_single_token,belief,10.0,0.09931362728347828,128,153.5,0.08825195867890015
sphere_polar_c00_base_d0p12_a0p5_m16_d128l4h2mlp512_700m_seed0_k11,H-R2-05-polar-ladder-capacity,dc80726a8c987e8c3a9171299dac00d03a074311,b30e2fa6426434ef8c5de6a849344e121a42ae1fd39400b41c933f44ed91cda0,n_plus_one,0.5,10,0.35,0.12,699924480,sphere_polar_c00_base_d0p12_a0p5_m16,sphere_mess4,d128l4h2mlp512_700m_seed0_k11,0,11,128,4,random_init,all_block_layers_single_token,physics,1.0,0.7465156570191026,512,38.375,0.752825192412456
sphere_polar_c00_base_d0p12_a0p5_m16_d128l4h2mlp512_700m_seed0_k11,H-R2-05-polar-ladder-capacity,dc80726a8c987e8c3a9171299dac00d03a074311,b30e2fa6426434ef8c5de6a849344e121a42ae1fd39400b41c933f44ed91cda0,n_plus_one,0.5,10,0.35,0.12,699924480,sphere_polar_c00_base_d0p12_a0p5_m16,sphere_mess4,d128l4h2mlp512_700m_seed0_k11,0,11,128,4,random_init,all_block_layers_single_token,belief,1.0,0.19044147252315666,512,38.375,0.19600844186608304
sphere_polar_c00_base_d0p12_a0p5_m16_d128l4h2mlp512_700m_seed0_k11,H-R2-05-polar-ladder-capacity,dc80726a8c987e8c3a9171299dac00d03a074311,b30e2fa6426434ef8c5de6a849344e121a42ae1fd39400b41c933f44ed91cda0,n_plus_one,0.5,10,0.35,0.12,699924480,sphere_polar_c00_base_d0p12_a0p5_m16,sphere_mess4,d128l4h2mlp512_700m_seed0_k11,0,11,128,4,random_init,embedding_and_all_layers_single_token,physics,1.0,0.7582672005997549,640,30.7,0.7678835976192808
sphere_polar_c00_base_d0p12_a0p5_m16_d128l4h2mlp512_700m_seed0_k11,H-R2-05-polar-ladder-capacity,dc80726a8c987e8c3a9171299dac00d03a074311,b30e2fa6426434ef8c5de6a849344e121a42ae1fd39400b41c933f44ed91cda0,n_plus_one,0.5,10,0.35,0.12,699924480,sphere_polar_c00_base_d0p12_a0p5_m16,sphere_mess4,d128l4h2mlp512_700m_seed0_k11,0,11,128,4,random_init,embedding_and_all_layers_single_token,belief,1.0,0.20859631448770893,640,30.7,0.21417020575079562
sphere_polar_c00_base_d0p12_a0p5_m16_d128l4h2mlp512_700m_seed0_k5,H-R2-05-polar-ladder-capacity,dc80726a8c987e8c3a9171299dac00d03a074311,ddcdbeba5cd2149acc5099cc4415802b628868ce3c403853df256969608753eb,half,0.5,10,0.35,0.12,699924480,sphere_polar_c00_base_d0p12_a0p5_m16,sphere_mess4,d128l4h2mlp512_700m_seed0_k5,0,5,128,4,trained,single_layer_single_token,physics,1.0,0.9012112226500362,128,153.5,0.9021715667293903
sphere_polar_c00_base_d0p12_a0p5_m16_d128l4h2mlp512_700m_seed0_k5,H-R2-05-polar-ladder-capacity,dc80726a8c987e8c3a9171299dac00d03a074311,ddcdbeba5cd2149acc5099cc4415802b628868ce3c403853df256969608753eb,half,0.5,10,0.35,0.12,699924480,sphere_polar_c00_base_d0p12_a0p5_m16,sphere_mess4,d128l4h2mlp512_700m_seed0_k5,0,5,128,4,trained,single_layer_single_token,belief,10.0,0.17360907660624966,128,153.5,0.1714978983570991
sphere_polar_c00_base_d0p12_a0p5_m16_d128l4h2mlp512_700m_seed0_k5,H-R2-05-polar-ladder-capacity,dc80726a8c987e8c3a9171299dac00d03a074311,ddcdbeba5cd2149acc5099cc4415802b628868ce3c403853df256969608753eb,half,0.5,10,0.35,0.12,699924480,sphere_polar_c00_base_d0p12_a0p5_m16,sphere_mess4,d128l4h2mlp512_700m_seed0_k5,0,5,128,4,trained,all_block_layers_single_token,physics,1.0,0.9876349670612812,512,38.375,0.9881355699415444
sphere_polar_c00_base_d0p12_a0p5_m16_d128l4h2mlp512_700m_seed0_k5,H-R2-05-polar-ladder-capacity,dc80726a8c987e8c3a9171299dac00d03a074311,ddcdbeba5cd2149acc5099cc4415802b628868ce3c403853df256969608753eb,half,0.5,10,0.35,0.12,699924480,sphere_polar_c00_base_d0p12_a0p5_m16,sphere_mess4,d128l4h2mlp512_700m_seed0_k5,0,5,128,4,trained,all_block_layers_single_token,belief,1.0,0.3405430785675687,512,38.375,0.33143039582920053
sphere_polar_c00_base_d0p12_a0p5_m16_d128l4h2mlp512_700m_seed0_k5,H-R2-05-polar-ladder-capacity,dc80726a8c987e8c3a9171299dac00d03a074311,ddcdbeba5cd2149acc5099cc4415802b628868ce3c403853df256969608753eb,half,0.5,10,0.35,0.12,699924480,sphere_polar_c00_base_d0p12_a0p5_m16,sphere_mess4,d128l4h2mlp512_700m_seed0_k5,0,5,128,4,trained,embedding_and_all_layers_single_token,physics,1.0,0.9895497406796578,640,30.7,0.9902734318769937
sphere_polar_c00_base_d0p12_a0p5_m16_d128l4h2mlp512_700m_seed0_k5,H-R2-05-polar-ladder-capacity,dc80726a8c987e8c3a9171299dac00d03a074311,ddcdbeba5cd2149acc5099cc4415802b628868ce3c403853df256969608753eb,half,0.5,10,0.35,0.12,699924480,sphere_polar_c00_base_d0p12_a0p5_m16,sphere_mess4,d128l4h2mlp512_700m_seed0_k5,0,5,128,4,trained,embedding_and_all_layers_single_token,belief,1.0,0.3511772888739118,640,30.7,0.3462759172707741
sphere_polar_c00_base_d0p12_a0p5_m16_d128l4h2mlp512_700m_seed0_k5,H-R2-05-polar-ladder-capacity,dc80726a8c987e8c3a9171299dac00d03a074311,ddcdbeba5cd2149acc5099cc4415802b628868ce3c403853df256969608753eb,half,0.5,10,0.35,0.12,699924480,sphere_polar_c00_base_d0p12_a0p5_m16,sphere_mess4,d128l4h2mlp512_700m_seed0_k5,0,5,128,4,random_init,single_layer_single_token,physics,10.0,0.6867098474997906,128,153.5,0.6898034101108593
sphere_polar_c00_base_d0p12_a0p5_m16_d128l4h2mlp512_700m_seed0_k5,H-R2-05-polar-ladder-capacity,dc80726a8c987e8c3a9171299dac00d03a074311,ddcdbeba5cd2149acc5099cc4415802b628868ce3c403853df256969608753eb,half,0.5,10,0.35,0.12,699924480,sphere_polar_c00_base_d0p12_a0p5_m16,sphere_mess4,d128l4h2mlp512_700m_seed0_k5,0,5,128,4,random_init,single_layer_single_token,belief,10.0,0.09931362728347828,128,153.5,0.08825195867890015
sphere_polar_c00_base_d0p12_a0p5_m16_d128l4h2mlp512_700m_seed0_k5,H-R2-05-polar-ladder-capacity,dc80726a8c987e8c3a9171299dac00d03a074311,ddcdbeba5cd2149acc5099cc4415802b628868ce3c403853df256969608753eb,half,0.5,10,0.35,0.12,699924480,sphere_polar_c00_base_d0p12_a0p5_m16,sphere_mess4,d128l4h2mlp512_700m_seed0_k5,0,5,128,4,random_init,all_block_layers_single_token,physics,1.0,0.7465156570191026,512,38.375,0.752825192412456
sphere_polar_c00_base_d0p12_a0p5_m16_d128l4h2mlp512_700m_seed0_k5,H-R2-05-polar-ladder-capacity,dc80726a8c987e8c3a9171299dac00d03a074311,ddcdbeba5cd2149acc5099cc4415802b628868ce3c403853df256969608753eb,half,0.5,10,0.35,0.12,699924480,sphere_polar_c00_base_d0p12_a0p5_m16,sphere_mess4,d128l4h2mlp512_700m_seed0_k5,0,5,128,4,random_init,all_block_layers_single_token,belief,1.0,0.19044147252315666,512,38.375,0.19600844186608304
sphere_polar_c00_base_d0p12_a0p5_m16_d128l4h2mlp512_700m_seed0_k5,H-R2-05-polar-ladder-capacity,dc80726a8c987e8c3a9171299dac00d03a074311,ddcdbeba5cd2149acc5099cc4415802b628868ce3c403853df256969608753eb,half,0.5,10,0.35,0.12,699924480,sphere_polar_c00_base_d0p12_a0p5_m16,sphere_mess4,d128l4h2mlp512_700m_seed0_k5,0,5,128,4,random_init,embedding_and_all_layers_single_token,physics,1.0,0.7582672005997549,640,30.7,0.7678835976192808
sphere_polar_c00_base_d0p12_a0p5_m16_d128l4h2mlp512_700m_seed0_k5,H-R2-05-polar-ladder-capacity,dc80726a8c987e8c3a9171299dac00d03a074311,ddcdbeba5cd2149acc5099cc4415802b628868ce3c403853df256969608753eb,half,0.5,10,0.35,0.12,699924480,sphere_polar_c00_base_d0p12_a0p5_m16,sphere_mess4,d128l4h2mlp512_700m_seed0_k5,0,5,128,4,random_init,embedding_and_all_layers_single_token,belief,1.0,0.20859631448770893,640,30.7,0.21417020575079562
sphere_polar_c00_base_d0p12_a0p7_m16_d128l4h2mlp512_700m_seed0_k1,H-R2-05-polar-ladder-capacity,dc80726a8c987e8c3a9171299dac00d03a074311,a78f1a6ff2b2d079c9b05358e0f30a52a00a9e5963cad7e189cd43485cfde8a2,fixed,0.7,10,0.35,0.12,699924480,sphere_polar_c00_base_d0p12_a0p7_m16,sphere_mess4,d128l4h2mlp512_700m_seed0_k1,0,1,128,4,trained,single_layer_single_token,physics,10.0,0.9160795904140876,128,153.5,0.9148916943414437
sphere_polar_c00_base_d0p12_a0p7_m16_d128l4h2mlp512_700m_seed0_k1,H-R2-05-polar-ladder-capacity,dc80726a8c987e8c3a9171299dac00d03a074311,a78f1a6ff2b2d079c9b05358e0f30a52a00a9e5963cad7e189cd43485cfde8a2,fixed,0.7,10,0.35,0.12,699924480,sphere_polar_c00_base_d0p12_a0p7_m16,sphere_mess4,d128l4h2mlp512_700m_seed0_k1,0,1,128,4,trained,single_layer_single_token,belief,1.0,0.21393983835691274,128,153.5,0.2101178682577993
sphere_polar_c00_base_d0p12_a0p7_m16_d128l4h2mlp512_700m_seed0_k1,H-R2-05-polar-ladder-capacity,dc80726a8c987e8c3a9171299dac00d03a074311,a78f1a6ff2b2d079c9b05358e0f30a52a00a9e5963cad7e189cd43485cfde8a2,fixed,0.7,10,0.35,0.12,699924480,sphere_polar_c00_base_d0p12_a0p7_m16,sphere_mess4,d128l4h2mlp512_700m_seed0_k1,0,1,128,4,trained,all_block_layers_single_token,physics,1.0,0.990559815221413,512,38.375,0.9897469941247085
sphere_polar_c00_base_d0p12_a0p7_m16_d128l4h2mlp512_700m_seed0_k1,H-R2-05-polar-ladder-capacity,dc80726a8c987e8c3a9171299dac00d03a074311,a78f1a6ff2b2d079c9b05358e0f30a52a00a9e5963cad7e189cd43485cfde8a2,fixed,0.7,10,0.35,0.12,699924480,sphere_polar_c00_base_d0p12_a0p7_m16,sphere_mess4,d128l4h2mlp512_700m_seed0_k1,0,1,128,4,trained,all_block_layers_single_token,belief,1.0,0.3633969220507544,512,38.375,0.3579529753435172
sphere_polar_c00_base_d0p12_a0p7_m16_d128l4h2mlp512_700m_seed0_k1,H-R2-05-polar-ladder-capacity,dc80726a8c987e8c3a9171299dac00d03a074311,a78f1a6ff2b2d079c9b05358e0f30a52a00a9e5963cad7e189cd43485cfde8a2,fixed,0.7,10,0.35,0.12,699924480,sphere_polar_c00_base_d0p12_a0p7_m16,sphere_mess4,d128l4h2mlp512_700m_seed0_k1,0,1,128,4,trained,embedding_and_all_layers_single_token,physics,1.0,0.9923708987765348,640,30.7,0.991912316656935
sphere_polar_c00_base_d0p12_a0p7_m16_d128l4h2mlp512_700m_seed0_k1,H-R2-05-polar-ladder-capacity,dc80726a8c987e8c3a9171299dac00d03a074311,a78f1a6ff2b2d079c9b05358e0f30a52a00a9e5963cad7e189cd43485cfde8a2,fixed,0.7,10,0.35,0.12,699924480,sphere_polar_c00_base_d0p12_a0p7_m16,sphere_mess4,d128l4h2mlp512_700m_seed0_k1,0,1,128,4,trained,embedding_and_all_layers_single_token,belief,1.0,0.3715606553974642,640,30.7,0.366637871342126
sphere_polar_c00_base_d0p12_a0p7_m16_d128l4h2mlp512_700m_seed0_k1,H-R2-05-polar-ladder-capacity,dc80726a8c987e8c3a9171299dac00d03a074311,a78f1a6ff2b2d079c9b05358e0f30a52a00a9e5963cad7e189cd43485cfde8a2,fixed,0.7,10,0.35,0.12,699924480,sphere_polar_c00_base_d0p12_a0p7_m16,sphere_mess4,d128l4h2mlp512_700m_seed0_k1,0,1,128,4,random_init,single_layer_single_token,physics,1.0,0.6927913967464681,128,153.5,0.6916946776771101
sphere_polar_c00_base_d0p12_a0p7_m16_d128l4h2mlp512_700m_seed0_k1,H-R2-05-polar-ladder-capacity,dc80726a8c987e8c3a9171299dac00d03a074311,a78f1a6ff2b2d079c9b05358e0f30a52a00a9e5963cad7e189cd43485cfde8a2,fixed,0.7,10,0.35,0.12,699924480,sphere_polar_c00_base_d0p12_a0p7_m16,sphere_mess4,d128l4h2mlp512_700m_seed0_k1,0,1,128,4,random_init,single_layer_single_token,belief,10.0,0.11152778109208641,128,153.5,0.1135575347238997
sphere_polar_c00_base_d0p12_a0p7_m16_d128l4h2mlp512_700m_seed0_k1,H-R2-05-polar-ladder-capacity,dc80726a8c987e8c3a9171299dac00d03a074311,a78f1a6ff2b2d079c9b05358e0f30a52a00a9e5963cad7e189cd43485cfde8a2,fixed,0.7,10,0.35,0.12,699924480,sphere_polar_c00_base_d0p12_a0p7_m16,sphere_mess4,d128l4h2mlp512_700m_seed0_k1,0,1,128,4,random_init,all_block_layers_single_token,physics,1.0,0.7591722956027818,512,38.375,0.7540755793210665
sphere_polar_c00_base_d0p12_a0p7_m16_d128l4h2mlp512_700m_seed0_k1,H-R2-05-polar-ladder-capacity,dc80726a8c987e8c3a9171299dac00d03a074311,a78f1a6ff2b2d079c9b05358e0f30a52a00a9e5963cad7e189cd43485cfde8a2,fixed,0.7,10,0.35,0.12,699924480,sphere_polar_c00_base_d0p12_a0p7_m16,sphere_mess4,d128l4h2mlp512_700m_seed0_k1,0,1,128,4,random_init,all_block_layers_single_token,belief,1.0,0.2179082557568304,512,38.375,0.22255681442785324
sphere_polar_c00_base_d0p12_a0p7_m16_d128l4h2mlp512_700m_seed0_k1,H-R2-05-polar-ladder-capacity,dc80726a8c987e8c3a9171299dac00d03a074311,a78f1a6ff2b2d079c9b05358e0f30a52a00a9e5963cad7e189cd43485cfde8a2,fixed,0.7,10,0.35,0.12,699924480,sphere_polar_c00_base_d0p12_a0p7_m16,sphere_mess4,d128l4h2mlp512_700m_seed0_k1,0,1,128,4,random_init,embedding_and_all_layers_single_token,physics,1.0,0.7711556783948046,640,30.7,0.7670682747428829
sphere_polar_c00_base_d0p12_a0p7_m16_d128l4h2mlp512_700m_seed0_k1,H-R2-05-polar-ladder-capacity,dc80726a8c987e8c3a9171299dac00d03a074311,a78f1a6ff2b2d079c9b05358e0f30a52a00a9e5963cad7e189cd43485cfde8a2,fixed,0.7,10,0.35,0.12,699924480,sphere_polar_c00_base_d0p12_a0p7_m16,sphere_mess4,d128l4h2mlp512_700m_seed0_k1,0,1,128,4,random_init,embedding_and_all_layers_single_token,belief,1.0,0.23497468090499074,640,30.7,0.23788921277589486
sphere_polar_c00_base_d0p12_a0p7_m16_d128l4h2mlp512_700m_seed0_k11,H-R2-05-polar-ladder-capacity,dc80726a8c987e8c3a9171299dac00d03a074311,cb27a8caa0e25d55f6297ae41a7aa102eafe274a9a785afead74dcb1dc871928,n_plus_one,0.7,10,0.35,0.12,699924480,sphere_polar_c00_base_d0p12_a0p7_m16,sphere_mess4,d128l4h2mlp512_700m_seed0_k11,0,11,128,4,trained,single_layer_single_token,physics,10.0,0.8871106048270572,128,153.5,0.8904738740207915
sphere_polar_c00_base_d0p12_a0p7_m16_d128l4h2mlp512_700m_seed0_k11,H-R2-05-polar-ladder-capacity,dc80726a8c987e8c3a9171299dac00d03a074311,cb27a8caa0e25d55f6297ae41a7aa102eafe274a9a785afead74dcb1dc871928,n_plus_one,0.7,10,0.35,0.12,699924480,sphere_polar_c00_base_d0p12_a0p7_m16,sphere_mess4,d128l4h2mlp512_700m_seed0_k11,0,11,128,4,trained,single_layer_single_token,belief,1.0,0.2210981121335178,128,153.5,0.21659790292241382
sphere_polar_c00_base_d0p12_a0p7_m16_d128l4h2mlp512_700m_seed0_k11,H-R2-05-polar-ladder-capacity,dc80726a8c987e8c3a9171299dac00d03a074311,cb27a8caa0e25d55f6297ae41a7aa102eafe274a9a785afead74dcb1dc871928,n_plus_one,0.7,10,0.35,0.12,699924480,sphere_polar_c00_base_d0p12_a0p7_m16,sphere_mess4,d128l4h2mlp512_700m_seed0_k11,0,11,128,4,trained,all_block_layers_single_token,physics,1.0,0.9772707385346792,512,38.375,0.9757326090377194
sphere_polar_c00_base_d0p12_a0p7_m16_d128l4h2mlp512_700m_seed0_k11,H-R2-05-polar-ladder-capacity,dc80726a8c987e8c3a9171299dac00d03a074311,cb27a8caa0e25d55f6297ae41a7aa102eafe274a9a785afead74dcb1dc871928,n_plus_one,0.7,10,0.35,0.12,699924480,sphere_polar_c00_base_d0p12_a0p7_m16,sphere_mess4,d128l4h2mlp512_700m_seed0_k11,0,11,128,4,trained,all_block_layers_single_token,belief,10.0,0.37830645013681213,512,38.375,0.3715810444365971
sphere_polar_c00_base_d0p12_a0p7_m16_d128l4h2mlp512_700m_seed0_k11,H-R2-05-polar-ladder-capacity,dc80726a8c987e8c3a9171299dac00d03a074311,cb27a8caa0e25d55f6297ae41a7aa102eafe274a9a785afead74dcb1dc871928,n_plus_one,0.7,10,0.35,0.12,699924480,sphere_polar_c00_base_d0p12_a0p7_m16,sphere_mess4,d128l4h2mlp512_700m_seed0_k11,0,11,128,4,trained,embedding_and_all_layers_single_token,physics,1.0,0.9798725565040594,640,30.7,0.9783193004188351
sphere_polar_c00_base_d0p12_a0p7_m16_d128l4h2mlp512_700m_seed0_k11,H-R2-05-polar-ladder-capacity,dc80726a8c987e8c3a9171299dac00d03a074311,cb27a8caa0e25d55f6297ae41a7aa102eafe274a9a785afead74dcb1dc871928,n_plus_one,0.7,10,0.35,0.12,699924480,sphere_polar_c00_base_d0p12_a0p7_m16,sphere_mess4,d128l4h2mlp512_700m_seed0_k11,0,11,128,4,trained,embedding_and_all_layers_single_token,belief,10.0,0.38632440890955283,640,30.7,0.38044571423675566
sphere_polar_c00_base_d0p12_a0p7_m16_d128l4h2mlp512_700m_seed0_k11,H-R2-05-polar-ladder-capacity,dc80726a8c987e8c3a9171299dac00d03a074311,cb27a8caa0e25d55f6297ae41a7aa102eafe274a9a785afead74dcb1dc871928,n_plus_one,0.7,10,0.35,0.12,699924480,sphere_polar_c00_base_d0p12_a0p7_m16,sphere_mess4,d128l4h2mlp512_700m_seed0_k11,0,11,128,4,random_init,single_layer_single_token,physics,1.0,0.6927913967464681,128,153.5,0.6916946776771101
sphere_polar_c00_base_d0p12_a0p7_m16_d128l4h2mlp512_700m_seed0_k11,H-R2-05-polar-ladder-capacity,dc80726a8c987e8c3a9171299dac00d03a074311,cb27a8caa0e25d55f6297ae41a7aa102eafe274a9a785afead74dcb1dc871928,n_plus_one,0.7,10,0.35,0.12,699924480,sphere_polar_c00_base_d0p12_a0p7_m16,sphere_mess4,d128l4h2mlp512_700m_seed0_k11,0,11,128,4,random_init,single_layer_single_token,belief,10.0,0.11152778109208641,128,153.5,0.1135575347238997
sphere_polar_c00_base_d0p12_a0p7_m16_d128l4h2mlp512_700m_seed0_k11,H-R2-05-polar-ladder-capacity,dc80726a8c987e8c3a9171299dac00d03a074311,cb27a8caa0e25d55f6297ae41a7aa102eafe274a9a785afead74dcb1dc871928,n_plus_one,0.7,10,0.35,0.12,699924480,sphere_polar_c00_base_d0p12_a0p7_m16,sphere_mess4,d128l4h2mlp512_700m_seed0_k11,0,11,128,4,random_init,all_block_layers_single_token,physics,1.0,0.7591722956027818,512,38.375,0.7540755793210665
sphere_polar_c00_base_d0p12_a0p7_m16_d128l4h2mlp512_700m_seed0_k11,H-R2-05-polar-ladder-capacity,dc80726a8c987e8c3a9171299dac00d03a074311,cb27a8caa0e25d55f6297ae41a7aa102eafe274a9a785afead74dcb1dc871928,n_plus_one,0.7,10,0.35,0.12,699924480,sphere_polar_c00_base_d0p12_a0p7_m16,sphere_mess4,d128l4h2mlp512_700m_seed0_k11,0,11,128,4,random_init,all_block_layers_single_token,belief,1.0,0.2179082557568304,512,38.375,0.22255681442785324
sphere_polar_c00_base_d0p12_a0p7_m16_d128l4h2mlp512_700m_seed0_k11,H-R2-05-polar-ladder-capacity,dc80726a8c987e8c3a9171299dac00d03a074311,cb27a8caa0e25d55f6297ae41a7aa102eafe274a9a785afead74dcb1dc871928,n_plus_one,0.7,10,0.35,0.12,699924480,sphere_polar_c00_base_d0p12_a0p7_m16,sphere_mess4,d128l4h2mlp512_700m_seed0_k11,0,11,128,4,random_init,embedding_and_all_layers_single_token,physics,1.0,0.7711556783948046,640,30.7,0.7670682747428829
sphere_polar_c00_base_d0p12_a0p7_m16_d128l4h2mlp512_700m_seed0_k11,H-R2-05-polar-ladder-capacity,dc80726a8c987e8c3a9171299dac00d03a074311,cb27a8caa0e25d55f6297ae41a7aa102eafe274a9a785afead74dcb1dc871928,n_plus_one,0.7,10,0.35,0.12,699924480,sphere_polar_c00_base_d0p12_a0p7_m16,sphere_mess4,d128l4h2mlp512_700m_seed0_k11,0,11,128,4,random_init,embedding_and_all_layers_single_token,belief,1.0,0.23497468090499074,640,30.7,0.23788921277589486
sphere_polar_c00_base_d0p12_a0p7_m16_d128l4h2mlp512_700m_seed0_k5,H-R2-05-polar-ladder-capacity,dc80726a8c987e8c3a9171299dac00d03a074311,a500e5775b73a4aef0135e6b0954b6fe5762d5fbdbb79511ee32846e8f869038,half,0.7,10,0.35,0.12,699924480,sphere_polar_c00_base_d0p12_a0p7_m16,sphere_mess4,d128l4h2mlp512_700m_seed0_k5,0,5,128,4,trained,single_layer_single_token,physics,1.0,0.9024571627322417,128,153.5,0.8995005234419944
sphere_polar_c00_base_d0p12_a0p7_m16_d128l4h2mlp512_700m_seed0_k5,H-R2-05-polar-ladder-capacity,dc80726a8c987e8c3a9171299dac00d03a074311,a500e5775b73a4aef0135e6b0954b6fe5762d5fbdbb79511ee32846e8f869038,half,0.7,10,0.35,0.12,699924480,sphere_polar_c00_base_d0p12_a0p7_m16,sphere_mess4,d128l4h2mlp512_700m_seed0_k5,0,5,128,4,trained,single_layer_single_token,belief,1.0,0.2645907865823444,128,153.5,0.26501332425159396
sphere_polar_c00_base_d0p12_a0p7_m16_d128l4h2mlp512_700m_seed0_k5,H-R2-05-polar-ladder-capacity,dc80726a8c987e8c3a9171299dac00d03a074311,a500e5775b73a4aef0135e6b0954b6fe5762d5fbdbb79511ee32846e8f869038,half,0.7,10,0.35,0.12,699924480,sphere_polar_c00_base_d0p12_a0p7_m16,sphere_mess4,d128l4h2mlp512_700m_seed0_k5,0,5,128,4,trained,all_block_layers_single_token,physics,1.0,0.9875819891451206,512,38.375,0.9866252520667795
sphere_polar_c00_base_d0p12_a0p7_m16_d128l4h2mlp512_700m_seed0_k5,H-R2-05-polar-ladder-capacity,dc80726a8c987e8c3a9171299dac00d03a074311,a500e5775b73a4aef0135e6b0954b6fe5762d5fbdbb79511ee32846e8f869038,half,0.7,10,0.35,0.12,699924480,sphere_polar_c00_base_d0p12_a0p7_m16,sphere_mess4,d128l4h2mlp512_700m_seed0_k5,0,5,128,4,trained,all_block_layers_single_token,belief,1.0,0.4138069630593935,512,38.375,0.40485859070401964
sphere_polar_c00_base_d0p12_a0p7_m16_d128l4h2mlp512_700m_seed0_k5,H-R2-05-polar-ladder-capacity,dc80726a8c987e8c3a9171299dac00d03a074311,a500e5775b73a4aef0135e6b0954b6fe5762d5fbdbb79511ee32846e8f869038,half,0.7,10,0.35,0.12,699924480,sphere_polar_c00_base_d0p12_a0p7_m16,sphere_mess4,d128l4h2mlp512_700m_seed0_k5,0,5,128,4,trained,embedding_and_all_layers_single_token,physics,1.0,0.988726521103238,640,30.7,0.9882285185287927
sphere_polar_c00_base_d0p12_a0p7_m16_d128l4h2mlp512_700m_seed0_k5,H-R2-05-polar-ladder-capacity,dc80726a8c987e8c3a9171299dac00d03a074311,a500e5775b73a4aef0135e6b0954b6fe5762d5fbdbb79511ee32846e8f869038,half,0.7,10,0.35,0.12,699924480,sphere_polar_c00_base_d0p12_a0p7_m16,sphere_mess4,d128l4h2mlp512_700m_seed0_k5,0,5,128,4,trained,embedding_and_all_layers_single_token,belief,1.0,0.4207941152231104,640,30.7,0.41149844206913044
sphere_polar_c00_base_d0p12_a0p7_m16_d128l4h2mlp512_700m_seed0_k5,H-R2-05-polar-ladder-capacity,dc80726a8c987e8c3a9171299dac00d03a074311,a500e5775b73a4aef0135e6b0954b6fe5762d5fbdbb79511ee32846e8f869038,half,0.7,10,0.35,0.12,699924480,sphere_polar_c00_base_d0p12_a0p7_m16,sphere_mess4,d128l4h2mlp512_700m_seed0_k5,0,5,128,4,random_init,single_layer_single_token,physics,1.0,0.6927913967464681,128,153.5,0.6916946776771101
sphere_polar_c00_base_d0p12_a0p7_m16_d128l4h2mlp512_700m_seed0_k5,H-R2-05-polar-ladder-capacity,dc80726a8c987e8c3a9171299dac00d03a074311,a500e5775b73a4aef0135e6b0954b6fe5762d5fbdbb79511ee32846e8f869038,half,0.7,10,0.35,0.12,699924480,sphere_polar_c00_base_d0p12_a0p7_m16,sphere_mess4,d128l4h2mlp512_700m_seed0_k5,0,5,128,4,random_init,single_layer_single_token,belief,10.0,0.11152778109208641,128,153.5,0.1135575347238997
sphere_polar_c00_base_d0p12_a0p7_m16_d128l4h2mlp512_700m_seed0_k5,H-R2-05-polar-ladder-capacity,dc80726a8c987e8c3a9171299dac00d03a074311,a500e5775b73a4aef0135e6b0954b6fe5762d5fbdbb79511ee32846e8f869038,half,0.7,10,0.35,0.12,699924480,sphere_polar_c00_base_d0p12_a0p7_m16,sphere_mess4,d128l4h2mlp512_700m_seed0_k5,0,5,128,4,random_init,all_block_layers_single_token,physics,1.0,0.7591722956027818,512,38.375,0.7540755793210665
sphere_polar_c00_base_d0p12_a0p7_m16_d128l4h2mlp512_700m_seed0_k5,H-R2-05-polar-ladder-capacity,dc80726a8c987e8c3a9171299dac00d03a074311,a500e5775b73a4aef0135e6b0954b6fe5762d5fbdbb79511ee32846e8f869038,half,0.7,10,0.35,0.12,699924480,sphere_polar_c00_base_d0p12_a0p7_m16,sphere_mess4,d128l4h2mlp512_700m_seed0_k5,0,5,128,4,random_init,all_block_layers_single_token,belief,1.0,0.2179082557568304,512,38.375,0.22255681442785324
sphere_polar_c00_base_d0p12_a0p7_m16_d128l4h2mlp512_700m_seed0_k5,H-R2-05-polar-ladder-capacity,dc80726a8c987e8c3a9171299dac00d03a074311,a500e5775b73a4aef0135e6b0954b6fe5762d5fbdbb79511ee32846e8f869038,half,0.7,10,0.35,0.12,699924480,sphere_polar_c00_base_d0p12_a0p7_m16,sphere_mess4,d128l4h2mlp512_700m_seed0_k5,0,5,128,4,random_init,embedding_and_all_layers_single_token,physics,1.0,0.7711556783948046,640,30.7,0.7670682747428829
sphere_polar_c00_base_d0p12_a0p7_m16_d128l4h2mlp512_700m_seed0_k5,H-R2-05-polar-ladder-capacity,dc80726a8c987e8c3a9171299dac00d03a074311,a500e5775b73a4aef0135e6b0954b6fe5762d5fbdbb79511ee32846e8f869038,half,0.7,10,0.35,0.12,699924480,sphere_polar_c00_base_d0p12_a0p7_m16,sphere_mess4,d128l4h2mlp512_700m_seed0_k5,0,5,128,4,random_init,embedding_and_all_layers_single_token,belief,1.0,0.23497468090499074,640,30.7,0.23788921277589486
sphere_polar_c00_base_d0p12_a0p85_m16_d128l4h2mlp512_700m_seed0_k1,H-R2-05-polar-ladder-capacity,dc80726a8c987e8c3a9171299dac00d03a074311,869326700940e565cb5732424de4beab96e8ebc0bce1a361f2b94f4ac0a2e9c0,fixed,0.85,10,0.35,0.12,699924480,sphere_polar_c00_base_d0p12_a0p85_m16,sphere_mess4,d128l4h2mlp512_700m_seed0_k1,0,1,128,4,trained,single_layer_single_token,physics,10.0,0.9060002432303349,128,153.625,0.9092085349073515
sphere_polar_c00_base_d0p12_a0p85_m16_d128l4h2mlp512_700m_seed0_k1,H-R2-05-polar-ladder-capacity,dc80726a8c987e8c3a9171299dac00d03a074311,869326700940e565cb5732424de4beab96e8ebc0bce1a361f2b94f4ac0a2e9c0,fixed,0.85,10,0.35,0.12,699924480,sphere_polar_c00_base_d0p12_a0p85_m16,sphere_mess4,d128l4h2mlp512_700m_seed0_k1,0,1,128,4,trained,single_layer_single_token,belief,10.0,0.2515867165883281,128,153.625,0.26274406823748103
sphere_polar_c00_base_d0p12_a0p85_m16_d128l4h2mlp512_700m_seed0_k1,H-R2-05-polar-ladder-capacity,dc80726a8c987e8c3a9171299dac00d03a074311,869326700940e565cb5732424de4beab96e8ebc0bce1a361f2b94f4ac0a2e9c0,fixed,0.85,10,0.35,0.12,699924480,sphere_polar_c00_base_d0p12_a0p85_m16,sphere_mess4,d128l4h2mlp512_700m_seed0_k1,0,1,128,4,trained,all_block_layers_single_token,physics,1.0,0.9898160270539809,512,38.40625,0.9891974392054896
sphere_polar_c00_base_d0p12_a0p85_m16_d128l4h2mlp512_700m_seed0_k1,H-R2-05-polar-ladder-capacity,dc80726a8c987e8c3a9171299dac00d03a074311,869326700940e565cb5732424de4beab96e8ebc0bce1a361f2b94f4ac0a2e9c0,fixed,0.85,10,0.35,0.12,699924480,sphere_polar_c00_base_d0p12_a0p85_m16,sphere_mess4,d128l4h2mlp512_700m_seed0_k1,0,1,128,4,trained,all_block_layers_single_token,belief,1.0,0.4058816001181296,512,38.40625,0.40936711286596444
sphere_polar_c00_base_d0p12_a0p85_m16_d128l4h2mlp512_700m_seed0_k1,H-R2-05-polar-ladder-capacity,dc80726a8c987e8c3a9171299dac00d03a074311,869326700940e565cb5732424de4beab96e8ebc0bce1a361f2b94f4ac0a2e9c0,fixed,0.85,10,0.35,0.12,699924480,sphere_polar_c00_base_d0p12_a0p85_m16,sphere_mess4,d128l4h2mlp512_700m_seed0_k1,0,1,128,4,trained,embedding_and_all_layers_single_token,physics,1.0,0.9913622410777403,640,30.725,0.990694825151037
sphere_polar_c00_base_d0p12_a0p85_m16_d128l4h2mlp512_700m_seed0_k1,H-R2-05-polar-ladder-capacity,dc80726a8c987e8c3a9171299dac00d03a074311,869326700940e565cb5732424de4beab96e8ebc0bce1a361f2b94f4ac0a2e9c0,fixed,0.85,10,0.35,0.12,699924480,sphere_polar_c00_base_d0p12_a0p85_m16,sphere_mess4,d128l4h2mlp512_700m_seed0_k1,0,1,128,4,trained,embedding_and_all_layers_single_token,belief,1.0,0.4133217998609452,640,30.725,0.4159820677452111
sphere_polar_c00_base_d0p12_a0p85_m16_d128l4h2mlp512_700m_seed0_k1,H-R2-05-polar-ladder-capacity,dc80726a8c987e8c3a9171299dac00d03a074311,869326700940e565cb5732424de4beab96e8ebc0bce1a361f2b94f4ac0a2e9c0,fixed,0.85,10,0.35,0.12,699924480,sphere_polar_c00_base_d0p12_a0p85_m16,sphere_mess4,d128l4h2mlp512_700m_seed0_k1,0,1,128,4,random_init,single_layer_single_token,physics,10.0,0.7058122341366335,128,153.625,0.7033860217248118
sphere_polar_c00_base_d0p12_a0p85_m16_d128l4h2mlp512_700m_seed0_k1,H-R2-05-polar-ladder-capacity,dc80726a8c987e8c3a9171299dac00d03a074311,869326700940e565cb5732424de4beab96e8ebc0bce1a361f2b94f4ac0a2e9c0,fixed,0.85,10,0.35,0.12,699924480,sphere_polar_c00_base_d0p12_a0p85_m16,sphere_mess4,d128l4h2mlp512_700m_seed0_k1,0,1,128,4,random_init,single_layer_single_token,belief,10.0,0.1314476224047761,128,153.625,0.12894155246641953
sphere_polar_c00_base_d0p12_a0p85_m16_d128l4h2mlp512_700m_seed0_k1,H-R2-05-polar-ladder-capacity,dc80726a8c987e8c3a9171299dac00d03a074311,869326700940e565cb5732424de4beab96e8ebc0bce1a361f2b94f4ac0a2e9c0,fixed,0.85,10,0.35,0.12,699924480,sphere_polar_c00_base_d0p12_a0p85_m16,sphere_mess4,d128l4h2mlp512_700m_seed0_k1,0,1,128,4,random_init,all_block_layers_single_token,physics,1.0,0.777446328846271,512,38.40625,0.7719178133040985
sphere_polar_c00_base_d0p12_a0p85_m16_d128l4h2mlp512_700m_seed0_k1,H-R2-05-polar-ladder-capacity,dc80726a8c987e8c3a9171299dac00d03a074311,869326700940e565cb5732424de4beab96e8ebc0bce1a361f2b94f4ac0a2e9c0,fixed,0.85,10,0.35,0.12,699924480,sphere_polar_c00_base_d0p12_a0p85_m16,sphere_mess4,d128l4h2mlp512_700m_seed0_k1,0,1,128,4,random_init,all_block_layers_single_token,belief,1.0,0.2451989188555193,512,38.40625,0.24883669372829317
sphere_polar_c00_base_d0p12_a0p85_m16_d128l4h2mlp512_700m_seed0_k1,H-R2-05-polar-ladder-capacity,dc80726a8c987e8c3a9171299dac00d03a074311,869326700940e565cb5732424de4beab96e8ebc0bce1a361f2b94f4ac0a2e9c0,fixed,0.85,10,0.35,0.12,699924480,sphere_polar_c00_base_d0p12_a0p85_m16,sphere_mess4,d128l4h2mlp512_700m_seed0_k1,0,1,128,4,random_init,embedding_and_all_layers_single_token,physics,1.0,0.7875276702148004,640,30.725,0.7797638968717349
sphere_polar_c00_base_d0p12_a0p85_m16_d128l4h2mlp512_700m_seed0_k1,H-R2-05-polar-ladder-capacity,dc80726a8c987e8c3a9171299dac00d03a074311,869326700940e565cb5732424de4beab96e8ebc0bce1a361f2b94f4ac0a2e9c0,fixed,0.85,10,0.35,0.12,699924480,sphere_polar_c00_base_d0p12_a0p85_m16,sphere_mess4,d128l4h2mlp512_700m_seed0_k1,0,1,128,4,random_init,embedding_and_all_layers_single_token,belief,1.0,0.26162193888380947,640,30.725,0.26367881703046087
sphere_polar_c00_base_d0p12_a0p85_m16_d128l4h2mlp512_700m_seed0_k11,H-R2-05-polar-ladder-capacity,dc80726a8c987e8c3a9171299dac00d03a074311,7a5a82d665b9e4a901ad94049f3ae02223d1154e8696fdfc8ce73c002265b4df,n_plus_one,0.85,10,0.35,0.12,699924480,sphere_polar_c00_base_d0p12_a0p85_m16,sphere_mess4,d128l4h2mlp512_700m_seed0_k11,0,11,128,4,trained,single_layer_single_token,physics,10.0,0.88036267123353,128,153.625,0.8758608519784872
sphere_polar_c00_base_d0p12_a0p85_m16_d128l4h2mlp512_700m_seed0_k11,H-R2-05-polar-ladder-capacity,dc80726a8c987e8c3a9171299dac00d03a074311,7a5a82d665b9e4a901ad94049f3ae02223d1154e8696fdfc8ce73c002265b4df,n_plus_one,0.85,10,0.35,0.12,699924480,sphere_polar_c00_base_d0p12_a0p85_m16,sphere_mess4,d128l4h2mlp512_700m_seed0_k11,0,11,128,4,trained,single_layer_single_token,belief,100.0,0.274037152088609,128,153.625,0.26993463816052354
sphere_polar_c00_base_d0p12_a0p85_m16_d128l4h2mlp512_700m_seed0_k11,H-R2-05-polar-ladder-capacity,dc80726a8c987e8c3a9171299dac00d03a074311,7a5a82d665b9e4a901ad94049f3ae02223d1154e8696fdfc8ce73c002265b4df,n_plus_one,0.85,10,0.35,0.12,699924480,sphere_polar_c00_base_d0p12_a0p85_m16,sphere_mess4,d128l4h2mlp512_700m_seed0_k11,0,11,128,4,trained,all_block_layers_single_token,physics,1.0,0.9764011753504671,512,38.40625,0.9772541155047865
sphere_polar_c00_base_d0p12_a0p85_m16_d128l4h2mlp512_700m_seed0_k11,H-R2-05-polar-ladder-capacity,dc80726a8c987e8c3a9171299dac00d03a074311,7a5a82d665b9e4a901ad94049f3ae02223d1154e8696fdfc8ce73c002265b4df,n_plus_one,0.85,10,0.35,0.12,699924480,sphere_polar_c00_base_d0p12_a0p85_m16,sphere_mess4,d128l4h2mlp512_700m_seed0_k11,0,11,128,4,trained,all_block_layers_single_token,belief,10.0,0.4419155751251542,512,38.40625,0.4422291820039087
sphere_polar_c00_base_d0p12_a0p85_m16_d128l4h2mlp512_700m_seed0_k11,H-R2-05-polar-ladder-capacity,dc80726a8c987e8c3a9171299dac00d03a074311,7a5a82d665b9e4a901ad94049f3ae02223d1154e8696fdfc8ce73c002265b4df,n_plus_one,0.85,10,0.35,0.12,699924480,sphere_polar_c00_base_d0p12_a0p85_m16,sphere_mess4,d128l4h2mlp512_700m_seed0_k11,0,11,128,4,trained,embedding_and_all_layers_single_token,physics,1.0,0.9798835383370843,640,30.725,0.9809347344112043
sphere_polar_c00_base_d0p12_a0p85_m16_d128l4h2mlp512_700m_seed0_k11,H-R2-05-polar-ladder-capacity,dc80726a8c987e8c3a9171299dac00d03a074311,7a5a82d665b9e4a901ad94049f3ae02223d1154e8696fdfc8ce73c002265b4df,n_plus_one,0.85,10,0.35,0.12,699924480,sphere_polar_c00_base_d0p12_a0p85_m16,sphere_mess4,d128l4h2mlp512_700m_seed0_k11,0,11,128,4,trained,embedding_and_all_layers_single_token,belief,10.0,0.44888110438144935,640,30.725,0.4525421531411894
sphere_polar_c00_base_d0p12_a0p85_m16_d128l4h2mlp512_700m_seed0_k11,H-R2-05-polar-ladder-capacity,dc80726a8c987e8c3a9171299dac00d03a074311,7a5a82d665b9e4a901ad94049f3ae02223d1154e8696fdfc8ce73c002265b4df,n_plus_one,0.85,10,0.35,0.12,699924480,sphere_polar_c00_base_d0p12_a0p85_m16,sphere_mess4,d128l4h2mlp512_700m_seed0_k11,0,11,128,4,random_init,single_layer_single_token,physics,10.0,0.7058122341366335,128,153.625,0.7033860217248118
sphere_polar_c00_base_d0p12_a0p85_m16_d128l4h2mlp512_700m_seed0_k11,H-R2-05-polar-ladder-capacity,dc80726a8c987e8c3a9171299dac00d03a074311,7a5a82d665b9e4a901ad94049f3ae02223d1154e8696fdfc8ce73c002265b4df,n_plus_one,0.85,10,0.35,0.12,699924480,sphere_polar_c00_base_d0p12_a0p85_m16,sphere_mess4,d128l4h2mlp512_700m_seed0_k11,0,11,128,4,random_init,single_layer_single_token,belief,10.0,0.1314476224047761,128,153.625,0.12894155246641953
sphere_polar_c00_base_d0p12_a0p85_m16_d128l4h2mlp512_700m_seed0_k11,H-R2-05-polar-ladder-capacity,dc80726a8c987e8c3a9171299dac00d03a074311,7a5a82d665b9e4a901ad94049f3ae02223d1154e8696fdfc8ce73c002265b4df,n_plus_one,0.85,10,0.35,0.12,699924480,sphere_polar_c00_base_d0p12_a0p85_m16,sphere_mess4,d128l4h2mlp512_700m_seed0_k11,0,11,128,4,random_init,all_block_layers_single_token,physics,1.0,0.777446328846271,512,38.40625,0.7719178133040985
sphere_polar_c00_base_d0p12_a0p85_m16_d128l4h2mlp512_700m_seed0_k11,H-R2-05-polar-ladder-capacity,dc80726a8c987e8c3a9171299dac00d03a074311,7a5a82d665b9e4a901ad94049f3ae02223d1154e8696fdfc8ce73c002265b4df,n_plus_one,0.85,10,0.35,0.12,699924480,sphere_polar_c00_base_d0p12_a0p85_m16,sphere_mess4,d128l4h2mlp512_700m_seed0_k11,0,11,128,4,random_init,all_block_layers_single_token,belief,1.0,0.2451989188555193,512,38.40625,0.24883669372829317
sphere_polar_c00_base_d0p12_a0p85_m16_d128l4h2mlp512_700m_seed0_k11,H-R2-05-polar-ladder-capacity,dc80726a8c987e8c3a9171299dac00d03a074311,7a5a82d665b9e4a901ad94049f3ae02223d1154e8696fdfc8ce73c002265b4df,n_plus_one,0.85,10,0.35,0.12,699924480,sphere_polar_c00_base_d0p12_a0p85_m16,sphere_mess4,d128l4h2mlp512_700m_seed0_k11,0,11,128,4,random_init,embedding_and_all_layers_single_token,physics,1.0,0.7875276702148004,640,30.725,0.7797638968717349
sphere_polar_c00_base_d0p12_a0p85_m16_d128l4h2mlp512_700m_seed0_k11,H-R2-05-polar-ladder-capacity,dc80726a8c987e8c3a9171299dac00d03a074311,7a5a82d665b9e4a901ad94049f3ae02223d1154e8696fdfc8ce73c002265b4df,n_plus_one,0.85,10,0.35,0.12,699924480,sphere_polar_c00_base_d0p12_a0p85_m16,sphere_mess4,d128l4h2mlp512_700m_seed0_k11,0,11,128,4,random_init,embedding_and_all_layers_single_token,belief,1.0,0.26162193888380947,640,30.725,0.26367881703046087
sphere_polar_c00_base_d0p12_a0p85_m16_d128l4h2mlp512_700m_seed0_k5,H-R2-05-polar-ladder-capacity,dc80726a8c987e8c3a9171299dac00d03a074311,d8a15da18037c6c9eb3785ee29317ba8b2aa545a4f722272ed0bcd008614f3fe,half,0.85,10,0.35,0.12,699924480,sphere_polar_c00_base_d0p12_a0p85_m16,sphere_mess4,d128l4h2mlp512_700m_seed0_k5,0,5,128,4,trained,single_layer_single_token,physics,1.0,0.8841100317908848,128,153.625,0.8815650314971679
sphere_polar_c00_base_d0p12_a0p85_m16_d128l4h2mlp512_700m_seed0_k5,H-R2-05-polar-ladder-capacity,dc80726a8c987e8c3a9171299dac00d03a074311,d8a15da18037c6c9eb3785ee29317ba8b2aa545a4f722272ed0bcd008614f3fe,half,0.85,10,0.35,0.12,699924480,sphere_polar_c00_base_d0p12_a0p85_m16,sphere_mess4,d128l4h2mlp512_700m_seed0_k5,0,5,128,4,trained,single_layer_single_token,belief,10.0,0.3399926455289013,128,153.625,0.34413550126474457
sphere_polar_c00_base_d0p12_a0p85_m16_d128l4h2mlp512_700m_seed0_k5,H-R2-05-polar-ladder-capacity,dc80726a8c987e8c3a9171299dac00d03a074311,d8a15da18037c6c9eb3785ee29317ba8b2aa545a4f722272ed0bcd008614f3fe,half,0.85,10,0.35,0.12,699924480,sphere_polar_c00_base_d0p12_a0p85_m16,sphere_mess4,d128l4h2mlp512_700m_seed0_k5,0,5,128,4,trained,all_block_layers_single_token,physics,1.0,0.9887275468054609,512,38.40625,0.9867946800753586
sphere_polar_c00_base_d0p12_a0p85_m16_d128l4h2mlp512_700m_seed0_k5,H-R2-05-polar-ladder-capacity,dc80726a8c987e8c3a9171299dac00d03a074311,d8a15da18037c6c9eb3785ee29317ba8b2aa545a4f722272ed0bcd008614f3fe,half,0.85,10,0.35,0.12,699924480,sphere_polar_c00_base_d0p12_a0p85_m16,sphere_mess4,d128l4h2mlp512_700m_seed0_k5,0,5,128,4,trained,all_block_layers_single_token,belief,1.0,0.4965880010600763,512,38.40625,0.4972843844769731
sphere_polar_c00_base_d0p12_a0p85_m16_d128l4h2mlp512_700m_seed0_k5,H-R2-05-polar-ladder-capacity,dc80726a8c987e8c3a9171299dac00d03a074311,d8a15da18037c6c9eb3785ee29317ba8b2aa545a4f722272ed0bcd008614f3fe,half,0.85,10,0.35,0.12,699924480,sphere_polar_c00_base_d0p12_a0p85_m16,sphere_mess4,d128l4h2mlp512_700m_seed0_k5,0,5,128,4,trained,embedding_and_all_layers_single_token,physics,1.0,0.9899627042903554,640,30.725,0.9883153443124989
sphere_polar_c00_base_d0p12_a0p85_m16_d128l4h2mlp512_700m_seed0_k5,H-R2-05-polar-ladder-capacity,dc80726a8c987e8c3a9171299dac00d03a074311,d8a15da18037c6c9eb3785ee29317ba8b2aa545a4f722272ed0bcd008614f3fe,half,0.85,10,0.35,0.12,699924480,sphere_polar_c00_base_d0p12_a0p85_m16,sphere_mess4,d128l4h2mlp512_700m_seed0_k5,0,5,128,4,trained,embedding_and_all_layers_single_token,belief,1.0,0.5054247756705534,640,30.725,0.5027567556992566
sphere_polar_c00_base_d0p12_a0p85_m16_d128l4h2mlp512_700m_seed0_k5,H-R2-05-polar-ladder-capacity,dc80726a8c987e8c3a9171299dac00d03a074311,d8a15da18037c6c9eb3785ee29317ba8b2aa545a4f722272ed0bcd008614f3fe,half,0.85,10,0.35,0.12,699924480,sphere_polar_c00_base_d0p12_a0p85_m16,sphere_mess4,d128l4h2mlp512_700m_seed0_k5,0,5,128,4,random_init,single_layer_single_token,physics,10.0,0.7058122341366335,128,153.625,0.7033860217248118
sphere_polar_c00_base_d0p12_a0p85_m16_d128l4h2mlp512_700m_seed0_k5,H-R2-05-polar-ladder-capacity,dc80726a8c987e8c3a9171299dac00d03a074311,d8a15da18037c6c9eb3785ee29317ba8b2aa545a4f722272ed0bcd008614f3fe,half,0.85,10,0.35,0.12,699924480,sphere_polar_c00_base_d0p12_a0p85_m16,sphere_mess4,d128l4h2mlp512_700m_seed0_k5,0,5,128,4,random_init,single_layer_single_token,belief,10.0,0.1314476224047761,128,153.625,0.12894155246641953
sphere_polar_c00_base_d0p12_a0p85_m16_d128l4h2mlp512_700m_seed0_k5,H-R2-05-polar-ladder-capacity,dc80726a8c987e8c3a9171299dac00d03a074311,d8a15da18037c6c9eb3785ee29317ba8b2aa545a4f722272ed0bcd008614f3fe,half,0.85,10,0.35,0.12,699924480,sphere_polar_c00_base_d0p12_a0p85_m16,sphere_mess4,d128l4h2mlp512_700m_seed0_k5,0,5,128,4,random_init,all_block_layers_single_token,physics,1.0,0.777446328846271,512,38.40625,0.7719178133040985
sphere_polar_c00_base_d0p12_a0p85_m16_d128l4h2mlp512_700m_seed0_k5,H-R2-05-polar-ladder-capacity,dc80726a8c987e8c3a9171299dac00d03a074311,d8a15da18037c6c9eb3785ee29317ba8b2aa545a4f722272ed0bcd008614f3fe,half,0.85,10,0.35,0.12,699924480,sphere_polar_c00_base_d0p12_a0p85_m16,sphere_mess4,d128l4h2mlp512_700m_seed0_k5,0,5,128,4,random_init,all_block_layers_single_token,belief,1.0,0.2451989188555193,512,38.40625,0.24883669372829317
sphere_polar_c00_base_d0p12_a0p85_m16_d128l4h2mlp512_700m_seed0_k5,H-R2-05-polar-ladder-capacity,dc80726a8c987e8c3a9171299dac00d03a074311,d8a15da18037c6c9eb3785ee29317ba8b2aa545a4f722272ed0bcd008614f3fe,half,0.85,10,0.35,0.12,699924480,sphere_polar_c00_base_d0p12_a0p85_m16,sphere_mess4,d128l4h2mlp512_700m_seed0_k5,0,5,128,4,random_init,embedding_and_all_layers_single_token,physics,1.0,0.7875276702148004,640,30.725,0.7797638968717349
sphere_polar_c00_base_d0p12_a0p85_m16_d128l4h2mlp512_700m_seed0_k5,H-R2-05-polar-ladder-capacity,dc80726a8c987e8c3a9171299dac00d03a074311,d8a15da18037c6c9eb3785ee29317ba8b2aa545a4f722272ed0bcd008614f3fe,half,0.85,10,0.35,0.12,699924480,sphere_polar_c00_base_d0p12_a0p85_m16,sphere_mess4,d128l4h2mlp512_700m_seed0_k5,0,5,128,4,random_init,embedding_and_all_layers_single_token,belief,1.0,0.26162193888380947,640,30.725,0.26367881703046087
sphere_polar_c00_base_d0p12_a0p95_m16_d128l4h2mlp512_700m_seed0_k1,H-R2-05-polar-ladder-capacity,dc80726a8c987e8c3a9171299dac00d03a074311,6b2654d52aff4c2aa5d9d81bb9862fea86c856a107d830d0fad8bf4d6891ad89,fixed,0.95,10,0.35,0.12,699924480,sphere_polar_c00_base_d0p12_a0p95_m16,sphere_mess4,d128l4h2mlp512_700m_seed0_k1,0,1,128,4,trained,single_layer_single_token,physics,10.0,0.8896122327116041,128,153.75,0.8960997446208548
sphere_polar_c00_base_d0p12_a0p95_m16_d128l4h2mlp512_700m_seed0_k1,H-R2-05-polar-ladder-capacity,dc80726a8c987e8c3a9171299dac00d03a074311,6b2654d52aff4c2aa5d9d81bb9862fea86c856a107d830d0fad8bf4d6891ad89,fixed,0.95,10,0.35,0.12,699924480,sphere_polar_c00_base_d0p12_a0p95_m16,sphere_mess4,d128l4h2mlp512_700m_seed0_k1,0,1,128,4,trained,single_layer_single_token,belief,10.0,0.2951970931667132,128,153.75,0.30512850888051546
sphere_polar_c00_base_d0p12_a0p95_m16_d128l4h2mlp512_700m_seed0_k1,H-R2-05-polar-ladder-capacity,dc80726a8c987e8c3a9171299dac00d03a074311,6b2654d52aff4c2aa5d9d81bb9862fea86c856a107d830d0fad8bf4d6891ad89,fixed,0.95,10,0.35,0.12,699924480,sphere_polar_c00_base_d0p12_a0p95_m16,sphere_mess4,d128l4h2mlp512_700m_seed0_k1,0,1,128,4,trained,all_block_layers_single_token,physics,1.0,0.9882366596434502,512,38.4375,0.9879397710487274
sphere_polar_c00_base_d0p12_a0p95_m16_d128l4h2mlp512_700m_seed0_k1,H-R2-05-polar-ladder-capacity,dc80726a8c987e8c3a9171299dac00d03a074311,6b2654d52aff4c2aa5d9d81bb9862fea86c856a107d830d0fad8bf4d6891ad89,fixed,0.95,10,0.35,0.12,699924480,sphere_polar_c00_base_d0p12_a0p95_m16,sphere_mess4,d128l4h2mlp512_700m_seed0_k1,0,1,128,4,trained,all_block_layers_single_token,belief,1.0,0.43980826673607526,512,38.4375,0.44462043610410207
sphere_polar_c00_base_d0p12_a0p95_m16_d128l4h2mlp512_700m_seed0_k1,H-R2-05-polar-ladder-capacity,dc80726a8c987e8c3a9171299dac00d03a074311,6b2654d52aff4c2aa5d9d81bb9862fea86c856a107d830d0fad8bf4d6891ad89,fixed,0.95,10,0.35,0.12,699924480,sphere_polar_c00_base_d0p12_a0p95_m16,sphere_mess4,d128l4h2mlp512_700m_seed0_k1,0,1,128,4,trained,embedding_and_all_layers_single_token,physics,1.0,0.9901465729423118,640,30.75,0.9896606524663507
sphere_polar_c00_base_d0p12_a0p95_m16_d128l4h2mlp512_700m_seed0_k1,H-R2-05-polar-ladder-capacity,dc80726a8c987e8c3a9171299dac00d03a074311,6b2654d52aff4c2aa5d9d81bb9862fea86c856a107d830d0fad8bf4d6891ad89,fixed,0.95,10,0.35,0.12,699924480,sphere_polar_c00_base_d0p12_a0p95_m16,sphere_mess4,d128l4h2mlp512_700m_seed0_k1,0,1,128,4,trained,embedding_and_all_layers_single_token,belief,10.0,0.4483361164881836,640,30.75,0.45266320544263505
sphere_polar_c00_base_d0p12_a0p95_m16_d128l4h2mlp512_700m_seed0_k1,H-R2-05-polar-ladder-capacity,dc80726a8c987e8c3a9171299dac00d03a074311,6b2654d52aff4c2aa5d9d81bb9862fea86c856a107d830d0fad8bf4d6891ad89,fixed,0.95,10,0.35,0.12,699924480,sphere_polar_c00_base_d0p12_a0p95_m16,sphere_mess4,d128l4h2mlp512_700m_seed0_k1,0,1,128,4,random_init,single_layer_single_token,physics,1.0,0.716908974814481,128,153.75,0.7268071966131956
sphere_polar_c00_base_d0p12_a0p95_m16_d128l4h2mlp512_700m_seed0_k1,H-R2-05-polar-ladder-capacity,dc80726a8c987e8c3a9171299dac00d03a074311,6b2654d52aff4c2aa5d9d81bb9862fea86c856a107d830d0fad8bf4d6891ad89,fixed,0.95,10,0.35,0.12,699924480,sphere_polar_c00_base_d0p12_a0p95_m16,sphere_mess4,d128l4h2mlp512_700m_seed0_k1,0,1,128,4,random_init,single_layer_single_token,belief,10.0,0.140159026908843,128,153.75,0.14436596470945678
sphere_polar_c00_base_d0p12_a0p95_m16_d128l4h2mlp512_700m_seed0_k1,H-R2-05-polar-ladder-capacity,dc80726a8c987e8c3a9171299dac00d03a074311,6b2654d52aff4c2aa5d9d81bb9862fea86c856a107d830d0fad8bf4d6891ad89,fixed,0.95,10,0.35,0.12,699924480,sphere_polar_c00_base_d0p12_a0p95_m16,sphere_mess4,d128l4h2mlp512_700m_seed0_k1,0,1,128,4,random_init,all_block_layers_single_token,physics,1.0,0.7902386484054289,512,38.4375,0.7977654820583571
sphere_polar_c00_base_d0p12_a0p95_m16_d128l4h2mlp512_700m_seed0_k1,H-R2-05-polar-ladder-capacity,dc80726a8c987e8c3a9171299dac00d03a074311,6b2654d52aff4c2aa5d9d81bb9862fea86c856a107d830d0fad8bf4d6891ad89,fixed,0.95,10,0.35,0.12,699924480,sphere_polar_c00_base_d0p12_a0p95_m16,sphere_mess4,d128l4h2mlp512_700m_seed0_k1,0,1,128,4,random_init,all_block_layers_single_token,belief,1.0,0.27174975588817907,512,38.4375,0.276631773679769
sphere_polar_c00_base_d0p12_a0p95_m16_d128l4h2mlp512_700m_seed0_k1,H-R2-05-polar-ladder-capacity,dc80726a8c987e8c3a9171299dac00d03a074311,6b2654d52aff4c2aa5d9d81bb9862fea86c856a107d830d0fad8bf4d6891ad89,fixed,0.95,10,0.35,0.12,699924480,sphere_polar_c00_base_d0p12_a0p95_m16,sphere_mess4,d128l4h2mlp512_700m_seed0_k1,0,1,128,4,random_init,embedding_and_all_layers_single_token,physics,1.0,0.7981234770603446,640,30.75,0.8059940845933711
sphere_polar_c00_base_d0p12_a0p95_m16_d128l4h2mlp512_700m_seed0_k1,H-R2-05-polar-ladder-capacity,dc80726a8c987e8c3a9171299dac00d03a074311,6b2654d52aff4c2aa5d9d81bb9862fea86c856a107d830d0fad8bf4d6891ad89,fixed,0.95,10,0.35,0.12,699924480,sphere_polar_c00_base_d0p12_a0p95_m16,sphere_mess4,d128l4h2mlp512_700m_seed0_k1,0,1,128,4,random_init,embedding_and_all_layers_single_token,belief,1.0,0.28258838257874264,640,30.75,0.2883066101260434
sphere_polar_c00_base_d0p12_a0p95_m16_d128l4h2mlp512_700m_seed0_k11,H-R2-05-polar-ladder-capacity,dc80726a8c987e8c3a9171299dac00d03a074311,cc19ac79bc1d8a0b7f875b6542cc5b2b06163f27e4ae837f02048d4566251cbf,n_plus_one,0.95,10,0.35,0.12,699924480,sphere_polar_c00_base_d0p12_a0p95_m16,sphere_mess4,d128l4h2mlp512_700m_seed0_k11,0,11,128,4,trained,single_layer_single_token,physics,1.0,0.8770709364425123,128,153.75,0.8827606627525945
sphere_polar_c00_base_d0p12_a0p95_m16_d128l4h2mlp512_700m_seed0_k11,H-R2-05-polar-ladder-capacity,dc80726a8c987e8c3a9171299dac00d03a074311,cc19ac79bc1d8a0b7f875b6542cc5b2b06163f27e4ae837f02048d4566251cbf,n_plus_one,0.95,10,0.35,0.12,699924480,sphere_polar_c00_base_d0p12_a0p95_m16,sphere_mess4,d128l4h2mlp512_700m_seed0_k11,0,11,128,4,trained,single_layer_single_token,belief,10.0,0.3146343871422529,128,153.75,0.32103423467629094
sphere_polar_c00_base_d0p12_a0p95_m16_d128l4h2mlp512_700m_seed0_k11,H-R2-05-polar-ladder-capacity,dc80726a8c987e8c3a9171299dac00d03a074311,cc19ac79bc1d8a0b7f875b6542cc5b2b06163f27e4ae837f02048d4566251cbf,n_plus_one,0.95,10,0.35,0.12,699924480,sphere_polar_c00_base_d0p12_a0p95_m16,sphere_mess4,d128l4h2mlp512_700m_seed0_k11,0,11,128,4,trained,all_block_layers_single_token,physics,1.0,0.9748756294750164,512,38.4375,0.9770764483185221
sphere_polar_c00_base_d0p12_a0p95_m16_d128l4h2mlp512_700m_seed0_k11,H-R2-05-polar-ladder-capacity,dc80726a8c987e8c3a9171299dac00d03a074311,cc19ac79bc1d8a0b7f875b6542cc5b2b06163f27e4ae837f02048d4566251cbf,n_plus_one,0.95,10,0.35,0.12,699924480,sphere_polar_c00_base_d0p12_a0p95_m16,sphere_mess4,d128l4h2mlp512_700m_seed0_k11,0,11,128,4,trained,all_block_layers_single_token,belief,10.0,0.5428830154631763,512,38.4375,0.5534082736030913
sphere_polar_c00_base_d0p12_a0p95_m16_d128l4h2mlp512_700m_seed0_k11,H-R2-05-polar-ladder-capacity,dc80726a8c987e8c3a9171299dac00d03a074311,cc19ac79bc1d8a0b7f875b6542cc5b2b06163f27e4ae837f02048d4566251cbf,n_plus_one,0.95,10,0.35,0.12,699924480,sphere_polar_c00_base_d0p12_a0p95_m16,sphere_mess4,d128l4h2mlp512_700m_seed0_k11,0,11,128,4,trained,embedding_and_all_layers_single_token,physics,1.0,0.9775854415820606,640,30.75,0.980438144011186
sphere_polar_c00_base_d0p12_a0p95_m16_d128l4h2mlp512_700m_seed0_k11,H-R2-05-polar-ladder-capacity,dc80726a8c987e8c3a9171299dac00d03a074311,cc19ac79bc1d8a0b7f875b6542cc5b2b06163f27e4ae837f02048d4566251cbf,n_plus_one,0.95,10,0.35,0.12,699924480,sphere_polar_c00_base_d0p12_a0p95_m16,sphere_mess4,d128l4h2mlp512_700m_seed0_k11,0,11,128,4,trained,embedding_and_all_layers_single_token,belief,10.0,0.5539579169887477,640,30.75,0.5615057901990758
sphere_polar_c00_base_d0p12_a0p95_m16_d128l4h2mlp512_700m_seed0_k11,H-R2-05-polar-ladder-capacity,dc80726a8c987e8c3a9171299dac00d03a074311,cc19ac79bc1d8a0b7f875b6542cc5b2b06163f27e4ae837f02048d4566251cbf,n_plus_one,0.95,10,0.35,0.12,699924480,sphere_polar_c00_base_d0p12_a0p95_m16,sphere_mess4,d128l4h2mlp512_700m_seed0_k11,0,11,128,4,random_init,single_layer_single_token,physics,1.0,0.716908974814481,128,153.75,0.7268071966131956
sphere_polar_c00_base_d0p12_a0p95_m16_d128l4h2mlp512_700m_seed0_k11,H-R2-05-polar-ladder-capacity,dc80726a8c987e8c3a9171299dac00d03a074311,cc19ac79bc1d8a0b7f875b6542cc5b2b06163f27e4ae837f02048d4566251cbf,n_plus_one,0.95,10,0.35,0.12,699924480,sphere_polar_c00_base_d0p12_a0p95_m16,sphere_mess4,d128l4h2mlp512_700m_seed0_k11,0,11,128,4,random_init,single_layer_single_token,belief,10.0,0.140159026908843,128,153.75,0.14436596470945678
sphere_polar_c00_base_d0p12_a0p95_m16_d128l4h2mlp512_700m_seed0_k11,H-R2-05-polar-ladder-capacity,dc80726a8c987e8c3a9171299dac00d03a074311,cc19ac79bc1d8a0b7f875b6542cc5b2b06163f27e4ae837f02048d4566251cbf,n_plus_one,0.95,10,0.35,0.12,699924480,sphere_polar_c00_base_d0p12_a0p95_m16,sphere_mess4,d128l4h2mlp512_700m_seed0_k11,0,11,128,4,random_init,all_block_layers_single_token,physics,1.0,0.7902386484054289,512,38.4375,0.7977654820583571
sphere_polar_c00_base_d0p12_a0p95_m16_d128l4h2mlp512_700m_seed0_k11,H-R2-05-polar-ladder-capacity,dc80726a8c987e8c3a9171299dac00d03a074311,cc19ac79bc1d8a0b7f875b6542cc5b2b06163f27e4ae837f02048d4566251cbf,n_plus_one,0.95,10,0.35,0.12,699924480,sphere_polar_c00_base_d0p12_a0p95_m16,sphere_mess4,d128l4h2mlp512_700m_seed0_k11,0,11,128,4,random_init,all_block_layers_single_token,belief,1.0,0.27174975588817907,512,38.4375,0.276631773679769
sphere_polar_c00_base_d0p12_a0p95_m16_d128l4h2mlp512_700m_seed0_k11,H-R2-05-polar-ladder-capacity,dc80726a8c987e8c3a9171299dac00d03a074311,cc19ac79bc1d8a0b7f875b6542cc5b2b06163f27e4ae837f02048d4566251cbf,n_plus_one,0.95,10,0.35,0.12,699924480,sphere_polar_c00_base_d0p12_a0p95_m16,sphere_mess4,d128l4h2mlp512_700m_seed0_k11,0,11,128,4,random_init,embedding_and_all_layers_single_token,physics,1.0,0.7981234770603446,640,30.75,0.8059940845933711
sphere_polar_c00_base_d0p12_a0p95_m16_d128l4h2mlp512_700m_seed0_k11,H-R2-05-polar-ladder-capacity,dc80726a8c987e8c3a9171299dac00d03a074311,cc19ac79bc1d8a0b7f875b6542cc5b2b06163f27e4ae837f02048d4566251cbf,n_plus_one,0.95,10,0.35,0.12,699924480,sphere_polar_c00_base_d0p12_a0p95_m16,sphere_mess4,d128l4h2mlp512_700m_seed0_k11,0,11,128,4,random_init,embedding_and_all_layers_single_token,belief,1.0,0.28258838257874264,640,30.75,0.2883066101260434
sphere_polar_c00_base_d0p12_a0p95_m16_d128l4h2mlp512_700m_seed0_k5,H-R2-05-polar-ladder-capacity,dc80726a8c987e8c3a9171299dac00d03a074311,16fba656ea7dbb56ca6c9f2e15676b8205e460bddb1801ef1f203a337ec74210,half,0.95,10,0.35,0.12,699924480,sphere_polar_c00_base_d0p12_a0p95_m16,sphere_mess4,d128l4h2mlp512_700m_seed0_k5,0,5,128,4,trained,single_layer_single_token,physics,1.0,0.8751207685889298,128,153.75,0.8744144156503528
sphere_polar_c00_base_d0p12_a0p95_m16_d128l4h2mlp512_700m_seed0_k5,H-R2-05-polar-ladder-capacity,dc80726a8c987e8c3a9171299dac00d03a074311,16fba656ea7dbb56ca6c9f2e15676b8205e460bddb1801ef1f203a337ec74210,half,0.95,10,0.35,0.12,699924480,sphere_polar_c00_base_d0p12_a0p95_m16,sphere_mess4,d128l4h2mlp512_700m_seed0_k5,0,5,128,4,trained,single_layer_single_token,belief,10.0,0.41416261517972736,128,153.75,0.4149607129057217
sphere_polar_c00_base_d0p12_a0p95_m16_d128l4h2mlp512_700m_seed0_k5,H-R2-05-polar-ladder-capacity,dc80726a8c987e8c3a9171299dac00d03a074311,16fba656ea7dbb56ca6c9f2e15676b8205e460bddb1801ef1f203a337ec74210,half,0.95,10,0.35,0.12,699924480,sphere_polar_c00_base_d0p12_a0p95_m16,sphere_mess4,d128l4h2mlp512_700m_seed0_k5,0,5,128,4,trained,all_block_layers_single_token,physics,1.0,0.9894287786586906,512,38.4375,0.9900162832697574
sphere_polar_c00_base_d0p12_a0p95_m16_d128l4h2mlp512_700m_seed0_k5,H-R2-05-polar-ladder-capacity,dc80726a8c987e8c3a9171299dac00d03a074311,16fba656ea7dbb56ca6c9f2e15676b8205e460bddb1801ef1f203a337ec74210,half,0.95,10,0.35,0.12,699924480,sphere_polar_c00_base_d0p12_a0p95_m16,sphere_mess4,d128l4h2mlp512_700m_seed0_k5,0,5,128,4,trained,all_block_layers_single_token,belief,1.0,0.6086698590730967,512,38.4375,0.6070958110314909
sphere_polar_c00_base_d0p12_a0p95_m16_d128l4h2mlp512_700m_seed0_k5,H-R2-05-polar-ladder-capacity,dc80726a8c987e8c3a9171299dac00d03a074311,16fba656ea7dbb56ca6c9f2e15676b8205e460bddb1801ef1f203a337ec74210,half,0.95,10,0.35,0.12,699924480,sphere_polar_c00_base_d0p12_a0p95_m16,sphere_mess4,d128l4h2mlp512_700m_seed0_k5,0,5,128,4,trained,embedding_and_all_layers_single_token,physics,1.0,0.9907672945729187,640,30.75,0.9913479523505724
sphere_polar_c00_base_d0p12_a0p95_m16_d128l4h2mlp512_700m_seed0_k5,H-R2-05-polar-ladder-capacity,dc80726a8c987e8c3a9171299dac00d03a074311,16fba656ea7dbb56ca6c9f2e15676b8205e460bddb1801ef1f203a337ec74210,half,0.95,10,0.35,0.12,699924480,sphere_polar_c00_base_d0p12_a0p95_m16,sphere_mess4,d128l4h2mlp512_700m_seed0_k5,0,5,128,4,trained,embedding_and_all_layers_single_token,belief,10.0,0.6145999054905589,640,30.75,0.612577133817497
sphere_polar_c00_base_d0p12_a0p95_m16_d128l4h2mlp512_700m_seed0_k5,H-R2-05-polar-ladder-capacity,dc80726a8c987e8c3a9171299dac00d03a074311,16fba656ea7dbb56ca6c9f2e15676b8205e460bddb1801ef1f203a337ec74210,half,0.95,10,0.35,0.12,699924480,sphere_polar_c00_base_d0p12_a0p95_m16,sphere_mess4,d128l4h2mlp512_700m_seed0_k5,0,5,128,4,random_init,single_layer_single_token,physics,1.0,0.716908974814481,128,153.75,0.7268071966131956
sphere_polar_c00_base_d0p12_a0p95_m16_d128l4h2mlp512_700m_seed0_k5,H-R2-05-polar-ladder-capacity,dc80726a8c987e8c3a9171299dac00d03a074311,16fba656ea7dbb56ca6c9f2e15676b8205e460bddb1801ef1f203a337ec74210,half,0.95,10,0.35,0.12,699924480,sphere_polar_c00_base_d0p12_a0p95_m16,sphere_mess4,d128l4h2mlp512_700m_seed0_k5,0,5,128,4,random_init,single_layer_single_token,belief,10.0,0.140159026908843,128,153.75,0.14436596470945678
sphere_polar_c00_base_d0p12_a0p95_m16_d128l4h2mlp512_700m_seed0_k5,H-R2-05-polar-ladder-capacity,dc80726a8c987e8c3a9171299dac00d03a074311,16fba656ea7dbb56ca6c9f2e15676b8205e460bddb1801ef1f203a337ec74210,half,0.95,10,0.35,0.12,699924480,sphere_polar_c00_base_d0p12_a0p95_m16,sphere_mess4,d128l4h2mlp512_700m_seed0_k5,0,5,128,4,random_init,all_block_layers_single_token,physics,1.0,0.7902386484054289,512,38.4375,0.7977654820583571
sphere_polar_c00_base_d0p12_a0p95_m16_d128l4h2mlp512_700m_seed0_k5,H-R2-05-polar-ladder-capacity,dc80726a8c987e8c3a9171299dac00d03a074311,16fba656ea7dbb56ca6c9f2e15676b8205e460bddb1801ef1f203a337ec74210,half,0.95,10,0.35,0.12,699924480,sphere_polar_c00_base_d0p12_a0p95_m16,sphere_mess4,d128l4h2mlp512_700m_seed0_k5,0,5,128,4,random_init,all_block_layers_single_token,belief,1.0,0.27174975588817907,512,38.4375,0.276631773679769
sphere_polar_c00_base_d0p12_a0p95_m16_d128l4h2mlp512_700m_seed0_k5,H-R2-05-polar-ladder-capacity,dc80726a8c987e8c3a9171299dac00d03a074311,16fba656ea7dbb56ca6c9f2e15676b8205e460bddb1801ef1f203a337ec74210,half,0.95,10,0.35,0.12,699924480,sphere_polar_c00_base_d0p12_a0p95_m16,sphere_mess4,d128l4h2mlp512_700m_seed0_k5,0,5,128,4,random_init,embedding_and_all_layers_single_token,physics,1.0,0.7981234770603446,640,30.75,0.8059940845933711
sphere_polar_c00_base_d0p12_a0p95_m16_d128l4h2mlp512_700m_seed0_k5,H-R2-05-polar-ladder-capacity,dc80726a8c987e8c3a9171299dac00d03a074311,16fba656ea7dbb56ca6c9f2e15676b8205e460bddb1801ef1f203a337ec74210,half,0.95,10,0.35,0.12,699924480,sphere_polar_c00_base_d0p12_a0p95_m16,sphere_mess4,d128l4h2mlp512_700m_seed0_k5,0,5,128,4,random_init,embedding_and_all_layers_single_token,belief,1.0,0.28258838257874264,640,30.75,0.2883066101260434
sphere_polar_c01_base_d0p1_a0p5_m16_d128l4h2mlp512_700m_seed0_k1,H-R2-05-polar-ladder-capacity,dc80726a8c987e8c3a9171299dac00d03a074311,5b063a9fef46f41ce80dc2332a176b0cece867ba8a2bd04aae9c0a2193d6f041,fixed,0.5,10,0.35,0.1,699924480,sphere_polar_c01_base_d0p1_a0p5_m16,sphere_mess4,d128l4h2mlp512_700m_seed0_k1,0,1,128,4,trained,single_layer_single_token,physics,10.0,0.9099438031878977,128,153.5,0.9143099989315436
sphere_polar_c01_base_d0p1_a0p5_m16_d128l4h2mlp512_700m_seed0_k1,H-R2-05-polar-ladder-capacity,dc80726a8c987e8c3a9171299dac00d03a074311,5b063a9fef46f41ce80dc2332a176b0cece867ba8a2bd04aae9c0a2193d6f041,fixed,0.5,10,0.35,0.1,699924480,sphere_polar_c01_base_d0p1_a0p5_m16,sphere_mess4,d128l4h2mlp512_700m_seed0_k1,0,1,128,4,trained,single_layer_single_token,belief,1.0,0.1367953767891378,128,153.5,0.12812223824108632
sphere_polar_c01_base_d0p1_a0p5_m16_d128l4h2mlp512_700m_seed0_k1,H-R2-05-polar-ladder-capacity,dc80726a8c987e8c3a9171299dac00d03a074311,5b063a9fef46f41ce80dc2332a176b0cece867ba8a2bd04aae9c0a2193d6f041,fixed,0.5,10,0.35,0.1,699924480,sphere_polar_c01_base_d0p1_a0p5_m16,sphere_mess4,d128l4h2mlp512_700m_seed0_k1,0,1,128,4,trained,all_block_layers_single_token,physics,1.0,0.9925115477356121,512,38.375,0.9934098562064924
sphere_polar_c01_base_d0p1_a0p5_m16_d128l4h2mlp512_700m_seed0_k1,H-R2-05-polar-ladder-capacity,dc80726a8c987e8c3a9171299dac00d03a074311,5b063a9fef46f41ce80dc2332a176b0cece867ba8a2bd04aae9c0a2193d6f041,fixed,0.5,10,0.35,0.1,699924480,sphere_polar_c01_base_d0p1_a0p5_m16,sphere_mess4,d128l4h2mlp512_700m_seed0_k1,0,1,128,4,trained,all_block_layers_single_token,belief,1.0,0.2860411382083713,512,38.375,0.2758999511320419
sphere_polar_c01_base_d0p1_a0p5_m16_d128l4h2mlp512_700m_seed0_k1,H-R2-05-polar-ladder-capacity,dc80726a8c987e8c3a9171299dac00d03a074311,5b063a9fef46f41ce80dc2332a176b0cece867ba8a2bd04aae9c0a2193d6f041,fixed,0.5,10,0.35,0.1,699924480,sphere_polar_c01_base_d0p1_a0p5_m16,sphere_mess4,d128l4h2mlp512_700m_seed0_k1,0,1,128,4,trained,embedding_and_all_layers_single_token,physics,1.0,0.9941287438991497,640,30.7,0.994977929900807
sphere_polar_c01_base_d0p1_a0p5_m16_d128l4h2mlp512_700m_seed0_k1,H-R2-05-polar-ladder-capacity,dc80726a8c987e8c3a9171299dac00d03a074311,5b063a9fef46f41ce80dc2332a176b0cece867ba8a2bd04aae9c0a2193d6f041,fixed,0.5,10,0.35,0.1,699924480,sphere_polar_c01_base_d0p1_a0p5_m16,sphere_mess4,d128l4h2mlp512_700m_seed0_k1,0,1,128,4,trained,embedding_and_all_layers_single_token,belief,1.0,0.3015594306634789,640,30.7,0.28743927987191953
sphere_polar_c01_base_d0p1_a0p5_m16_d128l4h2mlp512_700m_seed0_k1,H-R2-05-polar-ladder-capacity,dc80726a8c987e8c3a9171299dac00d03a074311,5b063a9fef46f41ce80dc2332a176b0cece867ba8a2bd04aae9c0a2193d6f041,fixed,0.5,10,0.35,0.1,699924480,sphere_polar_c01_base_d0p1_a0p5_m16,sphere_mess4,d128l4h2mlp512_700m_seed0_k1,0,1,128,4,random_init,single_layer_single_token,physics,1.0,0.7460576125588517,128,153.5,0.7490489841650732
sphere_polar_c01_base_d0p1_a0p5_m16_d128l4h2mlp512_700m_seed0_k1,H-R2-05-polar-ladder-capacity,dc80726a8c987e8c3a9171299dac00d03a074311,5b063a9fef46f41ce80dc2332a176b0cece867ba8a2bd04aae9c0a2193d6f041,fixed,0.5,10,0.35,0.1,699924480,sphere_polar_c01_base_d0p1_a0p5_m16,sphere_mess4,d128l4h2mlp512_700m_seed0_k1,0,1,128,4,random_init,single_layer_single_token,belief,10.0,0.0942672721161773,128,153.5,0.08424226770625232
sphere_polar_c01_base_d0p1_a0p5_m16_d128l4h2mlp512_700m_seed0_k1,H-R2-05-polar-ladder-capacity,dc80726a8c987e8c3a9171299dac00d03a074311,5b063a9fef46f41ce80dc2332a176b0cece867ba8a2bd04aae9c0a2193d6f041,fixed,0.5,10,0.35,0.1,699924480,sphere_polar_c01_base_d0p1_a0p5_m16,sphere_mess4,d128l4h2mlp512_700m_seed0_k1,0,1,128,4,random_init,all_block_layers_single_token,physics,1.0,0.7982589173523562,512,38.375,0.8034157094083282
sphere_polar_c01_base_d0p1_a0p5_m16_d128l4h2mlp512_700m_seed0_k1,H-R2-05-polar-ladder-capacity,dc80726a8c987e8c3a9171299dac00d03a074311,5b063a9fef46f41ce80dc2332a176b0cece867ba8a2bd04aae9c0a2193d6f041,fixed,0.5,10,0.35,0.1,699924480,sphere_polar_c01_base_d0p1_a0p5_m16,sphere_mess4,d128l4h2mlp512_700m_seed0_k1,0,1,128,4,random_init,all_block_layers_single_token,belief,1.0,0.1946213913018143,512,38.375,0.1925873084205434
sphere_polar_c01_base_d0p1_a0p5_m16_d128l4h2mlp512_700m_seed0_k1,H-R2-05-polar-ladder-capacity,dc80726a8c987e8c3a9171299dac00d03a074311,5b063a9fef46f41ce80dc2332a176b0cece867ba8a2bd04aae9c0a2193d6f041,fixed,0.5,10,0.35,0.1,699924480,sphere_polar_c01_base_d0p1_a0p5_m16,sphere_mess4,d128l4h2mlp512_700m_seed0_k1,0,1,128,4,random_init,embedding_and_all_layers_single_token,physics,1.0,0.8060319919622132,640,30.7,0.8117156105390592
sphere_polar_c01_base_d0p1_a0p5_m16_d128l4h2mlp512_700m_seed0_k1,H-R2-05-polar-ladder-capacity,dc80726a8c987e8c3a9171299dac00d03a074311,5b063a9fef46f41ce80dc2332a176b0cece867ba8a2bd04aae9c0a2193d6f041,fixed,0.5,10,0.35,0.1,699924480,sphere_polar_c01_base_d0p1_a0p5_m16,sphere_mess4,d128l4h2mlp512_700m_seed0_k1,0,1,128,4,random_init,embedding_and_all_layers_single_token,belief,1.0,0.21382422945912755,640,30.7,0.2099580167520589
sphere_polar_c01_base_d0p1_a0p5_m16_d128l4h2mlp512_700m_seed0_k11,H-R2-05-polar-ladder-capacity,dc80726a8c987e8c3a9171299dac00d03a074311,146a888769736dfaf1fa3e2095becb6bfae102726c971cfc8d141de2df1fce79,n_plus_one,0.5,10,0.35,0.1,699924480,sphere_polar_c01_base_d0p1_a0p5_m16,sphere_mess4,d128l4h2mlp512_700m_seed0_k11,0,11,128,4,trained,single_layer_single_token,physics,1.0,0.8942408787144079,128,153.5,0.8949524299020046
sphere_polar_c01_base_d0p1_a0p5_m16_d128l4h2mlp512_700m_seed0_k11,H-R2-05-polar-ladder-capacity,dc80726a8c987e8c3a9171299dac00d03a074311,146a888769736dfaf1fa3e2095becb6bfae102726c971cfc8d141de2df1fce79,n_plus_one,0.5,10,0.35,0.1,699924480,sphere_polar_c01_base_d0p1_a0p5_m16,sphere_mess4,d128l4h2mlp512_700m_seed0_k11,0,11,128,4,trained,single_layer_single_token,belief,1.0,0.12179081706588785,128,153.5,0.11784893501152643
sphere_polar_c01_base_d0p1_a0p5_m16_d128l4h2mlp512_700m_seed0_k11,H-R2-05-polar-ladder-capacity,dc80726a8c987e8c3a9171299dac00d03a074311,146a888769736dfaf1fa3e2095becb6bfae102726c971cfc8d141de2df1fce79,n_plus_one,0.5,10,0.35,0.1,699924480,sphere_polar_c01_base_d0p1_a0p5_m16,sphere_mess4,d128l4h2mlp512_700m_seed0_k11,0,11,128,4,trained,all_block_layers_single_token,physics,1.0,0.9812528773541833,512,38.375,0.9800701093123663
sphere_polar_c01_base_d0p1_a0p5_m16_d128l4h2mlp512_700m_seed0_k11,H-R2-05-polar-ladder-capacity,dc80726a8c987e8c3a9171299dac00d03a074311,146a888769736dfaf1fa3e2095becb6bfae102726c971cfc8d141de2df1fce79,n_plus_one,0.5,10,0.35,0.1,699924480,sphere_polar_c01_base_d0p1_a0p5_m16,sphere_mess4,d128l4h2mlp512_700m_seed0_k11,0,11,128,4,trained,all_block_layers_single_token,belief,10.0,0.2593512810764651,512,38.375,0.2565442958509115
sphere_polar_c01_base_d0p1_a0p5_m16_d128l4h2mlp512_700m_seed0_k11,H-R2-05-polar-ladder-capacity,dc80726a8c987e8c3a9171299dac00d03a074311,146a888769736dfaf1fa3e2095becb6bfae102726c971cfc8d141de2df1fce79,n_plus_one,0.5,10,0.35,0.1,699924480,sphere_polar_c01_base_d0p1_a0p5_m16,sphere_mess4,d128l4h2mlp512_700m_seed0_k11,0,11,128,4,trained,embedding_and_all_layers_single_token,physics,1.0,0.9833501403874471,640,30.7,0.9824899259897664
sphere_polar_c01_base_d0p1_a0p5_m16_d128l4h2mlp512_700m_seed0_k11,H-R2-05-polar-ladder-capacity,dc80726a8c987e8c3a9171299dac00d03a074311,146a888769736dfaf1fa3e2095becb6bfae102726c971cfc8d141de2df1fce79,n_plus_one,0.5,10,0.35,0.1,699924480,sphere_polar_c01_base_d0p1_a0p5_m16,sphere_mess4,d128l4h2mlp512_700m_seed0_k11,0,11,128,4,trained,embedding_and_all_layers_single_token,belief,10.0,0.2721565941128675,640,30.7,0.26930961568665945
sphere_polar_c01_base_d0p1_a0p5_m16_d128l4h2mlp512_700m_seed0_k11,H-R2-05-polar-ladder-capacity,dc80726a8c987e8c3a9171299dac00d03a074311,146a888769736dfaf1fa3e2095becb6bfae102726c971cfc8d141de2df1fce79,n_plus_one,0.5,10,0.35,0.1,699924480,sphere_polar_c01_base_d0p1_a0p5_m16,sphere_mess4,d128l4h2mlp512_700m_seed0_k11,0,11,128,4,random_init,single_layer_single_token,physics,1.0,0.7460576125588517,128,153.5,0.7490489841650732
sphere_polar_c01_base_d0p1_a0p5_m16_d128l4h2mlp512_700m_seed0_k11,H-R2-05-polar-ladder-capacity,dc80726a8c987e8c3a9171299dac00d03a074311,146a888769736dfaf1fa3e2095becb6bfae102726c971cfc8d141de2df1fce79,n_plus_one,0.5,10,0.35,0.1,699924480,sphere_polar_c01_base_d0p1_a0p5_m16,sphere_mess4,d128l4h2mlp512_700m_seed0_k11,0,11,128,4,random_init,single_layer_single_token,belief,10.0,0.0942672721161773,128,153.5,0.08424226770625232
sphere_polar_c01_base_d0p1_a0p5_m16_d128l4h2mlp512_700m_seed0_k11,H-R2-05-polar-ladder-capacity,dc80726a8c987e8c3a9171299dac00d03a074311,146a888769736dfaf1fa3e2095becb6bfae102726c971cfc8d141de2df1fce79,n_plus_one,0.5,10,0.35,0.1,699924480,sphere_polar_c01_base_d0p1_a0p5_m16,sphere_mess4,d128l4h2mlp512_700m_seed0_k11,0,11,128,4,random_init,all_block_layers_single_token,physics,1.0,0.7982589173523562,512,38.375,0.8034157094083282
sphere_polar_c01_base_d0p1_a0p5_m16_d128l4h2mlp512_700m_seed0_k11,H-R2-05-polar-ladder-capacity,dc80726a8c987e8c3a9171299dac00d03a074311,146a888769736dfaf1fa3e2095becb6bfae102726c971cfc8d141de2df1fce79,n_plus_one,0.5,10,0.35,0.1,699924480,sphere_polar_c01_base_d0p1_a0p5_m16,sphere_mess4,d128l4h2mlp512_700m_seed0_k11,0,11,128,4,random_init,all_block_layers_single_token,belief,1.0,0.1946213913018143,512,38.375,0.1925873084205434
sphere_polar_c01_base_d0p1_a0p5_m16_d128l4h2mlp512_700m_seed0_k11,H-R2-05-polar-ladder-capacity,dc80726a8c987e8c3a9171299dac00d03a074311,146a888769736dfaf1fa3e2095becb6bfae102726c971cfc8d141de2df1fce79,n_plus_one,0.5,10,0.35,0.1,699924480,sphere_polar_c01_base_d0p1_a0p5_m16,sphere_mess4,d128l4h2mlp512_700m_seed0_k11,0,11,128,4,random_init,embedding_and_all_layers_single_token,physics,1.0,0.8060319919622132,640,30.7,0.8117156105390592
sphere_polar_c01_base_d0p1_a0p5_m16_d128l4h2mlp512_700m_seed0_k11,H-R2-05-polar-ladder-capacity,dc80726a8c987e8c3a9171299dac00d03a074311,146a888769736dfaf1fa3e2095becb6bfae102726c971cfc8d141de2df1fce79,n_plus_one,0.5,10,0.35,0.1,699924480,sphere_polar_c01_base_d0p1_a0p5_m16,sphere_mess4,d128l4h2mlp512_700m_seed0_k11,0,11,128,4,random_init,embedding_and_all_layers_single_token,belief,1.0,0.21382422945912755,640,30.7,0.2099580167520589
sphere_polar_c01_base_d0p1_a0p5_m16_d128l4h2mlp512_700m_seed0_k5,H-R2-05-polar-ladder-capacity,dc80726a8c987e8c3a9171299dac00d03a074311,62980fc1b7ba47d6e9b33b4fe30899eb57bfb8c2a02a2a83b5084e16d94efffc,half,0.5,10,0.35,0.1,699924480,sphere_polar_c01_base_d0p1_a0p5_m16,sphere_mess4,d128l4h2mlp512_700m_seed0_k5,0,5,128,4,trained,single_layer_single_token,physics,10.0,0.9162793941610479,128,153.5,0.9201080007677898
sphere_polar_c01_base_d0p1_a0p5_m16_d128l4h2mlp512_700m_seed0_k5,H-R2-05-polar-ladder-capacity,dc80726a8c987e8c3a9171299dac00d03a074311,62980fc1b7ba47d6e9b33b4fe30899eb57bfb8c2a02a2a83b5084e16d94efffc,half,0.5,10,0.35,0.1,699924480,sphere_polar_c01_base_d0p1_a0p5_m16,sphere_mess4,d128l4h2mlp512_700m_seed0_k5,0,5,128,4,trained,single_layer_single_token,belief,10.0,0.15983193225507789,128,153.5,0.1569600920353332
sphere_polar_c01_base_d0p1_a0p5_m16_d128l4h2mlp512_700m_seed0_k5,H-R2-05-polar-ladder-capacity,dc80726a8c987e8c3a9171299dac00d03a074311,62980fc1b7ba47d6e9b33b4fe30899eb57bfb8c2a02a2a83b5084e16d94efffc,half,0.5,10,0.35,0.1,699924480,sphere_polar_c01_base_d0p1_a0p5_m16,sphere_mess4,d128l4h2mlp512_700m_seed0_k5,0,5,128,4,trained,all_block_layers_single_token,physics,1.0,0.990573574401758,512,38.375,0.9917864314885411
sphere_polar_c01_base_d0p1_a0p5_m16_d128l4h2mlp512_700m_seed0_k5,H-R2-05-polar-ladder-capacity,dc80726a8c987e8c3a9171299dac00d03a074311,62980fc1b7ba47d6e9b33b4fe30899eb57bfb8c2a02a2a83b5084e16d94efffc,half,0.5,10,0.35,0.1,699924480,sphere_polar_c01_base_d0p1_a0p5_m16,sphere_mess4,d128l4h2mlp512_700m_seed0_k5,0,5,128,4,trained,all_block_layers_single_token,belief,1.0,0.31422570460426236,512,38.375,0.31630002420559267
sphere_polar_c01_base_d0p1_a0p5_m16_d128l4h2mlp512_700m_seed0_k5,H-R2-05-polar-ladder-capacity,dc80726a8c987e8c3a9171299dac00d03a074311,62980fc1b7ba47d6e9b33b4fe30899eb57bfb8c2a02a2a83b5084e16d94efffc,half,0.5,10,0.35,0.1,699924480,sphere_polar_c01_base_d0p1_a0p5_m16,sphere_mess4,d128l4h2mlp512_700m_seed0_k5,0,5,128,4,trained,embedding_and_all_layers_single_token,physics,1.0,0.9915924414221001,640,30.7,0.992895803156389
sphere_polar_c01_base_d0p1_a0p5_m16_d128l4h2mlp512_700m_seed0_k5,H-R2-05-polar-ladder-capacity,dc80726a8c987e8c3a9171299dac00d03a074311,62980fc1b7ba47d6e9b33b4fe30899eb57bfb8c2a02a2a83b5084e16d94efffc,half,0.5,10,0.35,0.1,699924480,sphere_polar_c01_base_d0p1_a0p5_m16,sphere_mess4,d128l4h2mlp512_700m_seed0_k5,0,5,128,4,trained,embedding_and_all_layers_single_token,belief,1.0,0.3278078442409709,640,30.7,0.32766846589419096
sphere_polar_c01_base_d0p1_a0p5_m16_d128l4h2mlp512_700m_seed0_k5,H-R2-05-polar-ladder-capacity,dc80726a8c987e8c3a9171299dac00d03a074311,62980fc1b7ba47d6e9b33b4fe30899eb57bfb8c2a02a2a83b5084e16d94efffc,half,0.5,10,0.35,0.1,699924480,sphere_polar_c01_base_d0p1_a0p5_m16,sphere_mess4,d128l4h2mlp512_700m_seed0_k5,0,5,128,4,random_init,single_layer_single_token,physics,1.0,0.7460576125588517,128,153.5,0.7490489841650732
sphere_polar_c01_base_d0p1_a0p5_m16_d128l4h2mlp512_700m_seed0_k5,H-R2-05-polar-ladder-capacity,dc80726a8c987e8c3a9171299dac00d03a074311,62980fc1b7ba47d6e9b33b4fe30899eb57bfb8c2a02a2a83b5084e16d94efffc,half,0.5,10,0.35,0.1,699924480,sphere_polar_c01_base_d0p1_a0p5_m16,sphere_mess4,d128l4h2mlp512_700m_seed0_k5,0,5,128,4,random_init,single_layer_single_token,belief,10.0,0.0942672721161773,128,153.5,0.08424226770625232
sphere_polar_c01_base_d0p1_a0p5_m16_d128l4h2mlp512_700m_seed0_k5,H-R2-05-polar-ladder-capacity,dc80726a8c987e8c3a9171299dac00d03a074311,62980fc1b7ba47d6e9b33b4fe30899eb57bfb8c2a02a2a83b5084e16d94efffc,half,0.5,10,0.35,0.1,699924480,sphere_polar_c01_base_d0p1_a0p5_m16,sphere_mess4,d128l4h2mlp512_700m_seed0_k5,0,5,128,4,random_init,all_block_layers_single_token,physics,1.0,0.7982589173523562,512,38.375,0.8034157094083282
sphere_polar_c01_base_d0p1_a0p5_m16_d128l4h2mlp512_700m_seed0_k5,H-R2-05-polar-ladder-capacity,dc80726a8c987e8c3a9171299dac00d03a074311,62980fc1b7ba47d6e9b33b4fe30899eb57bfb8c2a02a2a83b5084e16d94efffc,half,0.5,10,0.35,0.1,699924480,sphere_polar_c01_base_d0p1_a0p5_m16,sphere_mess4,d128l4h2mlp512_700m_seed0_k5,0,5,128,4,random_init,all_block_layers_single_token,belief,1.0,0.1946213913018143,512,38.375,0.1925873084205434
sphere_polar_c01_base_d0p1_a0p5_m16_d128l4h2mlp512_700m_seed0_k5,H-R2-05-polar-ladder-capacity,dc80726a8c987e8c3a9171299dac00d03a074311,62980fc1b7ba47d6e9b33b4fe30899eb57bfb8c2a02a2a83b5084e16d94efffc,half,0.5,10,0.35,0.1,699924480,sphere_polar_c01_base_d0p1_a0p5_m16,sphere_mess4,d128l4h2mlp512_700m_seed0_k5,0,5,128,4,random_init,embedding_and_all_layers_single_token,physics,1.0,0.8060319919622132,640,30.7,0.8117156105390592
sphere_polar_c01_base_d0p1_a0p5_m16_d128l4h2mlp512_700m_seed0_k5,H-R2-05-polar-ladder-capacity,dc80726a8c987e8c3a9171299dac00d03a074311,62980fc1b7ba47d6e9b33b4fe30899eb57bfb8c2a02a2a83b5084e16d94efffc,half,0.5,10,0.35,0.1,699924480,sphere_polar_c01_base_d0p1_a0p5_m16,sphere_mess4,d128l4h2mlp512_700m_seed0_k5,0,5,128,4,random_init,embedding_and_all_layers_single_token,belief,1.0,0.21382422945912755,640,30.7,0.2099580167520589
sphere_polar_c01_base_d0p1_a0p7_m16_d128l4h2mlp512_700m_seed0_k1,H-R2-05-polar-ladder-capacity,dc80726a8c987e8c3a9171299dac00d03a074311,f2b85436798af355c897a8f263530ae1a98db720717f9ba4cd053f27c4c9cece,fixed,0.7,10,0.35,0.1,699924480,sphere_polar_c01_base_d0p1_a0p7_m16,sphere_mess4,d128l4h2mlp512_700m_seed0_k1,0,1,128,4,trained,single_layer_single_token,physics,1.0,0.913269092748091,128,153.5,0.9127131068820205
sphere_polar_c01_base_d0p1_a0p7_m16_d128l4h2mlp512_700m_seed0_k1,H-R2-05-polar-ladder-capacity,dc80726a8c987e8c3a9171299dac00d03a074311,f2b85436798af355c897a8f263530ae1a98db720717f9ba4cd053f27c4c9cece,fixed,0.7,10,0.35,0.1,699924480,sphere_polar_c01_base_d0p1_a0p7_m16,sphere_mess4,d128l4h2mlp512_700m_seed0_k1,0,1,128,4,trained,single_layer_single_token,belief,10.0,0.16859736583984777,128,153.5,0.1727883339318326
sphere_polar_c01_base_d0p1_a0p7_m16_d128l4h2mlp512_700m_seed0_k1,H-R2-05-polar-ladder-capacity,dc80726a8c987e8c3a9171299dac00d03a074311,f2b85436798af355c897a8f263530ae1a98db720717f9ba4cd053f27c4c9cece,fixed,0.7,10,0.35,0.1,699924480,sphere_polar_c01_base_d0p1_a0p7_m16,sphere_mess4,d128l4h2mlp512_700m_seed0_k1,0,1,128,4,trained,all_block_layers_single_token,physics,1.0,0.9928530797304881,512,38.375,0.9923465179944753
sphere_polar_c01_base_d0p1_a0p7_m16_d128l4h2mlp512_700m_seed0_k1,H-R2-05-polar-ladder-capacity,dc80726a8c987e8c3a9171299dac00d03a074311,f2b85436798af355c897a8f263530ae1a98db720717f9ba4cd053f27c4c9cece,fixed,0.7,10,0.35,0.1,699924480,sphere_polar_c01_base_d0p1_a0p7_m16,sphere_mess4,d128l4h2mlp512_700m_seed0_k1,0,1,128,4,trained,all_block_layers_single_token,belief,1.0,0.3475638981516748,512,38.375,0.3400415313010027
sphere_polar_c01_base_d0p1_a0p7_m16_d128l4h2mlp512_700m_seed0_k1,H-R2-05-polar-ladder-capacity,dc80726a8c987e8c3a9171299dac00d03a074311,f2b85436798af355c897a8f263530ae1a98db720717f9ba4cd053f27c4c9cece,fixed,0.7,10,0.35,0.1,699924480,sphere_polar_c01_base_d0p1_a0p7_m16,sphere_mess4,d128l4h2mlp512_700m_seed0_k1,0,1,128,4,trained,embedding_and_all_layers_single_token,physics,1.0,0.9946124283362145,640,30.7,0.9942508225904491
sphere_polar_c01_base_d0p1_a0p7_m16_d128l4h2mlp512_700m_seed0_k1,H-R2-05-polar-ladder-capacity,dc80726a8c987e8c3a9171299dac00d03a074311,f2b85436798af355c897a8f263530ae1a98db720717f9ba4cd053f27c4c9cece,fixed,0.7,10,0.35,0.1,699924480,sphere_polar_c01_base_d0p1_a0p7_m16,sphere_mess4,d128l4h2mlp512_700m_seed0_k1,0,1,128,4,trained,embedding_and_all_layers_single_token,belief,1.0,0.35445566456441596,640,30.7,0.34824965572328614
sphere_polar_c01_base_d0p1_a0p7_m16_d128l4h2mlp512_700m_seed0_k1,H-R2-05-polar-ladder-capacity,dc80726a8c987e8c3a9171299dac00d03a074311,f2b85436798af355c897a8f263530ae1a98db720717f9ba4cd053f27c4c9cece,fixed,0.7,10,0.35,0.1,699924480,sphere_polar_c01_base_d0p1_a0p7_m16,sphere_mess4,d128l4h2mlp512_700m_seed0_k1,0,1,128,4,random_init,single_layer_single_token,physics,10.0,0.7509986154031497,128,153.5,0.7501982389768971
sphere_polar_c01_base_d0p1_a0p7_m16_d128l4h2mlp512_700m_seed0_k1,H-R2-05-polar-ladder-capacity,dc80726a8c987e8c3a9171299dac00d03a074311,f2b85436798af355c897a8f263530ae1a98db720717f9ba4cd053f27c4c9cece,fixed,0.7,10,0.35,0.1,699924480,sphere_polar_c01_base_d0p1_a0p7_m16,sphere_mess4,d128l4h2mlp512_700m_seed0_k1,0,1,128,4,random_init,single_layer_single_token,belief,10.0,0.11187975992365798,128,153.5,0.11116776734763081
sphere_polar_c01_base_d0p1_a0p7_m16_d128l4h2mlp512_700m_seed0_k1,H-R2-05-polar-ladder-capacity,dc80726a8c987e8c3a9171299dac00d03a074311,f2b85436798af355c897a8f263530ae1a98db720717f9ba4cd053f27c4c9cece,fixed,0.7,10,0.35,0.1,699924480,sphere_polar_c01_base_d0p1_a0p7_m16,sphere_mess4,d128l4h2mlp512_700m_seed0_k1,0,1,128,4,random_init,all_block_layers_single_token,physics,1.0,0.8049891952842649,512,38.375,0.8069775543779472
sphere_polar_c01_base_d0p1_a0p7_m16_d128l4h2mlp512_700m_seed0_k1,H-R2-05-polar-ladder-capacity,dc80726a8c987e8c3a9171299dac00d03a074311,f2b85436798af355c897a8f263530ae1a98db720717f9ba4cd053f27c4c9cece,fixed,0.7,10,0.35,0.1,699924480,sphere_polar_c01_base_d0p1_a0p7_m16,sphere_mess4,d128l4h2mlp512_700m_seed0_k1,0,1,128,4,random_init,all_block_layers_single_token,belief,1.0,0.21506402056995375,512,38.375,0.22269157263695236
sphere_polar_c01_base_d0p1_a0p7_m16_d128l4h2mlp512_700m_seed0_k1,H-R2-05-polar-ladder-capacity,dc80726a8c987e8c3a9171299dac00d03a074311,f2b85436798af355c897a8f263530ae1a98db720717f9ba4cd053f27c4c9cece,fixed,0.7,10,0.35,0.1,699924480,sphere_polar_c01_base_d0p1_a0p7_m16,sphere_mess4,d128l4h2mlp512_700m_seed0_k1,0,1,128,4,random_init,embedding_and_all_layers_single_token,physics,1.0,0.8124020450086696,640,30.7,0.8143895440456936
sphere_polar_c01_base_d0p1_a0p7_m16_d128l4h2mlp512_700m_seed0_k1,H-R2-05-polar-ladder-capacity,dc80726a8c987e8c3a9171299dac00d03a074311,f2b85436798af355c897a8f263530ae1a98db720717f9ba4cd053f27c4c9cece,fixed,0.7,10,0.35,0.1,699924480,sphere_polar_c01_base_d0p1_a0p7_m16,sphere_mess4,d128l4h2mlp512_700m_seed0_k1,0,1,128,4,random_init,embedding_and_all_layers_single_token,belief,1.0,0.23395313711097668,640,30.7,0.2408159100056668
sphere_polar_c01_base_d0p1_a0p7_m16_d128l4h2mlp512_700m_seed0_k11,H-R2-05-polar-ladder-capacity,dc80726a8c987e8c3a9171299dac00d03a074311,bcc5c6c66f2e1c8405f987f097dfd4c8d8daee33fdfb6ccc8a28704b2d0c1ce0,n_plus_one,0.7,10,0.35,0.1,699924480,sphere_polar_c01_base_d0p1_a0p7_m16,sphere_mess4,d128l4h2mlp512_700m_seed0_k11,0,11,128,4,trained,single_layer_single_token,physics,1.0,0.9033720562830291,128,153.5,0.9024436350419969
sphere_polar_c01_base_d0p1_a0p7_m16_d128l4h2mlp512_700m_seed0_k11,H-R2-05-polar-ladder-capacity,dc80726a8c987e8c3a9171299dac00d03a074311,bcc5c6c66f2e1c8405f987f097dfd4c8d8daee33fdfb6ccc8a28704b2d0c1ce0,n_plus_one,0.7,10,0.35,0.1,699924480,sphere_polar_c01_base_d0p1_a0p7_m16,sphere_mess4,d128l4h2mlp512_700m_seed0_k11,0,11,128,4,trained,single_layer_single_token,belief,10.0,0.2336526980349407,128,153.5,0.23558454071454488
sphere_polar_c01_base_d0p1_a0p7_m16_d128l4h2mlp512_700m_seed0_k11,H-R2-05-polar-ladder-capacity,dc80726a8c987e8c3a9171299dac00d03a074311,bcc5c6c66f2e1c8405f987f097dfd4c8d8daee33fdfb6ccc8a28704b2d0c1ce0,n_plus_one,0.7,10,0.35,0.1,699924480,sphere_polar_c01_base_d0p1_a0p7_m16,sphere_mess4,d128l4h2mlp512_700m_seed0_k11,0,11,128,4,trained,all_block_layers_single_token,physics,1.0,0.9810483270756534,512,38.375,0.9792594932877741
sphere_polar_c01_base_d0p1_a0p7_m16_d128l4h2mlp512_700m_seed0_k11,H-R2-05-polar-ladder-capacity,dc80726a8c987e8c3a9171299dac00d03a074311,bcc5c6c66f2e1c8405f987f097dfd4c8d8daee33fdfb6ccc8a28704b2d0c1ce0,n_plus_one,0.7,10,0.35,0.1,699924480,sphere_polar_c01_base_d0p1_a0p7_m16,sphere_mess4,d128l4h2mlp512_700m_seed0_k11,0,11,128,4,trained,all_block_layers_single_token,belief,10.0,0.39301604712183147,512,38.375,0.38862024259997585
sphere_polar_c01_base_d0p1_a0p7_m16_d128l4h2mlp512_700m_seed0_k11,H-R2-05-polar-ladder-capacity,dc80726a8c987e8c3a9171299dac00d03a074311,bcc5c6c66f2e1c8405f987f097dfd4c8d8daee33fdfb6ccc8a28704b2d0c1ce0,n_plus_one,0.7,10,0.35,0.1,699924480,sphere_polar_c01_base_d0p1_a0p7_m16,sphere_mess4,d128l4h2mlp512_700m_seed0_k11,0,11,128,4,trained,embedding_and_all_layers_single_token,physics,1.0,0.9835846548311893,640,30.7,0.982097081468601
sphere_polar_c01_base_d0p1_a0p7_m16_d128l4h2mlp512_700m_seed0_k11,H-R2-05-polar-ladder-capacity,dc80726a8c987e8c3a9171299dac00d03a074311,bcc5c6c66f2e1c8405f987f097dfd4c8d8daee33fdfb6ccc8a28704b2d0c1ce0,n_plus_one,0.7,10,0.35,0.1,699924480,sphere_polar_c01_base_d0p1_a0p7_m16,sphere_mess4,d128l4h2mlp512_700m_seed0_k11,0,11,128,4,trained,embedding_and_all_layers_single_token,belief,10.0,0.3973785171301745,640,30.7,0.39561374526886584
sphere_polar_c01_base_d0p1_a0p7_m16_d128l4h2mlp512_700m_seed0_k11,H-R2-05-polar-ladder-capacity,dc80726a8c987e8c3a9171299dac00d03a074311,bcc5c6c66f2e1c8405f987f097dfd4c8d8daee33fdfb6ccc8a28704b2d0c1ce0,n_plus_one,0.7,10,0.35,0.1,699924480,sphere_polar_c01_base_d0p1_a0p7_m16,sphere_mess4,d128l4h2mlp512_700m_seed0_k11,0,11,128,4,random_init,single_layer_single_token,physics,10.0,0.7509986154031497,128,153.5,0.7501982389768971
sphere_polar_c01_base_d0p1_a0p7_m16_d128l4h2mlp512_700m_seed0_k11,H-R2-05-polar-ladder-capacity,dc80726a8c987e8c3a9171299dac00d03a074311,bcc5c6c66f2e1c8405f987f097dfd4c8d8daee33fdfb6ccc8a28704b2d0c1ce0,n_plus_one,0.7,10,0.35,0.1,699924480,sphere_polar_c01_base_d0p1_a0p7_m16,sphere_mess4,d128l4h2mlp512_700m_seed0_k11,0,11,128,4,random_init,single_layer_single_token,belief,10.0,0.11187975992365798,128,153.5,0.11116776734763081
sphere_polar_c01_base_d0p1_a0p7_m16_d128l4h2mlp512_700m_seed0_k11,H-R2-05-polar-ladder-capacity,dc80726a8c987e8c3a9171299dac00d03a074311,bcc5c6c66f2e1c8405f987f097dfd4c8d8daee33fdfb6ccc8a28704b2d0c1ce0,n_plus_one,0.7,10,0.35,0.1,699924480,sphere_polar_c01_base_d0p1_a0p7_m16,sphere_mess4,d128l4h2mlp512_700m_seed0_k11,0,11,128,4,random_init,all_block_layers_single_token,physics,1.0,0.8049891952842649,512,38.375,0.8069775543779472
sphere_polar_c01_base_d0p1_a0p7_m16_d128l4h2mlp512_700m_seed0_k11,H-R2-05-polar-ladder-capacity,dc80726a8c987e8c3a9171299dac00d03a074311,bcc5c6c66f2e1c8405f987f097dfd4c8d8daee33fdfb6ccc8a28704b2d0c1ce0,n_plus_one,0.7,10,0.35,0.1,699924480,sphere_polar_c01_base_d0p1_a0p7_m16,sphere_mess4,d128l4h2mlp512_700m_seed0_k11,0,11,128,4,random_init,all_block_layers_single_token,belief,1.0,0.21506402056995375,512,38.375,0.22269157263695236
sphere_polar_c01_base_d0p1_a0p7_m16_d128l4h2mlp512_700m_seed0_k11,H-R2-05-polar-ladder-capacity,dc80726a8c987e8c3a9171299dac00d03a074311,bcc5c6c66f2e1c8405f987f097dfd4c8d8daee33fdfb6ccc8a28704b2d0c1ce0,n_plus_one,0.7,10,0.35,0.1,699924480,sphere_polar_c01_base_d0p1_a0p7_m16,sphere_mess4,d128l4h2mlp512_700m_seed0_k11,0,11,128,4,random_init,embedding_and_all_layers_single_token,physics,1.0,0.8124020450086696,640,30.7,0.8143895440456936
sphere_polar_c01_base_d0p1_a0p7_m16_d128l4h2mlp512_700m_seed0_k11,H-R2-05-polar-ladder-capacity,dc80726a8c987e8c3a9171299dac00d03a074311,bcc5c6c66f2e1c8405f987f097dfd4c8d8daee33fdfb6ccc8a28704b2d0c1ce0,n_plus_one,0.7,10,0.35,0.1,699924480,sphere_polar_c01_base_d0p1_a0p7_m16,sphere_mess4,d128l4h2mlp512_700m_seed0_k11,0,11,128,4,random_init,embedding_and_all_layers_single_token,belief,1.0,0.23395313711097668,640,30.7,0.2408159100056668
sphere_polar_c01_base_d0p1_a0p7_m16_d128l4h2mlp512_700m_seed0_k5,H-R2-05-polar-ladder-capacity,dc80726a8c987e8c3a9171299dac00d03a074311,b6431197793b24d356a52f6cf5b3bd0a1eb8ca65ea102c6db6ee36a21cdc6576,half,0.7,10,0.35,0.1,699924480,sphere_polar_c01_base_d0p1_a0p7_m16,sphere_mess4,d128l4h2mlp512_700m_seed0_k5,0,5,128,4,trained,single_layer_single_token,physics,10.0,0.8894237990573772,128,153.5,0.8852735182845426
sphere_polar_c01_base_d0p1_a0p7_m16_d128l4h2mlp512_700m_seed0_k5,H-R2-05-polar-ladder-capacity,dc80726a8c987e8c3a9171299dac00d03a074311,b6431197793b24d356a52f6cf5b3bd0a1eb8ca65ea102c6db6ee36a21cdc6576,half,0.7,10,0.35,0.1,699924480,sphere_polar_c01_base_d0p1_a0p7_m16,sphere_mess4,d128l4h2mlp512_700m_seed0_k5,0,5,128,4,trained,single_layer_single_token,belief,10.0,0.24159419605743593,128,153.5,0.24861240396729672
sphere_polar_c01_base_d0p1_a0p7_m16_d128l4h2mlp512_700m_seed0_k5,H-R2-05-polar-ladder-capacity,dc80726a8c987e8c3a9171299dac00d03a074311,b6431197793b24d356a52f6cf5b3bd0a1eb8ca65ea102c6db6ee36a21cdc6576,half,0.7,10,0.35,0.1,699924480,sphere_polar_c01_base_d0p1_a0p7_m16,sphere_mess4,d128l4h2mlp512_700m_seed0_k5,0,5,128,4,trained,all_block_layers_single_token,physics,1.0,0.9925853778752765,512,38.375,0.9919733761944867
sphere_polar_c01_base_d0p1_a0p7_m16_d128l4h2mlp512_700m_seed0_k5,H-R2-05-polar-ladder-capacity,dc80726a8c987e8c3a9171299dac00d03a074311,b6431197793b24d356a52f6cf5b3bd0a1eb8ca65ea102c6db6ee36a21cdc6576,half,0.7,10,0.35,0.1,699924480,sphere_polar_c01_base_d0p1_a0p7_m16,sphere_mess4,d128l4h2mlp512_700m_seed0_k5,0,5,128,4,trained,all_block_layers_single_token,belief,1.0,0.3961562946557091,512,38.375,0.3983961230921218
sphere_polar_c01_base_d0p1_a0p7_m16_d128l4h2mlp512_700m_seed0_k5,H-R2-05-polar-ladder-capacity,dc80726a8c987e8c3a9171299dac00d03a074311,b6431197793b24d356a52f6cf5b3bd0a1eb8ca65ea102c6db6ee36a21cdc6576,half,0.7,10,0.35,0.1,699924480,sphere_polar_c01_base_d0p1_a0p7_m16,sphere_mess4,d128l4h2mlp512_700m_seed0_k5,0,5,128,4,trained,embedding_and_all_layers_single_token,physics,1.0,0.9938086924301442,640,30.7,0.9930869143629824
sphere_polar_c01_base_d0p1_a0p7_m16_d128l4h2mlp512_700m_seed0_k5,H-R2-05-polar-ladder-capacity,dc80726a8c987e8c3a9171299dac00d03a074311,b6431197793b24d356a52f6cf5b3bd0a1eb8ca65ea102c6db6ee36a21cdc6576,half,0.7,10,0.35,0.1,699924480,sphere_polar_c01_base_d0p1_a0p7_m16,sphere_mess4,d128l4h2mlp512_700m_seed0_k5,0,5,128,4,trained,embedding_and_all_layers_single_token,belief,1.0,0.40327847510712556,640,30.7,0.40091398645035325
sphere_polar_c01_base_d0p1_a0p7_m16_d128l4h2mlp512_700m_seed0_k5,H-R2-05-polar-ladder-capacity,dc80726a8c987e8c3a9171299dac00d03a074311,b6431197793b24d356a52f6cf5b3bd0a1eb8ca65ea102c6db6ee36a21cdc6576,half,0.7,10,0.35,0.1,699924480,sphere_polar_c01_base_d0p1_a0p7_m16,sphere_mess4,d128l4h2mlp512_700m_seed0_k5,0,5,128,4,random_init,single_layer_single_token,physics,10.0,0.7509986154031497,128,153.5,0.7501982389768971
sphere_polar_c01_base_d0p1_a0p7_m16_d128l4h2mlp512_700m_seed0_k5,H-R2-05-polar-ladder-capacity,dc80726a8c987e8c3a9171299dac00d03a074311,b6431197793b24d356a52f6cf5b3bd0a1eb8ca65ea102c6db6ee36a21cdc6576,half,0.7,10,0.35,0.1,699924480,sphere_polar_c01_base_d0p1_a0p7_m16,sphere_mess4,d128l4h2mlp512_700m_seed0_k5,0,5,128,4,random_init,single_layer_single_token,belief,10.0,0.11187975992365798,128,153.5,0.11116776734763081
sphere_polar_c01_base_d0p1_a0p7_m16_d128l4h2mlp512_700m_seed0_k5,H-R2-05-polar-ladder-capacity,dc80726a8c987e8c3a9171299dac00d03a074311,b6431197793b24d356a52f6cf5b3bd0a1eb8ca65ea102c6db6ee36a21cdc6576,half,0.7,10,0.35,0.1,699924480,sphere_polar_c01_base_d0p1_a0p7_m16,sphere_mess4,d128l4h2mlp512_700m_seed0_k5,0,5,128,4,random_init,all_block_layers_single_token,physics,1.0,0.8049891952842649,512,38.375,0.8069775543779472
sphere_polar_c01_base_d0p1_a0p7_m16_d128l4h2mlp512_700m_seed0_k5,H-R2-05-polar-ladder-capacity,dc80726a8c987e8c3a9171299dac00d03a074311,b6431197793b24d356a52f6cf5b3bd0a1eb8ca65ea102c6db6ee36a21cdc6576,half,0.7,10,0.35,0.1,699924480,sphere_polar_c01_base_d0p1_a0p7_m16,sphere_mess4,d128l4h2mlp512_700m_seed0_k5,0,5,128,4,random_init,all_block_layers_single_token,belief,1.0,0.21506402056995375,512,38.375,0.22269157263695236
sphere_polar_c01_base_d0p1_a0p7_m16_d128l4h2mlp512_700m_seed0_k5,H-R2-05-polar-ladder-capacity,dc80726a8c987e8c3a9171299dac00d03a074311,b6431197793b24d356a52f6cf5b3bd0a1eb8ca65ea102c6db6ee36a21cdc6576,half,0.7,10,0.35,0.1,699924480,sphere_polar_c01_base_d0p1_a0p7_m16,sphere_mess4,d128l4h2mlp512_700m_seed0_k5,0,5,128,4,random_init,embedding_and_all_layers_single_token,physics,1.0,0.8124020450086696,640,30.7,0.8143895440456936
sphere_polar_c01_base_d0p1_a0p7_m16_d128l4h2mlp512_700m_seed0_k5,H-R2-05-polar-ladder-capacity,dc80726a8c987e8c3a9171299dac00d03a074311,b6431197793b24d356a52f6cf5b3bd0a1eb8ca65ea102c6db6ee36a21cdc6576,half,0.7,10,0.35,0.1,699924480,sphere_polar_c01_base_d0p1_a0p7_m16,sphere_mess4,d128l4h2mlp512_700m_seed0_k5,0,5,128,4,random_init,embedding_and_all_layers_single_token,belief,1.0,0.23395313711097668,640,30.7,0.2408159100056668
sphere_polar_c01_base_d0p1_a0p85_m16_d128l4h2mlp512_700m_seed0_k1,H-R2-05-polar-ladder-capacity,dc80726a8c987e8c3a9171299dac00d03a074311,4a9723e40149f3f94dce9ca49c8f9d4b994e79a35589bd95cf62e6cd48ab9d97,fixed,0.85,10,0.35,0.1,699924480,sphere_polar_c01_base_d0p1_a0p85_m16,sphere_mess4,d128l4h2mlp512_700m_seed0_k1,0,1,128,4,trained,single_layer_single_token,physics,1.0,0.9095732457548472,128,153.625,0.9065474442130905
sphere_polar_c01_base_d0p1_a0p85_m16_d128l4h2mlp512_700m_seed0_k1,H-R2-05-polar-ladder-capacity,dc80726a8c987e8c3a9171299dac00d03a074311,4a9723e40149f3f94dce9ca49c8f9d4b994e79a35589bd95cf62e6cd48ab9d97,fixed,0.85,10,0.35,0.1,699924480,sphere_polar_c01_base_d0p1_a0p85_m16,sphere_mess4,d128l4h2mlp512_700m_seed0_k1,0,1,128,4,trained,single_layer_single_token,belief,10.0,0.24760839051515238,128,153.625,0.24204922340296448
sphere_polar_c01_base_d0p1_a0p85_m16_d128l4h2mlp512_700m_seed0_k1,H-R2-05-polar-ladder-capacity,dc80726a8c987e8c3a9171299dac00d03a074311,4a9723e40149f3f94dce9ca49c8f9d4b994e79a35589bd95cf62e6cd48ab9d97,fixed,0.85,10,0.35,0.1,699924480,sphere_polar_c01_base_d0p1_a0p85_m16,sphere_mess4,d128l4h2mlp512_700m_seed0_k1,0,1,128,4,trained,all_block_layers_single_token,physics,1.0,0.9911162031248046,512,38.40625,0.9900540147695497
sphere_polar_c01_base_d0p1_a0p85_m16_d128l4h2mlp512_700m_seed0_k1,H-R2-05-polar-ladder-capacity,dc80726a8c987e8c3a9171299dac00d03a074311,4a9723e40149f3f94dce9ca49c8f9d4b994e79a35589bd95cf62e6cd48ab9d97,fixed,0.85,10,0.35,0.1,699924480,sphere_polar_c01_base_d0p1_a0p85_m16,sphere_mess4,d128l4h2mlp512_700m_seed0_k1,0,1,128,4,trained,all_block_layers_single_token,belief,10.0,0.3974833404328244,512,38.40625,0.40314301405369624
sphere_polar_c01_base_d0p1_a0p85_m16_d128l4h2mlp512_700m_seed0_k1,H-R2-05-polar-ladder-capacity,dc80726a8c987e8c3a9171299dac00d03a074311,4a9723e40149f3f94dce9ca49c8f9d4b994e79a35589bd95cf62e6cd48ab9d97,fixed,0.85,10,0.35,0.1,699924480,sphere_polar_c01_base_d0p1_a0p85_m16,sphere_mess4,d128l4h2mlp512_700m_seed0_k1,0,1,128,4,trained,embedding_and_all_layers_single_token,physics,1.0,0.9931268216953912,640,30.725,0.9921164400113129
sphere_polar_c01_base_d0p1_a0p85_m16_d128l4h2mlp512_700m_seed0_k1,H-R2-05-polar-ladder-capacity,dc80726a8c987e8c3a9171299dac00d03a074311,4a9723e40149f3f94dce9ca49c8f9d4b994e79a35589bd95cf62e6cd48ab9d97,fixed,0.85,10,0.35,0.1,699924480,sphere_polar_c01_base_d0p1_a0p85_m16,sphere_mess4,d128l4h2mlp512_700m_seed0_k1,0,1,128,4,trained,embedding_and_all_layers_single_token,belief,10.0,0.4058116925866439,640,30.725,0.40911241707146245
sphere_polar_c01_base_d0p1_a0p85_m16_d128l4h2mlp512_700m_seed0_k1,H-R2-05-polar-ladder-capacity,dc80726a8c987e8c3a9171299dac00d03a074311,4a9723e40149f3f94dce9ca49c8f9d4b994e79a35589bd95cf62e6cd48ab9d97,fixed,0.85,10,0.35,0.1,699924480,sphere_polar_c01_base_d0p1_a0p85_m16,sphere_mess4,d128l4h2mlp512_700m_seed0_k1,0,1,128,4,random_init,single_layer_single_token,physics,1.0,0.7667841469543387,128,153.625,0.7607931901601624
sphere_polar_c01_base_d0p1_a0p85_m16_d128l4h2mlp512_700m_seed0_k1,H-R2-05-polar-ladder-capacity,dc80726a8c987e8c3a9171299dac00d03a074311,4a9723e40149f3f94dce9ca49c8f9d4b994e79a35589bd95cf62e6cd48ab9d97,fixed,0.85,10,0.35,0.1,699924480,sphere_polar_c01_base_d0p1_a0p85_m16,sphere_mess4,d128l4h2mlp512_700m_seed0_k1,0,1,128,4,random_init,single_layer_single_token,belief,10.0,0.13278079209316684,128,153.625,0.12649734286235143
sphere_polar_c01_base_d0p1_a0p85_m16_d128l4h2mlp512_700m_seed0_k1,H-R2-05-polar-ladder-capacity,dc80726a8c987e8c3a9171299dac00d03a074311,4a9723e40149f3f94dce9ca49c8f9d4b994e79a35589bd95cf62e6cd48ab9d97,fixed,0.85,10,0.35,0.1,699924480,sphere_polar_c01_base_d0p1_a0p85_m16,sphere_mess4,d128l4h2mlp512_700m_seed0_k1,0,1,128,4,random_init,all_block_layers_single_token,physics,1.0,0.8214818536532009,512,38.40625,0.8160377746524496
sphere_polar_c01_base_d0p1_a0p85_m16_d128l4h2mlp512_700m_seed0_k1,H-R2-05-polar-ladder-capacity,dc80726a8c987e8c3a9171299dac00d03a074311,4a9723e40149f3f94dce9ca49c8f9d4b994e79a35589bd95cf62e6cd48ab9d97,fixed,0.85,10,0.35,0.1,699924480,sphere_polar_c01_base_d0p1_a0p85_m16,sphere_mess4,d128l4h2mlp512_700m_seed0_k1,0,1,128,4,random_init,all_block_layers_single_token,belief,1.0,0.2517930028414145,512,38.40625,0.2464307817011685
sphere_polar_c01_base_d0p1_a0p85_m16_d128l4h2mlp512_700m_seed0_k1,H-R2-05-polar-ladder-capacity,dc80726a8c987e8c3a9171299dac00d03a074311,4a9723e40149f3f94dce9ca49c8f9d4b994e79a35589bd95cf62e6cd48ab9d97,fixed,0.85,10,0.35,0.1,699924480,sphere_polar_c01_base_d0p1_a0p85_m16,sphere_mess4,d128l4h2mlp512_700m_seed0_k1,0,1,128,4,random_init,embedding_and_all_layers_single_token,physics,1.0,0.8307795993017635,640,30.725,0.8251246136240252
sphere_polar_c01_base_d0p1_a0p85_m16_d128l4h2mlp512_700m_seed0_k1,H-R2-05-polar-ladder-capacity,dc80726a8c987e8c3a9171299dac00d03a074311,4a9723e40149f3f94dce9ca49c8f9d4b994e79a35589bd95cf62e6cd48ab9d97,fixed,0.85,10,0.35,0.1,699924480,sphere_polar_c01_base_d0p1_a0p85_m16,sphere_mess4,d128l4h2mlp512_700m_seed0_k1,0,1,128,4,random_init,embedding_and_all_layers_single_token,belief,1.0,0.2676749265480741,640,30.725,0.2626144716066646
sphere_polar_c01_base_d0p1_a0p85_m16_d128l4h2mlp512_700m_seed0_k11,H-R2-05-polar-ladder-capacity,dc80726a8c987e8c3a9171299dac00d03a074311,510eeefb3d7c7c233043b67baa2fd9fe44c1c4df1753338dab64f893518d0e24,n_plus_one,0.85,10,0.35,0.1,699924480,sphere_polar_c01_base_d0p1_a0p85_m16,sphere_mess4,d128l4h2mlp512_700m_seed0_k11,0,11,128,4,trained,single_layer_single_token,physics,10.0,0.9013434577568404,128,153.625,0.9053313251149129
sphere_polar_c01_base_d0p1_a0p85_m16_d128l4h2mlp512_700m_seed0_k11,H-R2-05-polar-ladder-capacity,dc80726a8c987e8c3a9171299dac00d03a074311,510eeefb3d7c7c233043b67baa2fd9fe44c1c4df1753338dab64f893518d0e24,n_plus_one,0.85,10,0.35,0.1,699924480,sphere_polar_c01_base_d0p1_a0p85_m16,sphere_mess4,d128l4h2mlp512_700m_seed0_k11,0,11,128,4,trained,single_layer_single_token,belief,10.0,0.2977707495679447,128,153.625,0.29793490677568335
sphere_polar_c01_base_d0p1_a0p85_m16_d128l4h2mlp512_700m_seed0_k11,H-R2-05-polar-ladder-capacity,dc80726a8c987e8c3a9171299dac00d03a074311,510eeefb3d7c7c233043b67baa2fd9fe44c1c4df1753338dab64f893518d0e24,n_plus_one,0.85,10,0.35,0.1,699924480,sphere_polar_c01_base_d0p1_a0p85_m16,sphere_mess4,d128l4h2mlp512_700m_seed0_k11,0,11,128,4,trained,all_block_layers_single_token,physics,1.0,0.9802685313216175,512,38.40625,0.9796387402382827
sphere_polar_c01_base_d0p1_a0p85_m16_d128l4h2mlp512_700m_seed0_k11,H-R2-05-polar-ladder-capacity,dc80726a8c987e8c3a9171299dac00d03a074311,510eeefb3d7c7c233043b67baa2fd9fe44c1c4df1753338dab64f893518d0e24,n_plus_one,0.85,10,0.35,0.1,699924480,sphere_polar_c01_base_d0p1_a0p85_m16,sphere_mess4,d128l4h2mlp512_700m_seed0_k11,0,11,128,4,trained,all_block_layers_single_token,belief,10.0,0.472816307090384,512,38.40625,0.4795384007007941
sphere_polar_c01_base_d0p1_a0p85_m16_d128l4h2mlp512_700m_seed0_k11,H-R2-05-polar-ladder-capacity,dc80726a8c987e8c3a9171299dac00d03a074311,510eeefb3d7c7c233043b67baa2fd9fe44c1c4df1753338dab64f893518d0e24,n_plus_one,0.85,10,0.35,0.1,699924480,sphere_polar_c01_base_d0p1_a0p85_m16,sphere_mess4,d128l4h2mlp512_700m_seed0_k11,0,11,128,4,trained,embedding_and_all_layers_single_token,physics,1.0,0.9824555478418187,640,30.725,0.982040488934395
sphere_polar_c01_base_d0p1_a0p85_m16_d128l4h2mlp512_700m_seed0_k11,H-R2-05-polar-ladder-capacity,dc80726a8c987e8c3a9171299dac00d03a074311,510eeefb3d7c7c233043b67baa2fd9fe44c1c4df1753338dab64f893518d0e24,n_plus_one,0.85,10,0.35,0.1,699924480,sphere_polar_c01_base_d0p1_a0p85_m16,sphere_mess4,d128l4h2mlp512_700m_seed0_k11,0,11,128,4,trained,embedding_and_all_layers_single_token,belief,10.0,0.4806496928085757,640,30.725,0.48769777398897773
sphere_polar_c01_base_d0p1_a0p85_m16_d128l4h2mlp512_700m_seed0_k11,H-R2-05-polar-ladder-capacity,dc80726a8c987e8c3a9171299dac00d03a074311,510eeefb3d7c7c233043b67baa2fd9fe44c1c4df1753338dab64f893518d0e24,n_plus_one,0.85,10,0.35,0.1,699924480,sphere_polar_c01_base_d0p1_a0p85_m16,sphere_mess4,d128l4h2mlp512_700m_seed0_k11,0,11,128,4,random_init,single_layer_single_token,physics,1.0,0.7667841469543387,128,153.625,0.7607931901601624
sphere_polar_c01_base_d0p1_a0p85_m16_d128l4h2mlp512_700m_seed0_k11,H-R2-05-polar-ladder-capacity,dc80726a8c987e8c3a9171299dac00d03a074311,510eeefb3d7c7c233043b67baa2fd9fe44c1c4df1753338dab64f893518d0e24,n_plus_one,0.85,10,0.35,0.1,699924480,sphere_polar_c01_base_d0p1_a0p85_m16,sphere_mess4,d128l4h2mlp512_700m_seed0_k11,0,11,128,4,random_init,single_layer_single_token,belief,10.0,0.13278079209316684,128,153.625,0.12649734286235143
sphere_polar_c01_base_d0p1_a0p85_m16_d128l4h2mlp512_700m_seed0_k11,H-R2-05-polar-ladder-capacity,dc80726a8c987e8c3a9171299dac00d03a074311,510eeefb3d7c7c233043b67baa2fd9fe44c1c4df1753338dab64f893518d0e24,n_plus_one,0.85,10,0.35,0.1,699924480,sphere_polar_c01_base_d0p1_a0p85_m16,sphere_mess4,d128l4h2mlp512_700m_seed0_k11,0,11,128,4,random_init,all_block_layers_single_token,physics,1.0,0.8214818536532009,512,38.40625,0.8160377746524496
sphere_polar_c01_base_d0p1_a0p85_m16_d128l4h2mlp512_700m_seed0_k11,H-R2-05-polar-ladder-capacity,dc80726a8c987e8c3a9171299dac00d03a074311,510eeefb3d7c7c233043b67baa2fd9fe44c1c4df1753338dab64f893518d0e24,n_plus_one,0.85,10,0.35,0.1,699924480,sphere_polar_c01_base_d0p1_a0p85_m16,sphere_mess4,d128l4h2mlp512_700m_seed0_k11,0,11,128,4,random_init,all_block_layers_single_token,belief,1.0,0.2517930028414145,512,38.40625,0.2464307817011685
sphere_polar_c01_base_d0p1_a0p85_m16_d128l4h2mlp512_700m_seed0_k11,H-R2-05-polar-ladder-capacity,dc80726a8c987e8c3a9171299dac00d03a074311,510eeefb3d7c7c233043b67baa2fd9fe44c1c4df1753338dab64f893518d0e24,n_plus_one,0.85,10,0.35,0.1,699924480,sphere_polar_c01_base_d0p1_a0p85_m16,sphere_mess4,d128l4h2mlp512_700m_seed0_k11,0,11,128,4,random_init,embedding_and_all_layers_single_token,physics,1.0,0.8307795993017635,640,30.725,0.8251246136240252
sphere_polar_c01_base_d0p1_a0p85_m16_d128l4h2mlp512_700m_seed0_k11,H-R2-05-polar-ladder-capacity,dc80726a8c987e8c3a9171299dac00d03a074311,510eeefb3d7c7c233043b67baa2fd9fe44c1c4df1753338dab64f893518d0e24,n_plus_one,0.85,10,0.35,0.1,699924480,sphere_polar_c01_base_d0p1_a0p85_m16,sphere_mess4,d128l4h2mlp512_700m_seed0_k11,0,11,128,4,random_init,embedding_and_all_layers_single_token,belief,1.0,0.2676749265480741,640,30.725,0.2626144716066646
sphere_polar_c01_base_d0p1_a0p85_m16_d128l4h2mlp512_700m_seed0_k5,H-R2-05-polar-ladder-capacity,dc80726a8c987e8c3a9171299dac00d03a074311,f8dbbecff5fe6ce356604d082c1ebac8095088a9b348a926d21362c8739372b3,half,0.85,10,0.35,0.1,699924480,sphere_polar_c01_base_d0p1_a0p85_m16,sphere_mess4,d128l4h2mlp512_700m_seed0_k5,0,5,128,4,trained,single_layer_single_token,physics,1.0,0.877688886926361,128,153.625,0.8758416930571916
sphere_polar_c01_base_d0p1_a0p85_m16_d128l4h2mlp512_700m_seed0_k5,H-R2-05-polar-ladder-capacity,dc80726a8c987e8c3a9171299dac00d03a074311,f8dbbecff5fe6ce356604d082c1ebac8095088a9b348a926d21362c8739372b3,half,0.85,10,0.35,0.1,699924480,sphere_polar_c01_base_d0p1_a0p85_m16,sphere_mess4,d128l4h2mlp512_700m_seed0_k5,0,5,128,4,trained,single_layer_single_token,belief,100.0,0.32422887344570356,128,153.625,0.32956689443466614
sphere_polar_c01_base_d0p1_a0p85_m16_d128l4h2mlp512_700m_seed0_k5,H-R2-05-polar-ladder-capacity,dc80726a8c987e8c3a9171299dac00d03a074311,f8dbbecff5fe6ce356604d082c1ebac8095088a9b348a926d21362c8739372b3,half,0.85,10,0.35,0.1,699924480,sphere_polar_c01_base_d0p1_a0p85_m16,sphere_mess4,d128l4h2mlp512_700m_seed0_k5,0,5,128,4,trained,all_block_layers_single_token,physics,1.0,0.993153890218319,512,38.40625,0.992719613023545
sphere_polar_c01_base_d0p1_a0p85_m16_d128l4h2mlp512_700m_seed0_k5,H-R2-05-polar-ladder-capacity,dc80726a8c987e8c3a9171299dac00d03a074311,f8dbbecff5fe6ce356604d082c1ebac8095088a9b348a926d21362c8739372b3,half,0.85,10,0.35,0.1,699924480,sphere_polar_c01_base_d0p1_a0p85_m16,sphere_mess4,d128l4h2mlp512_700m_seed0_k5,0,5,128,4,trained,all_block_layers_single_token,belief,1.0,0.49037108297736204,512,38.40625,0.49613349121190387
sphere_polar_c01_base_d0p1_a0p85_m16_d128l4h2mlp512_700m_seed0_k5,H-R2-05-polar-ladder-capacity,dc80726a8c987e8c3a9171299dac00d03a074311,f8dbbecff5fe6ce356604d082c1ebac8095088a9b348a926d21362c8739372b3,half,0.85,10,0.35,0.1,699924480,sphere_polar_c01_base_d0p1_a0p85_m16,sphere_mess4,d128l4h2mlp512_700m_seed0_k5,0,5,128,4,trained,embedding_and_all_layers_single_token,physics,1.0,0.9944334108408907,640,30.725,0.9939060775065225
sphere_polar_c01_base_d0p1_a0p85_m16_d128l4h2mlp512_700m_seed0_k5,H-R2-05-polar-ladder-capacity,dc80726a8c987e8c3a9171299dac00d03a074311,f8dbbecff5fe6ce356604d082c1ebac8095088a9b348a926d21362c8739372b3,half,0.85,10,0.35,0.1,699924480,sphere_polar_c01_base_d0p1_a0p85_m16,sphere_mess4,d128l4h2mlp512_700m_seed0_k5,0,5,128,4,trained,embedding_and_all_layers_single_token,belief,1.0,0.4982169990670524,640,30.725,0.5048735745696928
sphere_polar_c01_base_d0p1_a0p85_m16_d128l4h2mlp512_700m_seed0_k5,H-R2-05-polar-ladder-capacity,dc80726a8c987e8c3a9171299dac00d03a074311,f8dbbecff5fe6ce356604d082c1ebac8095088a9b348a926d21362c8739372b3,half,0.85,10,0.35,0.1,699924480,sphere_polar_c01_base_d0p1_a0p85_m16,sphere_mess4,d128l4h2mlp512_700m_seed0_k5,0,5,128,4,random_init,single_layer_single_token,physics,1.0,0.7667841469543387,128,153.625,0.7607931901601624
sphere_polar_c01_base_d0p1_a0p85_m16_d128l4h2mlp512_700m_seed0_k5,H-R2-05-polar-ladder-capacity,dc80726a8c987e8c3a9171299dac00d03a074311,f8dbbecff5fe6ce356604d082c1ebac8095088a9b348a926d21362c8739372b3,half,0.85,10,0.35,0.1,699924480,sphere_polar_c01_base_d0p1_a0p85_m16,sphere_mess4,d128l4h2mlp512_700m_seed0_k5,0,5,128,4,random_init,single_layer_single_token,belief,10.0,0.13278079209316684,128,153.625,0.12649734286235143
sphere_polar_c01_base_d0p1_a0p85_m16_d128l4h2mlp512_700m_seed0_k5,H-R2-05-polar-ladder-capacity,dc80726a8c987e8c3a9171299dac00d03a074311,f8dbbecff5fe6ce356604d082c1ebac8095088a9b348a926d21362c8739372b3,half,0.85,10,0.35,0.1,699924480,sphere_polar_c01_base_d0p1_a0p85_m16,sphere_mess4,d128l4h2mlp512_700m_seed0_k5,0,5,128,4,random_init,all_block_layers_single_token,physics,1.0,0.8214818536532009,512,38.40625,0.8160377746524496
sphere_polar_c01_base_d0p1_a0p85_m16_d128l4h2mlp512_700m_seed0_k5,H-R2-05-polar-ladder-capacity,dc80726a8c987e8c3a9171299dac00d03a074311,f8dbbecff5fe6ce356604d082c1ebac8095088a9b348a926d21362c8739372b3,half,0.85,10,0.35,0.1,699924480,sphere_polar_c01_base_d0p1_a0p85_m16,sphere_mess4,d128l4h2mlp512_700m_seed0_k5,0,5,128,4,random_init,all_block_layers_single_token,belief,1.0,0.2517930028414145,512,38.40625,0.2464307817011685
sphere_polar_c01_base_d0p1_a0p85_m16_d128l4h2mlp512_700m_seed0_k5,H-R2-05-polar-ladder-capacity,dc80726a8c987e8c3a9171299dac00d03a074311,f8dbbecff5fe6ce356604d082c1ebac8095088a9b348a926d21362c8739372b3,half,0.85,10,0.35,0.1,699924480,sphere_polar_c01_base_d0p1_a0p85_m16,sphere_mess4,d128l4h2mlp512_700m_seed0_k5,0,5,128,4,random_init,embedding_and_all_layers_single_token,physics,1.0,0.8307795993017635,640,30.725,0.8251246136240252
sphere_polar_c01_base_d0p1_a0p85_m16_d128l4h2mlp512_700m_seed0_k5,H-R2-05-polar-ladder-capacity,dc80726a8c987e8c3a9171299dac00d03a074311,f8dbbecff5fe6ce356604d082c1ebac8095088a9b348a926d21362c8739372b3,half,0.85,10,0.35,0.1,699924480,sphere_polar_c01_base_d0p1_a0p85_m16,sphere_mess4,d128l4h2mlp512_700m_seed0_k5,0,5,128,4,random_init,embedding_and_all_layers_single_token,belief,1.0,0.2676749265480741,640,30.725,0.2626144716066646
sphere_polar_c01_base_d0p1_a0p95_m16_d128l4h2mlp512_700m_seed0_k1,H-R2-05-polar-ladder-capacity,dc80726a8c987e8c3a9171299dac00d03a074311,36336c69b09ba1c2977387641d84a9fed901efb83de9335e55634794671dfa34,fixed,0.95,10,0.35,0.1,699924480,sphere_polar_c01_base_d0p1_a0p95_m16,sphere_mess4,d128l4h2mlp512_700m_seed0_k1,0,1,128,4,trained,single_layer_single_token,physics,1.0,0.8945058580334262,128,153.75,0.8994288342327942
sphere_polar_c01_base_d0p1_a0p95_m16_d128l4h2mlp512_700m_seed0_k1,H-R2-05-polar-ladder-capacity,dc80726a8c987e8c3a9171299dac00d03a074311,36336c69b09ba1c2977387641d84a9fed901efb83de9335e55634794671dfa34,fixed,0.95,10,0.35,0.1,699924480,sphere_polar_c01_base_d0p1_a0p95_m16,sphere_mess4,d128l4h2mlp512_700m_seed0_k1,0,1,128,4,trained,single_layer_single_token,belief,10.0,0.2753464704840889,128,153.75,0.2881553275335839
sphere_polar_c01_base_d0p1_a0p95_m16_d128l4h2mlp512_700m_seed0_k1,H-R2-05-polar-ladder-capacity,dc80726a8c987e8c3a9171299dac00d03a074311,36336c69b09ba1c2977387641d84a9fed901efb83de9335e55634794671dfa34,fixed,0.95,10,0.35,0.1,699924480,sphere_polar_c01_base_d0p1_a0p95_m16,sphere_mess4,d128l4h2mlp512_700m_seed0_k1,0,1,128,4,trained,all_block_layers_single_token,physics,1.0,0.9868795415806584,512,38.4375,0.9877654103533433
sphere_polar_c01_base_d0p1_a0p95_m16_d128l4h2mlp512_700m_seed0_k1,H-R2-05-polar-ladder-capacity,dc80726a8c987e8c3a9171299dac00d03a074311,36336c69b09ba1c2977387641d84a9fed901efb83de9335e55634794671dfa34,fixed,0.95,10,0.35,0.1,699924480,sphere_polar_c01_base_d0p1_a0p95_m16,sphere_mess4,d128l4h2mlp512_700m_seed0_k1,0,1,128,4,trained,all_block_layers_single_token,belief,10.0,0.4278739360315603,512,38.4375,0.4353080088973067
sphere_polar_c01_base_d0p1_a0p95_m16_d128l4h2mlp512_700m_seed0_k1,H-R2-05-polar-ladder-capacity,dc80726a8c987e8c3a9171299dac00d03a074311,36336c69b09ba1c2977387641d84a9fed901efb83de9335e55634794671dfa34,fixed,0.95,10,0.35,0.1,699924480,sphere_polar_c01_base_d0p1_a0p95_m16,sphere_mess4,d128l4h2mlp512_700m_seed0_k1,0,1,128,4,trained,embedding_and_all_layers_single_token,physics,1.0,0.9882001005243629,640,30.75,0.9898914795994986
sphere_polar_c01_base_d0p1_a0p95_m16_d128l4h2mlp512_700m_seed0_k1,H-R2-05-polar-ladder-capacity,dc80726a8c987e8c3a9171299dac00d03a074311,36336c69b09ba1c2977387641d84a9fed901efb83de9335e55634794671dfa34,fixed,0.95,10,0.35,0.1,699924480,sphere_polar_c01_base_d0p1_a0p95_m16,sphere_mess4,d128l4h2mlp512_700m_seed0_k1,0,1,128,4,trained,embedding_and_all_layers_single_token,belief,1.0,0.4378054871257896,640,30.75,0.4420690434678357
sphere_polar_c01_base_d0p1_a0p95_m16_d128l4h2mlp512_700m_seed0_k1,H-R2-05-polar-ladder-capacity,dc80726a8c987e8c3a9171299dac00d03a074311,36336c69b09ba1c2977387641d84a9fed901efb83de9335e55634794671dfa34,fixed,0.95,10,0.35,0.1,699924480,sphere_polar_c01_base_d0p1_a0p95_m16,sphere_mess4,d128l4h2mlp512_700m_seed0_k1,0,1,128,4,random_init,single_layer_single_token,physics,1.0,0.7772733381864391,128,153.75,0.7816741200096231
sphere_polar_c01_base_d0p1_a0p95_m16_d128l4h2mlp512_700m_seed0_k1,H-R2-05-polar-ladder-capacity,dc80726a8c987e8c3a9171299dac00d03a074311,36336c69b09ba1c2977387641d84a9fed901efb83de9335e55634794671dfa34,fixed,0.95,10,0.35,0.1,699924480,sphere_polar_c01_base_d0p1_a0p95_m16,sphere_mess4,d128l4h2mlp512_700m_seed0_k1,0,1,128,4,random_init,single_layer_single_token,belief,10.0,0.14330682582053855,128,153.75,0.13991510314218375
sphere_polar_c01_base_d0p1_a0p95_m16_d128l4h2mlp512_700m_seed0_k1,H-R2-05-polar-ladder-capacity,dc80726a8c987e8c3a9171299dac00d03a074311,36336c69b09ba1c2977387641d84a9fed901efb83de9335e55634794671dfa34,fixed,0.95,10,0.35,0.1,699924480,sphere_polar_c01_base_d0p1_a0p95_m16,sphere_mess4,d128l4h2mlp512_700m_seed0_k1,0,1,128,4,random_init,all_block_layers_single_token,physics,1.0,0.8347413846035047,512,38.4375,0.8396020521841483
sphere_polar_c01_base_d0p1_a0p95_m16_d128l4h2mlp512_700m_seed0_k1,H-R2-05-polar-ladder-capacity,dc80726a8c987e8c3a9171299dac00d03a074311,36336c69b09ba1c2977387641d84a9fed901efb83de9335e55634794671dfa34,fixed,0.95,10,0.35,0.1,699924480,sphere_polar_c01_base_d0p1_a0p95_m16,sphere_mess4,d128l4h2mlp512_700m_seed0_k1,0,1,128,4,random_init,all_block_layers_single_token,belief,1.0,0.2670823858266549,512,38.4375,0.2677613881255412
sphere_polar_c01_base_d0p1_a0p95_m16_d128l4h2mlp512_700m_seed0_k1,H-R2-05-polar-ladder-capacity,dc80726a8c987e8c3a9171299dac00d03a074311,36336c69b09ba1c2977387641d84a9fed901efb83de9335e55634794671dfa34,fixed,0.95,10,0.35,0.1,699924480,sphere_polar_c01_base_d0p1_a0p95_m16,sphere_mess4,d128l4h2mlp512_700m_seed0_k1,0,1,128,4,random_init,embedding_and_all_layers_single_token,physics,1.0,0.8386984268390241,640,30.75,0.8412264326621703
sphere_polar_c01_base_d0p1_a0p95_m16_d128l4h2mlp512_700m_seed0_k1,H-R2-05-polar-ladder-capacity,dc80726a8c987e8c3a9171299dac00d03a074311,36336c69b09ba1c2977387641d84a9fed901efb83de9335e55634794671dfa34,fixed,0.95,10,0.35,0.1,699924480,sphere_polar_c01_base_d0p1_a0p95_m16,sphere_mess4,d128l4h2mlp512_700m_seed0_k1,0,1,128,4,random_init,embedding_and_all_layers_single_token,belief,1.0,0.27833964565755304,640,30.75,0.2814121941729114
sphere_polar_c01_base_d0p1_a0p95_m16_d128l4h2mlp512_700m_seed0_k11,H-R2-05-polar-ladder-capacity,dc80726a8c987e8c3a9171299dac00d03a074311,590501e5e735dbdaca1edde69a0da435463d146040106b768d01d8e3600a6be1,n_plus_one,0.95,10,0.35,0.1,699924480,sphere_polar_c01_base_d0p1_a0p95_m16,sphere_mess4,d128l4h2mlp512_700m_seed0_k11,0,11,128,4,trained,single_layer_single_token,physics,1.0,0.9000777360832077,128,153.75,0.9054270156806566
sphere_polar_c01_base_d0p1_a0p95_m16_d128l4h2mlp512_700m_seed0_k11,H-R2-05-polar-ladder-capacity,dc80726a8c987e8c3a9171299dac00d03a074311,590501e5e735dbdaca1edde69a0da435463d146040106b768d01d8e3600a6be1,n_plus_one,0.95,10,0.35,0.1,699924480,sphere_polar_c01_base_d0p1_a0p95_m16,sphere_mess4,d128l4h2mlp512_700m_seed0_k11,0,11,128,4,trained,single_layer_single_token,belief,10.0,0.30762526813542157,128,153.75,0.3066578899287215
sphere_polar_c01_base_d0p1_a0p95_m16_d128l4h2mlp512_700m_seed0_k11,H-R2-05-polar-ladder-capacity,dc80726a8c987e8c3a9171299dac00d03a074311,590501e5e735dbdaca1edde69a0da435463d146040106b768d01d8e3600a6be1,n_plus_one,0.95,10,0.35,0.1,699924480,sphere_polar_c01_base_d0p1_a0p95_m16,sphere_mess4,d128l4h2mlp512_700m_seed0_k11,0,11,128,4,trained,all_block_layers_single_token,physics,1.0,0.9800844163974516,512,38.4375,0.9815396454270084
sphere_polar_c01_base_d0p1_a0p95_m16_d128l4h2mlp512_700m_seed0_k11,H-R2-05-polar-ladder-capacity,dc80726a8c987e8c3a9171299dac00d03a074311,590501e5e735dbdaca1edde69a0da435463d146040106b768d01d8e3600a6be1,n_plus_one,0.95,10,0.35,0.1,699924480,sphere_polar_c01_base_d0p1_a0p95_m16,sphere_mess4,d128l4h2mlp512_700m_seed0_k11,0,11,128,4,trained,all_block_layers_single_token,belief,10.0,0.5348743132288629,512,38.4375,0.5405162292674637
sphere_polar_c01_base_d0p1_a0p95_m16_d128l4h2mlp512_700m_seed0_k11,H-R2-05-polar-ladder-capacity,dc80726a8c987e8c3a9171299dac00d03a074311,590501e5e735dbdaca1edde69a0da435463d146040106b768d01d8e3600a6be1,n_plus_one,0.95,10,0.35,0.1,699924480,sphere_polar_c01_base_d0p1_a0p95_m16,sphere_mess4,d128l4h2mlp512_700m_seed0_k11,0,11,128,4,trained,embedding_and_all_layers_single_token,physics,1.0,0.9828503036540274,640,30.75,0.9844462363013636
sphere_polar_c01_base_d0p1_a0p95_m16_d128l4h2mlp512_700m_seed0_k11,H-R2-05-polar-ladder-capacity,dc80726a8c987e8c3a9171299dac00d03a074311,590501e5e735dbdaca1edde69a0da435463d146040106b768d01d8e3600a6be1,n_plus_one,0.95,10,0.35,0.1,699924480,sphere_polar_c01_base_d0p1_a0p95_m16,sphere_mess4,d128l4h2mlp512_700m_seed0_k11,0,11,128,4,trained,embedding_and_all_layers_single_token,belief,10.0,0.5420759504215238,640,30.75,0.5466795343470066
sphere_polar_c01_base_d0p1_a0p95_m16_d128l4h2mlp512_700m_seed0_k11,H-R2-05-polar-ladder-capacity,dc80726a8c987e8c3a9171299dac00d03a074311,590501e5e735dbdaca1edde69a0da435463d146040106b768d01d8e3600a6be1,n_plus_one,0.95,10,0.35,0.1,699924480,sphere_polar_c01_base_d0p1_a0p95_m16,sphere_mess4,d128l4h2mlp512_700m_seed0_k11,0,11,128,4,random_init,single_layer_single_token,physics,1.0,0.7772733381864391,128,153.75,0.7816741200096231
sphere_polar_c01_base_d0p1_a0p95_m16_d128l4h2mlp512_700m_seed0_k11,H-R2-05-polar-ladder-capacity,dc80726a8c987e8c3a9171299dac00d03a074311,590501e5e735dbdaca1edde69a0da435463d146040106b768d01d8e3600a6be1,n_plus_one,0.95,10,0.35,0.1,699924480,sphere_polar_c01_base_d0p1_a0p95_m16,sphere_mess4,d128l4h2mlp512_700m_seed0_k11,0,11,128,4,random_init,single_layer_single_token,belief,10.0,0.14330682582053855,128,153.75,0.13991510314218375
sphere_polar_c01_base_d0p1_a0p95_m16_d128l4h2mlp512_700m_seed0_k11,H-R2-05-polar-ladder-capacity,dc80726a8c987e8c3a9171299dac00d03a074311,590501e5e735dbdaca1edde69a0da435463d146040106b768d01d8e3600a6be1,n_plus_one,0.95,10,0.35,0.1,699924480,sphere_polar_c01_base_d0p1_a0p95_m16,sphere_mess4,d128l4h2mlp512_700m_seed0_k11,0,11,128,4,random_init,all_block_layers_single_token,physics,1.0,0.8347413846035047,512,38.4375,0.8396020521841483
sphere_polar_c01_base_d0p1_a0p95_m16_d128l4h2mlp512_700m_seed0_k11,H-R2-05-polar-ladder-capacity,dc80726a8c987e8c3a9171299dac00d03a074311,590501e5e735dbdaca1edde69a0da435463d146040106b768d01d8e3600a6be1,n_plus_one,0.95,10,0.35,0.1,699924480,sphere_polar_c01_base_d0p1_a0p95_m16,sphere_mess4,d128l4h2mlp512_700m_seed0_k11,0,11,128,4,random_init,all_block_layers_single_token,belief,1.0,0.2670823858266549,512,38.4375,0.2677613881255412
sphere_polar_c01_base_d0p1_a0p95_m16_d128l4h2mlp512_700m_seed0_k11,H-R2-05-polar-ladder-capacity,dc80726a8c987e8c3a9171299dac00d03a074311,590501e5e735dbdaca1edde69a0da435463d146040106b768d01d8e3600a6be1,n_plus_one,0.95,10,0.35,0.1,699924480,sphere_polar_c01_base_d0p1_a0p95_m16,sphere_mess4,d128l4h2mlp512_700m_seed0_k11,0,11,128,4,random_init,embedding_and_all_layers_single_token,physics,1.0,0.8386984268390241,640,30.75,0.8412264326621703
sphere_polar_c01_base_d0p1_a0p95_m16_d128l4h2mlp512_700m_seed0_k11,H-R2-05-polar-ladder-capacity,dc80726a8c987e8c3a9171299dac00d03a074311,590501e5e735dbdaca1edde69a0da435463d146040106b768d01d8e3600a6be1,n_plus_one,0.95,10,0.35,0.1,699924480,sphere_polar_c01_base_d0p1_a0p95_m16,sphere_mess4,d128l4h2mlp512_700m_seed0_k11,0,11,128,4,random_init,embedding_and_all_layers_single_token,belief,1.0,0.27833964565755304,640,30.75,0.2814121941729114
sphere_polar_c01_base_d0p1_a0p95_m16_d128l4h2mlp512_700m_seed0_k5,H-R2-05-polar-ladder-capacity,dc80726a8c987e8c3a9171299dac00d03a074311,a48e3c30b4939f99a037e8e30e311c9c675de8e39db9d2ec77e45bb688aea895,half,0.95,10,0.35,0.1,699924480,sphere_polar_c01_base_d0p1_a0p95_m16,sphere_mess4,d128l4h2mlp512_700m_seed0_k5,0,5,128,4,trained,single_layer_single_token,physics,1.0,0.8620915501141804,128,153.75,0.8594552937745665
sphere_polar_c01_base_d0p1_a0p95_m16_d128l4h2mlp512_700m_seed0_k5,H-R2-05-polar-ladder-capacity,dc80726a8c987e8c3a9171299dac00d03a074311,a48e3c30b4939f99a037e8e30e311c9c675de8e39db9d2ec77e45bb688aea895,half,0.95,10,0.35,0.1,699924480,sphere_polar_c01_base_d0p1_a0p95_m16,sphere_mess4,d128l4h2mlp512_700m_seed0_k5,0,5,128,4,trained,single_layer_single_token,belief,10.0,0.43801158014077723,128,153.75,0.43513334678576354
sphere_polar_c01_base_d0p1_a0p95_m16_d128l4h2mlp512_700m_seed0_k5,H-R2-05-polar-ladder-capacity,dc80726a8c987e8c3a9171299dac00d03a074311,a48e3c30b4939f99a037e8e30e311c9c675de8e39db9d2ec77e45bb688aea895,half,0.95,10,0.35,0.1,699924480,sphere_polar_c01_base_d0p1_a0p95_m16,sphere_mess4,d128l4h2mlp512_700m_seed0_k5,0,5,128,4,trained,all_block_layers_single_token,physics,1.0,0.992355390014845,512,38.4375,0.9928885566742449
sphere_polar_c01_base_d0p1_a0p95_m16_d128l4h2mlp512_700m_seed0_k5,H-R2-05-polar-ladder-capacity,dc80726a8c987e8c3a9171299dac00d03a074311,a48e3c30b4939f99a037e8e30e311c9c675de8e39db9d2ec77e45bb688aea895,half,0.95,10,0.35,0.1,699924480,sphere_polar_c01_base_d0p1_a0p95_m16,sphere_mess4,d128l4h2mlp512_700m_seed0_k5,0,5,128,4,trained,all_block_layers_single_token,belief,10.0,0.6376664206603166,512,38.4375,0.6304163820859946
sphere_polar_c01_base_d0p1_a0p95_m16_d128l4h2mlp512_700m_seed0_k5,H-R2-05-polar-ladder-capacity,dc80726a8c987e8c3a9171299dac00d03a074311,a48e3c30b4939f99a037e8e30e311c9c675de8e39db9d2ec77e45bb688aea895,half,0.95,10,0.35,0.1,699924480,sphere_polar_c01_base_d0p1_a0p95_m16,sphere_mess4,d128l4h2mlp512_700m_seed0_k5,0,5,128,4,trained,embedding_and_all_layers_single_token,physics,1.0,0.9934692420162692,640,30.75,0.9940459104347243
sphere_polar_c01_base_d0p1_a0p95_m16_d128l4h2mlp512_700m_seed0_k5,H-R2-05-polar-ladder-capacity,dc80726a8c987e8c3a9171299dac00d03a074311,a48e3c30b4939f99a037e8e30e311c9c675de8e39db9d2ec77e45bb688aea895,half,0.95,10,0.35,0.1,699924480,sphere_polar_c01_base_d0p1_a0p95_m16,sphere_mess4,d128l4h2mlp512_700m_seed0_k5,0,5,128,4,trained,embedding_and_all_layers_single_token,belief,1.0,0.6459351171282421,640,30.75,0.6427148443166376
sphere_polar_c01_base_d0p1_a0p95_m16_d128l4h2mlp512_700m_seed0_k5,H-R2-05-polar-ladder-capacity,dc80726a8c987e8c3a9171299dac00d03a074311,a48e3c30b4939f99a037e8e30e311c9c675de8e39db9d2ec77e45bb688aea895,half,0.95,10,0.35,0.1,699924480,sphere_polar_c01_base_d0p1_a0p95_m16,sphere_mess4,d128l4h2mlp512_700m_seed0_k5,0,5,128,4,random_init,single_layer_single_token,physics,1.0,0.7772733381864391,128,153.75,0.7816741200096231
sphere_polar_c01_base_d0p1_a0p95_m16_d128l4h2mlp512_700m_seed0_k5,H-R2-05-polar-ladder-capacity,dc80726a8c987e8c3a9171299dac00d03a074311,a48e3c30b4939f99a037e8e30e311c9c675de8e39db9d2ec77e45bb688aea895,half,0.95,10,0.35,0.1,699924480,sphere_polar_c01_base_d0p1_a0p95_m16,sphere_mess4,d128l4h2mlp512_700m_seed0_k5,0,5,128,4,random_init,single_layer_single_token,belief,10.0,0.14330682582053855,128,153.75,0.13991510314218375
sphere_polar_c01_base_d0p1_a0p95_m16_d128l4h2mlp512_700m_seed0_k5,H-R2-05-polar-ladder-capacity,dc80726a8c987e8c3a9171299dac00d03a074311,a48e3c30b4939f99a037e8e30e311c9c675de8e39db9d2ec77e45bb688aea895,half,0.95,10,0.35,0.1,699924480,sphere_polar_c01_base_d0p1_a0p95_m16,sphere_mess4,d128l4h2mlp512_700m_seed0_k5,0,5,128,4,random_init,all_block_layers_single_token,physics,1.0,0.8347413846035047,512,38.4375,0.8396020521841483
sphere_polar_c01_base_d0p1_a0p95_m16_d128l4h2mlp512_700m_seed0_k5,H-R2-05-polar-ladder-capacity,dc80726a8c987e8c3a9171299dac00d03a074311,a48e3c30b4939f99a037e8e30e311c9c675de8e39db9d2ec77e45bb688aea895,half,0.95,10,0.35,0.1,699924480,sphere_polar_c01_base_d0p1_a0p95_m16,sphere_mess4,d128l4h2mlp512_700m_seed0_k5,0,5,128,4,random_init,all_block_layers_single_token,belief,1.0,0.2670823858266549,512,38.4375,0.2677613881255412
sphere_polar_c01_base_d0p1_a0p95_m16_d128l4h2mlp512_700m_seed0_k5,H-R2-05-polar-ladder-capacity,dc80726a8c987e8c3a9171299dac00d03a074311,a48e3c30b4939f99a037e8e30e311c9c675de8e39db9d2ec77e45bb688aea895,half,0.95,10,0.35,0.1,699924480,sphere_polar_c01_base_d0p1_a0p95_m16,sphere_mess4,d128l4h2mlp512_700m_seed0_k5,0,5,128,4,random_init,embedding_and_all_layers_single_token,physics,1.0,0.8386984268390241,640,30.75,0.8412264326621703
sphere_polar_c01_base_d0p1_a0p95_m16_d128l4h2mlp512_700m_seed0_k5,H-R2-05-polar-ladder-capacity,dc80726a8c987e8c3a9171299dac00d03a074311,a48e3c30b4939f99a037e8e30e311c9c675de8e39db9d2ec77e45bb688aea895,half,0.95,10,0.35,0.1,699924480,sphere_polar_c01_base_d0p1_a0p95_m16,sphere_mess4,d128l4h2mlp512_700m_seed0_k5,0,5,128,4,random_init,embedding_and_all_layers_single_token,belief,1.0,0.27833964565755304,640,30.75,0.2814121941729114
sphere_polar_c02_base_d0p14_a0p5_m16_d128l4h2mlp512_700m_seed0_k1,H-R2-05-polar-ladder-capacity,dc80726a8c987e8c3a9171299dac00d03a074311,77d0d276478eca4ac461d633dcf34867c9ca4cade57aa54977c14ab6bc2f23a9,fixed,0.5,10,0.35,0.14,699924480,sphere_polar_c02_base_d0p14_a0p5_m16,sphere_mess4,d128l4h2mlp512_700m_seed0_k1,0,1,128,4,trained,single_layer_single_token,physics,1.0,0.8809946442052362,128,153.5,0.88021227003125
sphere_polar_c02_base_d0p14_a0p5_m16_d128l4h2mlp512_700m_seed0_k1,H-R2-05-polar-ladder-capacity,dc80726a8c987e8c3a9171299dac00d03a074311,77d0d276478eca4ac461d633dcf34867c9ca4cade57aa54977c14ab6bc2f23a9,fixed,0.5,10,0.35,0.14,699924480,sphere_polar_c02_base_d0p14_a0p5_m16,sphere_mess4,d128l4h2mlp512_700m_seed0_k1,0,1,128,4,trained,single_layer_single_token,belief,10.0,0.12442617321200272,128,153.5,0.11843416529071582
sphere_polar_c02_base_d0p14_a0p5_m16_d128l4h2mlp512_700m_seed0_k1,H-R2-05-polar-ladder-capacity,dc80726a8c987e8c3a9171299dac00d03a074311,77d0d276478eca4ac461d633dcf34867c9ca4cade57aa54977c14ab6bc2f23a9,fixed,0.5,10,0.35,0.14,699924480,sphere_polar_c02_base_d0p14_a0p5_m16,sphere_mess4,d128l4h2mlp512_700m_seed0_k1,0,1,128,4,trained,all_block_layers_single_token,physics,1.0,0.985773153031196,512,38.375,0.9881639949945618
sphere_polar_c02_base_d0p14_a0p5_m16_d128l4h2mlp512_700m_seed0_k1,H-R2-05-polar-ladder-capacity,dc80726a8c987e8c3a9171299dac00d03a074311,77d0d276478eca4ac461d633dcf34867c9ca4cade57aa54977c14ab6bc2f23a9,fixed,0.5,10,0.35,0.14,699924480,sphere_polar_c02_base_d0p14_a0p5_m16,sphere_mess4,d128l4h2mlp512_700m_seed0_k1,0,1,128,4,trained,all_block_layers_single_token,belief,1.0,0.2864074654834389,512,38.375,0.28065479499260615
sphere_polar_c02_base_d0p14_a0p5_m16_d128l4h2mlp512_700m_seed0_k1,H-R2-05-polar-ladder-capacity,dc80726a8c987e8c3a9171299dac00d03a074311,77d0d276478eca4ac461d633dcf34867c9ca4cade57aa54977c14ab6bc2f23a9,fixed,0.5,10,0.35,0.14,699924480,sphere_polar_c02_base_d0p14_a0p5_m16,sphere_mess4,d128l4h2mlp512_700m_seed0_k1,0,1,128,4,trained,embedding_and_all_layers_single_token,physics,1.0,0.9877492528002306,640,30.7,0.9902097584017878
sphere_polar_c02_base_d0p14_a0p5_m16_d128l4h2mlp512_700m_seed0_k1,H-R2-05-polar-ladder-capacity,dc80726a8c987e8c3a9171299dac00d03a074311,77d0d276478eca4ac461d633dcf34867c9ca4cade57aa54977c14ab6bc2f23a9,fixed,0.5,10,0.35,0.14,699924480,sphere_polar_c02_base_d0p14_a0p5_m16,sphere_mess4,d128l4h2mlp512_700m_seed0_k1,0,1,128,4,trained,embedding_and_all_layers_single_token,belief,1.0,0.29986088903993624,640,30.7,0.29454815342537255
sphere_polar_c02_base_d0p14_a0p5_m16_d128l4h2mlp512_700m_seed0_k1,H-R2-05-polar-ladder-capacity,dc80726a8c987e8c3a9171299dac00d03a074311,77d0d276478eca4ac461d633dcf34867c9ca4cade57aa54977c14ab6bc2f23a9,fixed,0.5,10,0.35,0.14,699924480,sphere_polar_c02_base_d0p14_a0p5_m16,sphere_mess4,d128l4h2mlp512_700m_seed0_k1,0,1,128,4,random_init,single_layer_single_token,physics,10.0,0.6381055940757845,128,153.5,0.6382647008333594
sphere_polar_c02_base_d0p14_a0p5_m16_d128l4h2mlp512_700m_seed0_k1,H-R2-05-polar-ladder-capacity,dc80726a8c987e8c3a9171299dac00d03a074311,77d0d276478eca4ac461d633dcf34867c9ca4cade57aa54977c14ab6bc2f23a9,fixed,0.5,10,0.35,0.14,699924480,sphere_polar_c02_base_d0p14_a0p5_m16,sphere_mess4,d128l4h2mlp512_700m_seed0_k1,0,1,128,4,random_init,single_layer_single_token,belief,10.0,0.08307955773487477,128,153.5,0.07860553436318224
sphere_polar_c02_base_d0p14_a0p5_m16_d128l4h2mlp512_700m_seed0_k1,H-R2-05-polar-ladder-capacity,dc80726a8c987e8c3a9171299dac00d03a074311,77d0d276478eca4ac461d633dcf34867c9ca4cade57aa54977c14ab6bc2f23a9,fixed,0.5,10,0.35,0.14,699924480,sphere_polar_c02_base_d0p14_a0p5_m16,sphere_mess4,d128l4h2mlp512_700m_seed0_k1,0,1,128,4,random_init,all_block_layers_single_token,physics,1.0,0.7074818596684953,512,38.375,0.71302362677749
sphere_polar_c02_base_d0p14_a0p5_m16_d128l4h2mlp512_700m_seed0_k1,H-R2-05-polar-ladder-capacity,dc80726a8c987e8c3a9171299dac00d03a074311,77d0d276478eca4ac461d633dcf34867c9ca4cade57aa54977c14ab6bc2f23a9,fixed,0.5,10,0.35,0.14,699924480,sphere_polar_c02_base_d0p14_a0p5_m16,sphere_mess4,d128l4h2mlp512_700m_seed0_k1,0,1,128,4,random_init,all_block_layers_single_token,belief,1.0,0.1899585769149486,512,38.375,0.18277815100841716
sphere_polar_c02_base_d0p14_a0p5_m16_d128l4h2mlp512_700m_seed0_k1,H-R2-05-polar-ladder-capacity,dc80726a8c987e8c3a9171299dac00d03a074311,77d0d276478eca4ac461d633dcf34867c9ca4cade57aa54977c14ab6bc2f23a9,fixed,0.5,10,0.35,0.14,699924480,sphere_polar_c02_base_d0p14_a0p5_m16,sphere_mess4,d128l4h2mlp512_700m_seed0_k1,0,1,128,4,random_init,embedding_and_all_layers_single_token,physics,1.0,0.7216479364015977,640,30.7,0.7272848464707249
sphere_polar_c02_base_d0p14_a0p5_m16_d128l4h2mlp512_700m_seed0_k1,H-R2-05-polar-ladder-capacity,dc80726a8c987e8c3a9171299dac00d03a074311,77d0d276478eca4ac461d633dcf34867c9ca4cade57aa54977c14ab6bc2f23a9,fixed,0.5,10,0.35,0.14,699924480,sphere_polar_c02_base_d0p14_a0p5_m16,sphere_mess4,d128l4h2mlp512_700m_seed0_k1,0,1,128,4,random_init,embedding_and_all_layers_single_token,belief,1.0,0.20745132562504345,640,30.7,0.20358531337818933
sphere_polar_c02_base_d0p14_a0p5_m16_d128l4h2mlp512_700m_seed0_k11,H-R2-05-polar-ladder-capacity,dc80726a8c987e8c3a9171299dac00d03a074311,e7b4f3f8b089e280d1c154b7db7156a42982ffcd91e9196f3edac19b47fb7c73,n_plus_one,0.5,10,0.35,0.14,699924480,sphere_polar_c02_base_d0p14_a0p5_m16,sphere_mess4,d128l4h2mlp512_700m_seed0_k11,0,11,128,4,trained,single_layer_single_token,physics,10.0,0.8615553502613023,128,153.5,0.8641205406804717
sphere_polar_c02_base_d0p14_a0p5_m16_d128l4h2mlp512_700m_seed0_k11,H-R2-05-polar-ladder-capacity,dc80726a8c987e8c3a9171299dac00d03a074311,e7b4f3f8b089e280d1c154b7db7156a42982ffcd91e9196f3edac19b47fb7c73,n_plus_one,0.5,10,0.35,0.14,699924480,sphere_polar_c02_base_d0p14_a0p5_m16,sphere_mess4,d128l4h2mlp512_700m_seed0_k11,0,11,128,4,trained,single_layer_single_token,belief,10.0,0.13857850526156032,128,153.5,0.1357229211075245
sphere_polar_c02_base_d0p14_a0p5_m16_d128l4h2mlp512_700m_seed0_k11,H-R2-05-polar-ladder-capacity,dc80726a8c987e8c3a9171299dac00d03a074311,e7b4f3f8b089e280d1c154b7db7156a42982ffcd91e9196f3edac19b47fb7c73,n_plus_one,0.5,10,0.35,0.14,699924480,sphere_polar_c02_base_d0p14_a0p5_m16,sphere_mess4,d128l4h2mlp512_700m_seed0_k11,0,11,128,4,trained,all_block_layers_single_token,physics,1.0,0.9719625347201624,512,38.375,0.9713420179268539
sphere_polar_c02_base_d0p14_a0p5_m16_d128l4h2mlp512_700m_seed0_k11,H-R2-05-polar-ladder-capacity,dc80726a8c987e8c3a9171299dac00d03a074311,e7b4f3f8b089e280d1c154b7db7156a42982ffcd91e9196f3edac19b47fb7c73,n_plus_one,0.5,10,0.35,0.14,699924480,sphere_polar_c02_base_d0p14_a0p5_m16,sphere_mess4,d128l4h2mlp512_700m_seed0_k11,0,11,128,4,trained,all_block_layers_single_token,belief,10.0,0.25541076716756694,512,38.375,0.25102519205230195
sphere_polar_c02_base_d0p14_a0p5_m16_d128l4h2mlp512_700m_seed0_k11,H-R2-05-polar-ladder-capacity,dc80726a8c987e8c3a9171299dac00d03a074311,e7b4f3f8b089e280d1c154b7db7156a42982ffcd91e9196f3edac19b47fb7c73,n_plus_one,0.5,10,0.35,0.14,699924480,sphere_polar_c02_base_d0p14_a0p5_m16,sphere_mess4,d128l4h2mlp512_700m_seed0_k11,0,11,128,4,trained,embedding_and_all_layers_single_token,physics,1.0,0.9754970646724401,640,30.7,0.9737936493547916
sphere_polar_c02_base_d0p14_a0p5_m16_d128l4h2mlp512_700m_seed0_k11,H-R2-05-polar-ladder-capacity,dc80726a8c987e8c3a9171299dac00d03a074311,e7b4f3f8b089e280d1c154b7db7156a42982ffcd91e9196f3edac19b47fb7c73,n_plus_one,0.5,10,0.35,0.14,699924480,sphere_polar_c02_base_d0p14_a0p5_m16,sphere_mess4,d128l4h2mlp512_700m_seed0_k11,0,11,128,4,trained,embedding_and_all_layers_single_token,belief,10.0,0.2676200344970726,640,30.7,0.2618581881909924
sphere_polar_c02_base_d0p14_a0p5_m16_d128l4h2mlp512_700m_seed0_k11,H-R2-05-polar-ladder-capacity,dc80726a8c987e8c3a9171299dac00d03a074311,e7b4f3f8b089e280d1c154b7db7156a42982ffcd91e9196f3edac19b47fb7c73,n_plus_one,0.5,10,0.35,0.14,699924480,sphere_polar_c02_base_d0p14_a0p5_m16,sphere_mess4,d128l4h2mlp512_700m_seed0_k11,0,11,128,4,random_init,single_layer_single_token,physics,10.0,0.6381055940757845,128,153.5,0.6382647008333594
sphere_polar_c02_base_d0p14_a0p5_m16_d128l4h2mlp512_700m_seed0_k11,H-R2-05-polar-ladder-capacity,dc80726a8c987e8c3a9171299dac00d03a074311,e7b4f3f8b089e280d1c154b7db7156a42982ffcd91e9196f3edac19b47fb7c73,n_plus_one,0.5,10,0.35,0.14,699924480,sphere_polar_c02_base_d0p14_a0p5_m16,sphere_mess4,d128l4h2mlp512_700m_seed0_k11,0,11,128,4,random_init,single_layer_single_token,belief,10.0,0.08307955773487477,128,153.5,0.07860553436318224
sphere_polar_c02_base_d0p14_a0p5_m16_d128l4h2mlp512_700m_seed0_k11,H-R2-05-polar-ladder-capacity,dc80726a8c987e8c3a9171299dac00d03a074311,e7b4f3f8b089e280d1c154b7db7156a42982ffcd91e9196f3edac19b47fb7c73,n_plus_one,0.5,10,0.35,0.14,699924480,sphere_polar_c02_base_d0p14_a0p5_m16,sphere_mess4,d128l4h2mlp512_700m_seed0_k11,0,11,128,4,random_init,all_block_layers_single_token,physics,1.0,0.7074818596684953,512,38.375,0.71302362677749
sphere_polar_c02_base_d0p14_a0p5_m16_d128l4h2mlp512_700m_seed0_k11,H-R2-05-polar-ladder-capacity,dc80726a8c987e8c3a9171299dac00d03a074311,e7b4f3f8b089e280d1c154b7db7156a42982ffcd91e9196f3edac19b47fb7c73,n_plus_one,0.5,10,0.35,0.14,699924480,sphere_polar_c02_base_d0p14_a0p5_m16,sphere_mess4,d128l4h2mlp512_700m_seed0_k11,0,11,128,4,random_init,all_block_layers_single_token,belief,1.0,0.1899585769149486,512,38.375,0.18277815100841716
sphere_polar_c02_base_d0p14_a0p5_m16_d128l4h2mlp512_700m_seed0_k11,H-R2-05-polar-ladder-capacity,dc80726a8c987e8c3a9171299dac00d03a074311,e7b4f3f8b089e280d1c154b7db7156a42982ffcd91e9196f3edac19b47fb7c73,n_plus_one,0.5,10,0.35,0.14,699924480,sphere_polar_c02_base_d0p14_a0p5_m16,sphere_mess4,d128l4h2mlp512_700m_seed0_k11,0,11,128,4,random_init,embedding_and_all_layers_single_token,physics,1.0,0.7216479364015977,640,30.7,0.7272848464707249
sphere_polar_c02_base_d0p14_a0p5_m16_d128l4h2mlp512_700m_seed0_k11,H-R2-05-polar-ladder-capacity,dc80726a8c987e8c3a9171299dac00d03a074311,e7b4f3f8b089e280d1c154b7db7156a42982ffcd91e9196f3edac19b47fb7c73,n_plus_one,0.5,10,0.35,0.14,699924480,sphere_polar_c02_base_d0p14_a0p5_m16,sphere_mess4,d128l4h2mlp512_700m_seed0_k11,0,11,128,4,random_init,embedding_and_all_layers_single_token,belief,1.0,0.20745132562504345,640,30.7,0.20358531337818933
sphere_polar_c02_base_d0p14_a0p5_m16_d128l4h2mlp512_700m_seed0_k5,H-R2-05-polar-ladder-capacity,dc80726a8c987e8c3a9171299dac00d03a074311,1f1745e9921d7245b422382d61242a9ef390293fd1e84f44dcd5edb2257db8c5,half,0.5,10,0.35,0.14,699924480,sphere_polar_c02_base_d0p14_a0p5_m16,sphere_mess4,d128l4h2mlp512_700m_seed0_k5,0,5,128,4,trained,single_layer_single_token,physics,10.0,0.9114364306905514,128,153.5,0.9185751661955344
sphere_polar_c02_base_d0p14_a0p5_m16_d128l4h2mlp512_700m_seed0_k5,H-R2-05-polar-ladder-capacity,dc80726a8c987e8c3a9171299dac00d03a074311,1f1745e9921d7245b422382d61242a9ef390293fd1e84f44dcd5edb2257db8c5,half,0.5,10,0.35,0.14,699924480,sphere_polar_c02_base_d0p14_a0p5_m16,sphere_mess4,d128l4h2mlp512_700m_seed0_k5,0,5,128,4,trained,single_layer_single_token,belief,10.0,0.1646129642228664,128,153.5,0.17017586200380644
sphere_polar_c02_base_d0p14_a0p5_m16_d128l4h2mlp512_700m_seed0_k5,H-R2-05-polar-ladder-capacity,dc80726a8c987e8c3a9171299dac00d03a074311,1f1745e9921d7245b422382d61242a9ef390293fd1e84f44dcd5edb2257db8c5,half,0.5,10,0.35,0.14,699924480,sphere_polar_c02_base_d0p14_a0p5_m16,sphere_mess4,d128l4h2mlp512_700m_seed0_k5,0,5,128,4,trained,all_block_layers_single_token,physics,1.0,0.9842910153099264,512,38.375,0.9867504966921112
sphere_polar_c02_base_d0p14_a0p5_m16_d128l4h2mlp512_700m_seed0_k5,H-R2-05-polar-ladder-capacity,dc80726a8c987e8c3a9171299dac00d03a074311,1f1745e9921d7245b422382d61242a9ef390293fd1e84f44dcd5edb2257db8c5,half,0.5,10,0.35,0.14,699924480,sphere_polar_c02_base_d0p14_a0p5_m16,sphere_mess4,d128l4h2mlp512_700m_seed0_k5,0,5,128,4,trained,all_block_layers_single_token,belief,1.0,0.3283688824928628,512,38.375,0.3297394648115233
sphere_polar_c02_base_d0p14_a0p5_m16_d128l4h2mlp512_700m_seed0_k5,H-R2-05-polar-ladder-capacity,dc80726a8c987e8c3a9171299dac00d03a074311,1f1745e9921d7245b422382d61242a9ef390293fd1e84f44dcd5edb2257db8c5,half,0.5,10,0.35,0.14,699924480,sphere_polar_c02_base_d0p14_a0p5_m16,sphere_mess4,d128l4h2mlp512_700m_seed0_k5,0,5,128,4,trained,embedding_and_all_layers_single_token,physics,1.0,0.9857969956771166,640,30.7,0.9875164043346432
sphere_polar_c02_base_d0p14_a0p5_m16_d128l4h2mlp512_700m_seed0_k5,H-R2-05-polar-ladder-capacity,dc80726a8c987e8c3a9171299dac00d03a074311,1f1745e9921d7245b422382d61242a9ef390293fd1e84f44dcd5edb2257db8c5,half,0.5,10,0.35,0.14,699924480,sphere_polar_c02_base_d0p14_a0p5_m16,sphere_mess4,d128l4h2mlp512_700m_seed0_k5,0,5,128,4,trained,embedding_and_all_layers_single_token,belief,1.0,0.34409766438182066,640,30.7,0.3462219626487216
sphere_polar_c02_base_d0p14_a0p5_m16_d128l4h2mlp512_700m_seed0_k5,H-R2-05-polar-ladder-capacity,dc80726a8c987e8c3a9171299dac00d03a074311,1f1745e9921d7245b422382d61242a9ef390293fd1e84f44dcd5edb2257db8c5,half,0.5,10,0.35,0.14,699924480,sphere_polar_c02_base_d0p14_a0p5_m16,sphere_mess4,d128l4h2mlp512_700m_seed0_k5,0,5,128,4,random_init,single_layer_single_token,physics,10.0,0.6381055940757845,128,153.5,0.6382647008333594
sphere_polar_c02_base_d0p14_a0p5_m16_d128l4h2mlp512_700m_seed0_k5,H-R2-05-polar-ladder-capacity,dc80726a8c987e8c3a9171299dac00d03a074311,1f1745e9921d7245b422382d61242a9ef390293fd1e84f44dcd5edb2257db8c5,half,0.5,10,0.35,0.14,699924480,sphere_polar_c02_base_d0p14_a0p5_m16,sphere_mess4,d128l4h2mlp512_700m_seed0_k5,0,5,128,4,random_init,single_layer_single_token,belief,10.0,0.08307955773487477,128,153.5,0.07860553436318224
sphere_polar_c02_base_d0p14_a0p5_m16_d128l4h2mlp512_700m_seed0_k5,H-R2-05-polar-ladder-capacity,dc80726a8c987e8c3a9171299dac00d03a074311,1f1745e9921d7245b422382d61242a9ef390293fd1e84f44dcd5edb2257db8c5,half,0.5,10,0.35,0.14,699924480,sphere_polar_c02_base_d0p14_a0p5_m16,sphere_mess4,d128l4h2mlp512_700m_seed0_k5,0,5,128,4,random_init,all_block_layers_single_token,physics,1.0,0.7074818596684953,512,38.375,0.71302362677749
sphere_polar_c02_base_d0p14_a0p5_m16_d128l4h2mlp512_700m_seed0_k5,H-R2-05-polar-ladder-capacity,dc80726a8c987e8c3a9171299dac00d03a074311,1f1745e9921d7245b422382d61242a9ef390293fd1e84f44dcd5edb2257db8c5,half,0.5,10,0.35,0.14,699924480,sphere_polar_c02_base_d0p14_a0p5_m16,sphere_mess4,d128l4h2mlp512_700m_seed0_k5,0,5,128,4,random_init,all_block_layers_single_token,belief,1.0,0.1899585769149486,512,38.375,0.18277815100841716
sphere_polar_c02_base_d0p14_a0p5_m16_d128l4h2mlp512_700m_seed0_k5,H-R2-05-polar-ladder-capacity,dc80726a8c987e8c3a9171299dac00d03a074311,1f1745e9921d7245b422382d61242a9ef390293fd1e84f44dcd5edb2257db8c5,half,0.5,10,0.35,0.14,699924480,sphere_polar_c02_base_d0p14_a0p5_m16,sphere_mess4,d128l4h2mlp512_700m_seed0_k5,0,5,128,4,random_init,embedding_and_all_layers_single_token,physics,1.0,0.7216479364015977,640,30.7,0.7272848464707249
sphere_polar_c02_base_d0p14_a0p5_m16_d128l4h2mlp512_700m_seed0_k5,H-R2-05-polar-ladder-capacity,dc80726a8c987e8c3a9171299dac00d03a074311,1f1745e9921d7245b422382d61242a9ef390293fd1e84f44dcd5edb2257db8c5,half,0.5,10,0.35,0.14,699924480,sphere_polar_c02_base_d0p14_a0p5_m16,sphere_mess4,d128l4h2mlp512_700m_seed0_k5,0,5,128,4,random_init,embedding_and_all_layers_single_token,belief,1.0,0.20745132562504345,640,30.7,0.20358531337818933
sphere_polar_c02_base_d0p14_a0p7_m16_d128l4h2mlp512_700m_seed0_k1,H-R2-05-polar-ladder-capacity,dc80726a8c987e8c3a9171299dac00d03a074311,377e82732c909bd01e215f110bd856399294dcc9263b4c548d142e369c764b67,fixed,0.7,10,0.35,0.14,699924480,sphere_polar_c02_base_d0p14_a0p7_m16,sphere_mess4,d128l4h2mlp512_700m_seed0_k1,0,1,128,4,trained,single_layer_single_token,physics,1.0,0.8738037404249054,128,153.5,0.8745460548638138
sphere_polar_c02_base_d0p14_a0p7_m16_d128l4h2mlp512_700m_seed0_k1,H-R2-05-polar-ladder-capacity,dc80726a8c987e8c3a9171299dac00d03a074311,377e82732c909bd01e215f110bd856399294dcc9263b4c548d142e369c764b67,fixed,0.7,10,0.35,0.14,699924480,sphere_polar_c02_base_d0p14_a0p7_m16,sphere_mess4,d128l4h2mlp512_700m_seed0_k1,0,1,128,4,trained,single_layer_single_token,belief,10.0,0.16575685242293958,128,153.5,0.17073736258162547
sphere_polar_c02_base_d0p14_a0p7_m16_d128l4h2mlp512_700m_seed0_k1,H-R2-05-polar-ladder-capacity,dc80726a8c987e8c3a9171299dac00d03a074311,377e82732c909bd01e215f110bd856399294dcc9263b4c548d142e369c764b67,fixed,0.7,10,0.35,0.14,699924480,sphere_polar_c02_base_d0p14_a0p7_m16,sphere_mess4,d128l4h2mlp512_700m_seed0_k1,0,1,128,4,trained,all_block_layers_single_token,physics,1.0,0.9860532765126989,512,38.375,0.9858569985543448
sphere_polar_c02_base_d0p14_a0p7_m16_d128l4h2mlp512_700m_seed0_k1,H-R2-05-polar-ladder-capacity,dc80726a8c987e8c3a9171299dac00d03a074311,377e82732c909bd01e215f110bd856399294dcc9263b4c548d142e369c764b67,fixed,0.7,10,0.35,0.14,699924480,sphere_polar_c02_base_d0p14_a0p7_m16,sphere_mess4,d128l4h2mlp512_700m_seed0_k1,0,1,128,4,trained,all_block_layers_single_token,belief,1.0,0.3443859021235769,512,38.375,0.346922685566062
sphere_polar_c02_base_d0p14_a0p7_m16_d128l4h2mlp512_700m_seed0_k1,H-R2-05-polar-ladder-capacity,dc80726a8c987e8c3a9171299dac00d03a074311,377e82732c909bd01e215f110bd856399294dcc9263b4c548d142e369c764b67,fixed,0.7,10,0.35,0.14,699924480,sphere_polar_c02_base_d0p14_a0p7_m16,sphere_mess4,d128l4h2mlp512_700m_seed0_k1,0,1,128,4,trained,embedding_and_all_layers_single_token,physics,1.0,0.9885439695669016,640,30.7,0.9881901481686584
sphere_polar_c02_base_d0p14_a0p7_m16_d128l4h2mlp512_700m_seed0_k1,H-R2-05-polar-ladder-capacity,dc80726a8c987e8c3a9171299dac00d03a074311,377e82732c909bd01e215f110bd856399294dcc9263b4c548d142e369c764b67,fixed,0.7,10,0.35,0.14,699924480,sphere_polar_c02_base_d0p14_a0p7_m16,sphere_mess4,d128l4h2mlp512_700m_seed0_k1,0,1,128,4,trained,embedding_and_all_layers_single_token,belief,1.0,0.3539463403236581,640,30.7,0.35683243196456393
sphere_polar_c02_base_d0p14_a0p7_m16_d128l4h2mlp512_700m_seed0_k1,H-R2-05-polar-ladder-capacity,dc80726a8c987e8c3a9171299dac00d03a074311,377e82732c909bd01e215f110bd856399294dcc9263b4c548d142e369c764b67,fixed,0.7,10,0.35,0.14,699924480,sphere_polar_c02_base_d0p14_a0p7_m16,sphere_mess4,d128l4h2mlp512_700m_seed0_k1,0,1,128,4,random_init,single_layer_single_token,physics,10.0,0.6418837567517413,128,153.5,0.6411662641513772
sphere_polar_c02_base_d0p14_a0p7_m16_d128l4h2mlp512_700m_seed0_k1,H-R2-05-polar-ladder-capacity,dc80726a8c987e8c3a9171299dac00d03a074311,377e82732c909bd01e215f110bd856399294dcc9263b4c548d142e369c764b67,fixed,0.7,10,0.35,0.14,699924480,sphere_polar_c02_base_d0p14_a0p7_m16,sphere_mess4,d128l4h2mlp512_700m_seed0_k1,0,1,128,4,random_init,single_layer_single_token,belief,10.0,0.09400744717090553,128,153.5,0.09506371686292969
sphere_polar_c02_base_d0p14_a0p7_m16_d128l4h2mlp512_700m_seed0_k1,H-R2-05-polar-ladder-capacity,dc80726a8c987e8c3a9171299dac00d03a074311,377e82732c909bd01e215f110bd856399294dcc9263b4c548d142e369c764b67,fixed,0.7,10,0.35,0.14,699924480,sphere_polar_c02_base_d0p14_a0p7_m16,sphere_mess4,d128l4h2mlp512_700m_seed0_k1,0,1,128,4,random_init,all_block_layers_single_token,physics,1.0,0.7102638411511077,512,38.375,0.7126942065411727
sphere_polar_c02_base_d0p14_a0p7_m16_d128l4h2mlp512_700m_seed0_k1,H-R2-05-polar-ladder-capacity,dc80726a8c987e8c3a9171299dac00d03a074311,377e82732c909bd01e215f110bd856399294dcc9263b4c548d142e369c764b67,fixed,0.7,10,0.35,0.14,699924480,sphere_polar_c02_base_d0p14_a0p7_m16,sphere_mess4,d128l4h2mlp512_700m_seed0_k1,0,1,128,4,random_init,all_block_layers_single_token,belief,1.0,0.21587947176501907,512,38.375,0.21824216904528693
sphere_polar_c02_base_d0p14_a0p7_m16_d128l4h2mlp512_700m_seed0_k1,H-R2-05-polar-ladder-capacity,dc80726a8c987e8c3a9171299dac00d03a074311,377e82732c909bd01e215f110bd856399294dcc9263b4c548d142e369c764b67,fixed,0.7,10,0.35,0.14,699924480,sphere_polar_c02_base_d0p14_a0p7_m16,sphere_mess4,d128l4h2mlp512_700m_seed0_k1,0,1,128,4,random_init,embedding_and_all_layers_single_token,physics,1.0,0.7282895445948765,640,30.7,0.7279613346631049
sphere_polar_c02_base_d0p14_a0p7_m16_d128l4h2mlp512_700m_seed0_k1,H-R2-05-polar-ladder-capacity,dc80726a8c987e8c3a9171299dac00d03a074311,377e82732c909bd01e215f110bd856399294dcc9263b4c548d142e369c764b67,fixed,0.7,10,0.35,0.14,699924480,sphere_polar_c02_base_d0p14_a0p7_m16,sphere_mess4,d128l4h2mlp512_700m_seed0_k1,0,1,128,4,random_init,embedding_and_all_layers_single_token,belief,1.0,0.23392440401398137,640,30.7,0.23420639249306127
sphere_polar_c02_base_d0p14_a0p7_m16_d128l4h2mlp512_700m_seed0_k11,H-R2-05-polar-ladder-capacity,dc80726a8c987e8c3a9171299dac00d03a074311,f8662291fb843c141078efd204d840d07d708751070e522083223759cb0e7285,n_plus_one,0.7,10,0.35,0.14,699924480,sphere_polar_c02_base_d0p14_a0p7_m16,sphere_mess4,d128l4h2mlp512_700m_seed0_k11,0,11,128,4,trained,single_layer_single_token,physics,1.0,0.8754836955809229,128,153.5,0.8754429387460236
sphere_polar_c02_base_d0p14_a0p7_m16_d128l4h2mlp512_700m_seed0_k11,H-R2-05-polar-ladder-capacity,dc80726a8c987e8c3a9171299dac00d03a074311,f8662291fb843c141078efd204d840d07d708751070e522083223759cb0e7285,n_plus_one,0.7,10,0.35,0.14,699924480,sphere_polar_c02_base_d0p14_a0p7_m16,sphere_mess4,d128l4h2mlp512_700m_seed0_k11,0,11,128,4,trained,single_layer_single_token,belief,10.0,0.20392553397159374,128,153.5,0.22014832674148802
sphere_polar_c02_base_d0p14_a0p7_m16_d128l4h2mlp512_700m_seed0_k11,H-R2-05-polar-ladder-capacity,dc80726a8c987e8c3a9171299dac00d03a074311,f8662291fb843c141078efd204d840d07d708751070e522083223759cb0e7285,n_plus_one,0.7,10,0.35,0.14,699924480,sphere_polar_c02_base_d0p14_a0p7_m16,sphere_mess4,d128l4h2mlp512_700m_seed0_k11,0,11,128,4,trained,all_block_layers_single_token,physics,1.0,0.9709180808191451,512,38.375,0.9710309469209839
sphere_polar_c02_base_d0p14_a0p7_m16_d128l4h2mlp512_700m_seed0_k11,H-R2-05-polar-ladder-capacity,dc80726a8c987e8c3a9171299dac00d03a074311,f8662291fb843c141078efd204d840d07d708751070e522083223759cb0e7285,n_plus_one,0.7,10,0.35,0.14,699924480,sphere_polar_c02_base_d0p14_a0p7_m16,sphere_mess4,d128l4h2mlp512_700m_seed0_k11,0,11,128,4,trained,all_block_layers_single_token,belief,1.0,0.37565154969894565,512,38.375,0.37104934120333904
sphere_polar_c02_base_d0p14_a0p7_m16_d128l4h2mlp512_700m_seed0_k11,H-R2-05-polar-ladder-capacity,dc80726a8c987e8c3a9171299dac00d03a074311,f8662291fb843c141078efd204d840d07d708751070e522083223759cb0e7285,n_plus_one,0.7,10,0.35,0.14,699924480,sphere_polar_c02_base_d0p14_a0p7_m16,sphere_mess4,d128l4h2mlp512_700m_seed0_k11,0,11,128,4,trained,embedding_and_all_layers_single_token,physics,1.0,0.9747830713154959,640,30.7,0.974741617918732
sphere_polar_c02_base_d0p14_a0p7_m16_d128l4h2mlp512_700m_seed0_k11,H-R2-05-polar-ladder-capacity,dc80726a8c987e8c3a9171299dac00d03a074311,f8662291fb843c141078efd204d840d07d708751070e522083223759cb0e7285,n_plus_one,0.7,10,0.35,0.14,699924480,sphere_polar_c02_base_d0p14_a0p7_m16,sphere_mess4,d128l4h2mlp512_700m_seed0_k11,0,11,128,4,trained,embedding_and_all_layers_single_token,belief,10.0,0.3826143644586878,640,30.7,0.3791289323759621
sphere_polar_c02_base_d0p14_a0p7_m16_d128l4h2mlp512_700m_seed0_k11,H-R2-05-polar-ladder-capacity,dc80726a8c987e8c3a9171299dac00d03a074311,f8662291fb843c141078efd204d840d07d708751070e522083223759cb0e7285,n_plus_one,0.7,10,0.35,0.14,699924480,sphere_polar_c02_base_d0p14_a0p7_m16,sphere_mess4,d128l4h2mlp512_700m_seed0_k11,0,11,128,4,random_init,single_layer_single_token,physics,10.0,0.6418837567517413,128,153.5,0.6411662641513772
sphere_polar_c02_base_d0p14_a0p7_m16_d128l4h2mlp512_700m_seed0_k11,H-R2-05-polar-ladder-capacity,dc80726a8c987e8c3a9171299dac00d03a074311,f8662291fb843c141078efd204d840d07d708751070e522083223759cb0e7285,n_plus_one,0.7,10,0.35,0.14,699924480,sphere_polar_c02_base_d0p14_a0p7_m16,sphere_mess4,d128l4h2mlp512_700m_seed0_k11,0,11,128,4,random_init,single_layer_single_token,belief,10.0,0.09400744717090553,128,153.5,0.09506371686292969
sphere_polar_c02_base_d0p14_a0p7_m16_d128l4h2mlp512_700m_seed0_k11,H-R2-05-polar-ladder-capacity,dc80726a8c987e8c3a9171299dac00d03a074311,f8662291fb843c141078efd204d840d07d708751070e522083223759cb0e7285,n_plus_one,0.7,10,0.35,0.14,699924480,sphere_polar_c02_base_d0p14_a0p7_m16,sphere_mess4,d128l4h2mlp512_700m_seed0_k11,0,11,128,4,random_init,all_block_layers_single_token,physics,1.0,0.7102638411511077,512,38.375,0.7126942065411727
sphere_polar_c02_base_d0p14_a0p7_m16_d128l4h2mlp512_700m_seed0_k11,H-R2-05-polar-ladder-capacity,dc80726a8c987e8c3a9171299dac00d03a074311,f8662291fb843c141078efd204d840d07d708751070e522083223759cb0e7285,n_plus_one,0.7,10,0.35,0.14,699924480,sphere_polar_c02_base_d0p14_a0p7_m16,sphere_mess4,d128l4h2mlp512_700m_seed0_k11,0,11,128,4,random_init,all_block_layers_single_token,belief,1.0,0.21587947176501907,512,38.375,0.21824216904528693
sphere_polar_c02_base_d0p14_a0p7_m16_d128l4h2mlp512_700m_seed0_k11,H-R2-05-polar-ladder-capacity,dc80726a8c987e8c3a9171299dac00d03a074311,f8662291fb843c141078efd204d840d07d708751070e522083223759cb0e7285,n_plus_one,0.7,10,0.35,0.14,699924480,sphere_polar_c02_base_d0p14_a0p7_m16,sphere_mess4,d128l4h2mlp512_700m_seed0_k11,0,11,128,4,random_init,embedding_and_all_layers_single_token,physics,1.0,0.7282895445948765,640,30.7,0.7279613346631049
sphere_polar_c02_base_d0p14_a0p7_m16_d128l4h2mlp512_700m_seed0_k11,H-R2-05-polar-ladder-capacity,dc80726a8c987e8c3a9171299dac00d03a074311,f8662291fb843c141078efd204d840d07d708751070e522083223759cb0e7285,n_plus_one,0.7,10,0.35,0.14,699924480,sphere_polar_c02_base_d0p14_a0p7_m16,sphere_mess4,d128l4h2mlp512_700m_seed0_k11,0,11,128,4,random_init,embedding_and_all_layers_single_token,belief,1.0,0.23392440401398137,640,30.7,0.23420639249306127
sphere_polar_c02_base_d0p14_a0p7_m16_d128l4h2mlp512_700m_seed0_k5,H-R2-05-polar-ladder-capacity,dc80726a8c987e8c3a9171299dac00d03a074311,a982a1b64bb3be4d39864958d69b4f2de3671e83841de202b91172df91381442,half,0.7,10,0.35,0.14,699924480,sphere_polar_c02_base_d0p14_a0p7_m16,sphere_mess4,d128l4h2mlp512_700m_seed0_k5,0,5,128,4,trained,single_layer_single_token,physics,10.0,0.8907968241915178,128,153.5,0.8857719267436246
sphere_polar_c02_base_d0p14_a0p7_m16_d128l4h2mlp512_700m_seed0_k5,H-R2-05-polar-ladder-capacity,dc80726a8c987e8c3a9171299dac00d03a074311,a982a1b64bb3be4d39864958d69b4f2de3671e83841de202b91172df91381442,half,0.7,10,0.35,0.14,699924480,sphere_polar_c02_base_d0p14_a0p7_m16,sphere_mess4,d128l4h2mlp512_700m_seed0_k5,0,5,128,4,trained,single_layer_single_token,belief,10.0,0.24161692557629855,128,153.5,0.2489731693988316
sphere_polar_c02_base_d0p14_a0p7_m16_d128l4h2mlp512_700m_seed0_k5,H-R2-05-polar-ladder-capacity,dc80726a8c987e8c3a9171299dac00d03a074311,a982a1b64bb3be4d39864958d69b4f2de3671e83841de202b91172df91381442,half,0.7,10,0.35,0.14,699924480,sphere_polar_c02_base_d0p14_a0p7_m16,sphere_mess4,d128l4h2mlp512_700m_seed0_k5,0,5,128,4,trained,all_block_layers_single_token,physics,1.0,0.9859938662868076,512,38.375,0.9858558289594713
sphere_polar_c02_base_d0p14_a0p7_m16_d128l4h2mlp512_700m_seed0_k5,H-R2-05-polar-ladder-capacity,dc80726a8c987e8c3a9171299dac00d03a074311,a982a1b64bb3be4d39864958d69b4f2de3671e83841de202b91172df91381442,half,0.7,10,0.35,0.14,699924480,sphere_polar_c02_base_d0p14_a0p7_m16,sphere_mess4,d128l4h2mlp512_700m_seed0_k5,0,5,128,4,trained,all_block_layers_single_token,belief,1.0,0.4032446144228315,512,38.375,0.40043664907127086
sphere_polar_c02_base_d0p14_a0p7_m16_d128l4h2mlp512_700m_seed0_k5,H-R2-05-polar-ladder-capacity,dc80726a8c987e8c3a9171299dac00d03a074311,a982a1b64bb3be4d39864958d69b4f2de3671e83841de202b91172df91381442,half,0.7,10,0.35,0.14,699924480,sphere_polar_c02_base_d0p14_a0p7_m16,sphere_mess4,d128l4h2mlp512_700m_seed0_k5,0,5,128,4,trained,embedding_and_all_layers_single_token,physics,1.0,0.9874296026474394,640,30.7,0.9875200634043519
sphere_polar_c02_base_d0p14_a0p7_m16_d128l4h2mlp512_700m_seed0_k5,H-R2-05-polar-ladder-capacity,dc80726a8c987e8c3a9171299dac00d03a074311,a982a1b64bb3be4d39864958d69b4f2de3671e83841de202b91172df91381442,half,0.7,10,0.35,0.14,699924480,sphere_polar_c02_base_d0p14_a0p7_m16,sphere_mess4,d128l4h2mlp512_700m_seed0_k5,0,5,128,4,trained,embedding_and_all_layers_single_token,belief,1.0,0.40857475451654335,640,30.7,0.4058855451340288
sphere_polar_c02_base_d0p14_a0p7_m16_d128l4h2mlp512_700m_seed0_k5,H-R2-05-polar-ladder-capacity,dc80726a8c987e8c3a9171299dac00d03a074311,a982a1b64bb3be4d39864958d69b4f2de3671e83841de202b91172df91381442,half,0.7,10,0.35,0.14,699924480,sphere_polar_c02_base_d0p14_a0p7_m16,sphere_mess4,d128l4h2mlp512_700m_seed0_k5,0,5,128,4,random_init,single_layer_single_token,physics,10.0,0.6418837567517413,128,153.5,0.6411662641513772
sphere_polar_c02_base_d0p14_a0p7_m16_d128l4h2mlp512_700m_seed0_k5,H-R2-05-polar-ladder-capacity,dc80726a8c987e8c3a9171299dac00d03a074311,a982a1b64bb3be4d39864958d69b4f2de3671e83841de202b91172df91381442,half,0.7,10,0.35,0.14,699924480,sphere_polar_c02_base_d0p14_a0p7_m16,sphere_mess4,d128l4h2mlp512_700m_seed0_k5,0,5,128,4,random_init,single_layer_single_token,belief,10.0,0.09400744717090553,128,153.5,0.09506371686292969
sphere_polar_c02_base_d0p14_a0p7_m16_d128l4h2mlp512_700m_seed0_k5,H-R2-05-polar-ladder-capacity,dc80726a8c987e8c3a9171299dac00d03a074311,a982a1b64bb3be4d39864958d69b4f2de3671e83841de202b91172df91381442,half,0.7,10,0.35,0.14,699924480,sphere_polar_c02_base_d0p14_a0p7_m16,sphere_mess4,d128l4h2mlp512_700m_seed0_k5,0,5,128,4,random_init,all_block_layers_single_token,physics,1.0,0.7102638411511077,512,38.375,0.7126942065411727
sphere_polar_c02_base_d0p14_a0p7_m16_d128l4h2mlp512_700m_seed0_k5,H-R2-05-polar-ladder-capacity,dc80726a8c987e8c3a9171299dac00d03a074311,a982a1b64bb3be4d39864958d69b4f2de3671e83841de202b91172df91381442,half,0.7,10,0.35,0.14,699924480,sphere_polar_c02_base_d0p14_a0p7_m16,sphere_mess4,d128l4h2mlp512_700m_seed0_k5,0,5,128,4,random_init,all_block_layers_single_token,belief,1.0,0.21587947176501907,512,38.375,0.21824216904528693
sphere_polar_c02_base_d0p14_a0p7_m16_d128l4h2mlp512_700m_seed0_k5,H-R2-05-polar-ladder-capacity,dc80726a8c987e8c3a9171299dac00d03a074311,a982a1b64bb3be4d39864958d69b4f2de3671e83841de202b91172df91381442,half,0.7,10,0.35,0.14,699924480,sphere_polar_c02_base_d0p14_a0p7_m16,sphere_mess4,d128l4h2mlp512_700m_seed0_k5,0,5,128,4,random_init,embedding_and_all_layers_single_token,physics,1.0,0.7282895445948765,640,30.7,0.7279613346631049
sphere_polar_c02_base_d0p14_a0p7_m16_d128l4h2mlp512_700m_seed0_k5,H-R2-05-polar-ladder-capacity,dc80726a8c987e8c3a9171299dac00d03a074311,a982a1b64bb3be4d39864958d69b4f2de3671e83841de202b91172df91381442,half,0.7,10,0.35,0.14,699924480,sphere_polar_c02_base_d0p14_a0p7_m16,sphere_mess4,d128l4h2mlp512_700m_seed0_k5,0,5,128,4,random_init,embedding_and_all_layers_single_token,belief,1.0,0.23392440401398137,640,30.7,0.23420639249306127
sphere_polar_c02_base_d0p14_a0p85_m16_d128l4h2mlp512_700m_seed0_k1,H-R2-05-polar-ladder-capacity,dc80726a8c987e8c3a9171299dac00d03a074311,8b743304c11e7333cadbd5f044e6099133e61329ee00f199c84c0d359b47dc54,fixed,0.85,10,0.35,0.14,699924480,sphere_polar_c02_base_d0p14_a0p85_m16,sphere_mess4,d128l4h2mlp512_700m_seed0_k1,0,1,128,4,trained,single_layer_single_token,physics,1.0,0.8502347136173638,128,153.625,0.8502713656617901
sphere_polar_c02_base_d0p14_a0p85_m16_d128l4h2mlp512_700m_seed0_k1,H-R2-05-polar-ladder-capacity,dc80726a8c987e8c3a9171299dac00d03a074311,8b743304c11e7333cadbd5f044e6099133e61329ee00f199c84c0d359b47dc54,fixed,0.85,10,0.35,0.14,699924480,sphere_polar_c02_base_d0p14_a0p85_m16,sphere_mess4,d128l4h2mlp512_700m_seed0_k1,0,1,128,4,trained,single_layer_single_token,belief,1.0,0.2797757509444731,128,153.625,0.27529946929748805
sphere_polar_c02_base_d0p14_a0p85_m16_d128l4h2mlp512_700m_seed0_k1,H-R2-05-polar-ladder-capacity,dc80726a8c987e8c3a9171299dac00d03a074311,8b743304c11e7333cadbd5f044e6099133e61329ee00f199c84c0d359b47dc54,fixed,0.85,10,0.35,0.14,699924480,sphere_polar_c02_base_d0p14_a0p85_m16,sphere_mess4,d128l4h2mlp512_700m_seed0_k1,0,1,128,4,trained,all_block_layers_single_token,physics,1.0,0.9833524118645224,512,38.40625,0.9836480219646486
sphere_polar_c02_base_d0p14_a0p85_m16_d128l4h2mlp512_700m_seed0_k1,H-R2-05-polar-ladder-capacity,dc80726a8c987e8c3a9171299dac00d03a074311,8b743304c11e7333cadbd5f044e6099133e61329ee00f199c84c0d359b47dc54,fixed,0.85,10,0.35,0.14,699924480,sphere_polar_c02_base_d0p14_a0p85_m16,sphere_mess4,d128l4h2mlp512_700m_seed0_k1,0,1,128,4,trained,all_block_layers_single_token,belief,1.0,0.41584691788259653,512,38.40625,0.41504069033593016
sphere_polar_c02_base_d0p14_a0p85_m16_d128l4h2mlp512_700m_seed0_k1,H-R2-05-polar-ladder-capacity,dc80726a8c987e8c3a9171299dac00d03a074311,8b743304c11e7333cadbd5f044e6099133e61329ee00f199c84c0d359b47dc54,fixed,0.85,10,0.35,0.14,699924480,sphere_polar_c02_base_d0p14_a0p85_m16,sphere_mess4,d128l4h2mlp512_700m_seed0_k1,0,1,128,4,trained,embedding_and_all_layers_single_token,physics,1.0,0.9854226070399887,640,30.725,0.986037796683189
sphere_polar_c02_base_d0p14_a0p85_m16_d128l4h2mlp512_700m_seed0_k1,H-R2-05-polar-ladder-capacity,dc80726a8c987e8c3a9171299dac00d03a074311,8b743304c11e7333cadbd5f044e6099133e61329ee00f199c84c0d359b47dc54,fixed,0.85,10,0.35,0.14,699924480,sphere_polar_c02_base_d0p14_a0p85_m16,sphere_mess4,d128l4h2mlp512_700m_seed0_k1,0,1,128,4,trained,embedding_and_all_layers_single_token,belief,10.0,0.42160359368732947,640,30.725,0.42171473311963387
sphere_polar_c02_base_d0p14_a0p85_m16_d128l4h2mlp512_700m_seed0_k1,H-R2-05-polar-ladder-capacity,dc80726a8c987e8c3a9171299dac00d03a074311,8b743304c11e7333cadbd5f044e6099133e61329ee00f199c84c0d359b47dc54,fixed,0.85,10,0.35,0.14,699924480,sphere_polar_c02_base_d0p14_a0p85_m16,sphere_mess4,d128l4h2mlp512_700m_seed0_k1,0,1,128,4,random_init,single_layer_single_token,physics,10.0,0.6561607435215181,128,153.625,0.6581484008663617
sphere_polar_c02_base_d0p14_a0p85_m16_d128l4h2mlp512_700m_seed0_k1,H-R2-05-polar-ladder-capacity,dc80726a8c987e8c3a9171299dac00d03a074311,8b743304c11e7333cadbd5f044e6099133e61329ee00f199c84c0d359b47dc54,fixed,0.85,10,0.35,0.14,699924480,sphere_polar_c02_base_d0p14_a0p85_m16,sphere_mess4,d128l4h2mlp512_700m_seed0_k1,0,1,128,4,random_init,single_layer_single_token,belief,10.0,0.1199675350407313,128,153.625,0.12133118761897788
sphere_polar_c02_base_d0p14_a0p85_m16_d128l4h2mlp512_700m_seed0_k1,H-R2-05-polar-ladder-capacity,dc80726a8c987e8c3a9171299dac00d03a074311,8b743304c11e7333cadbd5f044e6099133e61329ee00f199c84c0d359b47dc54,fixed,0.85,10,0.35,0.14,699924480,sphere_polar_c02_base_d0p14_a0p85_m16,sphere_mess4,d128l4h2mlp512_700m_seed0_k1,0,1,128,4,random_init,all_block_layers_single_token,physics,1.0,0.7283523755967454,512,38.40625,0.7272238033278908
sphere_polar_c02_base_d0p14_a0p85_m16_d128l4h2mlp512_700m_seed0_k1,H-R2-05-polar-ladder-capacity,dc80726a8c987e8c3a9171299dac00d03a074311,8b743304c11e7333cadbd5f044e6099133e61329ee00f199c84c0d359b47dc54,fixed,0.85,10,0.35,0.14,699924480,sphere_polar_c02_base_d0p14_a0p85_m16,sphere_mess4,d128l4h2mlp512_700m_seed0_k1,0,1,128,4,random_init,all_block_layers_single_token,belief,1.0,0.24700325012347996,512,38.40625,0.24581856343315153
sphere_polar_c02_base_d0p14_a0p85_m16_d128l4h2mlp512_700m_seed0_k1,H-R2-05-polar-ladder-capacity,dc80726a8c987e8c3a9171299dac00d03a074311,8b743304c11e7333cadbd5f044e6099133e61329ee00f199c84c0d359b47dc54,fixed,0.85,10,0.35,0.14,699924480,sphere_polar_c02_base_d0p14_a0p85_m16,sphere_mess4,d128l4h2mlp512_700m_seed0_k1,0,1,128,4,random_init,embedding_and_all_layers_single_token,physics,1.0,0.7394909013621244,640,30.725,0.7377868884575596
sphere_polar_c02_base_d0p14_a0p85_m16_d128l4h2mlp512_700m_seed0_k1,H-R2-05-polar-ladder-capacity,dc80726a8c987e8c3a9171299dac00d03a074311,8b743304c11e7333cadbd5f044e6099133e61329ee00f199c84c0d359b47dc54,fixed,0.85,10,0.35,0.14,699924480,sphere_polar_c02_base_d0p14_a0p85_m16,sphere_mess4,d128l4h2mlp512_700m_seed0_k1,0,1,128,4,random_init,embedding_and_all_layers_single_token,belief,1.0,0.26032865741111455,640,30.725,0.2601352967380794
sphere_polar_c02_base_d0p14_a0p85_m16_d128l4h2mlp512_700m_seed0_k11,H-R2-05-polar-ladder-capacity,dc80726a8c987e8c3a9171299dac00d03a074311,b3ff0bce976323e1f985528eb96701b385dd4430432e54170b04596e4414141b,n_plus_one,0.85,10,0.35,0.14,699924480,sphere_polar_c02_base_d0p14_a0p85_m16,sphere_mess4,d128l4h2mlp512_700m_seed0_k11,0,11,128,4,trained,single_layer_single_token,physics,1.0,0.8604050451831152,128,153.625,0.8633695480411865
sphere_polar_c02_base_d0p14_a0p85_m16_d128l4h2mlp512_700m_seed0_k11,H-R2-05-polar-ladder-capacity,dc80726a8c987e8c3a9171299dac00d03a074311,b3ff0bce976323e1f985528eb96701b385dd4430432e54170b04596e4414141b,n_plus_one,0.85,10,0.35,0.14,699924480,sphere_polar_c02_base_d0p14_a0p85_m16,sphere_mess4,d128l4h2mlp512_700m_seed0_k11,0,11,128,4,trained,single_layer_single_token,belief,1.0,0.2678363302535123,128,153.625,0.2663174141335216
sphere_polar_c02_base_d0p14_a0p85_m16_d128l4h2mlp512_700m_seed0_k11,H-R2-05-polar-ladder-capacity,dc80726a8c987e8c3a9171299dac00d03a074311,b3ff0bce976323e1f985528eb96701b385dd4430432e54170b04596e4414141b,n_plus_one,0.85,10,0.35,0.14,699924480,sphere_polar_c02_base_d0p14_a0p85_m16,sphere_mess4,d128l4h2mlp512_700m_seed0_k11,0,11,128,4,trained,all_block_layers_single_token,physics,10.0,0.9698822550220968,512,38.40625,0.9698604053220032
sphere_polar_c02_base_d0p14_a0p85_m16_d128l4h2mlp512_700m_seed0_k11,H-R2-05-polar-ladder-capacity,dc80726a8c987e8c3a9171299dac00d03a074311,b3ff0bce976323e1f985528eb96701b385dd4430432e54170b04596e4414141b,n_plus_one,0.85,10,0.35,0.14,699924480,sphere_polar_c02_base_d0p14_a0p85_m16,sphere_mess4,d128l4h2mlp512_700m_seed0_k11,0,11,128,4,trained,all_block_layers_single_token,belief,10.0,0.43114944420392315,512,38.40625,0.427557206207505
sphere_polar_c02_base_d0p14_a0p85_m16_d128l4h2mlp512_700m_seed0_k11,H-R2-05-polar-ladder-capacity,dc80726a8c987e8c3a9171299dac00d03a074311,b3ff0bce976323e1f985528eb96701b385dd4430432e54170b04596e4414141b,n_plus_one,0.85,10,0.35,0.14,699924480,sphere_polar_c02_base_d0p14_a0p85_m16,sphere_mess4,d128l4h2mlp512_700m_seed0_k11,0,11,128,4,trained,embedding_and_all_layers_single_token,physics,1.0,0.9735621774905906,640,30.725,0.9741555685850933
sphere_polar_c02_base_d0p14_a0p85_m16_d128l4h2mlp512_700m_seed0_k11,H-R2-05-polar-ladder-capacity,dc80726a8c987e8c3a9171299dac00d03a074311,b3ff0bce976323e1f985528eb96701b385dd4430432e54170b04596e4414141b,n_plus_one,0.85,10,0.35,0.14,699924480,sphere_polar_c02_base_d0p14_a0p85_m16,sphere_mess4,d128l4h2mlp512_700m_seed0_k11,0,11,128,4,trained,embedding_and_all_layers_single_token,belief,10.0,0.43659094314497504,640,30.725,0.43542018072330446
sphere_polar_c02_base_d0p14_a0p85_m16_d128l4h2mlp512_700m_seed0_k11,H-R2-05-polar-ladder-capacity,dc80726a8c987e8c3a9171299dac00d03a074311,b3ff0bce976323e1f985528eb96701b385dd4430432e54170b04596e4414141b,n_plus_one,0.85,10,0.35,0.14,699924480,sphere_polar_c02_base_d0p14_a0p85_m16,sphere_mess4,d128l4h2mlp512_700m_seed0_k11,0,11,128,4,random_init,single_layer_single_token,physics,10.0,0.6561607435215181,128,153.625,0.6581484008663617
sphere_polar_c02_base_d0p14_a0p85_m16_d128l4h2mlp512_700m_seed0_k11,H-R2-05-polar-ladder-capacity,dc80726a8c987e8c3a9171299dac00d03a074311,b3ff0bce976323e1f985528eb96701b385dd4430432e54170b04596e4414141b,n_plus_one,0.85,10,0.35,0.14,699924480,sphere_polar_c02_base_d0p14_a0p85_m16,sphere_mess4,d128l4h2mlp512_700m_seed0_k11,0,11,128,4,random_init,single_layer_single_token,belief,10.0,0.1199675350407313,128,153.625,0.12133118761897788
sphere_polar_c02_base_d0p14_a0p85_m16_d128l4h2mlp512_700m_seed0_k11,H-R2-05-polar-ladder-capacity,dc80726a8c987e8c3a9171299dac00d03a074311,b3ff0bce976323e1f985528eb96701b385dd4430432e54170b04596e4414141b,n_plus_one,0.85,10,0.35,0.14,699924480,sphere_polar_c02_base_d0p14_a0p85_m16,sphere_mess4,d128l4h2mlp512_700m_seed0_k11,0,11,128,4,random_init,all_block_layers_single_token,physics,1.0,0.7283523755967454,512,38.40625,0.7272238033278908
sphere_polar_c02_base_d0p14_a0p85_m16_d128l4h2mlp512_700m_seed0_k11,H-R2-05-polar-ladder-capacity,dc80726a8c987e8c3a9171299dac00d03a074311,b3ff0bce976323e1f985528eb96701b385dd4430432e54170b04596e4414141b,n_plus_one,0.85,10,0.35,0.14,699924480,sphere_polar_c02_base_d0p14_a0p85_m16,sphere_mess4,d128l4h2mlp512_700m_seed0_k11,0,11,128,4,random_init,all_block_layers_single_token,belief,1.0,0.24700325012347996,512,38.40625,0.24581856343315153
sphere_polar_c02_base_d0p14_a0p85_m16_d128l4h2mlp512_700m_seed0_k11,H-R2-05-polar-ladder-capacity,dc80726a8c987e8c3a9171299dac00d03a074311,b3ff0bce976323e1f985528eb96701b385dd4430432e54170b04596e4414141b,n_plus_one,0.85,10,0.35,0.14,699924480,sphere_polar_c02_base_d0p14_a0p85_m16,sphere_mess4,d128l4h2mlp512_700m_seed0_k11,0,11,128,4,random_init,embedding_and_all_layers_single_token,physics,1.0,0.7394909013621244,640,30.725,0.7377868884575596
sphere_polar_c02_base_d0p14_a0p85_m16_d128l4h2mlp512_700m_seed0_k11,H-R2-05-polar-ladder-capacity,dc80726a8c987e8c3a9171299dac00d03a074311,b3ff0bce976323e1f985528eb96701b385dd4430432e54170b04596e4414141b,n_plus_one,0.85,10,0.35,0.14,699924480,sphere_polar_c02_base_d0p14_a0p85_m16,sphere_mess4,d128l4h2mlp512_700m_seed0_k11,0,11,128,4,random_init,embedding_and_all_layers_single_token,belief,1.0,0.26032865741111455,640,30.725,0.2601352967380794
sphere_polar_c02_base_d0p14_a0p85_m16_d128l4h2mlp512_700m_seed0_k5,H-R2-05-polar-ladder-capacity,dc80726a8c987e8c3a9171299dac00d03a074311,d3ca74134f2a28bdcbaac17790d0584db2d04ad6a0c27a25508817572eca9d4c,half,0.85,10,0.35,0.14,699924480,sphere_polar_c02_base_d0p14_a0p85_m16,sphere_mess4,d128l4h2mlp512_700m_seed0_k5,0,5,128,4,trained,single_layer_single_token,physics,10.0,0.8731890062346,128,153.625,0.8707065420589161
sphere_polar_c02_base_d0p14_a0p85_m16_d128l4h2mlp512_700m_seed0_k5,H-R2-05-polar-ladder-capacity,dc80726a8c987e8c3a9171299dac00d03a074311,d3ca74134f2a28bdcbaac17790d0584db2d04ad6a0c27a25508817572eca9d4c,half,0.85,10,0.35,0.14,699924480,sphere_polar_c02_base_d0p14_a0p85_m16,sphere_mess4,d128l4h2mlp512_700m_seed0_k5,0,5,128,4,trained,single_layer_single_token,belief,10.0,0.330674396815122,128,153.625,0.3297496116639775
sphere_polar_c02_base_d0p14_a0p85_m16_d128l4h2mlp512_700m_seed0_k5,H-R2-05-polar-ladder-capacity,dc80726a8c987e8c3a9171299dac00d03a074311,d3ca74134f2a28bdcbaac17790d0584db2d04ad6a0c27a25508817572eca9d4c,half,0.85,10,0.35,0.14,699924480,sphere_polar_c02_base_d0p14_a0p85_m16,sphere_mess4,d128l4h2mlp512_700m_seed0_k5,0,5,128,4,trained,all_block_layers_single_token,physics,1.0,0.9823477282922874,512,38.40625,0.9822134581373905
sphere_polar_c02_base_d0p14_a0p85_m16_d128l4h2mlp512_700m_seed0_k5,H-R2-05-polar-ladder-capacity,dc80726a8c987e8c3a9171299dac00d03a074311,d3ca74134f2a28bdcbaac17790d0584db2d04ad6a0c27a25508817572eca9d4c,half,0.85,10,0.35,0.14,699924480,sphere_polar_c02_base_d0p14_a0p85_m16,sphere_mess4,d128l4h2mlp512_700m_seed0_k5,0,5,128,4,trained,all_block_layers_single_token,belief,1.0,0.4803653543161309,512,38.40625,0.48240606470436403
sphere_polar_c02_base_d0p14_a0p85_m16_d128l4h2mlp512_700m_seed0_k5,H-R2-05-polar-ladder-capacity,dc80726a8c987e8c3a9171299dac00d03a074311,d3ca74134f2a28bdcbaac17790d0584db2d04ad6a0c27a25508817572eca9d4c,half,0.85,10,0.35,0.14,699924480,sphere_polar_c02_base_d0p14_a0p85_m16,sphere_mess4,d128l4h2mlp512_700m_seed0_k5,0,5,128,4,trained,embedding_and_all_layers_single_token,physics,1.0,0.9847692584380335,640,30.725,0.9840918902438819
sphere_polar_c02_base_d0p14_a0p85_m16_d128l4h2mlp512_700m_seed0_k5,H-R2-05-polar-ladder-capacity,dc80726a8c987e8c3a9171299dac00d03a074311,d3ca74134f2a28bdcbaac17790d0584db2d04ad6a0c27a25508817572eca9d4c,half,0.85,10,0.35,0.14,699924480,sphere_polar_c02_base_d0p14_a0p85_m16,sphere_mess4,d128l4h2mlp512_700m_seed0_k5,0,5,128,4,trained,embedding_and_all_layers_single_token,belief,10.0,0.4851607313394882,640,30.725,0.4865459286806634
sphere_polar_c02_base_d0p14_a0p85_m16_d128l4h2mlp512_700m_seed0_k5,H-R2-05-polar-ladder-capacity,dc80726a8c987e8c3a9171299dac00d03a074311,d3ca74134f2a28bdcbaac17790d0584db2d04ad6a0c27a25508817572eca9d4c,half,0.85,10,0.35,0.14,699924480,sphere_polar_c02_base_d0p14_a0p85_m16,sphere_mess4,d128l4h2mlp512_700m_seed0_k5,0,5,128,4,random_init,single_layer_single_token,physics,10.0,0.6561607435215181,128,153.625,0.6581484008663617
sphere_polar_c02_base_d0p14_a0p85_m16_d128l4h2mlp512_700m_seed0_k5,H-R2-05-polar-ladder-capacity,dc80726a8c987e8c3a9171299dac00d03a074311,d3ca74134f2a28bdcbaac17790d0584db2d04ad6a0c27a25508817572eca9d4c,half,0.85,10,0.35,0.14,699924480,sphere_polar_c02_base_d0p14_a0p85_m16,sphere_mess4,d128l4h2mlp512_700m_seed0_k5,0,5,128,4,random_init,single_layer_single_token,belief,10.0,0.1199675350407313,128,153.625,0.12133118761897788
sphere_polar_c02_base_d0p14_a0p85_m16_d128l4h2mlp512_700m_seed0_k5,H-R2-05-polar-ladder-capacity,dc80726a8c987e8c3a9171299dac00d03a074311,d3ca74134f2a28bdcbaac17790d0584db2d04ad6a0c27a25508817572eca9d4c,half,0.85,10,0.35,0.14,699924480,sphere_polar_c02_base_d0p14_a0p85_m16,sphere_mess4,d128l4h2mlp512_700m_seed0_k5,0,5,128,4,random_init,all_block_layers_single_token,physics,1.0,0.7283523755967454,512,38.40625,0.7272238033278908
sphere_polar_c02_base_d0p14_a0p85_m16_d128l4h2mlp512_700m_seed0_k5,H-R2-05-polar-ladder-capacity,dc80726a8c987e8c3a9171299dac00d03a074311,d3ca74134f2a28bdcbaac17790d0584db2d04ad6a0c27a25508817572eca9d4c,half,0.85,10,0.35,0.14,699924480,sphere_polar_c02_base_d0p14_a0p85_m16,sphere_mess4,d128l4h2mlp512_700m_seed0_k5,0,5,128,4,random_init,all_block_layers_single_token,belief,1.0,0.24700325012347996,512,38.40625,0.24581856343315153
sphere_polar_c02_base_d0p14_a0p85_m16_d128l4h2mlp512_700m_seed0_k5,H-R2-05-polar-ladder-capacity,dc80726a8c987e8c3a9171299dac00d03a074311,d3ca74134f2a28bdcbaac17790d0584db2d04ad6a0c27a25508817572eca9d4c,half,0.85,10,0.35,0.14,699924480,sphere_polar_c02_base_d0p14_a0p85_m16,sphere_mess4,d128l4h2mlp512_700m_seed0_k5,0,5,128,4,random_init,embedding_and_all_layers_single_token,physics,1.0,0.7394909013621244,640,30.725,0.7377868884575596
sphere_polar_c02_base_d0p14_a0p85_m16_d128l4h2mlp512_700m_seed0_k5,H-R2-05-polar-ladder-capacity,dc80726a8c987e8c3a9171299dac00d03a074311,d3ca74134f2a28bdcbaac17790d0584db2d04ad6a0c27a25508817572eca9d4c,half,0.85,10,0.35,0.14,699924480,sphere_polar_c02_base_d0p14_a0p85_m16,sphere_mess4,d128l4h2mlp512_700m_seed0_k5,0,5,128,4,random_init,embedding_and_all_layers_single_token,belief,1.0,0.26032865741111455,640,30.725,0.2601352967380794
sphere_polar_c02_base_d0p14_a0p95_m16_d128l4h2mlp512_700m_seed0_k1,H-R2-05-polar-ladder-capacity,dc80726a8c987e8c3a9171299dac00d03a074311,a7d079f51ef7cb526e42233d66b4144cdde8cc52c84607b8327a9c8345151fd2,fixed,0.95,10,0.35,0.14,699924480,sphere_polar_c02_base_d0p14_a0p95_m16,sphere_mess4,d128l4h2mlp512_700m_seed0_k1,0,1,128,4,trained,single_layer_single_token,physics,1.0,0.8803912598292728,128,153.75,0.8804027360343335
sphere_polar_c02_base_d0p14_a0p95_m16_d128l4h2mlp512_700m_seed0_k1,H-R2-05-polar-ladder-capacity,dc80726a8c987e8c3a9171299dac00d03a074311,a7d079f51ef7cb526e42233d66b4144cdde8cc52c84607b8327a9c8345151fd2,fixed,0.95,10,0.35,0.14,699924480,sphere_polar_c02_base_d0p14_a0p95_m16,sphere_mess4,d128l4h2mlp512_700m_seed0_k1,0,1,128,4,trained,single_layer_single_token,belief,10.0,0.3150589843021446,128,153.75,0.31274670662557946
sphere_polar_c02_base_d0p14_a0p95_m16_d128l4h2mlp512_700m_seed0_k1,H-R2-05-polar-ladder-capacity,dc80726a8c987e8c3a9171299dac00d03a074311,a7d079f51ef7cb526e42233d66b4144cdde8cc52c84607b8327a9c8345151fd2,fixed,0.95,10,0.35,0.14,699924480,sphere_polar_c02_base_d0p14_a0p95_m16,sphere_mess4,d128l4h2mlp512_700m_seed0_k1,0,1,128,4,trained,all_block_layers_single_token,physics,1.0,0.98467031360882,512,38.4375,0.9853791051185168
sphere_polar_c02_base_d0p14_a0p95_m16_d128l4h2mlp512_700m_seed0_k1,H-R2-05-polar-ladder-capacity,dc80726a8c987e8c3a9171299dac00d03a074311,a7d079f51ef7cb526e42233d66b4144cdde8cc52c84607b8327a9c8345151fd2,fixed,0.95,10,0.35,0.14,699924480,sphere_polar_c02_base_d0p14_a0p95_m16,sphere_mess4,d128l4h2mlp512_700m_seed0_k1,0,1,128,4,trained,all_block_layers_single_token,belief,10.0,0.4701332484382935,512,38.4375,0.4679666687497791
sphere_polar_c02_base_d0p14_a0p95_m16_d128l4h2mlp512_700m_seed0_k1,H-R2-05-polar-ladder-capacity,dc80726a8c987e8c3a9171299dac00d03a074311,a7d079f51ef7cb526e42233d66b4144cdde8cc52c84607b8327a9c8345151fd2,fixed,0.95,10,0.35,0.14,699924480,sphere_polar_c02_base_d0p14_a0p95_m16,sphere_mess4,d128l4h2mlp512_700m_seed0_k1,0,1,128,4,trained,embedding_and_all_layers_single_token,physics,1.0,0.9876149186248371,640,30.75,0.9881109880238308
sphere_polar_c02_base_d0p14_a0p95_m16_d128l4h2mlp512_700m_seed0_k1,H-R2-05-polar-ladder-capacity,dc80726a8c987e8c3a9171299dac00d03a074311,a7d079f51ef7cb526e42233d66b4144cdde8cc52c84607b8327a9c8345151fd2,fixed,0.95,10,0.35,0.14,699924480,sphere_polar_c02_base_d0p14_a0p95_m16,sphere_mess4,d128l4h2mlp512_700m_seed0_k1,0,1,128,4,trained,embedding_and_all_layers_single_token,belief,10.0,0.4773816978791409,640,30.75,0.4763836632808123
sphere_polar_c02_base_d0p14_a0p95_m16_d128l4h2mlp512_700m_seed0_k1,H-R2-05-polar-ladder-capacity,dc80726a8c987e8c3a9171299dac00d03a074311,a7d079f51ef7cb526e42233d66b4144cdde8cc52c84607b8327a9c8345151fd2,fixed,0.95,10,0.35,0.14,699924480,sphere_polar_c02_base_d0p14_a0p95_m16,sphere_mess4,d128l4h2mlp512_700m_seed0_k1,0,1,128,4,random_init,single_layer_single_token,physics,1.0,0.6672451136347934,128,153.75,0.6791272259345285
sphere_polar_c02_base_d0p14_a0p95_m16_d128l4h2mlp512_700m_seed0_k1,H-R2-05-polar-ladder-capacity,dc80726a8c987e8c3a9171299dac00d03a074311,a7d079f51ef7cb526e42233d66b4144cdde8cc52c84607b8327a9c8345151fd2,fixed,0.95,10,0.35,0.14,699924480,sphere_polar_c02_base_d0p14_a0p95_m16,sphere_mess4,d128l4h2mlp512_700m_seed0_k1,0,1,128,4,random_init,single_layer_single_token,belief,10.0,0.13392162607610753,128,153.75,0.13023183205870614
sphere_polar_c02_base_d0p14_a0p95_m16_d128l4h2mlp512_700m_seed0_k1,H-R2-05-polar-ladder-capacity,dc80726a8c987e8c3a9171299dac00d03a074311,a7d079f51ef7cb526e42233d66b4144cdde8cc52c84607b8327a9c8345151fd2,fixed,0.95,10,0.35,0.14,699924480,sphere_polar_c02_base_d0p14_a0p95_m16,sphere_mess4,d128l4h2mlp512_700m_seed0_k1,0,1,128,4,random_init,all_block_layers_single_token,physics,1.0,0.7515101616173596,512,38.4375,0.7549064168828412
sphere_polar_c02_base_d0p14_a0p95_m16_d128l4h2mlp512_700m_seed0_k1,H-R2-05-polar-ladder-capacity,dc80726a8c987e8c3a9171299dac00d03a074311,a7d079f51ef7cb526e42233d66b4144cdde8cc52c84607b8327a9c8345151fd2,fixed,0.95,10,0.35,0.14,699924480,sphere_polar_c02_base_d0p14_a0p95_m16,sphere_mess4,d128l4h2mlp512_700m_seed0_k1,0,1,128,4,random_init,all_block_layers_single_token,belief,1.0,0.26488116582152355,512,38.4375,0.26685617172049075
sphere_polar_c02_base_d0p14_a0p95_m16_d128l4h2mlp512_700m_seed0_k1,H-R2-05-polar-ladder-capacity,dc80726a8c987e8c3a9171299dac00d03a074311,a7d079f51ef7cb526e42233d66b4144cdde8cc52c84607b8327a9c8345151fd2,fixed,0.95,10,0.35,0.14,699924480,sphere_polar_c02_base_d0p14_a0p95_m16,sphere_mess4,d128l4h2mlp512_700m_seed0_k1,0,1,128,4,random_init,embedding_and_all_layers_single_token,physics,1.0,0.7625838913151268,640,30.75,0.7645053655895919
sphere_polar_c02_base_d0p14_a0p95_m16_d128l4h2mlp512_700m_seed0_k1,H-R2-05-polar-ladder-capacity,dc80726a8c987e8c3a9171299dac00d03a074311,a7d079f51ef7cb526e42233d66b4144cdde8cc52c84607b8327a9c8345151fd2,fixed,0.95,10,0.35,0.14,699924480,sphere_polar_c02_base_d0p14_a0p95_m16,sphere_mess4,d128l4h2mlp512_700m_seed0_k1,0,1,128,4,random_init,embedding_and_all_layers_single_token,belief,1.0,0.27649655219732827,640,30.75,0.2795210168128919
sphere_polar_c02_base_d0p14_a0p95_m16_d128l4h2mlp512_700m_seed0_k11,H-R2-05-polar-ladder-capacity,dc80726a8c987e8c3a9171299dac00d03a074311,a90dafea5eb21f1b04b36f6c002c4831e6159022a69e9ff99a62f75e18ee337f,n_plus_one,0.95,10,0.35,0.14,699924480,sphere_polar_c02_base_d0p14_a0p95_m16,sphere_mess4,d128l4h2mlp512_700m_seed0_k11,0,11,128,4,trained,single_layer_single_token,physics,1.0,0.8422490897465242,128,153.75,0.8462038318617152
sphere_polar_c02_base_d0p14_a0p95_m16_d128l4h2mlp512_700m_seed0_k11,H-R2-05-polar-ladder-capacity,dc80726a8c987e8c3a9171299dac00d03a074311,a90dafea5eb21f1b04b36f6c002c4831e6159022a69e9ff99a62f75e18ee337f,n_plus_one,0.95,10,0.35,0.14,699924480,sphere_polar_c02_base_d0p14_a0p95_m16,sphere_mess4,d128l4h2mlp512_700m_seed0_k11,0,11,128,4,trained,single_layer_single_token,belief,10.0,0.3137470322125646,128,153.75,0.30841459604631116
sphere_polar_c02_base_d0p14_a0p95_m16_d128l4h2mlp512_700m_seed0_k11,H-R2-05-polar-ladder-capacity,dc80726a8c987e8c3a9171299dac00d03a074311,a90dafea5eb21f1b04b36f6c002c4831e6159022a69e9ff99a62f75e18ee337f,n_plus_one,0.95,10,0.35,0.14,699924480,sphere_polar_c02_base_d0p14_a0p95_m16,sphere_mess4,d128l4h2mlp512_700m_seed0_k11,0,11,128,4,trained,all_block_layers_single_token,physics,10.0,0.9658989305925508,512,38.4375,0.9698269195105615
sphere_polar_c02_base_d0p14_a0p95_m16_d128l4h2mlp512_700m_seed0_k11,H-R2-05-polar-ladder-capacity,dc80726a8c987e8c3a9171299dac00d03a074311,a90dafea5eb21f1b04b36f6c002c4831e6159022a69e9ff99a62f75e18ee337f,n_plus_one,0.95,10,0.35,0.14,699924480,sphere_polar_c02_base_d0p14_a0p95_m16,sphere_mess4,d128l4h2mlp512_700m_seed0_k11,0,11,128,4,trained,all_block_layers_single_token,belief,10.0,0.5281658209652065,512,38.4375,0.539629268692402
sphere_polar_c02_base_d0p14_a0p95_m16_d128l4h2mlp512_700m_seed0_k11,H-R2-05-polar-ladder-capacity,dc80726a8c987e8c3a9171299dac00d03a074311,a90dafea5eb21f1b04b36f6c002c4831e6159022a69e9ff99a62f75e18ee337f,n_plus_one,0.95,10,0.35,0.14,699924480,sphere_polar_c02_base_d0p14_a0p95_m16,sphere_mess4,d128l4h2mlp512_700m_seed0_k11,0,11,128,4,trained,embedding_and_all_layers_single_token,physics,1.0,0.9702896472079471,640,30.75,0.9734732089603109
sphere_polar_c02_base_d0p14_a0p95_m16_d128l4h2mlp512_700m_seed0_k11,H-R2-05-polar-ladder-capacity,dc80726a8c987e8c3a9171299dac00d03a074311,a90dafea5eb21f1b04b36f6c002c4831e6159022a69e9ff99a62f75e18ee337f,n_plus_one,0.95,10,0.35,0.14,699924480,sphere_polar_c02_base_d0p14_a0p95_m16,sphere_mess4,d128l4h2mlp512_700m_seed0_k11,0,11,128,4,trained,embedding_and_all_layers_single_token,belief,10.0,0.536243086326961,640,30.75,0.5448847494834828
sphere_polar_c02_base_d0p14_a0p95_m16_d128l4h2mlp512_700m_seed0_k11,H-R2-05-polar-ladder-capacity,dc80726a8c987e8c3a9171299dac00d03a074311,a90dafea5eb21f1b04b36f6c002c4831e6159022a69e9ff99a62f75e18ee337f,n_plus_one,0.95,10,0.35,0.14,699924480,sphere_polar_c02_base_d0p14_a0p95_m16,sphere_mess4,d128l4h2mlp512_700m_seed0_k11,0,11,128,4,random_init,single_layer_single_token,physics,1.0,0.6672451136347934,128,153.75,0.6791272259345285
sphere_polar_c02_base_d0p14_a0p95_m16_d128l4h2mlp512_700m_seed0_k11,H-R2-05-polar-ladder-capacity,dc80726a8c987e8c3a9171299dac00d03a074311,a90dafea5eb21f1b04b36f6c002c4831e6159022a69e9ff99a62f75e18ee337f,n_plus_one,0.95,10,0.35,0.14,699924480,sphere_polar_c02_base_d0p14_a0p95_m16,sphere_mess4,d128l4h2mlp512_700m_seed0_k11,0,11,128,4,random_init,single_layer_single_token,belief,10.0,0.13392162607610753,128,153.75,0.13023183205870614
sphere_polar_c02_base_d0p14_a0p95_m16_d128l4h2mlp512_700m_seed0_k11,H-R2-05-polar-ladder-capacity,dc80726a8c987e8c3a9171299dac00d03a074311,a90dafea5eb21f1b04b36f6c002c4831e6159022a69e9ff99a62f75e18ee337f,n_plus_one,0.95,10,0.35,0.14,699924480,sphere_polar_c02_base_d0p14_a0p95_m16,sphere_mess4,d128l4h2mlp512_700m_seed0_k11,0,11,128,4,random_init,all_block_layers_single_token,physics,1.0,0.7515101616173596,512,38.4375,0.7549064168828412
sphere_polar_c02_base_d0p14_a0p95_m16_d128l4h2mlp512_700m_seed0_k11,H-R2-05-polar-ladder-capacity,dc80726a8c987e8c3a9171299dac00d03a074311,a90dafea5eb21f1b04b36f6c002c4831e6159022a69e9ff99a62f75e18ee337f,n_plus_one,0.95,10,0.35,0.14,699924480,sphere_polar_c02_base_d0p14_a0p95_m16,sphere_mess4,d128l4h2mlp512_700m_seed0_k11,0,11,128,4,random_init,all_block_layers_single_token,belief,1.0,0.26488116582152355,512,38.4375,0.26685617172049075
sphere_polar_c02_base_d0p14_a0p95_m16_d128l4h2mlp512_700m_seed0_k11,H-R2-05-polar-ladder-capacity,dc80726a8c987e8c3a9171299dac00d03a074311,a90dafea5eb21f1b04b36f6c002c4831e6159022a69e9ff99a62f75e18ee337f,n_plus_one,0.95,10,0.35,0.14,699924480,sphere_polar_c02_base_d0p14_a0p95_m16,sphere_mess4,d128l4h2mlp512_700m_seed0_k11,0,11,128,4,random_init,embedding_and_all_layers_single_token,physics,1.0,0.7625838913151268,640,30.75,0.7645053655895919
sphere_polar_c02_base_d0p14_a0p95_m16_d128l4h2mlp512_700m_seed0_k11,H-R2-05-polar-ladder-capacity,dc80726a8c987e8c3a9171299dac00d03a074311,a90dafea5eb21f1b04b36f6c002c4831e6159022a69e9ff99a62f75e18ee337f,n_plus_one,0.95,10,0.35,0.14,699924480,sphere_polar_c02_base_d0p14_a0p95_m16,sphere_mess4,d128l4h2mlp512_700m_seed0_k11,0,11,128,4,random_init,embedding_and_all_layers_single_token,belief,1.0,0.27649655219732827,640,30.75,0.2795210168128919
sphere_polar_c02_base_d0p14_a0p95_m16_d128l4h2mlp512_700m_seed0_k5,H-R2-05-polar-ladder-capacity,dc80726a8c987e8c3a9171299dac00d03a074311,0d9ae89c8a4e22f2a1bf6941be9bc11f1fe9441a49eb5a035fb940af655755e5,half,0.95,10,0.35,0.14,699924480,sphere_polar_c02_base_d0p14_a0p95_m16,sphere_mess4,d128l4h2mlp512_700m_seed0_k5,0,5,128,4,trained,single_layer_single_token,physics,1.0,0.8632876496377591,128,153.75,0.8638543826214315
sphere_polar_c02_base_d0p14_a0p95_m16_d128l4h2mlp512_700m_seed0_k5,H-R2-05-polar-ladder-capacity,dc80726a8c987e8c3a9171299dac00d03a074311,0d9ae89c8a4e22f2a1bf6941be9bc11f1fe9441a49eb5a035fb940af655755e5,half,0.95,10,0.35,0.14,699924480,sphere_polar_c02_base_d0p14_a0p95_m16,sphere_mess4,d128l4h2mlp512_700m_seed0_k5,0,5,128,4,trained,single_layer_single_token,belief,10.0,0.41653503267418435,128,153.75,0.42313659895062905
sphere_polar_c02_base_d0p14_a0p95_m16_d128l4h2mlp512_700m_seed0_k5,H-R2-05-polar-ladder-capacity,dc80726a8c987e8c3a9171299dac00d03a074311,0d9ae89c8a4e22f2a1bf6941be9bc11f1fe9441a49eb5a035fb940af655755e5,half,0.95,10,0.35,0.14,699924480,sphere_polar_c02_base_d0p14_a0p95_m16,sphere_mess4,d128l4h2mlp512_700m_seed0_k5,0,5,128,4,trained,all_block_layers_single_token,physics,1.0,0.9864790272827508,512,38.4375,0.9876103621662023
sphere_polar_c02_base_d0p14_a0p95_m16_d128l4h2mlp512_700m_seed0_k5,H-R2-05-polar-ladder-capacity,dc80726a8c987e8c3a9171299dac00d03a074311,0d9ae89c8a4e22f2a1bf6941be9bc11f1fe9441a49eb5a035fb940af655755e5,half,0.95,10,0.35,0.14,699924480,sphere_polar_c02_base_d0p14_a0p95_m16,sphere_mess4,d128l4h2mlp512_700m_seed0_k5,0,5,128,4,trained,all_block_layers_single_token,belief,10.0,0.5952080803996007,512,38.4375,0.5988848658539434
sphere_polar_c02_base_d0p14_a0p95_m16_d128l4h2mlp512_700m_seed0_k5,H-R2-05-polar-ladder-capacity,dc80726a8c987e8c3a9171299dac00d03a074311,0d9ae89c8a4e22f2a1bf6941be9bc11f1fe9441a49eb5a035fb940af655755e5,half,0.95,10,0.35,0.14,699924480,sphere_polar_c02_base_d0p14_a0p95_m16,sphere_mess4,d128l4h2mlp512_700m_seed0_k5,0,5,128,4,trained,embedding_and_all_layers_single_token,physics,1.0,0.9887441326784008,640,30.75,0.9895212501916533
sphere_polar_c02_base_d0p14_a0p95_m16_d128l4h2mlp512_700m_seed0_k5,H-R2-05-polar-ladder-capacity,dc80726a8c987e8c3a9171299dac00d03a074311,0d9ae89c8a4e22f2a1bf6941be9bc11f1fe9441a49eb5a035fb940af655755e5,half,0.95,10,0.35,0.14,699924480,sphere_polar_c02_base_d0p14_a0p95_m16,sphere_mess4,d128l4h2mlp512_700m_seed0_k5,0,5,128,4,trained,embedding_and_all_layers_single_token,belief,10.0,0.6024289572955496,640,30.75,0.6059603051404061
sphere_polar_c02_base_d0p14_a0p95_m16_d128l4h2mlp512_700m_seed0_k5,H-R2-05-polar-ladder-capacity,dc80726a8c987e8c3a9171299dac00d03a074311,0d9ae89c8a4e22f2a1bf6941be9bc11f1fe9441a49eb5a035fb940af655755e5,half,0.95,10,0.35,0.14,699924480,sphere_polar_c02_base_d0p14_a0p95_m16,sphere_mess4,d128l4h2mlp512_700m_seed0_k5,0,5,128,4,random_init,single_layer_single_token,physics,1.0,0.6672451136347934,128,153.75,0.6791272259345285
sphere_polar_c02_base_d0p14_a0p95_m16_d128l4h2mlp512_700m_seed0_k5,H-R2-05-polar-ladder-capacity,dc80726a8c987e8c3a9171299dac00d03a074311,0d9ae89c8a4e22f2a1bf6941be9bc11f1fe9441a49eb5a035fb940af655755e5,half,0.95,10,0.35,0.14,699924480,sphere_polar_c02_base_d0p14_a0p95_m16,sphere_mess4,d128l4h2mlp512_700m_seed0_k5,0,5,128,4,random_init,single_layer_single_token,belief,10.0,0.13392162607610753,128,153.75,0.13023183205870614
sphere_polar_c02_base_d0p14_a0p95_m16_d128l4h2mlp512_700m_seed0_k5,H-R2-05-polar-ladder-capacity,dc80726a8c987e8c3a9171299dac00d03a074311,0d9ae89c8a4e22f2a1bf6941be9bc11f1fe9441a49eb5a035fb940af655755e5,half,0.95,10,0.35,0.14,699924480,sphere_polar_c02_base_d0p14_a0p95_m16,sphere_mess4,d128l4h2mlp512_700m_seed0_k5,0,5,128,4,random_init,all_block_layers_single_token,physics,1.0,0.7515101616173596,512,38.4375,0.7549064168828412
sphere_polar_c02_base_d0p14_a0p95_m16_d128l4h2mlp512_700m_seed0_k5,H-R2-05-polar-ladder-capacity,dc80726a8c987e8c3a9171299dac00d03a074311,0d9ae89c8a4e22f2a1bf6941be9bc11f1fe9441a49eb5a035fb940af655755e5,half,0.95,10,0.35,0.14,699924480,sphere_polar_c02_base_d0p14_a0p95_m16,sphere_mess4,d128l4h2mlp512_700m_seed0_k5,0,5,128,4,random_init,all_block_layers_single_token,belief,1.0,0.26488116582152355,512,38.4375,0.26685617172049075
sphere_polar_c02_base_d0p14_a0p95_m16_d128l4h2mlp512_700m_seed0_k5,H-R2-05-polar-ladder-capacity,dc80726a8c987e8c3a9171299dac00d03a074311,0d9ae89c8a4e22f2a1bf6941be9bc11f1fe9441a49eb5a035fb940af655755e5,half,0.95,10,0.35,0.14,699924480,sphere_polar_c02_base_d0p14_a0p95_m16,sphere_mess4,d128l4h2mlp512_700m_seed0_k5,0,5,128,4,random_init,embedding_and_all_layers_single_token,physics,1.0,0.7625838913151268,640,30.75,0.7645053655895919
sphere_polar_c02_base_d0p14_a0p95_m16_d128l4h2mlp512_700m_seed0_k5,H-R2-05-polar-ladder-capacity,dc80726a8c987e8c3a9171299dac00d03a074311,0d9ae89c8a4e22f2a1bf6941be9bc11f1fe9441a49eb5a035fb940af655755e5,half,0.95,10,0.35,0.14,699924480,sphere_polar_c02_base_d0p14_a0p95_m16,sphere_mess4,d128l4h2mlp512_700m_seed0_k5,0,5,128,4,random_init,embedding_and_all_layers_single_token,belief,1.0,0.27649655219732827,640,30.75,0.2795210168128919
sphere_polar_c03_n_up_gamma_down_d0p1_a0p5_m16_d128l4h2mlp512_700m_seed0_k1,H-R2-05-polar-ladder-capacity,dc80726a8c987e8c3a9171299dac00d03a074311,f08d1f8b86eebd49c661aeba6683822bcb007304aaeedb268928db85ff48a38b,fixed,0.5,20,0.175,0.1,699924480,sphere_polar_c03_n_up_gamma_down_d0p1_a0p5_m16,sphere_mess4,d128l4h2mlp512_700m_seed0_k1,0,1,128,4,trained,single_layer_single_token,physics,1.0,0.9043525562258816,128,153.5,0.9056913090785632
sphere_polar_c03_n_up_gamma_down_d0p1_a0p5_m16_d128l4h2mlp512_700m_seed0_k1,H-R2-05-polar-ladder-capacity,dc80726a8c987e8c3a9171299dac00d03a074311,f08d1f8b86eebd49c661aeba6683822bcb007304aaeedb268928db85ff48a38b,fixed,0.5,20,0.175,0.1,699924480,sphere_polar_c03_n_up_gamma_down_d0p1_a0p5_m16,sphere_mess4,d128l4h2mlp512_700m_seed0_k1,0,1,128,4,trained,single_layer_single_token,belief,10.0,0.1510373535228537,128,153.5,0.1522513381813458
sphere_polar_c03_n_up_gamma_down_d0p1_a0p5_m16_d128l4h2mlp512_700m_seed0_k1,H-R2-05-polar-ladder-capacity,dc80726a8c987e8c3a9171299dac00d03a074311,f08d1f8b86eebd49c661aeba6683822bcb007304aaeedb268928db85ff48a38b,fixed,0.5,20,0.175,0.1,699924480,sphere_polar_c03_n_up_gamma_down_d0p1_a0p5_m16,sphere_mess4,d128l4h2mlp512_700m_seed0_k1,0,1,128,4,trained,all_block_layers_single_token,physics,1.0,0.975181633930744,512,38.375,0.9800632057954353
sphere_polar_c03_n_up_gamma_down_d0p1_a0p5_m16_d128l4h2mlp512_700m_seed0_k1,H-R2-05-polar-ladder-capacity,dc80726a8c987e8c3a9171299dac00d03a074311,f08d1f8b86eebd49c661aeba6683822bcb007304aaeedb268928db85ff48a38b,fixed,0.5,20,0.175,0.1,699924480,sphere_polar_c03_n_up_gamma_down_d0p1_a0p5_m16,sphere_mess4,d128l4h2mlp512_700m_seed0_k1,0,1,128,4,trained,all_block_layers_single_token,belief,1.0,0.2929965239826684,512,38.375,0.28639988727793586
sphere_polar_c03_n_up_gamma_down_d0p1_a0p5_m16_d128l4h2mlp512_700m_seed0_k1,H-R2-05-polar-ladder-capacity,dc80726a8c987e8c3a9171299dac00d03a074311,f08d1f8b86eebd49c661aeba6683822bcb007304aaeedb268928db85ff48a38b,fixed,0.5,20,0.175,0.1,699924480,sphere_polar_c03_n_up_gamma_down_d0p1_a0p5_m16,sphere_mess4,d128l4h2mlp512_700m_seed0_k1,0,1,128,4,trained,embedding_and_all_layers_single_token,physics,1.0,0.9776611511688401,640,30.7,0.9819826266745776
sphere_polar_c03_n_up_gamma_down_d0p1_a0p5_m16_d128l4h2mlp512_700m_seed0_k1,H-R2-05-polar-ladder-capacity,dc80726a8c987e8c3a9171299dac00d03a074311,f08d1f8b86eebd49c661aeba6683822bcb007304aaeedb268928db85ff48a38b,fixed,0.5,20,0.175,0.1,699924480,sphere_polar_c03_n_up_gamma_down_d0p1_a0p5_m16,sphere_mess4,d128l4h2mlp512_700m_seed0_k1,0,1,128,4,trained,embedding_and_all_layers_single_token,belief,1.0,0.30311334363670234,640,30.7,0.297290228605932
sphere_polar_c03_n_up_gamma_down_d0p1_a0p5_m16_d128l4h2mlp512_700m_seed0_k1,H-R2-05-polar-ladder-capacity,dc80726a8c987e8c3a9171299dac00d03a074311,f08d1f8b86eebd49c661aeba6683822bcb007304aaeedb268928db85ff48a38b,fixed,0.5,20,0.175,0.1,699924480,sphere_polar_c03_n_up_gamma_down_d0p1_a0p5_m16,sphere_mess4,d128l4h2mlp512_700m_seed0_k1,0,1,128,4,random_init,single_layer_single_token,physics,10.0,0.7402856796184232,128,153.5,0.7461879775796378
sphere_polar_c03_n_up_gamma_down_d0p1_a0p5_m16_d128l4h2mlp512_700m_seed0_k1,H-R2-05-polar-ladder-capacity,dc80726a8c987e8c3a9171299dac00d03a074311,f08d1f8b86eebd49c661aeba6683822bcb007304aaeedb268928db85ff48a38b,fixed,0.5,20,0.175,0.1,699924480,sphere_polar_c03_n_up_gamma_down_d0p1_a0p5_m16,sphere_mess4,d128l4h2mlp512_700m_seed0_k1,0,1,128,4,random_init,single_layer_single_token,belief,10.0,0.12393741212884049,128,153.5,0.12656696679014998
sphere_polar_c03_n_up_gamma_down_d0p1_a0p5_m16_d128l4h2mlp512_700m_seed0_k1,H-R2-05-polar-ladder-capacity,dc80726a8c987e8c3a9171299dac00d03a074311,f08d1f8b86eebd49c661aeba6683822bcb007304aaeedb268928db85ff48a38b,fixed,0.5,20,0.175,0.1,699924480,sphere_polar_c03_n_up_gamma_down_d0p1_a0p5_m16,sphere_mess4,d128l4h2mlp512_700m_seed0_k1,0,1,128,4,random_init,all_block_layers_single_token,physics,1.0,0.7803703375319043,512,38.375,0.7895666397385321
sphere_polar_c03_n_up_gamma_down_d0p1_a0p5_m16_d128l4h2mlp512_700m_seed0_k1,H-R2-05-polar-ladder-capacity,dc80726a8c987e8c3a9171299dac00d03a074311,f08d1f8b86eebd49c661aeba6683822bcb007304aaeedb268928db85ff48a38b,fixed,0.5,20,0.175,0.1,699924480,sphere_polar_c03_n_up_gamma_down_d0p1_a0p5_m16,sphere_mess4,d128l4h2mlp512_700m_seed0_k1,0,1,128,4,random_init,all_block_layers_single_token,belief,1.0,0.20059733297441829,512,38.375,0.20295588995231442
sphere_polar_c03_n_up_gamma_down_d0p1_a0p5_m16_d128l4h2mlp512_700m_seed0_k1,H-R2-05-polar-ladder-capacity,dc80726a8c987e8c3a9171299dac00d03a074311,f08d1f8b86eebd49c661aeba6683822bcb007304aaeedb268928db85ff48a38b,fixed,0.5,20,0.175,0.1,699924480,sphere_polar_c03_n_up_gamma_down_d0p1_a0p5_m16,sphere_mess4,d128l4h2mlp512_700m_seed0_k1,0,1,128,4,random_init,embedding_and_all_layers_single_token,physics,1.0,0.7867855879230758,640,30.7,0.7965128067429694
sphere_polar_c03_n_up_gamma_down_d0p1_a0p5_m16_d128l4h2mlp512_700m_seed0_k1,H-R2-05-polar-ladder-capacity,dc80726a8c987e8c3a9171299dac00d03a074311,f08d1f8b86eebd49c661aeba6683822bcb007304aaeedb268928db85ff48a38b,fixed,0.5,20,0.175,0.1,699924480,sphere_polar_c03_n_up_gamma_down_d0p1_a0p5_m16,sphere_mess4,d128l4h2mlp512_700m_seed0_k1,0,1,128,4,random_init,embedding_and_all_layers_single_token,belief,1.0,0.2122088677380682,640,30.7,0.2157196938133706
sphere_polar_c03_n_up_gamma_down_d0p1_a0p5_m16_d128l4h2mlp512_700m_seed0_k10,H-R2-05-polar-ladder-capacity,dc80726a8c987e8c3a9171299dac00d03a074311,51224e2691f3855d13961183e66cdfe475df32a182b61c0c99a2b409002b741e,half,0.5,20,0.175,0.1,699924480,sphere_polar_c03_n_up_gamma_down_d0p1_a0p5_m16,sphere_mess4,d128l4h2mlp512_700m_seed0_k10,0,10,128,4,trained,single_layer_single_token,physics,1.0,0.892303717313879,128,153.5,0.8962053952400244
sphere_polar_c03_n_up_gamma_down_d0p1_a0p5_m16_d128l4h2mlp512_700m_seed0_k10,H-R2-05-polar-ladder-capacity,dc80726a8c987e8c3a9171299dac00d03a074311,51224e2691f3855d13961183e66cdfe475df32a182b61c0c99a2b409002b741e,half,0.5,20,0.175,0.1,699924480,sphere_polar_c03_n_up_gamma_down_d0p1_a0p5_m16,sphere_mess4,d128l4h2mlp512_700m_seed0_k10,0,10,128,4,trained,single_layer_single_token,belief,10.0,0.17874646173601738,128,153.5,0.17603152055235533
sphere_polar_c03_n_up_gamma_down_d0p1_a0p5_m16_d128l4h2mlp512_700m_seed0_k10,H-R2-05-polar-ladder-capacity,dc80726a8c987e8c3a9171299dac00d03a074311,51224e2691f3855d13961183e66cdfe475df32a182b61c0c99a2b409002b741e,half,0.5,20,0.175,0.1,699924480,sphere_polar_c03_n_up_gamma_down_d0p1_a0p5_m16,sphere_mess4,d128l4h2mlp512_700m_seed0_k10,0,10,128,4,trained,all_block_layers_single_token,physics,1.0,0.976488600448119,512,38.375,0.9790419431539035
sphere_polar_c03_n_up_gamma_down_d0p1_a0p5_m16_d128l4h2mlp512_700m_seed0_k10,H-R2-05-polar-ladder-capacity,dc80726a8c987e8c3a9171299dac00d03a074311,51224e2691f3855d13961183e66cdfe475df32a182b61c0c99a2b409002b741e,half,0.5,20,0.175,0.1,699924480,sphere_polar_c03_n_up_gamma_down_d0p1_a0p5_m16,sphere_mess4,d128l4h2mlp512_700m_seed0_k10,0,10,128,4,trained,all_block_layers_single_token,belief,1.0,0.32376478379385093,512,38.375,0.30959226488458685
sphere_polar_c03_n_up_gamma_down_d0p1_a0p5_m16_d128l4h2mlp512_700m_seed0_k10,H-R2-05-polar-ladder-capacity,dc80726a8c987e8c3a9171299dac00d03a074311,51224e2691f3855d13961183e66cdfe475df32a182b61c0c99a2b409002b741e,half,0.5,20,0.175,0.1,699924480,sphere_polar_c03_n_up_gamma_down_d0p1_a0p5_m16,sphere_mess4,d128l4h2mlp512_700m_seed0_k10,0,10,128,4,trained,embedding_and_all_layers_single_token,physics,1.0,0.9790579335335625,640,30.7,0.9815410795081215
sphere_polar_c03_n_up_gamma_down_d0p1_a0p5_m16_d128l4h2mlp512_700m_seed0_k10,H-R2-05-polar-ladder-capacity,dc80726a8c987e8c3a9171299dac00d03a074311,51224e2691f3855d13961183e66cdfe475df32a182b61c0c99a2b409002b741e,half,0.5,20,0.175,0.1,699924480,sphere_polar_c03_n_up_gamma_down_d0p1_a0p5_m16,sphere_mess4,d128l4h2mlp512_700m_seed0_k10,0,10,128,4,trained,embedding_and_all_layers_single_token,belief,1.0,0.33054188517968963,640,30.7,0.3185712878539002
sphere_polar_c03_n_up_gamma_down_d0p1_a0p5_m16_d128l4h2mlp512_700m_seed0_k10,H-R2-05-polar-ladder-capacity,dc80726a8c987e8c3a9171299dac00d03a074311,51224e2691f3855d13961183e66cdfe475df32a182b61c0c99a2b409002b741e,half,0.5,20,0.175,0.1,699924480,sphere_polar_c03_n_up_gamma_down_d0p1_a0p5_m16,sphere_mess4,d128l4h2mlp512_700m_seed0_k10,0,10,128,4,random_init,single_layer_single_token,physics,10.0,0.7402856796184232,128,153.5,0.7461879775796378
sphere_polar_c03_n_up_gamma_down_d0p1_a0p5_m16_d128l4h2mlp512_700m_seed0_k10,H-R2-05-polar-ladder-capacity,dc80726a8c987e8c3a9171299dac00d03a074311,51224e2691f3855d13961183e66cdfe475df32a182b61c0c99a2b409002b741e,half,0.5,20,0.175,0.1,699924480,sphere_polar_c03_n_up_gamma_down_d0p1_a0p5_m16,sphere_mess4,d128l4h2mlp512_700m_seed0_k10,0,10,128,4,random_init,single_layer_single_token,belief,10.0,0.12393741212884049,128,153.5,0.12656696679014998
sphere_polar_c03_n_up_gamma_down_d0p1_a0p5_m16_d128l4h2mlp512_700m_seed0_k10,H-R2-05-polar-ladder-capacity,dc80726a8c987e8c3a9171299dac00d03a074311,51224e2691f3855d13961183e66cdfe475df32a182b61c0c99a2b409002b741e,half,0.5,20,0.175,0.1,699924480,sphere_polar_c03_n_up_gamma_down_d0p1_a0p5_m16,sphere_mess4,d128l4h2mlp512_700m_seed0_k10,0,10,128,4,random_init,all_block_layers_single_token,physics,1.0,0.7803703375319043,512,38.375,0.7895666397385321
sphere_polar_c03_n_up_gamma_down_d0p1_a0p5_m16_d128l4h2mlp512_700m_seed0_k10,H-R2-05-polar-ladder-capacity,dc80726a8c987e8c3a9171299dac00d03a074311,51224e2691f3855d13961183e66cdfe475df32a182b61c0c99a2b409002b741e,half,0.5,20,0.175,0.1,699924480,sphere_polar_c03_n_up_gamma_down_d0p1_a0p5_m16,sphere_mess4,d128l4h2mlp512_700m_seed0_k10,0,10,128,4,random_init,all_block_layers_single_token,belief,1.0,0.20059733297441829,512,38.375,0.20295588995231442
sphere_polar_c03_n_up_gamma_down_d0p1_a0p5_m16_d128l4h2mlp512_700m_seed0_k10,H-R2-05-polar-ladder-capacity,dc80726a8c987e8c3a9171299dac00d03a074311,51224e2691f3855d13961183e66cdfe475df32a182b61c0c99a2b409002b741e,half,0.5,20,0.175,0.1,699924480,sphere_polar_c03_n_up_gamma_down_d0p1_a0p5_m16,sphere_mess4,d128l4h2mlp512_700m_seed0_k10,0,10,128,4,random_init,embedding_and_all_layers_single_token,physics,1.0,0.7867855879230758,640,30.7,0.7965128067429694
sphere_polar_c03_n_up_gamma_down_d0p1_a0p5_m16_d128l4h2mlp512_700m_seed0_k10,H-R2-05-polar-ladder-capacity,dc80726a8c987e8c3a9171299dac00d03a074311,51224e2691f3855d13961183e66cdfe475df32a182b61c0c99a2b409002b741e,half,0.5,20,0.175,0.1,699924480,sphere_polar_c03_n_up_gamma_down_d0p1_a0p5_m16,sphere_mess4,d128l4h2mlp512_700m_seed0_k10,0,10,128,4,random_init,embedding_and_all_layers_single_token,belief,1.0,0.2122088677380682,640,30.7,0.2157196938133706
sphere_polar_c03_n_up_gamma_down_d0p1_a0p5_m16_d128l4h2mlp512_700m_seed0_k21,H-R2-05-polar-ladder-capacity,dc80726a8c987e8c3a9171299dac00d03a074311,76c279456fef28ba8401b86d04335b8e058d541d41451fb82e667fc666751928,n_plus_one,0.5,20,0.175,0.1,699924480,sphere_polar_c03_n_up_gamma_down_d0p1_a0p5_m16,sphere_mess4,d128l4h2mlp512_700m_seed0_k21,0,21,128,4,trained,single_layer_single_token,physics,10.0,0.9194117811483687,128,153.5,0.9192454138482105
sphere_polar_c03_n_up_gamma_down_d0p1_a0p5_m16_d128l4h2mlp512_700m_seed0_k21,H-R2-05-polar-ladder-capacity,dc80726a8c987e8c3a9171299dac00d03a074311,76c279456fef28ba8401b86d04335b8e058d541d41451fb82e667fc666751928,n_plus_one,0.5,20,0.175,0.1,699924480,sphere_polar_c03_n_up_gamma_down_d0p1_a0p5_m16,sphere_mess4,d128l4h2mlp512_700m_seed0_k21,0,21,128,4,trained,single_layer_single_token,belief,10.0,0.1595053542380103,128,153.5,0.15712448771819004
sphere_polar_c03_n_up_gamma_down_d0p1_a0p5_m16_d128l4h2mlp512_700m_seed0_k21,H-R2-05-polar-ladder-capacity,dc80726a8c987e8c3a9171299dac00d03a074311,76c279456fef28ba8401b86d04335b8e058d541d41451fb82e667fc666751928,n_plus_one,0.5,20,0.175,0.1,699924480,sphere_polar_c03_n_up_gamma_down_d0p1_a0p5_m16,sphere_mess4,d128l4h2mlp512_700m_seed0_k21,0,21,128,4,trained,all_block_layers_single_token,physics,1.0,0.9757770348838413,512,38.375,0.9757594527489462
sphere_polar_c03_n_up_gamma_down_d0p1_a0p5_m16_d128l4h2mlp512_700m_seed0_k21,H-R2-05-polar-ladder-capacity,dc80726a8c987e8c3a9171299dac00d03a074311,76c279456fef28ba8401b86d04335b8e058d541d41451fb82e667fc666751928,n_plus_one,0.5,20,0.175,0.1,699924480,sphere_polar_c03_n_up_gamma_down_d0p1_a0p5_m16,sphere_mess4,d128l4h2mlp512_700m_seed0_k21,0,21,128,4,trained,all_block_layers_single_token,belief,1.0,0.2963116648133479,512,38.375,0.295595056111122
sphere_polar_c03_n_up_gamma_down_d0p1_a0p5_m16_d128l4h2mlp512_700m_seed0_k21,H-R2-05-polar-ladder-capacity,dc80726a8c987e8c3a9171299dac00d03a074311,76c279456fef28ba8401b86d04335b8e058d541d41451fb82e667fc666751928,n_plus_one,0.5,20,0.175,0.1,699924480,sphere_polar_c03_n_up_gamma_down_d0p1_a0p5_m16,sphere_mess4,d128l4h2mlp512_700m_seed0_k21,0,21,128,4,trained,embedding_and_all_layers_single_token,physics,1.0,0.9797597296390603,640,30.7,0.9792046786860307
sphere_polar_c03_n_up_gamma_down_d0p1_a0p5_m16_d128l4h2mlp512_700m_seed0_k21,H-R2-05-polar-ladder-capacity,dc80726a8c987e8c3a9171299dac00d03a074311,76c279456fef28ba8401b86d04335b8e058d541d41451fb82e667fc666751928,n_plus_one,0.5,20,0.175,0.1,699924480,sphere_polar_c03_n_up_gamma_down_d0p1_a0p5_m16,sphere_mess4,d128l4h2mlp512_700m_seed0_k21,0,21,128,4,trained,embedding_and_all_layers_single_token,belief,1.0,0.30436184141362177,640,30.7,0.3064315994972462
sphere_polar_c03_n_up_gamma_down_d0p1_a0p5_m16_d128l4h2mlp512_700m_seed0_k21,H-R2-05-polar-ladder-capacity,dc80726a8c987e8c3a9171299dac00d03a074311,76c279456fef28ba8401b86d04335b8e058d541d41451fb82e667fc666751928,n_plus_one,0.5,20,0.175,0.1,699924480,sphere_polar_c03_n_up_gamma_down_d0p1_a0p5_m16,sphere_mess4,d128l4h2mlp512_700m_seed0_k21,0,21,128,4,random_init,single_layer_single_token,physics,10.0,0.7402856796184232,128,153.5,0.7461879775796378
sphere_polar_c03_n_up_gamma_down_d0p1_a0p5_m16_d128l4h2mlp512_700m_seed0_k21,H-R2-05-polar-ladder-capacity,dc80726a8c987e8c3a9171299dac00d03a074311,76c279456fef28ba8401b86d04335b8e058d541d41451fb82e667fc666751928,n_plus_one,0.5,20,0.175,0.1,699924480,sphere_polar_c03_n_up_gamma_down_d0p1_a0p5_m16,sphere_mess4,d128l4h2mlp512_700m_seed0_k21,0,21,128,4,random_init,single_layer_single_token,belief,10.0,0.12393741212884049,128,153.5,0.12656696679014998
sphere_polar_c03_n_up_gamma_down_d0p1_a0p5_m16_d128l4h2mlp512_700m_seed0_k21,H-R2-05-polar-ladder-capacity,dc80726a8c987e8c3a9171299dac00d03a074311,76c279456fef28ba8401b86d04335b8e058d541d41451fb82e667fc666751928,n_plus_one,0.5,20,0.175,0.1,699924480,sphere_polar_c03_n_up_gamma_down_d0p1_a0p5_m16,sphere_mess4,d128l4h2mlp512_700m_seed0_k21,0,21,128,4,random_init,all_block_layers_single_token,physics,1.0,0.7803703375319043,512,38.375,0.7895666397385321
sphere_polar_c03_n_up_gamma_down_d0p1_a0p5_m16_d128l4h2mlp512_700m_seed0_k21,H-R2-05-polar-ladder-capacity,dc80726a8c987e8c3a9171299dac00d03a074311,76c279456fef28ba8401b86d04335b8e058d541d41451fb82e667fc666751928,n_plus_one,0.5,20,0.175,0.1,699924480,sphere_polar_c03_n_up_gamma_down_d0p1_a0p5_m16,sphere_mess4,d128l4h2mlp512_700m_seed0_k21,0,21,128,4,random_init,all_block_layers_single_token,belief,1.0,0.20059733297441829,512,38.375,0.20295588995231442
sphere_polar_c03_n_up_gamma_down_d0p1_a0p5_m16_d128l4h2mlp512_700m_seed0_k21,H-R2-05-polar-ladder-capacity,dc80726a8c987e8c3a9171299dac00d03a074311,76c279456fef28ba8401b86d04335b8e058d541d41451fb82e667fc666751928,n_plus_one,0.5,20,0.175,0.1,699924480,sphere_polar_c03_n_up_gamma_down_d0p1_a0p5_m16,sphere_mess4,d128l4h2mlp512_700m_seed0_k21,0,21,128,4,random_init,embedding_and_all_layers_single_token,physics,1.0,0.7867855879230758,640,30.7,0.7965128067429694
sphere_polar_c03_n_up_gamma_down_d0p1_a0p5_m16_d128l4h2mlp512_700m_seed0_k21,H-R2-05-polar-ladder-capacity,dc80726a8c987e8c3a9171299dac00d03a074311,76c279456fef28ba8401b86d04335b8e058d541d41451fb82e667fc666751928,n_plus_one,0.5,20,0.175,0.1,699924480,sphere_polar_c03_n_up_gamma_down_d0p1_a0p5_m16,sphere_mess4,d128l4h2mlp512_700m_seed0_k21,0,21,128,4,random_init,embedding_and_all_layers_single_token,belief,1.0,0.2122088677380682,640,30.7,0.2157196938133706
sphere_polar_c03_n_up_gamma_down_d0p1_a0p7_m16_d128l4h2mlp512_700m_seed0_k1,H-R2-05-polar-ladder-capacity,dc80726a8c987e8c3a9171299dac00d03a074311,a8b933a6e82c28136bc7d3a392f0f265743a4e552e825d6ec163a8ffd5d5edd0,fixed,0.7,20,0.175,0.1,699924480,sphere_polar_c03_n_up_gamma_down_d0p1_a0p7_m16,sphere_mess4,d128l4h2mlp512_700m_seed0_k1,0,1,128,4,trained,single_layer_single_token,physics,1.0,0.8960695823315897,128,153.5,0.8952177704389863
sphere_polar_c03_n_up_gamma_down_d0p1_a0p7_m16_d128l4h2mlp512_700m_seed0_k1,H-R2-05-polar-ladder-capacity,dc80726a8c987e8c3a9171299dac00d03a074311,a8b933a6e82c28136bc7d3a392f0f265743a4e552e825d6ec163a8ffd5d5edd0,fixed,0.7,20,0.175,0.1,699924480,sphere_polar_c03_n_up_gamma_down_d0p1_a0p7_m16,sphere_mess4,d128l4h2mlp512_700m_seed0_k1,0,1,128,4,trained,single_layer_single_token,belief,10.0,0.18302161464965389,128,153.5,0.18498840598463998
sphere_polar_c03_n_up_gamma_down_d0p1_a0p7_m16_d128l4h2mlp512_700m_seed0_k1,H-R2-05-polar-ladder-capacity,dc80726a8c987e8c3a9171299dac00d03a074311,a8b933a6e82c28136bc7d3a392f0f265743a4e552e825d6ec163a8ffd5d5edd0,fixed,0.7,20,0.175,0.1,699924480,sphere_polar_c03_n_up_gamma_down_d0p1_a0p7_m16,sphere_mess4,d128l4h2mlp512_700m_seed0_k1,0,1,128,4,trained,all_block_layers_single_token,physics,1.0,0.9766857869162804,512,38.375,0.9801876278231921
sphere_polar_c03_n_up_gamma_down_d0p1_a0p7_m16_d128l4h2mlp512_700m_seed0_k1,H-R2-05-polar-ladder-capacity,dc80726a8c987e8c3a9171299dac00d03a074311,a8b933a6e82c28136bc7d3a392f0f265743a4e552e825d6ec163a8ffd5d5edd0,fixed,0.7,20,0.175,0.1,699924480,sphere_polar_c03_n_up_gamma_down_d0p1_a0p7_m16,sphere_mess4,d128l4h2mlp512_700m_seed0_k1,0,1,128,4,trained,all_block_layers_single_token,belief,1.0,0.33951433102922834,512,38.375,0.3421506690381028
sphere_polar_c03_n_up_gamma_down_d0p1_a0p7_m16_d128l4h2mlp512_700m_seed0_k1,H-R2-05-polar-ladder-capacity,dc80726a8c987e8c3a9171299dac00d03a074311,a8b933a6e82c28136bc7d3a392f0f265743a4e552e825d6ec163a8ffd5d5edd0,fixed,0.7,20,0.175,0.1,699924480,sphere_polar_c03_n_up_gamma_down_d0p1_a0p7_m16,sphere_mess4,d128l4h2mlp512_700m_seed0_k1,0,1,128,4,trained,embedding_and_all_layers_single_token,physics,1.0,0.9794545766143186,640,30.7,0.9825766774873119
sphere_polar_c03_n_up_gamma_down_d0p1_a0p7_m16_d128l4h2mlp512_700m_seed0_k1,H-R2-05-polar-ladder-capacity,dc80726a8c987e8c3a9171299dac00d03a074311,a8b933a6e82c28136bc7d3a392f0f265743a4e552e825d6ec163a8ffd5d5edd0,fixed,0.7,20,0.175,0.1,699924480,sphere_polar_c03_n_up_gamma_down_d0p1_a0p7_m16,sphere_mess4,d128l4h2mlp512_700m_seed0_k1,0,1,128,4,trained,embedding_and_all_layers_single_token,belief,1.0,0.34796045072449133,640,30.7,0.35372761087374016
sphere_polar_c03_n_up_gamma_down_d0p1_a0p7_m16_d128l4h2mlp512_700m_seed0_k1,H-R2-05-polar-ladder-capacity,dc80726a8c987e8c3a9171299dac00d03a074311,a8b933a6e82c28136bc7d3a392f0f265743a4e552e825d6ec163a8ffd5d5edd0,fixed,0.7,20,0.175,0.1,699924480,sphere_polar_c03_n_up_gamma_down_d0p1_a0p7_m16,sphere_mess4,d128l4h2mlp512_700m_seed0_k1,0,1,128,4,random_init,single_layer_single_token,physics,10.0,0.7396565826243815,128,153.5,0.7451864725866796
sphere_polar_c03_n_up_gamma_down_d0p1_a0p7_m16_d128l4h2mlp512_700m_seed0_k1,H-R2-05-polar-ladder-capacity,dc80726a8c987e8c3a9171299dac00d03a074311,a8b933a6e82c28136bc7d3a392f0f265743a4e552e825d6ec163a8ffd5d5edd0,fixed,0.7,20,0.175,0.1,699924480,sphere_polar_c03_n_up_gamma_down_d0p1_a0p7_m16,sphere_mess4,d128l4h2mlp512_700m_seed0_k1,0,1,128,4,random_init,single_layer_single_token,belief,10.0,0.14735355571538963,128,153.5,0.15206163726480496
sphere_polar_c03_n_up_gamma_down_d0p1_a0p7_m16_d128l4h2mlp512_700m_seed0_k1,H-R2-05-polar-ladder-capacity,dc80726a8c987e8c3a9171299dac00d03a074311,a8b933a6e82c28136bc7d3a392f0f265743a4e552e825d6ec163a8ffd5d5edd0,fixed,0.7,20,0.175,0.1,699924480,sphere_polar_c03_n_up_gamma_down_d0p1_a0p7_m16,sphere_mess4,d128l4h2mlp512_700m_seed0_k1,0,1,128,4,random_init,all_block_layers_single_token,physics,1.0,0.786780556763425,512,38.375,0.7918489362219112
sphere_polar_c03_n_up_gamma_down_d0p1_a0p7_m16_d128l4h2mlp512_700m_seed0_k1,H-R2-05-polar-ladder-capacity,dc80726a8c987e8c3a9171299dac00d03a074311,a8b933a6e82c28136bc7d3a392f0f265743a4e552e825d6ec163a8ffd5d5edd0,fixed,0.7,20,0.175,0.1,699924480,sphere_polar_c03_n_up_gamma_down_d0p1_a0p7_m16,sphere_mess4,d128l4h2mlp512_700m_seed0_k1,0,1,128,4,random_init,all_block_layers_single_token,belief,1.0,0.23124760291790533,512,38.375,0.23724131329820689
sphere_polar_c03_n_up_gamma_down_d0p1_a0p7_m16_d128l4h2mlp512_700m_seed0_k1,H-R2-05-polar-ladder-capacity,dc80726a8c987e8c3a9171299dac00d03a074311,a8b933a6e82c28136bc7d3a392f0f265743a4e552e825d6ec163a8ffd5d5edd0,fixed,0.7,20,0.175,0.1,699924480,sphere_polar_c03_n_up_gamma_down_d0p1_a0p7_m16,sphere_mess4,d128l4h2mlp512_700m_seed0_k1,0,1,128,4,random_init,embedding_and_all_layers_single_token,physics,1.0,0.7941627169420924,640,30.7,0.7997382230772612
sphere_polar_c03_n_up_gamma_down_d0p1_a0p7_m16_d128l4h2mlp512_700m_seed0_k1,H-R2-05-polar-ladder-capacity,dc80726a8c987e8c3a9171299dac00d03a074311,a8b933a6e82c28136bc7d3a392f0f265743a4e552e825d6ec163a8ffd5d5edd0,fixed,0.7,20,0.175,0.1,699924480,sphere_polar_c03_n_up_gamma_down_d0p1_a0p7_m16,sphere_mess4,d128l4h2mlp512_700m_seed0_k1,0,1,128,4,random_init,embedding_and_all_layers_single_token,belief,1.0,0.24271528221581704,640,30.7,0.24854224997107124
sphere_polar_c03_n_up_gamma_down_d0p1_a0p7_m16_d128l4h2mlp512_700m_seed0_k10,H-R2-05-polar-ladder-capacity,dc80726a8c987e8c3a9171299dac00d03a074311,af11ae23b355ed1038a46ecdde0414f0e1a75fa8362a89a55584e941f22e1bc0,half,0.7,20,0.175,0.1,699924480,sphere_polar_c03_n_up_gamma_down_d0p1_a0p7_m16,sphere_mess4,d128l4h2mlp512_700m_seed0_k10,0,10,128,4,trained,single_layer_single_token,physics,10.0,0.9051720778288282,128,153.5,0.9037527056255177
sphere_polar_c03_n_up_gamma_down_d0p1_a0p7_m16_d128l4h2mlp512_700m_seed0_k10,H-R2-05-polar-ladder-capacity,dc80726a8c987e8c3a9171299dac00d03a074311,af11ae23b355ed1038a46ecdde0414f0e1a75fa8362a89a55584e941f22e1bc0,half,0.7,20,0.175,0.1,699924480,sphere_polar_c03_n_up_gamma_down_d0p1_a0p7_m16,sphere_mess4,d128l4h2mlp512_700m_seed0_k10,0,10,128,4,trained,single_layer_single_token,belief,1.0,0.23750457596623223,128,153.5,0.24228795644063228
sphere_polar_c03_n_up_gamma_down_d0p1_a0p7_m16_d128l4h2mlp512_700m_seed0_k10,H-R2-05-polar-ladder-capacity,dc80726a8c987e8c3a9171299dac00d03a074311,af11ae23b355ed1038a46ecdde0414f0e1a75fa8362a89a55584e941f22e1bc0,half,0.7,20,0.175,0.1,699924480,sphere_polar_c03_n_up_gamma_down_d0p1_a0p7_m16,sphere_mess4,d128l4h2mlp512_700m_seed0_k10,0,10,128,4,trained,all_block_layers_single_token,physics,1.0,0.980897427892152,512,38.375,0.9819765902079797
sphere_polar_c03_n_up_gamma_down_d0p1_a0p7_m16_d128l4h2mlp512_700m_seed0_k10,H-R2-05-polar-ladder-capacity,dc80726a8c987e8c3a9171299dac00d03a074311,af11ae23b355ed1038a46ecdde0414f0e1a75fa8362a89a55584e941f22e1bc0,half,0.7,20,0.175,0.1,699924480,sphere_polar_c03_n_up_gamma_down_d0p1_a0p7_m16,sphere_mess4,d128l4h2mlp512_700m_seed0_k10,0,10,128,4,trained,all_block_layers_single_token,belief,10.0,0.37755267523160974,512,38.375,0.379354339313857
sphere_polar_c03_n_up_gamma_down_d0p1_a0p7_m16_d128l4h2mlp512_700m_seed0_k10,H-R2-05-polar-ladder-capacity,dc80726a8c987e8c3a9171299dac00d03a074311,af11ae23b355ed1038a46ecdde0414f0e1a75fa8362a89a55584e941f22e1bc0,half,0.7,20,0.175,0.1,699924480,sphere_polar_c03_n_up_gamma_down_d0p1_a0p7_m16,sphere_mess4,d128l4h2mlp512_700m_seed0_k10,0,10,128,4,trained,embedding_and_all_layers_single_token,physics,1.0,0.9836018327523551,640,30.7,0.9846128017544549
sphere_polar_c03_n_up_gamma_down_d0p1_a0p7_m16_d128l4h2mlp512_700m_seed0_k10,H-R2-05-polar-ladder-capacity,dc80726a8c987e8c3a9171299dac00d03a074311,af11ae23b355ed1038a46ecdde0414f0e1a75fa8362a89a55584e941f22e1bc0,half,0.7,20,0.175,0.1,699924480,sphere_polar_c03_n_up_gamma_down_d0p1_a0p7_m16,sphere_mess4,d128l4h2mlp512_700m_seed0_k10,0,10,128,4,trained,embedding_and_all_layers_single_token,belief,1.0,0.38354457596414476,640,30.7,0.38516050091052495
sphere_polar_c03_n_up_gamma_down_d0p1_a0p7_m16_d128l4h2mlp512_700m_seed0_k10,H-R2-05-polar-ladder-capacity,dc80726a8c987e8c3a9171299dac00d03a074311,af11ae23b355ed1038a46ecdde0414f0e1a75fa8362a89a55584e941f22e1bc0,half,0.7,20,0.175,0.1,699924480,sphere_polar_c03_n_up_gamma_down_d0p1_a0p7_m16,sphere_mess4,d128l4h2mlp512_700m_seed0_k10,0,10,128,4,random_init,single_layer_single_token,physics,10.0,0.7396565826243815,128,153.5,0.7451864725866796
sphere_polar_c03_n_up_gamma_down_d0p1_a0p7_m16_d128l4h2mlp512_700m_seed0_k10,H-R2-05-polar-ladder-capacity,dc80726a8c987e8c3a9171299dac00d03a074311,af11ae23b355ed1038a46ecdde0414f0e1a75fa8362a89a55584e941f22e1bc0,half,0.7,20,0.175,0.1,699924480,sphere_polar_c03_n_up_gamma_down_d0p1_a0p7_m16,sphere_mess4,d128l4h2mlp512_700m_seed0_k10,0,10,128,4,random_init,single_layer_single_token,belief,10.0,0.14735355571538963,128,153.5,0.15206163726480496
sphere_polar_c03_n_up_gamma_down_d0p1_a0p7_m16_d128l4h2mlp512_700m_seed0_k10,H-R2-05-polar-ladder-capacity,dc80726a8c987e8c3a9171299dac00d03a074311,af11ae23b355ed1038a46ecdde0414f0e1a75fa8362a89a55584e941f22e1bc0,half,0.7,20,0.175,0.1,699924480,sphere_polar_c03_n_up_gamma_down_d0p1_a0p7_m16,sphere_mess4,d128l4h2mlp512_700m_seed0_k10,0,10,128,4,random_init,all_block_layers_single_token,physics,1.0,0.786780556763425,512,38.375,0.7918489362219112
sphere_polar_c03_n_up_gamma_down_d0p1_a0p7_m16_d128l4h2mlp512_700m_seed0_k10,H-R2-05-polar-ladder-capacity,dc80726a8c987e8c3a9171299dac00d03a074311,af11ae23b355ed1038a46ecdde0414f0e1a75fa8362a89a55584e941f22e1bc0,half,0.7,20,0.175,0.1,699924480,sphere_polar_c03_n_up_gamma_down_d0p1_a0p7_m16,sphere_mess4,d128l4h2mlp512_700m_seed0_k10,0,10,128,4,random_init,all_block_layers_single_token,belief,1.0,0.23124760291790533,512,38.375,0.23724131329820689
sphere_polar_c03_n_up_gamma_down_d0p1_a0p7_m16_d128l4h2mlp512_700m_seed0_k10,H-R2-05-polar-ladder-capacity,dc80726a8c987e8c3a9171299dac00d03a074311,af11ae23b355ed1038a46ecdde0414f0e1a75fa8362a89a55584e941f22e1bc0,half,0.7,20,0.175,0.1,699924480,sphere_polar_c03_n_up_gamma_down_d0p1_a0p7_m16,sphere_mess4,d128l4h2mlp512_700m_seed0_k10,0,10,128,4,random_init,embedding_and_all_layers_single_token,physics,1.0,0.7941627169420924,640,30.7,0.7997382230772612
sphere_polar_c03_n_up_gamma_down_d0p1_a0p7_m16_d128l4h2mlp512_700m_seed0_k10,H-R2-05-polar-ladder-capacity,dc80726a8c987e8c3a9171299dac00d03a074311,af11ae23b355ed1038a46ecdde0414f0e1a75fa8362a89a55584e941f22e1bc0,half,0.7,20,0.175,0.1,699924480,sphere_polar_c03_n_up_gamma_down_d0p1_a0p7_m16,sphere_mess4,d128l4h2mlp512_700m_seed0_k10,0,10,128,4,random_init,embedding_and_all_layers_single_token,belief,1.0,0.24271528221581704,640,30.7,0.24854224997107124
sphere_polar_c03_n_up_gamma_down_d0p1_a0p7_m16_d128l4h2mlp512_700m_seed0_k21,H-R2-05-polar-ladder-capacity,dc80726a8c987e8c3a9171299dac00d03a074311,599520af171befd2918554b8d392e69aee4a5021045fb8a6e27cf116d9164189,n_plus_one,0.7,20,0.175,0.1,699924480,sphere_polar_c03_n_up_gamma_down_d0p1_a0p7_m16,sphere_mess4,d128l4h2mlp512_700m_seed0_k21,0,21,128,4,trained,single_layer_single_token,physics,1.0,0.9048050703402379,128,153.5,0.9000510469867649
sphere_polar_c03_n_up_gamma_down_d0p1_a0p7_m16_d128l4h2mlp512_700m_seed0_k21,H-R2-05-polar-ladder-capacity,dc80726a8c987e8c3a9171299dac00d03a074311,599520af171befd2918554b8d392e69aee4a5021045fb8a6e27cf116d9164189,n_plus_one,0.7,20,0.175,0.1,699924480,sphere_polar_c03_n_up_gamma_down_d0p1_a0p7_m16,sphere_mess4,d128l4h2mlp512_700m_seed0_k21,0,21,128,4,trained,single_layer_single_token,belief,1.0,0.19573442818378461,128,153.5,0.20043767633745335
sphere_polar_c03_n_up_gamma_down_d0p1_a0p7_m16_d128l4h2mlp512_700m_seed0_k21,H-R2-05-polar-ladder-capacity,dc80726a8c987e8c3a9171299dac00d03a074311,599520af171befd2918554b8d392e69aee4a5021045fb8a6e27cf116d9164189,n_plus_one,0.7,20,0.175,0.1,699924480,sphere_polar_c03_n_up_gamma_down_d0p1_a0p7_m16,sphere_mess4,d128l4h2mlp512_700m_seed0_k21,0,21,128,4,trained,all_block_layers_single_token,physics,1.0,0.9802115696288571,512,38.375,0.9775235644409921
sphere_polar_c03_n_up_gamma_down_d0p1_a0p7_m16_d128l4h2mlp512_700m_seed0_k21,H-R2-05-polar-ladder-capacity,dc80726a8c987e8c3a9171299dac00d03a074311,599520af171befd2918554b8d392e69aee4a5021045fb8a6e27cf116d9164189,n_plus_one,0.7,20,0.175,0.1,699924480,sphere_polar_c03_n_up_gamma_down_d0p1_a0p7_m16,sphere_mess4,d128l4h2mlp512_700m_seed0_k21,0,21,128,4,trained,all_block_layers_single_token,belief,1.0,0.347852272614878,512,38.375,0.3540424461015324
sphere_polar_c03_n_up_gamma_down_d0p1_a0p7_m16_d128l4h2mlp512_700m_seed0_k21,H-R2-05-polar-ladder-capacity,dc80726a8c987e8c3a9171299dac00d03a074311,599520af171befd2918554b8d392e69aee4a5021045fb8a6e27cf116d9164189,n_plus_one,0.7,20,0.175,0.1,699924480,sphere_polar_c03_n_up_gamma_down_d0p1_a0p7_m16,sphere_mess4,d128l4h2mlp512_700m_seed0_k21,0,21,128,4,trained,embedding_and_all_layers_single_token,physics,1.0,0.9830850333883436,640,30.7,0.9814091936517608
sphere_polar_c03_n_up_gamma_down_d0p1_a0p7_m16_d128l4h2mlp512_700m_seed0_k21,H-R2-05-polar-ladder-capacity,dc80726a8c987e8c3a9171299dac00d03a074311,599520af171befd2918554b8d392e69aee4a5021045fb8a6e27cf116d9164189,n_plus_one,0.7,20,0.175,0.1,699924480,sphere_polar_c03_n_up_gamma_down_d0p1_a0p7_m16,sphere_mess4,d128l4h2mlp512_700m_seed0_k21,0,21,128,4,trained,embedding_and_all_layers_single_token,belief,1.0,0.3546962139501192,640,30.7,0.3625080002205608
sphere_polar_c03_n_up_gamma_down_d0p1_a0p7_m16_d128l4h2mlp512_700m_seed0_k21,H-R2-05-polar-ladder-capacity,dc80726a8c987e8c3a9171299dac00d03a074311,599520af171befd2918554b8d392e69aee4a5021045fb8a6e27cf116d9164189,n_plus_one,0.7,20,0.175,0.1,699924480,sphere_polar_c03_n_up_gamma_down_d0p1_a0p7_m16,sphere_mess4,d128l4h2mlp512_700m_seed0_k21,0,21,128,4,random_init,single_layer_single_token,physics,10.0,0.7396565826243815,128,153.5,0.7451864725866796
sphere_polar_c03_n_up_gamma_down_d0p1_a0p7_m16_d128l4h2mlp512_700m_seed0_k21,H-R2-05-polar-ladder-capacity,dc80726a8c987e8c3a9171299dac00d03a074311,599520af171befd2918554b8d392e69aee4a5021045fb8a6e27cf116d9164189,n_plus_one,0.7,20,0.175,0.1,699924480,sphere_polar_c03_n_up_gamma_down_d0p1_a0p7_m16,sphere_mess4,d128l4h2mlp512_700m_seed0_k21,0,21,128,4,random_init,single_layer_single_token,belief,10.0,0.14735355571538963,128,153.5,0.15206163726480496
sphere_polar_c03_n_up_gamma_down_d0p1_a0p7_m16_d128l4h2mlp512_700m_seed0_k21,H-R2-05-polar-ladder-capacity,dc80726a8c987e8c3a9171299dac00d03a074311,599520af171befd2918554b8d392e69aee4a5021045fb8a6e27cf116d9164189,n_plus_one,0.7,20,0.175,0.1,699924480,sphere_polar_c03_n_up_gamma_down_d0p1_a0p7_m16,sphere_mess4,d128l4h2mlp512_700m_seed0_k21,0,21,128,4,random_init,all_block_layers_single_token,physics,1.0,0.786780556763425,512,38.375,0.7918489362219112
sphere_polar_c03_n_up_gamma_down_d0p1_a0p7_m16_d128l4h2mlp512_700m_seed0_k21,H-R2-05-polar-ladder-capacity,dc80726a8c987e8c3a9171299dac00d03a074311,599520af171befd2918554b8d392e69aee4a5021045fb8a6e27cf116d9164189,n_plus_one,0.7,20,0.175,0.1,699924480,sphere_polar_c03_n_up_gamma_down_d0p1_a0p7_m16,sphere_mess4,d128l4h2mlp512_700m_seed0_k21,0,21,128,4,random_init,all_block_layers_single_token,belief,1.0,0.23124760291790533,512,38.375,0.23724131329820689
sphere_polar_c03_n_up_gamma_down_d0p1_a0p7_m16_d128l4h2mlp512_700m_seed0_k21,H-R2-05-polar-ladder-capacity,dc80726a8c987e8c3a9171299dac00d03a074311,599520af171befd2918554b8d392e69aee4a5021045fb8a6e27cf116d9164189,n_plus_one,0.7,20,0.175,0.1,699924480,sphere_polar_c03_n_up_gamma_down_d0p1_a0p7_m16,sphere_mess4,d128l4h2mlp512_700m_seed0_k21,0,21,128,4,random_init,embedding_and_all_layers_single_token,physics,1.0,0.7941627169420924,640,30.7,0.7997382230772612
sphere_polar_c03_n_up_gamma_down_d0p1_a0p7_m16_d128l4h2mlp512_700m_seed0_k21,H-R2-05-polar-ladder-capacity,dc80726a8c987e8c3a9171299dac00d03a074311,599520af171befd2918554b8d392e69aee4a5021045fb8a6e27cf116d9164189,n_plus_one,0.7,20,0.175,0.1,699924480,sphere_polar_c03_n_up_gamma_down_d0p1_a0p7_m16,sphere_mess4,d128l4h2mlp512_700m_seed0_k21,0,21,128,4,random_init,embedding_and_all_layers_single_token,belief,1.0,0.24271528221581704,640,30.7,0.24854224997107124
sphere_polar_c03_n_up_gamma_down_d0p1_a0p85_m16_d128l4h2mlp512_700m_seed0_k1,H-R2-05-polar-ladder-capacity,dc80726a8c987e8c3a9171299dac00d03a074311,b5923fdce07b0d46bc1991e206786cf0abec513a41f3dfcdd8d15a009ab74bf9,fixed,0.85,20,0.175,0.1,699924480,sphere_polar_c03_n_up_gamma_down_d0p1_a0p85_m16,sphere_mess4,d128l4h2mlp512_700m_seed0_k1,0,1,128,4,trained,single_layer_single_token,physics,1.0,0.8795544076085229,128,153.625,0.8854614910333515
sphere_polar_c03_n_up_gamma_down_d0p1_a0p85_m16_d128l4h2mlp512_700m_seed0_k1,H-R2-05-polar-ladder-capacity,dc80726a8c987e8c3a9171299dac00d03a074311,b5923fdce07b0d46bc1991e206786cf0abec513a41f3dfcdd8d15a009ab74bf9,fixed,0.85,20,0.175,0.1,699924480,sphere_polar_c03_n_up_gamma_down_d0p1_a0p85_m16,sphere_mess4,d128l4h2mlp512_700m_seed0_k1,0,1,128,4,trained,single_layer_single_token,belief,1.0,0.22623599413924966,128,153.625,0.22586290639443007
sphere_polar_c03_n_up_gamma_down_d0p1_a0p85_m16_d128l4h2mlp512_700m_seed0_k1,H-R2-05-polar-ladder-capacity,dc80726a8c987e8c3a9171299dac00d03a074311,b5923fdce07b0d46bc1991e206786cf0abec513a41f3dfcdd8d15a009ab74bf9,fixed,0.85,20,0.175,0.1,699924480,sphere_polar_c03_n_up_gamma_down_d0p1_a0p85_m16,sphere_mess4,d128l4h2mlp512_700m_seed0_k1,0,1,128,4,trained,all_block_layers_single_token,physics,1.0,0.980487470900296,512,38.40625,0.9816848925925366
sphere_polar_c03_n_up_gamma_down_d0p1_a0p85_m16_d128l4h2mlp512_700m_seed0_k1,H-R2-05-polar-ladder-capacity,dc80726a8c987e8c3a9171299dac00d03a074311,b5923fdce07b0d46bc1991e206786cf0abec513a41f3dfcdd8d15a009ab74bf9,fixed,0.85,20,0.175,0.1,699924480,sphere_polar_c03_n_up_gamma_down_d0p1_a0p85_m16,sphere_mess4,d128l4h2mlp512_700m_seed0_k1,0,1,128,4,trained,all_block_layers_single_token,belief,1.0,0.393083430421993,512,38.40625,0.3926904869491523
sphere_polar_c03_n_up_gamma_down_d0p1_a0p85_m16_d128l4h2mlp512_700m_seed0_k1,H-R2-05-polar-ladder-capacity,dc80726a8c987e8c3a9171299dac00d03a074311,b5923fdce07b0d46bc1991e206786cf0abec513a41f3dfcdd8d15a009ab74bf9,fixed,0.85,20,0.175,0.1,699924480,sphere_polar_c03_n_up_gamma_down_d0p1_a0p85_m16,sphere_mess4,d128l4h2mlp512_700m_seed0_k1,0,1,128,4,trained,embedding_and_all_layers_single_token,physics,1.0,0.9823921964195934,640,30.725,0.9840207432156775
sphere_polar_c03_n_up_gamma_down_d0p1_a0p85_m16_d128l4h2mlp512_700m_seed0_k1,H-R2-05-polar-ladder-capacity,dc80726a8c987e8c3a9171299dac00d03a074311,b5923fdce07b0d46bc1991e206786cf0abec513a41f3dfcdd8d15a009ab74bf9,fixed,0.85,20,0.175,0.1,699924480,sphere_polar_c03_n_up_gamma_down_d0p1_a0p85_m16,sphere_mess4,d128l4h2mlp512_700m_seed0_k1,0,1,128,4,trained,embedding_and_all_layers_single_token,belief,1.0,0.39975531614858756,640,30.725,0.4040603234825607
sphere_polar_c03_n_up_gamma_down_d0p1_a0p85_m16_d128l4h2mlp512_700m_seed0_k1,H-R2-05-polar-ladder-capacity,dc80726a8c987e8c3a9171299dac00d03a074311,b5923fdce07b0d46bc1991e206786cf0abec513a41f3dfcdd8d15a009ab74bf9,fixed,0.85,20,0.175,0.1,699924480,sphere_polar_c03_n_up_gamma_down_d0p1_a0p85_m16,sphere_mess4,d128l4h2mlp512_700m_seed0_k1,0,1,128,4,random_init,single_layer_single_token,physics,1.0,0.7359919235572112,128,153.625,0.7518260852589349
sphere_polar_c03_n_up_gamma_down_d0p1_a0p85_m16_d128l4h2mlp512_700m_seed0_k1,H-R2-05-polar-ladder-capacity,dc80726a8c987e8c3a9171299dac00d03a074311,b5923fdce07b0d46bc1991e206786cf0abec513a41f3dfcdd8d15a009ab74bf9,fixed,0.85,20,0.175,0.1,699924480,sphere_polar_c03_n_up_gamma_down_d0p1_a0p85_m16,sphere_mess4,d128l4h2mlp512_700m_seed0_k1,0,1,128,4,random_init,single_layer_single_token,belief,10.0,0.17887637972865394,128,153.625,0.18191586428985665
sphere_polar_c03_n_up_gamma_down_d0p1_a0p85_m16_d128l4h2mlp512_700m_seed0_k1,H-R2-05-polar-ladder-capacity,dc80726a8c987e8c3a9171299dac00d03a074311,b5923fdce07b0d46bc1991e206786cf0abec513a41f3dfcdd8d15a009ab74bf9,fixed,0.85,20,0.175,0.1,699924480,sphere_polar_c03_n_up_gamma_down_d0p1_a0p85_m16,sphere_mess4,d128l4h2mlp512_700m_seed0_k1,0,1,128,4,random_init,all_block_layers_single_token,physics,1.0,0.7928299120272493,512,38.40625,0.8009168919333456
sphere_polar_c03_n_up_gamma_down_d0p1_a0p85_m16_d128l4h2mlp512_700m_seed0_k1,H-R2-05-polar-ladder-capacity,dc80726a8c987e8c3a9171299dac00d03a074311,b5923fdce07b0d46bc1991e206786cf0abec513a41f3dfcdd8d15a009ab74bf9,fixed,0.85,20,0.175,0.1,699924480,sphere_polar_c03_n_up_gamma_down_d0p1_a0p85_m16,sphere_mess4,d128l4h2mlp512_700m_seed0_k1,0,1,128,4,random_init,all_block_layers_single_token,belief,1.0,0.2714051370363259,512,38.40625,0.26868651670654925
sphere_polar_c03_n_up_gamma_down_d0p1_a0p85_m16_d128l4h2mlp512_700m_seed0_k1,H-R2-05-polar-ladder-capacity,dc80726a8c987e8c3a9171299dac00d03a074311,b5923fdce07b0d46bc1991e206786cf0abec513a41f3dfcdd8d15a009ab74bf9,fixed,0.85,20,0.175,0.1,699924480,sphere_polar_c03_n_up_gamma_down_d0p1_a0p85_m16,sphere_mess4,d128l4h2mlp512_700m_seed0_k1,0,1,128,4,random_init,embedding_and_all_layers_single_token,physics,1.0,0.7994808784430509,640,30.725,0.8068224338519426
sphere_polar_c03_n_up_gamma_down_d0p1_a0p85_m16_d128l4h2mlp512_700m_seed0_k1,H-R2-05-polar-ladder-capacity,dc80726a8c987e8c3a9171299dac00d03a074311,b5923fdce07b0d46bc1991e206786cf0abec513a41f3dfcdd8d15a009ab74bf9,fixed,0.85,20,0.175,0.1,699924480,sphere_polar_c03_n_up_gamma_down_d0p1_a0p85_m16,sphere_mess4,d128l4h2mlp512_700m_seed0_k1,0,1,128,4,random_init,embedding_and_all_layers_single_token,belief,1.0,0.28043102687305,640,30.725,0.2813050533712037
sphere_polar_c03_n_up_gamma_down_d0p1_a0p85_m16_d128l4h2mlp512_700m_seed0_k10,H-R2-05-polar-ladder-capacity,dc80726a8c987e8c3a9171299dac00d03a074311,9bdd7fd75621e0a8443b2d81448065c2f5a57ddffe3faec3a11672327e586ade,half,0.85,20,0.175,0.1,699924480,sphere_polar_c03_n_up_gamma_down_d0p1_a0p85_m16,sphere_mess4,d128l4h2mlp512_700m_seed0_k10,0,10,128,4,trained,single_layer_single_token,physics,1.0,0.8882444982049736,128,153.625,0.8951638319640938
sphere_polar_c03_n_up_gamma_down_d0p1_a0p85_m16_d128l4h2mlp512_700m_seed0_k10,H-R2-05-polar-ladder-capacity,dc80726a8c987e8c3a9171299dac00d03a074311,9bdd7fd75621e0a8443b2d81448065c2f5a57ddffe3faec3a11672327e586ade,half,0.85,20,0.175,0.1,699924480,sphere_polar_c03_n_up_gamma_down_d0p1_a0p85_m16,sphere_mess4,d128l4h2mlp512_700m_seed0_k10,0,10,128,4,trained,single_layer_single_token,belief,10.0,0.27633946319786784,128,153.625,0.27606774861971417
sphere_polar_c03_n_up_gamma_down_d0p1_a0p85_m16_d128l4h2mlp512_700m_seed0_k10,H-R2-05-polar-ladder-capacity,dc80726a8c987e8c3a9171299dac00d03a074311,9bdd7fd75621e0a8443b2d81448065c2f5a57ddffe3faec3a11672327e586ade,half,0.85,20,0.175,0.1,699924480,sphere_polar_c03_n_up_gamma_down_d0p1_a0p85_m16,sphere_mess4,d128l4h2mlp512_700m_seed0_k10,0,10,128,4,trained,all_block_layers_single_token,physics,1.0,0.978980826720415,512,38.40625,0.9831993659504563
sphere_polar_c03_n_up_gamma_down_d0p1_a0p85_m16_d128l4h2mlp512_700m_seed0_k10,H-R2-05-polar-ladder-capacity,dc80726a8c987e8c3a9171299dac00d03a074311,9bdd7fd75621e0a8443b2d81448065c2f5a57ddffe3faec3a11672327e586ade,half,0.85,20,0.175,0.1,699924480,sphere_polar_c03_n_up_gamma_down_d0p1_a0p85_m16,sphere_mess4,d128l4h2mlp512_700m_seed0_k10,0,10,128,4,trained,all_block_layers_single_token,belief,1.0,0.43480233461208895,512,38.40625,0.43529701393217834
sphere_polar_c03_n_up_gamma_down_d0p1_a0p85_m16_d128l4h2mlp512_700m_seed0_k10,H-R2-05-polar-ladder-capacity,dc80726a8c987e8c3a9171299dac00d03a074311,9bdd7fd75621e0a8443b2d81448065c2f5a57ddffe3faec3a11672327e586ade,half,0.85,20,0.175,0.1,699924480,sphere_polar_c03_n_up_gamma_down_d0p1_a0p85_m16,sphere_mess4,d128l4h2mlp512_700m_seed0_k10,0,10,128,4,trained,embedding_and_all_layers_single_token,physics,1.0,0.9832655043096251,640,30.725,0.9860633492992865
sphere_polar_c03_n_up_gamma_down_d0p1_a0p85_m16_d128l4h2mlp512_700m_seed0_k10,H-R2-05-polar-ladder-capacity,dc80726a8c987e8c3a9171299dac00d03a074311,9bdd7fd75621e0a8443b2d81448065c2f5a57ddffe3faec3a11672327e586ade,half,0.85,20,0.175,0.1,699924480,sphere_polar_c03_n_up_gamma_down_d0p1_a0p85_m16,sphere_mess4,d128l4h2mlp512_700m_seed0_k10,0,10,128,4,trained,embedding_and_all_layers_single_token,belief,1.0,0.44460196588646367,640,30.725,0.44119343435739905
sphere_polar_c03_n_up_gamma_down_d0p1_a0p85_m16_d128l4h2mlp512_700m_seed0_k10,H-R2-05-polar-ladder-capacity,dc80726a8c987e8c3a9171299dac00d03a074311,9bdd7fd75621e0a8443b2d81448065c2f5a57ddffe3faec3a11672327e586ade,half,0.85,20,0.175,0.1,699924480,sphere_polar_c03_n_up_gamma_down_d0p1_a0p85_m16,sphere_mess4,d128l4h2mlp512_700m_seed0_k10,0,10,128,4,random_init,single_layer_single_token,physics,1.0,0.7359919235572112,128,153.625,0.7518260852589349
sphere_polar_c03_n_up_gamma_down_d0p1_a0p85_m16_d128l4h2mlp512_700m_seed0_k10,H-R2-05-polar-ladder-capacity,dc80726a8c987e8c3a9171299dac00d03a074311,9bdd7fd75621e0a8443b2d81448065c2f5a57ddffe3faec3a11672327e586ade,half,0.85,20,0.175,0.1,699924480,sphere_polar_c03_n_up_gamma_down_d0p1_a0p85_m16,sphere_mess4,d128l4h2mlp512_700m_seed0_k10,0,10,128,4,random_init,single_layer_single_token,belief,10.0,0.17887637972865394,128,153.625,0.18191586428985665
sphere_polar_c03_n_up_gamma_down_d0p1_a0p85_m16_d128l4h2mlp512_700m_seed0_k10,H-R2-05-polar-ladder-capacity,dc80726a8c987e8c3a9171299dac00d03a074311,9bdd7fd75621e0a8443b2d81448065c2f5a57ddffe3faec3a11672327e586ade,half,0.85,20,0.175,0.1,699924480,sphere_polar_c03_n_up_gamma_down_d0p1_a0p85_m16,sphere_mess4,d128l4h2mlp512_700m_seed0_k10,0,10,128,4,random_init,all_block_layers_single_token,physics,1.0,0.7928299120272493,512,38.40625,0.8009168919333456
sphere_polar_c03_n_up_gamma_down_d0p1_a0p85_m16_d128l4h2mlp512_700m_seed0_k10,H-R2-05-polar-ladder-capacity,dc80726a8c987e8c3a9171299dac00d03a074311,9bdd7fd75621e0a8443b2d81448065c2f5a57ddffe3faec3a11672327e586ade,half,0.85,20,0.175,0.1,699924480,sphere_polar_c03_n_up_gamma_down_d0p1_a0p85_m16,sphere_mess4,d128l4h2mlp512_700m_seed0_k10,0,10,128,4,random_init,all_block_layers_single_token,belief,1.0,0.2714051370363259,512,38.40625,0.26868651670654925
sphere_polar_c03_n_up_gamma_down_d0p1_a0p85_m16_d128l4h2mlp512_700m_seed0_k10,H-R2-05-polar-ladder-capacity,dc80726a8c987e8c3a9171299dac00d03a074311,9bdd7fd75621e0a8443b2d81448065c2f5a57ddffe3faec3a11672327e586ade,half,0.85,20,0.175,0.1,699924480,sphere_polar_c03_n_up_gamma_down_d0p1_a0p85_m16,sphere_mess4,d128l4h2mlp512_700m_seed0_k10,0,10,128,4,random_init,embedding_and_all_layers_single_token,physics,1.0,0.7994808784430509,640,30.725,0.8068224338519426
sphere_polar_c03_n_up_gamma_down_d0p1_a0p85_m16_d128l4h2mlp512_700m_seed0_k10,H-R2-05-polar-ladder-capacity,dc80726a8c987e8c3a9171299dac00d03a074311,9bdd7fd75621e0a8443b2d81448065c2f5a57ddffe3faec3a11672327e586ade,half,0.85,20,0.175,0.1,699924480,sphere_polar_c03_n_up_gamma_down_d0p1_a0p85_m16,sphere_mess4,d128l4h2mlp512_700m_seed0_k10,0,10,128,4,random_init,embedding_and_all_layers_single_token,belief,1.0,0.28043102687305,640,30.725,0.2813050533712037
sphere_polar_c03_n_up_gamma_down_d0p1_a0p85_m16_d128l4h2mlp512_700m_seed0_k21,H-R2-05-polar-ladder-capacity,dc80726a8c987e8c3a9171299dac00d03a074311,f832ef927ffeeb2036a82e6c72e13ab0bbe5b85b596985a3b174491c928abd00,n_plus_one,0.85,20,0.175,0.1,699924480,sphere_polar_c03_n_up_gamma_down_d0p1_a0p85_m16,sphere_mess4,d128l4h2mlp512_700m_seed0_k21,0,21,128,4,trained,single_layer_single_token,physics,1.0,0.8896519500416902,128,153.625,0.8884083292789668
sphere_polar_c03_n_up_gamma_down_d0p1_a0p85_m16_d128l4h2mlp512_700m_seed0_k21,H-R2-05-polar-ladder-capacity,dc80726a8c987e8c3a9171299dac00d03a074311,f832ef927ffeeb2036a82e6c72e13ab0bbe5b85b596985a3b174491c928abd00,n_plus_one,0.85,20,0.175,0.1,699924480,sphere_polar_c03_n_up_gamma_down_d0p1_a0p85_m16,sphere_mess4,d128l4h2mlp512_700m_seed0_k21,0,21,128,4,trained,single_layer_single_token,belief,1.0,0.3163638237063715,128,153.625,0.31095576666053615
sphere_polar_c03_n_up_gamma_down_d0p1_a0p85_m16_d128l4h2mlp512_700m_seed0_k21,H-R2-05-polar-ladder-capacity,dc80726a8c987e8c3a9171299dac00d03a074311,f832ef927ffeeb2036a82e6c72e13ab0bbe5b85b596985a3b174491c928abd00,n_plus_one,0.85,20,0.175,0.1,699924480,sphere_polar_c03_n_up_gamma_down_d0p1_a0p85_m16,sphere_mess4,d128l4h2mlp512_700m_seed0_k21,0,21,128,4,trained,all_block_layers_single_token,physics,1.0,0.9755743199072683,512,38.40625,0.9745002929471741
sphere_polar_c03_n_up_gamma_down_d0p1_a0p85_m16_d128l4h2mlp512_700m_seed0_k21,H-R2-05-polar-ladder-capacity,dc80726a8c987e8c3a9171299dac00d03a074311,f832ef927ffeeb2036a82e6c72e13ab0bbe5b85b596985a3b174491c928abd00,n_plus_one,0.85,20,0.175,0.1,699924480,sphere_polar_c03_n_up_gamma_down_d0p1_a0p85_m16,sphere_mess4,d128l4h2mlp512_700m_seed0_k21,0,21,128,4,trained,all_block_layers_single_token,belief,1.0,0.4842105487855226,512,38.40625,0.484285547831686
sphere_polar_c03_n_up_gamma_down_d0p1_a0p85_m16_d128l4h2mlp512_700m_seed0_k21,H-R2-05-polar-ladder-capacity,dc80726a8c987e8c3a9171299dac00d03a074311,f832ef927ffeeb2036a82e6c72e13ab0bbe5b85b596985a3b174491c928abd00,n_plus_one,0.85,20,0.175,0.1,699924480,sphere_polar_c03_n_up_gamma_down_d0p1_a0p85_m16,sphere_mess4,d128l4h2mlp512_700m_seed0_k21,0,21,128,4,trained,embedding_and_all_layers_single_token,physics,1.0,0.9800098167554765,640,30.725,0.977735473806608
sphere_polar_c03_n_up_gamma_down_d0p1_a0p85_m16_d128l4h2mlp512_700m_seed0_k21,H-R2-05-polar-ladder-capacity,dc80726a8c987e8c3a9171299dac00d03a074311,f832ef927ffeeb2036a82e6c72e13ab0bbe5b85b596985a3b174491c928abd00,n_plus_one,0.85,20,0.175,0.1,699924480,sphere_polar_c03_n_up_gamma_down_d0p1_a0p85_m16,sphere_mess4,d128l4h2mlp512_700m_seed0_k21,0,21,128,4,trained,embedding_and_all_layers_single_token,belief,1.0,0.4887172551414511,640,30.725,0.48752564015726263
sphere_polar_c03_n_up_gamma_down_d0p1_a0p85_m16_d128l4h2mlp512_700m_seed0_k21,H-R2-05-polar-ladder-capacity,dc80726a8c987e8c3a9171299dac00d03a074311,f832ef927ffeeb2036a82e6c72e13ab0bbe5b85b596985a3b174491c928abd00,n_plus_one,0.85,20,0.175,0.1,699924480,sphere_polar_c03_n_up_gamma_down_d0p1_a0p85_m16,sphere_mess4,d128l4h2mlp512_700m_seed0_k21,0,21,128,4,random_init,single_layer_single_token,physics,1.0,0.7359919235572112,128,153.625,0.7518260852589349
sphere_polar_c03_n_up_gamma_down_d0p1_a0p85_m16_d128l4h2mlp512_700m_seed0_k21,H-R2-05-polar-ladder-capacity,dc80726a8c987e8c3a9171299dac00d03a074311,f832ef927ffeeb2036a82e6c72e13ab0bbe5b85b596985a3b174491c928abd00,n_plus_one,0.85,20,0.175,0.1,699924480,sphere_polar_c03_n_up_gamma_down_d0p1_a0p85_m16,sphere_mess4,d128l4h2mlp512_700m_seed0_k21,0,21,128,4,random_init,single_layer_single_token,belief,10.0,0.17887637972865394,128,153.625,0.18191586428985665
sphere_polar_c03_n_up_gamma_down_d0p1_a0p85_m16_d128l4h2mlp512_700m_seed0_k21,H-R2-05-polar-ladder-capacity,dc80726a8c987e8c3a9171299dac00d03a074311,f832ef927ffeeb2036a82e6c72e13ab0bbe5b85b596985a3b174491c928abd00,n_plus_one,0.85,20,0.175,0.1,699924480,sphere_polar_c03_n_up_gamma_down_d0p1_a0p85_m16,sphere_mess4,d128l4h2mlp512_700m_seed0_k21,0,21,128,4,random_init,all_block_layers_single_token,physics,1.0,0.7928299120272493,512,38.40625,0.8009168919333456
sphere_polar_c03_n_up_gamma_down_d0p1_a0p85_m16_d128l4h2mlp512_700m_seed0_k21,H-R2-05-polar-ladder-capacity,dc80726a8c987e8c3a9171299dac00d03a074311,f832ef927ffeeb2036a82e6c72e13ab0bbe5b85b596985a3b174491c928abd00,n_plus_one,0.85,20,0.175,0.1,699924480,sphere_polar_c03_n_up_gamma_down_d0p1_a0p85_m16,sphere_mess4,d128l4h2mlp512_700m_seed0_k21,0,21,128,4,random_init,all_block_layers_single_token,belief,1.0,0.2714051370363259,512,38.40625,0.26868651670654925
sphere_polar_c03_n_up_gamma_down_d0p1_a0p85_m16_d128l4h2mlp512_700m_seed0_k21,H-R2-05-polar-ladder-capacity,dc80726a8c987e8c3a9171299dac00d03a074311,f832ef927ffeeb2036a82e6c72e13ab0bbe5b85b596985a3b174491c928abd00,n_plus_one,0.85,20,0.175,0.1,699924480,sphere_polar_c03_n_up_gamma_down_d0p1_a0p85_m16,sphere_mess4,d128l4h2mlp512_700m_seed0_k21,0,21,128,4,random_init,embedding_and_all_layers_single_token,physics,1.0,0.7994808784430509,640,30.725,0.8068224338519426
sphere_polar_c03_n_up_gamma_down_d0p1_a0p85_m16_d128l4h2mlp512_700m_seed0_k21,H-R2-05-polar-ladder-capacity,dc80726a8c987e8c3a9171299dac00d03a074311,f832ef927ffeeb2036a82e6c72e13ab0bbe5b85b596985a3b174491c928abd00,n_plus_one,0.85,20,0.175,0.1,699924480,sphere_polar_c03_n_up_gamma_down_d0p1_a0p85_m16,sphere_mess4,d128l4h2mlp512_700m_seed0_k21,0,21,128,4,random_init,embedding_and_all_layers_single_token,belief,1.0,0.28043102687305,640,30.725,0.2813050533712037
sphere_polar_c03_n_up_gamma_down_d0p1_a0p95_m16_d128l4h2mlp512_700m_seed0_k1,H-R2-05-polar-ladder-capacity,dc80726a8c987e8c3a9171299dac00d03a074311,0a3450900417765f0c58cf7c33a0ee718a7b9c0eacb16a62b6887bc52e6ca6e1,fixed,0.95,20,0.175,0.1,699924480,sphere_polar_c03_n_up_gamma_down_d0p1_a0p95_m16,sphere_mess4,d128l4h2mlp512_700m_seed0_k1,0,1,128,4,trained,single_layer_single_token,physics,1.0,0.87294044688431,128,153.75,0.8816300019491579
sphere_polar_c03_n_up_gamma_down_d0p1_a0p95_m16_d128l4h2mlp512_700m_seed0_k1,H-R2-05-polar-ladder-capacity,dc80726a8c987e8c3a9171299dac00d03a074311,0a3450900417765f0c58cf7c33a0ee718a7b9c0eacb16a62b6887bc52e6ca6e1,fixed,0.95,20,0.175,0.1,699924480,sphere_polar_c03_n_up_gamma_down_d0p1_a0p95_m16,sphere_mess4,d128l4h2mlp512_700m_seed0_k1,0,1,128,4,trained,single_layer_single_token,belief,10.0,0.24189589077740745,128,153.75,0.24375888311113883
sphere_polar_c03_n_up_gamma_down_d0p1_a0p95_m16_d128l4h2mlp512_700m_seed0_k1,H-R2-05-polar-ladder-capacity,dc80726a8c987e8c3a9171299dac00d03a074311,0a3450900417765f0c58cf7c33a0ee718a7b9c0eacb16a62b6887bc52e6ca6e1,fixed,0.95,20,0.175,0.1,699924480,sphere_polar_c03_n_up_gamma_down_d0p1_a0p95_m16,sphere_mess4,d128l4h2mlp512_700m_seed0_k1,0,1,128,4,trained,all_block_layers_single_token,physics,1.0,0.9771214448489466,512,38.4375,0.9788519497652571
sphere_polar_c03_n_up_gamma_down_d0p1_a0p95_m16_d128l4h2mlp512_700m_seed0_k1,H-R2-05-polar-ladder-capacity,dc80726a8c987e8c3a9171299dac00d03a074311,0a3450900417765f0c58cf7c33a0ee718a7b9c0eacb16a62b6887bc52e6ca6e1,fixed,0.95,20,0.175,0.1,699924480,sphere_polar_c03_n_up_gamma_down_d0p1_a0p95_m16,sphere_mess4,d128l4h2mlp512_700m_seed0_k1,0,1,128,4,trained,all_block_layers_single_token,belief,1.0,0.41795375194221307,512,38.4375,0.42700211693643014
sphere_polar_c03_n_up_gamma_down_d0p1_a0p95_m16_d128l4h2mlp512_700m_seed0_k1,H-R2-05-polar-ladder-capacity,dc80726a8c987e8c3a9171299dac00d03a074311,0a3450900417765f0c58cf7c33a0ee718a7b9c0eacb16a62b6887bc52e6ca6e1,fixed,0.95,20,0.175,0.1,699924480,sphere_polar_c03_n_up_gamma_down_d0p1_a0p95_m16,sphere_mess4,d128l4h2mlp512_700m_seed0_k1,0,1,128,4,trained,embedding_and_all_layers_single_token,physics,1.0,0.9793306907070507,640,30.75,0.9812605468955615
sphere_polar_c03_n_up_gamma_down_d0p1_a0p95_m16_d128l4h2mlp512_700m_seed0_k1,H-R2-05-polar-ladder-capacity,dc80726a8c987e8c3a9171299dac00d03a074311,0a3450900417765f0c58cf7c33a0ee718a7b9c0eacb16a62b6887bc52e6ca6e1,fixed,0.95,20,0.175,0.1,699924480,sphere_polar_c03_n_up_gamma_down_d0p1_a0p95_m16,sphere_mess4,d128l4h2mlp512_700m_seed0_k1,0,1,128,4,trained,embedding_and_all_layers_single_token,belief,1.0,0.42371379438175727,640,30.75,0.43601342548877026
sphere_polar_c03_n_up_gamma_down_d0p1_a0p95_m16_d128l4h2mlp512_700m_seed0_k1,H-R2-05-polar-ladder-capacity,dc80726a8c987e8c3a9171299dac00d03a074311,0a3450900417765f0c58cf7c33a0ee718a7b9c0eacb16a62b6887bc52e6ca6e1,fixed,0.95,20,0.175,0.1,699924480,sphere_polar_c03_n_up_gamma_down_d0p1_a0p95_m16,sphere_mess4,d128l4h2mlp512_700m_seed0_k1,0,1,128,4,random_init,single_layer_single_token,physics,1.0,0.7400469701531971,128,153.75,0.7584358489923533
sphere_polar_c03_n_up_gamma_down_d0p1_a0p95_m16_d128l4h2mlp512_700m_seed0_k1,H-R2-05-polar-ladder-capacity,dc80726a8c987e8c3a9171299dac00d03a074311,0a3450900417765f0c58cf7c33a0ee718a7b9c0eacb16a62b6887bc52e6ca6e1,fixed,0.95,20,0.175,0.1,699924480,sphere_polar_c03_n_up_gamma_down_d0p1_a0p95_m16,sphere_mess4,d128l4h2mlp512_700m_seed0_k1,0,1,128,4,random_init,single_layer_single_token,belief,10.0,0.19324679654591354,128,153.75,0.20414794609480974
sphere_polar_c03_n_up_gamma_down_d0p1_a0p95_m16_d128l4h2mlp512_700m_seed0_k1,H-R2-05-polar-ladder-capacity,dc80726a8c987e8c3a9171299dac00d03a074311,0a3450900417765f0c58cf7c33a0ee718a7b9c0eacb16a62b6887bc52e6ca6e1,fixed,0.95,20,0.175,0.1,699924480,sphere_polar_c03_n_up_gamma_down_d0p1_a0p95_m16,sphere_mess4,d128l4h2mlp512_700m_seed0_k1,0,1,128,4,random_init,all_block_layers_single_token,physics,1.0,0.7986202265944082,512,38.4375,0.8158089310853063
sphere_polar_c03_n_up_gamma_down_d0p1_a0p95_m16_d128l4h2mlp512_700m_seed0_k1,H-R2-05-polar-ladder-capacity,dc80726a8c987e8c3a9171299dac00d03a074311,0a3450900417765f0c58cf7c33a0ee718a7b9c0eacb16a62b6887bc52e6ca6e1,fixed,0.95,20,0.175,0.1,699924480,sphere_polar_c03_n_up_gamma_down_d0p1_a0p95_m16,sphere_mess4,d128l4h2mlp512_700m_seed0_k1,0,1,128,4,random_init,all_block_layers_single_token,belief,1.0,0.2868309486857682,512,38.4375,0.3038556366896107
sphere_polar_c03_n_up_gamma_down_d0p1_a0p95_m16_d128l4h2mlp512_700m_seed0_k1,H-R2-05-polar-ladder-capacity,dc80726a8c987e8c3a9171299dac00d03a074311,0a3450900417765f0c58cf7c33a0ee718a7b9c0eacb16a62b6887bc52e6ca6e1,fixed,0.95,20,0.175,0.1,699924480,sphere_polar_c03_n_up_gamma_down_d0p1_a0p95_m16,sphere_mess4,d128l4h2mlp512_700m_seed0_k1,0,1,128,4,random_init,embedding_and_all_layers_single_token,physics,1.0,0.8064837919368346,640,30.75,0.8224052780209351
sphere_polar_c03_n_up_gamma_down_d0p1_a0p95_m16_d128l4h2mlp512_700m_seed0_k1,H-R2-05-polar-ladder-capacity,dc80726a8c987e8c3a9171299dac00d03a074311,0a3450900417765f0c58cf7c33a0ee718a7b9c0eacb16a62b6887bc52e6ca6e1,fixed,0.95,20,0.175,0.1,699924480,sphere_polar_c03_n_up_gamma_down_d0p1_a0p95_m16,sphere_mess4,d128l4h2mlp512_700m_seed0_k1,0,1,128,4,random_init,embedding_and_all_layers_single_token,belief,1.0,0.2947072541533473,640,30.75,0.31580994904631454
sphere_polar_c03_n_up_gamma_down_d0p1_a0p95_m16_d128l4h2mlp512_700m_seed0_k10,H-R2-05-polar-ladder-capacity,dc80726a8c987e8c3a9171299dac00d03a074311,5d040084a8330522203efafbee29c87f466e37b0e8d3ed5708b6ece231b16724,half,0.95,20,0.175,0.1,699924480,sphere_polar_c03_n_up_gamma_down_d0p1_a0p95_m16,sphere_mess4,d128l4h2mlp512_700m_seed0_k10,0,10,128,4,trained,single_layer_single_token,physics,1.0,0.8659816737139827,128,153.75,0.8732940414431387
sphere_polar_c03_n_up_gamma_down_d0p1_a0p95_m16_d128l4h2mlp512_700m_seed0_k10,H-R2-05-polar-ladder-capacity,dc80726a8c987e8c3a9171299dac00d03a074311,5d040084a8330522203efafbee29c87f466e37b0e8d3ed5708b6ece231b16724,half,0.95,20,0.175,0.1,699924480,sphere_polar_c03_n_up_gamma_down_d0p1_a0p95_m16,sphere_mess4,d128l4h2mlp512_700m_seed0_k10,0,10,128,4,trained,single_layer_single_token,belief,10.0,0.3298317399830223,128,153.75,0.33419558498835783
sphere_polar_c03_n_up_gamma_down_d0p1_a0p95_m16_d128l4h2mlp512_700m_seed0_k10,H-R2-05-polar-ladder-capacity,dc80726a8c987e8c3a9171299dac00d03a074311,5d040084a8330522203efafbee29c87f466e37b0e8d3ed5708b6ece231b16724,half,0.95,20,0.175,0.1,699924480,sphere_polar_c03_n_up_gamma_down_d0p1_a0p95_m16,sphere_mess4,d128l4h2mlp512_700m_seed0_k10,0,10,128,4,trained,all_block_layers_single_token,physics,1.0,0.9759502714590628,512,38.4375,0.9791199582535776
sphere_polar_c03_n_up_gamma_down_d0p1_a0p95_m16_d128l4h2mlp512_700m_seed0_k10,H-R2-05-polar-ladder-capacity,dc80726a8c987e8c3a9171299dac00d03a074311,5d040084a8330522203efafbee29c87f466e37b0e8d3ed5708b6ece231b16724,half,0.95,20,0.175,0.1,699924480,sphere_polar_c03_n_up_gamma_down_d0p1_a0p95_m16,sphere_mess4,d128l4h2mlp512_700m_seed0_k10,0,10,128,4,trained,all_block_layers_single_token,belief,10.0,0.5136635029638793,512,38.4375,0.5263547364917878
sphere_polar_c03_n_up_gamma_down_d0p1_a0p95_m16_d128l4h2mlp512_700m_seed0_k10,H-R2-05-polar-ladder-capacity,dc80726a8c987e8c3a9171299dac00d03a074311,5d040084a8330522203efafbee29c87f466e37b0e8d3ed5708b6ece231b16724,half,0.95,20,0.175,0.1,699924480,sphere_polar_c03_n_up_gamma_down_d0p1_a0p95_m16,sphere_mess4,d128l4h2mlp512_700m_seed0_k10,0,10,128,4,trained,embedding_and_all_layers_single_token,physics,1.0,0.9794254558873666,640,30.75,0.9822901925837988
sphere_polar_c03_n_up_gamma_down_d0p1_a0p95_m16_d128l4h2mlp512_700m_seed0_k10,H-R2-05-polar-ladder-capacity,dc80726a8c987e8c3a9171299dac00d03a074311,5d040084a8330522203efafbee29c87f466e37b0e8d3ed5708b6ece231b16724,half,0.95,20,0.175,0.1,699924480,sphere_polar_c03_n_up_gamma_down_d0p1_a0p95_m16,sphere_mess4,d128l4h2mlp512_700m_seed0_k10,0,10,128,4,trained,embedding_and_all_layers_single_token,belief,10.0,0.5193524482083873,640,30.75,0.535053894459933
sphere_polar_c03_n_up_gamma_down_d0p1_a0p95_m16_d128l4h2mlp512_700m_seed0_k10,H-R2-05-polar-ladder-capacity,dc80726a8c987e8c3a9171299dac00d03a074311,5d040084a8330522203efafbee29c87f466e37b0e8d3ed5708b6ece231b16724,half,0.95,20,0.175,0.1,699924480,sphere_polar_c03_n_up_gamma_down_d0p1_a0p95_m16,sphere_mess4,d128l4h2mlp512_700m_seed0_k10,0,10,128,4,random_init,single_layer_single_token,physics,1.0,0.7400469701531971,128,153.75,0.7584358489923533
sphere_polar_c03_n_up_gamma_down_d0p1_a0p95_m16_d128l4h2mlp512_700m_seed0_k10,H-R2-05-polar-ladder-capacity,dc80726a8c987e8c3a9171299dac00d03a074311,5d040084a8330522203efafbee29c87f466e37b0e8d3ed5708b6ece231b16724,half,0.95,20,0.175,0.1,699924480,sphere_polar_c03_n_up_gamma_down_d0p1_a0p95_m16,sphere_mess4,d128l4h2mlp512_700m_seed0_k10,0,10,128,4,random_init,single_layer_single_token,belief,10.0,0.19324679654591354,128,153.75,0.20414794609480974
sphere_polar_c03_n_up_gamma_down_d0p1_a0p95_m16_d128l4h2mlp512_700m_seed0_k10,H-R2-05-polar-ladder-capacity,dc80726a8c987e8c3a9171299dac00d03a074311,5d040084a8330522203efafbee29c87f466e37b0e8d3ed5708b6ece231b16724,half,0.95,20,0.175,0.1,699924480,sphere_polar_c03_n_up_gamma_down_d0p1_a0p95_m16,sphere_mess4,d128l4h2mlp512_700m_seed0_k10,0,10,128,4,random_init,all_block_layers_single_token,physics,1.0,0.7986202265944082,512,38.4375,0.8158089310853063
sphere_polar_c03_n_up_gamma_down_d0p1_a0p95_m16_d128l4h2mlp512_700m_seed0_k10,H-R2-05-polar-ladder-capacity,dc80726a8c987e8c3a9171299dac00d03a074311,5d040084a8330522203efafbee29c87f466e37b0e8d3ed5708b6ece231b16724,half,0.95,20,0.175,0.1,699924480,sphere_polar_c03_n_up_gamma_down_d0p1_a0p95_m16,sphere_mess4,d128l4h2mlp512_700m_seed0_k10,0,10,128,4,random_init,all_block_layers_single_token,belief,1.0,0.2868309486857682,512,38.4375,0.3038556366896107
sphere_polar_c03_n_up_gamma_down_d0p1_a0p95_m16_d128l4h2mlp512_700m_seed0_k10,H-R2-05-polar-ladder-capacity,dc80726a8c987e8c3a9171299dac00d03a074311,5d040084a8330522203efafbee29c87f466e37b0e8d3ed5708b6ece231b16724,half,0.95,20,0.175,0.1,699924480,sphere_polar_c03_n_up_gamma_down_d0p1_a0p95_m16,sphere_mess4,d128l4h2mlp512_700m_seed0_k10,0,10,128,4,random_init,embedding_and_all_layers_single_token,physics,1.0,0.8064837919368346,640,30.75,0.8224052780209351
sphere_polar_c03_n_up_gamma_down_d0p1_a0p95_m16_d128l4h2mlp512_700m_seed0_k10,H-R2-05-polar-ladder-capacity,dc80726a8c987e8c3a9171299dac00d03a074311,5d040084a8330522203efafbee29c87f466e37b0e8d3ed5708b6ece231b16724,half,0.95,20,0.175,0.1,699924480,sphere_polar_c03_n_up_gamma_down_d0p1_a0p95_m16,sphere_mess4,d128l4h2mlp512_700m_seed0_k10,0,10,128,4,random_init,embedding_and_all_layers_single_token,belief,1.0,0.2947072541533473,640,30.75,0.31580994904631454
sphere_polar_c03_n_up_gamma_down_d0p1_a0p95_m16_d128l4h2mlp512_700m_seed0_k21,H-R2-05-polar-ladder-capacity,dc80726a8c987e8c3a9171299dac00d03a074311,592de420c90920c5fe2490568e2a16470f64d1b065f1012d7ca1f33de28a2583,n_plus_one,0.95,20,0.175,0.1,699924480,sphere_polar_c03_n_up_gamma_down_d0p1_a0p95_m16,sphere_mess4,d128l4h2mlp512_700m_seed0_k21,0,21,128,4,trained,single_layer_single_token,physics,1.0,0.8703158873781776,128,153.75,0.8775348862807334
sphere_polar_c03_n_up_gamma_down_d0p1_a0p95_m16_d128l4h2mlp512_700m_seed0_k21,H-R2-05-polar-ladder-capacity,dc80726a8c987e8c3a9171299dac00d03a074311,592de420c90920c5fe2490568e2a16470f64d1b065f1012d7ca1f33de28a2583,n_plus_one,0.95,20,0.175,0.1,699924480,sphere_polar_c03_n_up_gamma_down_d0p1_a0p95_m16,sphere_mess4,d128l4h2mlp512_700m_seed0_k21,0,21,128,4,trained,single_layer_single_token,belief,10.0,0.32819005862787565,128,153.75,0.3355631180086582
sphere_polar_c03_n_up_gamma_down_d0p1_a0p95_m16_d128l4h2mlp512_700m_seed0_k21,H-R2-05-polar-ladder-capacity,dc80726a8c987e8c3a9171299dac00d03a074311,592de420c90920c5fe2490568e2a16470f64d1b065f1012d7ca1f33de28a2583,n_plus_one,0.95,20,0.175,0.1,699924480,sphere_polar_c03_n_up_gamma_down_d0p1_a0p95_m16,sphere_mess4,d128l4h2mlp512_700m_seed0_k21,0,21,128,4,trained,all_block_layers_single_token,physics,1.0,0.9611785710157197,512,38.4375,0.9626715200236491
sphere_polar_c03_n_up_gamma_down_d0p1_a0p95_m16_d128l4h2mlp512_700m_seed0_k21,H-R2-05-polar-ladder-capacity,dc80726a8c987e8c3a9171299dac00d03a074311,592de420c90920c5fe2490568e2a16470f64d1b065f1012d7ca1f33de28a2583,n_plus_one,0.95,20,0.175,0.1,699924480,sphere_polar_c03_n_up_gamma_down_d0p1_a0p95_m16,sphere_mess4,d128l4h2mlp512_700m_seed0_k21,0,21,128,4,trained,all_block_layers_single_token,belief,1.0,0.4993436204914222,512,38.4375,0.5116215468231442
sphere_polar_c03_n_up_gamma_down_d0p1_a0p95_m16_d128l4h2mlp512_700m_seed0_k21,H-R2-05-polar-ladder-capacity,dc80726a8c987e8c3a9171299dac00d03a074311,592de420c90920c5fe2490568e2a16470f64d1b065f1012d7ca1f33de28a2583,n_plus_one,0.95,20,0.175,0.1,699924480,sphere_polar_c03_n_up_gamma_down_d0p1_a0p95_m16,sphere_mess4,d128l4h2mlp512_700m_seed0_k21,0,21,128,4,trained,embedding_and_all_layers_single_token,physics,1.0,0.9655662914671537,640,30.75,0.9672333230316161
sphere_polar_c03_n_up_gamma_down_d0p1_a0p95_m16_d128l4h2mlp512_700m_seed0_k21,H-R2-05-polar-ladder-capacity,dc80726a8c987e8c3a9171299dac00d03a074311,592de420c90920c5fe2490568e2a16470f64d1b065f1012d7ca1f33de28a2583,n_plus_one,0.95,20,0.175,0.1,699924480,sphere_polar_c03_n_up_gamma_down_d0p1_a0p95_m16,sphere_mess4,d128l4h2mlp512_700m_seed0_k21,0,21,128,4,trained,embedding_and_all_layers_single_token,belief,1.0,0.5063341196777829,640,30.75,0.5186252008039218
sphere_polar_c03_n_up_gamma_down_d0p1_a0p95_m16_d128l4h2mlp512_700m_seed0_k21,H-R2-05-polar-ladder-capacity,dc80726a8c987e8c3a9171299dac00d03a074311,592de420c90920c5fe2490568e2a16470f64d1b065f1012d7ca1f33de28a2583,n_plus_one,0.95,20,0.175,0.1,699924480,sphere_polar_c03_n_up_gamma_down_d0p1_a0p95_m16,sphere_mess4,d128l4h2mlp512_700m_seed0_k21,0,21,128,4,random_init,single_layer_single_token,physics,1.0,0.7400469701531971,128,153.75,0.7584358489923533
sphere_polar_c03_n_up_gamma_down_d0p1_a0p95_m16_d128l4h2mlp512_700m_seed0_k21,H-R2-05-polar-ladder-capacity,dc80726a8c987e8c3a9171299dac00d03a074311,592de420c90920c5fe2490568e2a16470f64d1b065f1012d7ca1f33de28a2583,n_plus_one,0.95,20,0.175,0.1,699924480,sphere_polar_c03_n_up_gamma_down_d0p1_a0p95_m16,sphere_mess4,d128l4h2mlp512_700m_seed0_k21,0,21,128,4,random_init,single_layer_single_token,belief,10.0,0.19324679654591354,128,153.75,0.20414794609480974
sphere_polar_c03_n_up_gamma_down_d0p1_a0p95_m16_d128l4h2mlp512_700m_seed0_k21,H-R2-05-polar-ladder-capacity,dc80726a8c987e8c3a9171299dac00d03a074311,592de420c90920c5fe2490568e2a16470f64d1b065f1012d7ca1f33de28a2583,n_plus_one,0.95,20,0.175,0.1,699924480,sphere_polar_c03_n_up_gamma_down_d0p1_a0p95_m16,sphere_mess4,d128l4h2mlp512_700m_seed0_k21,0,21,128,4,random_init,all_block_layers_single_token,physics,1.0,0.7986202265944082,512,38.4375,0.8158089310853063
sphere_polar_c03_n_up_gamma_down_d0p1_a0p95_m16_d128l4h2mlp512_700m_seed0_k21,H-R2-05-polar-ladder-capacity,dc80726a8c987e8c3a9171299dac00d03a074311,592de420c90920c5fe2490568e2a16470f64d1b065f1012d7ca1f33de28a2583,n_plus_one,0.95,20,0.175,0.1,699924480,sphere_polar_c03_n_up_gamma_down_d0p1_a0p95_m16,sphere_mess4,d128l4h2mlp512_700m_seed0_k21,0,21,128,4,random_init,all_block_layers_single_token,belief,1.0,0.2868309486857682,512,38.4375,0.3038556366896107
sphere_polar_c03_n_up_gamma_down_d0p1_a0p95_m16_d128l4h2mlp512_700m_seed0_k21,H-R2-05-polar-ladder-capacity,dc80726a8c987e8c3a9171299dac00d03a074311,592de420c90920c5fe2490568e2a16470f64d1b065f1012d7ca1f33de28a2583,n_plus_one,0.95,20,0.175,0.1,699924480,sphere_polar_c03_n_up_gamma_down_d0p1_a0p95_m16,sphere_mess4,d128l4h2mlp512_700m_seed0_k21,0,21,128,4,random_init,embedding_and_all_layers_single_token,physics,1.0,0.8064837919368346,640,30.75,0.8224052780209351
sphere_polar_c03_n_up_gamma_down_d0p1_a0p95_m16_d128l4h2mlp512_700m_seed0_k21,H-R2-05-polar-ladder-capacity,dc80726a8c987e8c3a9171299dac00d03a074311,592de420c90920c5fe2490568e2a16470f64d1b065f1012d7ca1f33de28a2583,n_plus_one,0.95,20,0.175,0.1,699924480,sphere_polar_c03_n_up_gamma_down_d0p1_a0p95_m16,sphere_mess4,d128l4h2mlp512_700m_seed0_k21,0,21,128,4,random_init,embedding_and_all_layers_single_token,belief,1.0,0.2947072541533473,640,30.75,0.31580994904631454
sphere_polar_c04_n_up_gamma_down_d0p12_a0p5_m16_d128l4h2mlp512_700m_seed0_k1,H-R2-05-polar-ladder-capacity,dc80726a8c987e8c3a9171299dac00d03a074311,810f4de3c018b8ad71b116f89f8a7ce643319afa5d0f9bbe069a0ac19aac5fd8,fixed,0.5,20,0.175,0.12,699924480,sphere_polar_c04_n_up_gamma_down_d0p12_a0p5_m16,sphere_mess4,d128l4h2mlp512_700m_seed0_k1,0,1,128,4,trained,single_layer_single_token,physics,10.0,0.8887848068141865,128,153.5,0.8970653356076144
sphere_polar_c04_n_up_gamma_down_d0p12_a0p5_m16_d128l4h2mlp512_700m_seed0_k1,H-R2-05-polar-ladder-capacity,dc80726a8c987e8c3a9171299dac00d03a074311,810f4de3c018b8ad71b116f89f8a7ce643319afa5d0f9bbe069a0ac19aac5fd8,fixed,0.5,20,0.175,0.12,699924480,sphere_polar_c04_n_up_gamma_down_d0p12_a0p5_m16,sphere_mess4,d128l4h2mlp512_700m_seed0_k1,0,1,128,4,trained,single_layer_single_token,belief,10.0,0.15630854165272315,128,153.5,0.1504828008153209
sphere_polar_c04_n_up_gamma_down_d0p12_a0p5_m16_d128l4h2mlp512_700m_seed0_k1,H-R2-05-polar-ladder-capacity,dc80726a8c987e8c3a9171299dac00d03a074311,810f4de3c018b8ad71b116f89f8a7ce643319afa5d0f9bbe069a0ac19aac5fd8,fixed,0.5,20,0.175,0.12,699924480,sphere_polar_c04_n_up_gamma_down_d0p12_a0p5_m16,sphere_mess4,d128l4h2mlp512_700m_seed0_k1,0,1,128,4,trained,all_block_layers_single_token,physics,1.0,0.9789396442343266,512,38.375,0.9823154284063046
sphere_polar_c04_n_up_gamma_down_d0p12_a0p5_m16_d128l4h2mlp512_700m_seed0_k1,H-R2-05-polar-ladder-capacity,dc80726a8c987e8c3a9171299dac00d03a074311,810f4de3c018b8ad71b116f89f8a7ce643319afa5d0f9bbe069a0ac19aac5fd8,fixed,0.5,20,0.175,0.12,699924480,sphere_polar_c04_n_up_gamma_down_d0p12_a0p5_m16,sphere_mess4,d128l4h2mlp512_700m_seed0_k1,0,1,128,4,trained,all_block_layers_single_token,belief,1.0,0.2694235283696961,512,38.375,0.28070879370528906
sphere_polar_c04_n_up_gamma_down_d0p12_a0p5_m16_d128l4h2mlp512_700m_seed0_k1,H-R2-05-polar-ladder-capacity,dc80726a8c987e8c3a9171299dac00d03a074311,810f4de3c018b8ad71b116f89f8a7ce643319afa5d0f9bbe069a0ac19aac5fd8,fixed,0.5,20,0.175,0.12,699924480,sphere_polar_c04_n_up_gamma_down_d0p12_a0p5_m16,sphere_mess4,d128l4h2mlp512_700m_seed0_k1,0,1,128,4,trained,embedding_and_all_layers_single_token,physics,1.0,0.9808520394904385,640,30.7,0.9848003809832429
sphere_polar_c04_n_up_gamma_down_d0p12_a0p5_m16_d128l4h2mlp512_700m_seed0_k1,H-R2-05-polar-ladder-capacity,dc80726a8c987e8c3a9171299dac00d03a074311,810f4de3c018b8ad71b116f89f8a7ce643319afa5d0f9bbe069a0ac19aac5fd8,fixed,0.5,20,0.175,0.12,699924480,sphere_polar_c04_n_up_gamma_down_d0p12_a0p5_m16,sphere_mess4,d128l4h2mlp512_700m_seed0_k1,0,1,128,4,trained,embedding_and_all_layers_single_token,belief,1.0,0.2773026313374103,640,30.7,0.29618387405233604
sphere_polar_c04_n_up_gamma_down_d0p12_a0p5_m16_d128l4h2mlp512_700m_seed0_k1,H-R2-05-polar-ladder-capacity,dc80726a8c987e8c3a9171299dac00d03a074311,810f4de3c018b8ad71b116f89f8a7ce643319afa5d0f9bbe069a0ac19aac5fd8,fixed,0.5,20,0.175,0.12,699924480,sphere_polar_c04_n_up_gamma_down_d0p12_a0p5_m16,sphere_mess4,d128l4h2mlp512_700m_seed0_k1,0,1,128,4,random_init,single_layer_single_token,physics,10.0,0.6809738032875365,128,153.5,0.6922332357457074
sphere_polar_c04_n_up_gamma_down_d0p12_a0p5_m16_d128l4h2mlp512_700m_seed0_k1,H-R2-05-polar-ladder-capacity,dc80726a8c987e8c3a9171299dac00d03a074311,810f4de3c018b8ad71b116f89f8a7ce643319afa5d0f9bbe069a0ac19aac5fd8,fixed,0.5,20,0.175,0.12,699924480,sphere_polar_c04_n_up_gamma_down_d0p12_a0p5_m16,sphere_mess4,d128l4h2mlp512_700m_seed0_k1,0,1,128,4,random_init,single_layer_single_token,belief,10.0,0.11320909293966461,128,153.5,0.11506529310052374
sphere_polar_c04_n_up_gamma_down_d0p12_a0p5_m16_d128l4h2mlp512_700m_seed0_k1,H-R2-05-polar-ladder-capacity,dc80726a8c987e8c3a9171299dac00d03a074311,810f4de3c018b8ad71b116f89f8a7ce643319afa5d0f9bbe069a0ac19aac5fd8,fixed,0.5,20,0.175,0.12,699924480,sphere_polar_c04_n_up_gamma_down_d0p12_a0p5_m16,sphere_mess4,d128l4h2mlp512_700m_seed0_k1,0,1,128,4,random_init,all_block_layers_single_token,physics,1.0,0.723110756847831,512,38.375,0.7397739255585278
sphere_polar_c04_n_up_gamma_down_d0p12_a0p5_m16_d128l4h2mlp512_700m_seed0_k1,H-R2-05-polar-ladder-capacity,dc80726a8c987e8c3a9171299dac00d03a074311,810f4de3c018b8ad71b116f89f8a7ce643319afa5d0f9bbe069a0ac19aac5fd8,fixed,0.5,20,0.175,0.12,699924480,sphere_polar_c04_n_up_gamma_down_d0p12_a0p5_m16,sphere_mess4,d128l4h2mlp512_700m_seed0_k1,0,1,128,4,random_init,all_block_layers_single_token,belief,1.0,0.19100741092487,512,38.375,0.19649002322783354
sphere_polar_c04_n_up_gamma_down_d0p12_a0p5_m16_d128l4h2mlp512_700m_seed0_k1,H-R2-05-polar-ladder-capacity,dc80726a8c987e8c3a9171299dac00d03a074311,810f4de3c018b8ad71b116f89f8a7ce643319afa5d0f9bbe069a0ac19aac5fd8,fixed,0.5,20,0.175,0.12,699924480,sphere_polar_c04_n_up_gamma_down_d0p12_a0p5_m16,sphere_mess4,d128l4h2mlp512_700m_seed0_k1,0,1,128,4,random_init,embedding_and_all_layers_single_token,physics,1.0,0.7331879265388901,640,30.7,0.7517512970102138
sphere_polar_c04_n_up_gamma_down_d0p12_a0p5_m16_d128l4h2mlp512_700m_seed0_k1,H-R2-05-polar-ladder-capacity,dc80726a8c987e8c3a9171299dac00d03a074311,810f4de3c018b8ad71b116f89f8a7ce643319afa5d0f9bbe069a0ac19aac5fd8,fixed,0.5,20,0.175,0.12,699924480,sphere_polar_c04_n_up_gamma_down_d0p12_a0p5_m16,sphere_mess4,d128l4h2mlp512_700m_seed0_k1,0,1,128,4,random_init,embedding_and_all_layers_single_token,belief,1.0,0.200773321775599,640,30.7,0.20764215175613884
sphere_polar_c04_n_up_gamma_down_d0p12_a0p5_m16_d128l4h2mlp512_700m_seed0_k10,H-R2-05-polar-ladder-capacity,dc80726a8c987e8c3a9171299dac00d03a074311,2439621ff42510e7dfa1c844b5684240d2a4591ba4b4b6ca90da81c2a08dab60,half,0.5,20,0.175,0.12,699924480,sphere_polar_c04_n_up_gamma_down_d0p12_a0p5_m16,sphere_mess4,d128l4h2mlp512_700m_seed0_k10,0,10,128,4,trained,single_layer_single_token,physics,1.0,0.8969623742953128,128,153.5,0.9039334920804452
sphere_polar_c04_n_up_gamma_down_d0p12_a0p5_m16_d128l4h2mlp512_700m_seed0_k10,H-R2-05-polar-ladder-capacity,dc80726a8c987e8c3a9171299dac00d03a074311,2439621ff42510e7dfa1c844b5684240d2a4591ba4b4b6ca90da81c2a08dab60,half,0.5,20,0.175,0.12,699924480,sphere_polar_c04_n_up_gamma_down_d0p12_a0p5_m16,sphere_mess4,d128l4h2mlp512_700m_seed0_k10,0,10,128,4,trained,single_layer_single_token,belief,10.0,0.15908048751114823,128,153.5,0.1618877041349917
sphere_polar_c04_n_up_gamma_down_d0p12_a0p5_m16_d128l4h2mlp512_700m_seed0_k10,H-R2-05-polar-ladder-capacity,dc80726a8c987e8c3a9171299dac00d03a074311,2439621ff42510e7dfa1c844b5684240d2a4591ba4b4b6ca90da81c2a08dab60,half,0.5,20,0.175,0.12,699924480,sphere_polar_c04_n_up_gamma_down_d0p12_a0p5_m16,sphere_mess4,d128l4h2mlp512_700m_seed0_k10,0,10,128,4,trained,all_block_layers_single_token,physics,1.0,0.9690118947864982,512,38.375,0.9741469074206285
sphere_polar_c04_n_up_gamma_down_d0p12_a0p5_m16_d128l4h2mlp512_700m_seed0_k10,H-R2-05-polar-ladder-capacity,dc80726a8c987e8c3a9171299dac00d03a074311,2439621ff42510e7dfa1c844b5684240d2a4591ba4b4b6ca90da81c2a08dab60,half,0.5,20,0.175,0.12,699924480,sphere_polar_c04_n_up_gamma_down_d0p12_a0p5_m16,sphere_mess4,d128l4h2mlp512_700m_seed0_k10,0,10,128,4,trained,all_block_layers_single_token,belief,1.0,0.3095430606643927,512,38.375,0.3151775690162447
sphere_polar_c04_n_up_gamma_down_d0p12_a0p5_m16_d128l4h2mlp512_700m_seed0_k10,H-R2-05-polar-ladder-capacity,dc80726a8c987e8c3a9171299dac00d03a074311,2439621ff42510e7dfa1c844b5684240d2a4591ba4b4b6ca90da81c2a08dab60,half,0.5,20,0.175,0.12,699924480,sphere_polar_c04_n_up_gamma_down_d0p12_a0p5_m16,sphere_mess4,d128l4h2mlp512_700m_seed0_k10,0,10,128,4,trained,embedding_and_all_layers_single_token,physics,1.0,0.9726937170818117,640,30.7,0.978101014564396
sphere_polar_c04_n_up_gamma_down_d0p12_a0p5_m16_d128l4h2mlp512_700m_seed0_k10,H-R2-05-polar-ladder-capacity,dc80726a8c987e8c3a9171299dac00d03a074311,2439621ff42510e7dfa1c844b5684240d2a4591ba4b4b6ca90da81c2a08dab60,half,0.5,20,0.175,0.12,699924480,sphere_polar_c04_n_up_gamma_down_d0p12_a0p5_m16,sphere_mess4,d128l4h2mlp512_700m_seed0_k10,0,10,128,4,trained,embedding_and_all_layers_single_token,belief,1.0,0.3185946461328786,640,30.7,0.3247882129313223
sphere_polar_c04_n_up_gamma_down_d0p12_a0p5_m16_d128l4h2mlp512_700m_seed0_k10,H-R2-05-polar-ladder-capacity,dc80726a8c987e8c3a9171299dac00d03a074311,2439621ff42510e7dfa1c844b5684240d2a4591ba4b4b6ca90da81c2a08dab60,half,0.5,20,0.175,0.12,699924480,sphere_polar_c04_n_up_gamma_down_d0p12_a0p5_m16,sphere_mess4,d128l4h2mlp512_700m_seed0_k10,0,10,128,4,random_init,single_layer_single_token,physics,10.0,0.6809738032875365,128,153.5,0.6922332357457074
sphere_polar_c04_n_up_gamma_down_d0p12_a0p5_m16_d128l4h2mlp512_700m_seed0_k10,H-R2-05-polar-ladder-capacity,dc80726a8c987e8c3a9171299dac00d03a074311,2439621ff42510e7dfa1c844b5684240d2a4591ba4b4b6ca90da81c2a08dab60,half,0.5,20,0.175,0.12,699924480,sphere_polar_c04_n_up_gamma_down_d0p12_a0p5_m16,sphere_mess4,d128l4h2mlp512_700m_seed0_k10,0,10,128,4,random_init,single_layer_single_token,belief,10.0,0.11320909293966461,128,153.5,0.11506529310052374
sphere_polar_c04_n_up_gamma_down_d0p12_a0p5_m16_d128l4h2mlp512_700m_seed0_k10,H-R2-05-polar-ladder-capacity,dc80726a8c987e8c3a9171299dac00d03a074311,2439621ff42510e7dfa1c844b5684240d2a4591ba4b4b6ca90da81c2a08dab60,half,0.5,20,0.175,0.12,699924480,sphere_polar_c04_n_up_gamma_down_d0p12_a0p5_m16,sphere_mess4,d128l4h2mlp512_700m_seed0_k10,0,10,128,4,random_init,all_block_layers_single_token,physics,1.0,0.723110756847831,512,38.375,0.7397739255585278
sphere_polar_c04_n_up_gamma_down_d0p12_a0p5_m16_d128l4h2mlp512_700m_seed0_k10,H-R2-05-polar-ladder-capacity,dc80726a8c987e8c3a9171299dac00d03a074311,2439621ff42510e7dfa1c844b5684240d2a4591ba4b4b6ca90da81c2a08dab60,half,0.5,20,0.175,0.12,699924480,sphere_polar_c04_n_up_gamma_down_d0p12_a0p5_m16,sphere_mess4,d128l4h2mlp512_700m_seed0_k10,0,10,128,4,random_init,all_block_layers_single_token,belief,1.0,0.19100741092487,512,38.375,0.19649002322783354
sphere_polar_c04_n_up_gamma_down_d0p12_a0p5_m16_d128l4h2mlp512_700m_seed0_k10,H-R2-05-polar-ladder-capacity,dc80726a8c987e8c3a9171299dac00d03a074311,2439621ff42510e7dfa1c844b5684240d2a4591ba4b4b6ca90da81c2a08dab60,half,0.5,20,0.175,0.12,699924480,sphere_polar_c04_n_up_gamma_down_d0p12_a0p5_m16,sphere_mess4,d128l4h2mlp512_700m_seed0_k10,0,10,128,4,random_init,embedding_and_all_layers_single_token,physics,1.0,0.7331879265388901,640,30.7,0.7517512970102138
sphere_polar_c04_n_up_gamma_down_d0p12_a0p5_m16_d128l4h2mlp512_700m_seed0_k10,H-R2-05-polar-ladder-capacity,dc80726a8c987e8c3a9171299dac00d03a074311,2439621ff42510e7dfa1c844b5684240d2a4591ba4b4b6ca90da81c2a08dab60,half,0.5,20,0.175,0.12,699924480,sphere_polar_c04_n_up_gamma_down_d0p12_a0p5_m16,sphere_mess4,d128l4h2mlp512_700m_seed0_k10,0,10,128,4,random_init,embedding_and_all_layers_single_token,belief,1.0,0.200773321775599,640,30.7,0.20764215175613884
sphere_polar_c04_n_up_gamma_down_d0p12_a0p5_m16_d128l4h2mlp512_700m_seed0_k21,H-R2-05-polar-ladder-capacity,dc80726a8c987e8c3a9171299dac00d03a074311,abd8dbec191ccccd48cca176a7e0cfc268892880b0a956c8c6e8e2814eb17db6,n_plus_one,0.5,20,0.175,0.12,699924480,sphere_polar_c04_n_up_gamma_down_d0p12_a0p5_m16,sphere_mess4,d128l4h2mlp512_700m_seed0_k21,0,21,128,4,trained,single_layer_single_token,physics,1.0,0.8775523210064973,128,153.5,0.8828698920771876
sphere_polar_c04_n_up_gamma_down_d0p12_a0p5_m16_d128l4h2mlp512_700m_seed0_k21,H-R2-05-polar-ladder-capacity,dc80726a8c987e8c3a9171299dac00d03a074311,abd8dbec191ccccd48cca176a7e0cfc268892880b0a956c8c6e8e2814eb17db6,n_plus_one,0.5,20,0.175,0.12,699924480,sphere_polar_c04_n_up_gamma_down_d0p12_a0p5_m16,sphere_mess4,d128l4h2mlp512_700m_seed0_k21,0,21,128,4,trained,single_layer_single_token,belief,10.0,0.16607628282669637,128,153.5,0.16051682393882769
sphere_polar_c04_n_up_gamma_down_d0p12_a0p5_m16_d128l4h2mlp512_700m_seed0_k21,H-R2-05-polar-ladder-capacity,dc80726a8c987e8c3a9171299dac00d03a074311,abd8dbec191ccccd48cca176a7e0cfc268892880b0a956c8c6e8e2814eb17db6,n_plus_one,0.5,20,0.175,0.12,699924480,sphere_polar_c04_n_up_gamma_down_d0p12_a0p5_m16,sphere_mess4,d128l4h2mlp512_700m_seed0_k21,0,21,128,4,trained,all_block_layers_single_token,physics,1.0,0.9652122698118738,512,38.375,0.9701137683819605
sphere_polar_c04_n_up_gamma_down_d0p12_a0p5_m16_d128l4h2mlp512_700m_seed0_k21,H-R2-05-polar-ladder-capacity,dc80726a8c987e8c3a9171299dac00d03a074311,abd8dbec191ccccd48cca176a7e0cfc268892880b0a956c8c6e8e2814eb17db6,n_plus_one,0.5,20,0.175,0.12,699924480,sphere_polar_c04_n_up_gamma_down_d0p12_a0p5_m16,sphere_mess4,d128l4h2mlp512_700m_seed0_k21,0,21,128,4,trained,all_block_layers_single_token,belief,1.0,0.3041715615343775,512,38.375,0.29839484247349113
sphere_polar_c04_n_up_gamma_down_d0p12_a0p5_m16_d128l4h2mlp512_700m_seed0_k21,H-R2-05-polar-ladder-capacity,dc80726a8c987e8c3a9171299dac00d03a074311,abd8dbec191ccccd48cca176a7e0cfc268892880b0a956c8c6e8e2814eb17db6,n_plus_one,0.5,20,0.175,0.12,699924480,sphere_polar_c04_n_up_gamma_down_d0p12_a0p5_m16,sphere_mess4,d128l4h2mlp512_700m_seed0_k21,0,21,128,4,trained,embedding_and_all_layers_single_token,physics,1.0,0.9734935099642475,640,30.7,0.9788172587665873
sphere_polar_c04_n_up_gamma_down_d0p12_a0p5_m16_d128l4h2mlp512_700m_seed0_k21,H-R2-05-polar-ladder-capacity,dc80726a8c987e8c3a9171299dac00d03a074311,abd8dbec191ccccd48cca176a7e0cfc268892880b0a956c8c6e8e2814eb17db6,n_plus_one,0.5,20,0.175,0.12,699924480,sphere_polar_c04_n_up_gamma_down_d0p12_a0p5_m16,sphere_mess4,d128l4h2mlp512_700m_seed0_k21,0,21,128,4,trained,embedding_and_all_layers_single_token,belief,1.0,0.3058932487841274,640,30.7,0.3052154180741943
sphere_polar_c04_n_up_gamma_down_d0p12_a0p5_m16_d128l4h2mlp512_700m_seed0_k21,H-R2-05-polar-ladder-capacity,dc80726a8c987e8c3a9171299dac00d03a074311,abd8dbec191ccccd48cca176a7e0cfc268892880b0a956c8c6e8e2814eb17db6,n_plus_one,0.5,20,0.175,0.12,699924480,sphere_polar_c04_n_up_gamma_down_d0p12_a0p5_m16,sphere_mess4,d128l4h2mlp512_700m_seed0_k21,0,21,128,4,random_init,single_layer_single_token,physics,10.0,0.6809738032875365,128,153.5,0.6922332357457074
sphere_polar_c04_n_up_gamma_down_d0p12_a0p5_m16_d128l4h2mlp512_700m_seed0_k21,H-R2-05-polar-ladder-capacity,dc80726a8c987e8c3a9171299dac00d03a074311,abd8dbec191ccccd48cca176a7e0cfc268892880b0a956c8c6e8e2814eb17db6,n_plus_one,0.5,20,0.175,0.12,699924480,sphere_polar_c04_n_up_gamma_down_d0p12_a0p5_m16,sphere_mess4,d128l4h2mlp512_700m_seed0_k21,0,21,128,4,random_init,single_layer_single_token,belief,10.0,0.11320909293966461,128,153.5,0.11506529310052374
sphere_polar_c04_n_up_gamma_down_d0p12_a0p5_m16_d128l4h2mlp512_700m_seed0_k21,H-R2-05-polar-ladder-capacity,dc80726a8c987e8c3a9171299dac00d03a074311,abd8dbec191ccccd48cca176a7e0cfc268892880b0a956c8c6e8e2814eb17db6,n_plus_one,0.5,20,0.175,0.12,699924480,sphere_polar_c04_n_up_gamma_down_d0p12_a0p5_m16,sphere_mess4,d128l4h2mlp512_700m_seed0_k21,0,21,128,4,random_init,all_block_layers_single_token,physics,1.0,0.723110756847831,512,38.375,0.7397739255585278
sphere_polar_c04_n_up_gamma_down_d0p12_a0p5_m16_d128l4h2mlp512_700m_seed0_k21,H-R2-05-polar-ladder-capacity,dc80726a8c987e8c3a9171299dac00d03a074311,abd8dbec191ccccd48cca176a7e0cfc268892880b0a956c8c6e8e2814eb17db6,n_plus_one,0.5,20,0.175,0.12,699924480,sphere_polar_c04_n_up_gamma_down_d0p12_a0p5_m16,sphere_mess4,d128l4h2mlp512_700m_seed0_k21,0,21,128,4,random_init,all_block_layers_single_token,belief,1.0,0.19100741092487,512,38.375,0.19649002322783354
sphere_polar_c04_n_up_gamma_down_d0p12_a0p5_m16_d128l4h2mlp512_700m_seed0_k21,H-R2-05-polar-ladder-capacity,dc80726a8c987e8c3a9171299dac00d03a074311,abd8dbec191ccccd48cca176a7e0cfc268892880b0a956c8c6e8e2814eb17db6,n_plus_one,0.5,20,0.175,0.12,699924480,sphere_polar_c04_n_up_gamma_down_d0p12_a0p5_m16,sphere_mess4,d128l4h2mlp512_700m_seed0_k21,0,21,128,4,random_init,embedding_and_all_layers_single_token,physics,1.0,0.7331879265388901,640,30.7,0.7517512970102138
sphere_polar_c04_n_up_gamma_down_d0p12_a0p5_m16_d128l4h2mlp512_700m_seed0_k21,H-R2-05-polar-ladder-capacity,dc80726a8c987e8c3a9171299dac00d03a074311,abd8dbec191ccccd48cca176a7e0cfc268892880b0a956c8c6e8e2814eb17db6,n_plus_one,0.5,20,0.175,0.12,699924480,sphere_polar_c04_n_up_gamma_down_d0p12_a0p5_m16,sphere_mess4,d128l4h2mlp512_700m_seed0_k21,0,21,128,4,random_init,embedding_and_all_layers_single_token,belief,1.0,0.200773321775599,640,30.7,0.20764215175613884
sphere_polar_c04_n_up_gamma_down_d0p12_a0p7_m16_d128l4h2mlp512_700m_seed0_k1,H-R2-05-polar-ladder-capacity,dc80726a8c987e8c3a9171299dac00d03a074311,f7c3e43dd2269ce65b350322202d2c957ad7ea4f2972372424fc388c5a5514a9,fixed,0.7,20,0.175,0.12,699924480,sphere_polar_c04_n_up_gamma_down_d0p12_a0p7_m16,sphere_mess4,d128l4h2mlp512_700m_seed0_k1,0,1,128,4,trained,single_layer_single_token,physics,1.0,0.8823771415841705,128,153.5,0.8879473842835462
sphere_polar_c04_n_up_gamma_down_d0p12_a0p7_m16_d128l4h2mlp512_700m_seed0_k1,H-R2-05-polar-ladder-capacity,dc80726a8c987e8c3a9171299dac00d03a074311,f7c3e43dd2269ce65b350322202d2c957ad7ea4f2972372424fc388c5a5514a9,fixed,0.7,20,0.175,0.12,699924480,sphere_polar_c04_n_up_gamma_down_d0p12_a0p7_m16,sphere_mess4,d128l4h2mlp512_700m_seed0_k1,0,1,128,4,trained,single_layer_single_token,belief,10.0,0.18124081517183982,128,153.5,0.18371731222865934
sphere_polar_c04_n_up_gamma_down_d0p12_a0p7_m16_d128l4h2mlp512_700m_seed0_k1,H-R2-05-polar-ladder-capacity,dc80726a8c987e8c3a9171299dac00d03a074311,f7c3e43dd2269ce65b350322202d2c957ad7ea4f2972372424fc388c5a5514a9,fixed,0.7,20,0.175,0.12,699924480,sphere_polar_c04_n_up_gamma_down_d0p12_a0p7_m16,sphere_mess4,d128l4h2mlp512_700m_seed0_k1,0,1,128,4,trained,all_block_layers_single_token,physics,1.0,0.981870651181672,512,38.375,0.9825690871616124
sphere_polar_c04_n_up_gamma_down_d0p12_a0p7_m16_d128l4h2mlp512_700m_seed0_k1,H-R2-05-polar-ladder-capacity,dc80726a8c987e8c3a9171299dac00d03a074311,f7c3e43dd2269ce65b350322202d2c957ad7ea4f2972372424fc388c5a5514a9,fixed,0.7,20,0.175,0.12,699924480,sphere_polar_c04_n_up_gamma_down_d0p12_a0p7_m16,sphere_mess4,d128l4h2mlp512_700m_seed0_k1,0,1,128,4,trained,all_block_layers_single_token,belief,1.0,0.31083639508847805,512,38.375,0.3206409872661952
sphere_polar_c04_n_up_gamma_down_d0p12_a0p7_m16_d128l4h2mlp512_700m_seed0_k1,H-R2-05-polar-ladder-capacity,dc80726a8c987e8c3a9171299dac00d03a074311,f7c3e43dd2269ce65b350322202d2c957ad7ea4f2972372424fc388c5a5514a9,fixed,0.7,20,0.175,0.12,699924480,sphere_polar_c04_n_up_gamma_down_d0p12_a0p7_m16,sphere_mess4,d128l4h2mlp512_700m_seed0_k1,0,1,128,4,trained,embedding_and_all_layers_single_token,physics,1.0,0.9843237831347539,640,30.7,0.9849423769085794
sphere_polar_c04_n_up_gamma_down_d0p12_a0p7_m16_d128l4h2mlp512_700m_seed0_k1,H-R2-05-polar-ladder-capacity,dc80726a8c987e8c3a9171299dac00d03a074311,f7c3e43dd2269ce65b350322202d2c957ad7ea4f2972372424fc388c5a5514a9,fixed,0.7,20,0.175,0.12,699924480,sphere_polar_c04_n_up_gamma_down_d0p12_a0p7_m16,sphere_mess4,d128l4h2mlp512_700m_seed0_k1,0,1,128,4,trained,embedding_and_all_layers_single_token,belief,1.0,0.32345153831828566,640,30.7,0.33486456998052017
sphere_polar_c04_n_up_gamma_down_d0p12_a0p7_m16_d128l4h2mlp512_700m_seed0_k1,H-R2-05-polar-ladder-capacity,dc80726a8c987e8c3a9171299dac00d03a074311,f7c3e43dd2269ce65b350322202d2c957ad7ea4f2972372424fc388c5a5514a9,fixed,0.7,20,0.175,0.12,699924480,sphere_polar_c04_n_up_gamma_down_d0p12_a0p7_m16,sphere_mess4,d128l4h2mlp512_700m_seed0_k1,0,1,128,4,random_init,single_layer_single_token,physics,1.0,0.6887920219472686,128,153.5,0.6924727436396284
sphere_polar_c04_n_up_gamma_down_d0p12_a0p7_m16_d128l4h2mlp512_700m_seed0_k1,H-R2-05-polar-ladder-capacity,dc80726a8c987e8c3a9171299dac00d03a074311,f7c3e43dd2269ce65b350322202d2c957ad7ea4f2972372424fc388c5a5514a9,fixed,0.7,20,0.175,0.12,699924480,sphere_polar_c04_n_up_gamma_down_d0p12_a0p7_m16,sphere_mess4,d128l4h2mlp512_700m_seed0_k1,0,1,128,4,random_init,single_layer_single_token,belief,10.0,0.1406682636316134,128,153.5,0.14260012199443078
sphere_polar_c04_n_up_gamma_down_d0p12_a0p7_m16_d128l4h2mlp512_700m_seed0_k1,H-R2-05-polar-ladder-capacity,dc80726a8c987e8c3a9171299dac00d03a074311,f7c3e43dd2269ce65b350322202d2c957ad7ea4f2972372424fc388c5a5514a9,fixed,0.7,20,0.175,0.12,699924480,sphere_polar_c04_n_up_gamma_down_d0p12_a0p7_m16,sphere_mess4,d128l4h2mlp512_700m_seed0_k1,0,1,128,4,random_init,all_block_layers_single_token,physics,1.0,0.7370083546815533,512,38.375,0.7364863002766743
sphere_polar_c04_n_up_gamma_down_d0p12_a0p7_m16_d128l4h2mlp512_700m_seed0_k1,H-R2-05-polar-ladder-capacity,dc80726a8c987e8c3a9171299dac00d03a074311,f7c3e43dd2269ce65b350322202d2c957ad7ea4f2972372424fc388c5a5514a9,fixed,0.7,20,0.175,0.12,699924480,sphere_polar_c04_n_up_gamma_down_d0p12_a0p7_m16,sphere_mess4,d128l4h2mlp512_700m_seed0_k1,0,1,128,4,random_init,all_block_layers_single_token,belief,1.0,0.22388699432523163,512,38.375,0.22796652759912447
sphere_polar_c04_n_up_gamma_down_d0p12_a0p7_m16_d128l4h2mlp512_700m_seed0_k1,H-R2-05-polar-ladder-capacity,dc80726a8c987e8c3a9171299dac00d03a074311,f7c3e43dd2269ce65b350322202d2c957ad7ea4f2972372424fc388c5a5514a9,fixed,0.7,20,0.175,0.12,699924480,sphere_polar_c04_n_up_gamma_down_d0p12_a0p7_m16,sphere_mess4,d128l4h2mlp512_700m_seed0_k1,0,1,128,4,random_init,embedding_and_all_layers_single_token,physics,1.0,0.745956264701626,640,30.7,0.7479969118487446
sphere_polar_c04_n_up_gamma_down_d0p12_a0p7_m16_d128l4h2mlp512_700m_seed0_k1,H-R2-05-polar-ladder-capacity,dc80726a8c987e8c3a9171299dac00d03a074311,f7c3e43dd2269ce65b350322202d2c957ad7ea4f2972372424fc388c5a5514a9,fixed,0.7,20,0.175,0.12,699924480,sphere_polar_c04_n_up_gamma_down_d0p12_a0p7_m16,sphere_mess4,d128l4h2mlp512_700m_seed0_k1,0,1,128,4,random_init,embedding_and_all_layers_single_token,belief,1.0,0.23425657916694032,640,30.7,0.24039375769658847
sphere_polar_c04_n_up_gamma_down_d0p12_a0p7_m16_d128l4h2mlp512_700m_seed0_k10,H-R2-05-polar-ladder-capacity,dc80726a8c987e8c3a9171299dac00d03a074311,84b7d4624df1418d89fd468e7218948a00170d45a8a27821243b649a0dc64f2d,half,0.7,20,0.175,0.12,699924480,sphere_polar_c04_n_up_gamma_down_d0p12_a0p7_m16,sphere_mess4,d128l4h2mlp512_700m_seed0_k10,0,10,128,4,trained,single_layer_single_token,physics,1.0,0.8891491301237311,128,153.5,0.8911413111419759
sphere_polar_c04_n_up_gamma_down_d0p12_a0p7_m16_d128l4h2mlp512_700m_seed0_k10,H-R2-05-polar-ladder-capacity,dc80726a8c987e8c3a9171299dac00d03a074311,84b7d4624df1418d89fd468e7218948a00170d45a8a27821243b649a0dc64f2d,half,0.7,20,0.175,0.12,699924480,sphere_polar_c04_n_up_gamma_down_d0p12_a0p7_m16,sphere_mess4,d128l4h2mlp512_700m_seed0_k10,0,10,128,4,trained,single_layer_single_token,belief,10.0,0.21149372788865117,128,153.5,0.2169135207048916
sphere_polar_c04_n_up_gamma_down_d0p12_a0p7_m16_d128l4h2mlp512_700m_seed0_k10,H-R2-05-polar-ladder-capacity,dc80726a8c987e8c3a9171299dac00d03a074311,84b7d4624df1418d89fd468e7218948a00170d45a8a27821243b649a0dc64f2d,half,0.7,20,0.175,0.12,699924480,sphere_polar_c04_n_up_gamma_down_d0p12_a0p7_m16,sphere_mess4,d128l4h2mlp512_700m_seed0_k10,0,10,128,4,trained,all_block_layers_single_token,physics,1.0,0.973998316468379,512,38.375,0.9771612279043667
sphere_polar_c04_n_up_gamma_down_d0p12_a0p7_m16_d128l4h2mlp512_700m_seed0_k10,H-R2-05-polar-ladder-capacity,dc80726a8c987e8c3a9171299dac00d03a074311,84b7d4624df1418d89fd468e7218948a00170d45a8a27821243b649a0dc64f2d,half,0.7,20,0.175,0.12,699924480,sphere_polar_c04_n_up_gamma_down_d0p12_a0p7_m16,sphere_mess4,d128l4h2mlp512_700m_seed0_k10,0,10,128,4,trained,all_block_layers_single_token,belief,1.0,0.39739120711150505,512,38.375,0.392807798827582
sphere_polar_c04_n_up_gamma_down_d0p12_a0p7_m16_d128l4h2mlp512_700m_seed0_k10,H-R2-05-polar-ladder-capacity,dc80726a8c987e8c3a9171299dac00d03a074311,84b7d4624df1418d89fd468e7218948a00170d45a8a27821243b649a0dc64f2d,half,0.7,20,0.175,0.12,699924480,sphere_polar_c04_n_up_gamma_down_d0p12_a0p7_m16,sphere_mess4,d128l4h2mlp512_700m_seed0_k10,0,10,128,4,trained,embedding_and_all_layers_single_token,physics,1.0,0.9768848197213809,640,30.7,0.9799621558080988
sphere_polar_c04_n_up_gamma_down_d0p12_a0p7_m16_d128l4h2mlp512_700m_seed0_k10,H-R2-05-polar-ladder-capacity,dc80726a8c987e8c3a9171299dac00d03a074311,84b7d4624df1418d89fd468e7218948a00170d45a8a27821243b649a0dc64f2d,half,0.7,20,0.175,0.12,699924480,sphere_polar_c04_n_up_gamma_down_d0p12_a0p7_m16,sphere_mess4,d128l4h2mlp512_700m_seed0_k10,0,10,128,4,trained,embedding_and_all_layers_single_token,belief,10.0,0.40276085268944634,640,30.7,0.3979891492117026
sphere_polar_c04_n_up_gamma_down_d0p12_a0p7_m16_d128l4h2mlp512_700m_seed0_k10,H-R2-05-polar-ladder-capacity,dc80726a8c987e8c3a9171299dac00d03a074311,84b7d4624df1418d89fd468e7218948a00170d45a8a27821243b649a0dc64f2d,half,0.7,20,0.175,0.12,699924480,sphere_polar_c04_n_up_gamma_down_d0p12_a0p7_m16,sphere_mess4,d128l4h2mlp512_700m_seed0_k10,0,10,128,4,random_init,single_layer_single_token,physics,1.0,0.6887920219472686,128,153.5,0.6924727436396284
sphere_polar_c04_n_up_gamma_down_d0p12_a0p7_m16_d128l4h2mlp512_700m_seed0_k10,H-R2-05-polar-ladder-capacity,dc80726a8c987e8c3a9171299dac00d03a074311,84b7d4624df1418d89fd468e7218948a00170d45a8a27821243b649a0dc64f2d,half,0.7,20,0.175,0.12,699924480,sphere_polar_c04_n_up_gamma_down_d0p12_a0p7_m16,sphere_mess4,d128l4h2mlp512_700m_seed0_k10,0,10,128,4,random_init,single_layer_single_token,belief,10.0,0.1406682636316134,128,153.5,0.14260012199443078
sphere_polar_c04_n_up_gamma_down_d0p12_a0p7_m16_d128l4h2mlp512_700m_seed0_k10,H-R2-05-polar-ladder-capacity,dc80726a8c987e8c3a9171299dac00d03a074311,84b7d4624df1418d89fd468e7218948a00170d45a8a27821243b649a0dc64f2d,half,0.7,20,0.175,0.12,699924480,sphere_polar_c04_n_up_gamma_down_d0p12_a0p7_m16,sphere_mess4,d128l4h2mlp512_700m_seed0_k10,0,10,128,4,random_init,all_block_layers_single_token,physics,1.0,0.7370083546815533,512,38.375,0.7364863002766743
sphere_polar_c04_n_up_gamma_down_d0p12_a0p7_m16_d128l4h2mlp512_700m_seed0_k10,H-R2-05-polar-ladder-capacity,dc80726a8c987e8c3a9171299dac00d03a074311,84b7d4624df1418d89fd468e7218948a00170d45a8a27821243b649a0dc64f2d,half,0.7,20,0.175,0.12,699924480,sphere_polar_c04_n_up_gamma_down_d0p12_a0p7_m16,sphere_mess4,d128l4h2mlp512_700m_seed0_k10,0,10,128,4,random_init,all_block_layers_single_token,belief,1.0,0.22388699432523163,512,38.375,0.22796652759912447
sphere_polar_c04_n_up_gamma_down_d0p12_a0p7_m16_d128l4h2mlp512_700m_seed0_k10,H-R2-05-polar-ladder-capacity,dc80726a8c987e8c3a9171299dac00d03a074311,84b7d4624df1418d89fd468e7218948a00170d45a8a27821243b649a0dc64f2d,half,0.7,20,0.175,0.12,699924480,sphere_polar_c04_n_up_gamma_down_d0p12_a0p7_m16,sphere_mess4,d128l4h2mlp512_700m_seed0_k10,0,10,128,4,random_init,embedding_and_all_layers_single_token,physics,1.0,0.745956264701626,640,30.7,0.7479969118487446
sphere_polar_c04_n_up_gamma_down_d0p12_a0p7_m16_d128l4h2mlp512_700m_seed0_k10,H-R2-05-polar-ladder-capacity,dc80726a8c987e8c3a9171299dac00d03a074311,84b7d4624df1418d89fd468e7218948a00170d45a8a27821243b649a0dc64f2d,half,0.7,20,0.175,0.12,699924480,sphere_polar_c04_n_up_gamma_down_d0p12_a0p7_m16,sphere_mess4,d128l4h2mlp512_700m_seed0_k10,0,10,128,4,random_init,embedding_and_all_layers_single_token,belief,1.0,0.23425657916694032,640,30.7,0.24039375769658847
sphere_polar_c04_n_up_gamma_down_d0p12_a0p7_m16_d128l4h2mlp512_700m_seed0_k21,H-R2-05-polar-ladder-capacity,dc80726a8c987e8c3a9171299dac00d03a074311,ca2c7575a13bdba87aa72bb82eda8bffa7626057c7ba55c3e1375e5a7cf6d0e9,n_plus_one,0.7,20,0.175,0.12,699924480,sphere_polar_c04_n_up_gamma_down_d0p12_a0p7_m16,sphere_mess4,d128l4h2mlp512_700m_seed0_k21,0,21,128,4,trained,single_layer_single_token,physics,1.0,0.8922311144893829,128,153.5,0.8880801635207805
sphere_polar_c04_n_up_gamma_down_d0p12_a0p7_m16_d128l4h2mlp512_700m_seed0_k21,H-R2-05-polar-ladder-capacity,dc80726a8c987e8c3a9171299dac00d03a074311,ca2c7575a13bdba87aa72bb82eda8bffa7626057c7ba55c3e1375e5a7cf6d0e9,n_plus_one,0.7,20,0.175,0.12,699924480,sphere_polar_c04_n_up_gamma_down_d0p12_a0p7_m16,sphere_mess4,d128l4h2mlp512_700m_seed0_k21,0,21,128,4,trained,single_layer_single_token,belief,10.0,0.2123265531515633,128,153.5,0.21606932068046494
sphere_polar_c04_n_up_gamma_down_d0p12_a0p7_m16_d128l4h2mlp512_700m_seed0_k21,H-R2-05-polar-ladder-capacity,dc80726a8c987e8c3a9171299dac00d03a074311,ca2c7575a13bdba87aa72bb82eda8bffa7626057c7ba55c3e1375e5a7cf6d0e9,n_plus_one,0.7,20,0.175,0.12,699924480,sphere_polar_c04_n_up_gamma_down_d0p12_a0p7_m16,sphere_mess4,d128l4h2mlp512_700m_seed0_k21,0,21,128,4,trained,all_block_layers_single_token,physics,1.0,0.9721306337660385,512,38.375,0.9722942543095717
sphere_polar_c04_n_up_gamma_down_d0p12_a0p7_m16_d128l4h2mlp512_700m_seed0_k21,H-R2-05-polar-ladder-capacity,dc80726a8c987e8c3a9171299dac00d03a074311,ca2c7575a13bdba87aa72bb82eda8bffa7626057c7ba55c3e1375e5a7cf6d0e9,n_plus_one,0.7,20,0.175,0.12,699924480,sphere_polar_c04_n_up_gamma_down_d0p12_a0p7_m16,sphere_mess4,d128l4h2mlp512_700m_seed0_k21,0,21,128,4,trained,all_block_layers_single_token,belief,1.0,0.36877270767922943,512,38.375,0.3686616746670952
sphere_polar_c04_n_up_gamma_down_d0p12_a0p7_m16_d128l4h2mlp512_700m_seed0_k21,H-R2-05-polar-ladder-capacity,dc80726a8c987e8c3a9171299dac00d03a074311,ca2c7575a13bdba87aa72bb82eda8bffa7626057c7ba55c3e1375e5a7cf6d0e9,n_plus_one,0.7,20,0.175,0.12,699924480,sphere_polar_c04_n_up_gamma_down_d0p12_a0p7_m16,sphere_mess4,d128l4h2mlp512_700m_seed0_k21,0,21,128,4,trained,embedding_and_all_layers_single_token,physics,1.0,0.9783920087668352,640,30.7,0.9787184565208622
sphere_polar_c04_n_up_gamma_down_d0p12_a0p7_m16_d128l4h2mlp512_700m_seed0_k21,H-R2-05-polar-ladder-capacity,dc80726a8c987e8c3a9171299dac00d03a074311,ca2c7575a13bdba87aa72bb82eda8bffa7626057c7ba55c3e1375e5a7cf6d0e9,n_plus_one,0.7,20,0.175,0.12,699924480,sphere_polar_c04_n_up_gamma_down_d0p12_a0p7_m16,sphere_mess4,d128l4h2mlp512_700m_seed0_k21,0,21,128,4,trained,embedding_and_all_layers_single_token,belief,1.0,0.3740533926667565,640,30.7,0.3723436620306525
sphere_polar_c04_n_up_gamma_down_d0p12_a0p7_m16_d128l4h2mlp512_700m_seed0_k21,H-R2-05-polar-ladder-capacity,dc80726a8c987e8c3a9171299dac00d03a074311,ca2c7575a13bdba87aa72bb82eda8bffa7626057c7ba55c3e1375e5a7cf6d0e9,n_plus_one,0.7,20,0.175,0.12,699924480,sphere_polar_c04_n_up_gamma_down_d0p12_a0p7_m16,sphere_mess4,d128l4h2mlp512_700m_seed0_k21,0,21,128,4,random_init,single_layer_single_token,physics,1.0,0.6887920219472686,128,153.5,0.6924727436396284
sphere_polar_c04_n_up_gamma_down_d0p12_a0p7_m16_d128l4h2mlp512_700m_seed0_k21,H-R2-05-polar-ladder-capacity,dc80726a8c987e8c3a9171299dac00d03a074311,ca2c7575a13bdba87aa72bb82eda8bffa7626057c7ba55c3e1375e5a7cf6d0e9,n_plus_one,0.7,20,0.175,0.12,699924480,sphere_polar_c04_n_up_gamma_down_d0p12_a0p7_m16,sphere_mess4,d128l4h2mlp512_700m_seed0_k21,0,21,128,4,random_init,single_layer_single_token,belief,10.0,0.1406682636316134,128,153.5,0.14260012199443078
sphere_polar_c04_n_up_gamma_down_d0p12_a0p7_m16_d128l4h2mlp512_700m_seed0_k21,H-R2-05-polar-ladder-capacity,dc80726a8c987e8c3a9171299dac00d03a074311,ca2c7575a13bdba87aa72bb82eda8bffa7626057c7ba55c3e1375e5a7cf6d0e9,n_plus_one,0.7,20,0.175,0.12,699924480,sphere_polar_c04_n_up_gamma_down_d0p12_a0p7_m16,sphere_mess4,d128l4h2mlp512_700m_seed0_k21,0,21,128,4,random_init,all_block_layers_single_token,physics,1.0,0.7370083546815533,512,38.375,0.7364863002766743
sphere_polar_c04_n_up_gamma_down_d0p12_a0p7_m16_d128l4h2mlp512_700m_seed0_k21,H-R2-05-polar-ladder-capacity,dc80726a8c987e8c3a9171299dac00d03a074311,ca2c7575a13bdba87aa72bb82eda8bffa7626057c7ba55c3e1375e5a7cf6d0e9,n_plus_one,0.7,20,0.175,0.12,699924480,sphere_polar_c04_n_up_gamma_down_d0p12_a0p7_m16,sphere_mess4,d128l4h2mlp512_700m_seed0_k21,0,21,128,4,random_init,all_block_layers_single_token,belief,1.0,0.22388699432523163,512,38.375,0.22796652759912447
sphere_polar_c04_n_up_gamma_down_d0p12_a0p7_m16_d128l4h2mlp512_700m_seed0_k21,H-R2-05-polar-ladder-capacity,dc80726a8c987e8c3a9171299dac00d03a074311,ca2c7575a13bdba87aa72bb82eda8bffa7626057c7ba55c3e1375e5a7cf6d0e9,n_plus_one,0.7,20,0.175,0.12,699924480,sphere_polar_c04_n_up_gamma_down_d0p12_a0p7_m16,sphere_mess4,d128l4h2mlp512_700m_seed0_k21,0,21,128,4,random_init,embedding_and_all_layers_single_token,physics,1.0,0.745956264701626,640,30.7,0.7479969118487446
sphere_polar_c04_n_up_gamma_down_d0p12_a0p7_m16_d128l4h2mlp512_700m_seed0_k21,H-R2-05-polar-ladder-capacity,dc80726a8c987e8c3a9171299dac00d03a074311,ca2c7575a13bdba87aa72bb82eda8bffa7626057c7ba55c3e1375e5a7cf6d0e9,n_plus_one,0.7,20,0.175,0.12,699924480,sphere_polar_c04_n_up_gamma_down_d0p12_a0p7_m16,sphere_mess4,d128l4h2mlp512_700m_seed0_k21,0,21,128,4,random_init,embedding_and_all_layers_single_token,belief,1.0,0.23425657916694032,640,30.7,0.24039375769658847
sphere_polar_c04_n_up_gamma_down_d0p12_a0p85_m16_d128l4h2mlp512_700m_seed0_k1,H-R2-05-polar-ladder-capacity,dc80726a8c987e8c3a9171299dac00d03a074311,c0a8a395f9e430ee84ebbb66ddde09db5fb54781710db96d8efc7c1e221dd4b6,fixed,0.85,20,0.175,0.12,699924480,sphere_polar_c04_n_up_gamma_down_d0p12_a0p85_m16,sphere_mess4,d128l4h2mlp512_700m_seed0_k1,0,1,128,4,trained,single_layer_single_token,physics,1.0,0.8708514360825494,128,153.625,0.8762271161292079
sphere_polar_c04_n_up_gamma_down_d0p12_a0p85_m16_d128l4h2mlp512_700m_seed0_k1,H-R2-05-polar-ladder-capacity,dc80726a8c987e8c3a9171299dac00d03a074311,c0a8a395f9e430ee84ebbb66ddde09db5fb54781710db96d8efc7c1e221dd4b6,fixed,0.85,20,0.175,0.12,699924480,sphere_polar_c04_n_up_gamma_down_d0p12_a0p85_m16,sphere_mess4,d128l4h2mlp512_700m_seed0_k1,0,1,128,4,trained,single_layer_single_token,belief,10.0,0.22142688798288723,128,153.625,0.22156010208773885
sphere_polar_c04_n_up_gamma_down_d0p12_a0p85_m16_d128l4h2mlp512_700m_seed0_k1,H-R2-05-polar-ladder-capacity,dc80726a8c987e8c3a9171299dac00d03a074311,c0a8a395f9e430ee84ebbb66ddde09db5fb54781710db96d8efc7c1e221dd4b6,fixed,0.85,20,0.175,0.12,699924480,sphere_polar_c04_n_up_gamma_down_d0p12_a0p85_m16,sphere_mess4,d128l4h2mlp512_700m_seed0_k1,0,1,128,4,trained,all_block_layers_single_token,physics,1.0,0.976548823487425,512,38.40625,0.9805392852432734
sphere_polar_c04_n_up_gamma_down_d0p12_a0p85_m16_d128l4h2mlp512_700m_seed0_k1,H-R2-05-polar-ladder-capacity,dc80726a8c987e8c3a9171299dac00d03a074311,c0a8a395f9e430ee84ebbb66ddde09db5fb54781710db96d8efc7c1e221dd4b6,fixed,0.85,20,0.175,0.12,699924480,sphere_polar_c04_n_up_gamma_down_d0p12_a0p85_m16,sphere_mess4,d128l4h2mlp512_700m_seed0_k1,0,1,128,4,trained,all_block_layers_single_token,belief,1.0,0.363787070460868,512,38.40625,0.37094045505416096
sphere_polar_c04_n_up_gamma_down_d0p12_a0p85_m16_d128l4h2mlp512_700m_seed0_k1,H-R2-05-polar-ladder-capacity,dc80726a8c987e8c3a9171299dac00d03a074311,c0a8a395f9e430ee84ebbb66ddde09db5fb54781710db96d8efc7c1e221dd4b6,fixed,0.85,20,0.175,0.12,699924480,sphere_polar_c04_n_up_gamma_down_d0p12_a0p85_m16,sphere_mess4,d128l4h2mlp512_700m_seed0_k1,0,1,128,4,trained,embedding_and_all_layers_single_token,physics,1.0,0.9796083313205504,640,30.725,0.9830736128996803
sphere_polar_c04_n_up_gamma_down_d0p12_a0p85_m16_d128l4h2mlp512_700m_seed0_k1,H-R2-05-polar-ladder-capacity,dc80726a8c987e8c3a9171299dac00d03a074311,c0a8a395f9e430ee84ebbb66ddde09db5fb54781710db96d8efc7c1e221dd4b6,fixed,0.85,20,0.175,0.12,699924480,sphere_polar_c04_n_up_gamma_down_d0p12_a0p85_m16,sphere_mess4,d128l4h2mlp512_700m_seed0_k1,0,1,128,4,trained,embedding_and_all_layers_single_token,belief,1.0,0.37767475354145613,640,30.725,0.3852385131521616
sphere_polar_c04_n_up_gamma_down_d0p12_a0p85_m16_d128l4h2mlp512_700m_seed0_k1,H-R2-05-polar-ladder-capacity,dc80726a8c987e8c3a9171299dac00d03a074311,c0a8a395f9e430ee84ebbb66ddde09db5fb54781710db96d8efc7c1e221dd4b6,fixed,0.85,20,0.175,0.12,699924480,sphere_polar_c04_n_up_gamma_down_d0p12_a0p85_m16,sphere_mess4,d128l4h2mlp512_700m_seed0_k1,0,1,128,4,random_init,single_layer_single_token,physics,1.0,0.6795324694459002,128,153.625,0.702141881591462
sphere_polar_c04_n_up_gamma_down_d0p12_a0p85_m16_d128l4h2mlp512_700m_seed0_k1,H-R2-05-polar-ladder-capacity,dc80726a8c987e8c3a9171299dac00d03a074311,c0a8a395f9e430ee84ebbb66ddde09db5fb54781710db96d8efc7c1e221dd4b6,fixed,0.85,20,0.175,0.12,699924480,sphere_polar_c04_n_up_gamma_down_d0p12_a0p85_m16,sphere_mess4,d128l4h2mlp512_700m_seed0_k1,0,1,128,4,random_init,single_layer_single_token,belief,10.0,0.16791609562235849,128,153.625,0.17510317715029677
sphere_polar_c04_n_up_gamma_down_d0p12_a0p85_m16_d128l4h2mlp512_700m_seed0_k1,H-R2-05-polar-ladder-capacity,dc80726a8c987e8c3a9171299dac00d03a074311,c0a8a395f9e430ee84ebbb66ddde09db5fb54781710db96d8efc7c1e221dd4b6,fixed,0.85,20,0.175,0.12,699924480,sphere_polar_c04_n_up_gamma_down_d0p12_a0p85_m16,sphere_mess4,d128l4h2mlp512_700m_seed0_k1,0,1,128,4,random_init,all_block_layers_single_token,physics,1.0,0.7404253351174199,512,38.40625,0.7545315337228367
sphere_polar_c04_n_up_gamma_down_d0p12_a0p85_m16_d128l4h2mlp512_700m_seed0_k1,H-R2-05-polar-ladder-capacity,dc80726a8c987e8c3a9171299dac00d03a074311,c0a8a395f9e430ee84ebbb66ddde09db5fb54781710db96d8efc7c1e221dd4b6,fixed,0.85,20,0.175,0.12,699924480,sphere_polar_c04_n_up_gamma_down_d0p12_a0p85_m16,sphere_mess4,d128l4h2mlp512_700m_seed0_k1,0,1,128,4,random_init,all_block_layers_single_token,belief,1.0,0.26254312235243615,512,38.40625,0.27592630480236124
sphere_polar_c04_n_up_gamma_down_d0p12_a0p85_m16_d128l4h2mlp512_700m_seed0_k1,H-R2-05-polar-ladder-capacity,dc80726a8c987e8c3a9171299dac00d03a074311,c0a8a395f9e430ee84ebbb66ddde09db5fb54781710db96d8efc7c1e221dd4b6,fixed,0.85,20,0.175,0.12,699924480,sphere_polar_c04_n_up_gamma_down_d0p12_a0p85_m16,sphere_mess4,d128l4h2mlp512_700m_seed0_k1,0,1,128,4,random_init,embedding_and_all_layers_single_token,physics,1.0,0.7490827769434527,640,30.725,0.7638925631325522
sphere_polar_c04_n_up_gamma_down_d0p12_a0p85_m16_d128l4h2mlp512_700m_seed0_k1,H-R2-05-polar-ladder-capacity,dc80726a8c987e8c3a9171299dac00d03a074311,c0a8a395f9e430ee84ebbb66ddde09db5fb54781710db96d8efc7c1e221dd4b6,fixed,0.85,20,0.175,0.12,699924480,sphere_polar_c04_n_up_gamma_down_d0p12_a0p85_m16,sphere_mess4,d128l4h2mlp512_700m_seed0_k1,0,1,128,4,random_init,embedding_and_all_layers_single_token,belief,1.0,0.272113607307261,640,30.725,0.2854773972173661
sphere_polar_c04_n_up_gamma_down_d0p12_a0p85_m16_d128l4h2mlp512_700m_seed0_k10,H-R2-05-polar-ladder-capacity,dc80726a8c987e8c3a9171299dac00d03a074311,b0047c92620d48713c3aa72ddc7bd0f3fd26a9a5a689cdb53248c80d7424c708,half,0.85,20,0.175,0.12,699924480,sphere_polar_c04_n_up_gamma_down_d0p12_a0p85_m16,sphere_mess4,d128l4h2mlp512_700m_seed0_k10,0,10,128,4,trained,single_layer_single_token,physics,1.0,0.8694434824632178,128,153.625,0.8779741766015219
sphere_polar_c04_n_up_gamma_down_d0p12_a0p85_m16_d128l4h2mlp512_700m_seed0_k10,H-R2-05-polar-ladder-capacity,dc80726a8c987e8c3a9171299dac00d03a074311,b0047c92620d48713c3aa72ddc7bd0f3fd26a9a5a689cdb53248c80d7424c708,half,0.85,20,0.175,0.12,699924480,sphere_polar_c04_n_up_gamma_down_d0p12_a0p85_m16,sphere_mess4,d128l4h2mlp512_700m_seed0_k10,0,10,128,4,trained,single_layer_single_token,belief,10.0,0.2745814965622533,128,153.625,0.2812628450585877
sphere_polar_c04_n_up_gamma_down_d0p12_a0p85_m16_d128l4h2mlp512_700m_seed0_k10,H-R2-05-polar-ladder-capacity,dc80726a8c987e8c3a9171299dac00d03a074311,b0047c92620d48713c3aa72ddc7bd0f3fd26a9a5a689cdb53248c80d7424c708,half,0.85,20,0.175,0.12,699924480,sphere_polar_c04_n_up_gamma_down_d0p12_a0p85_m16,sphere_mess4,d128l4h2mlp512_700m_seed0_k10,0,10,128,4,trained,all_block_layers_single_token,physics,1.0,0.9666372876953906,512,38.40625,0.9722747186817073
sphere_polar_c04_n_up_gamma_down_d0p12_a0p85_m16_d128l4h2mlp512_700m_seed0_k10,H-R2-05-polar-ladder-capacity,dc80726a8c987e8c3a9171299dac00d03a074311,b0047c92620d48713c3aa72ddc7bd0f3fd26a9a5a689cdb53248c80d7424c708,half,0.85,20,0.175,0.12,699924480,sphere_polar_c04_n_up_gamma_down_d0p12_a0p85_m16,sphere_mess4,d128l4h2mlp512_700m_seed0_k10,0,10,128,4,trained,all_block_layers_single_token,belief,1.0,0.4379910846006666,512,38.40625,0.4472457758367533
sphere_polar_c04_n_up_gamma_down_d0p12_a0p85_m16_d128l4h2mlp512_700m_seed0_k10,H-R2-05-polar-ladder-capacity,dc80726a8c987e8c3a9171299dac00d03a074311,b0047c92620d48713c3aa72ddc7bd0f3fd26a9a5a689cdb53248c80d7424c708,half,0.85,20,0.175,0.12,699924480,sphere_polar_c04_n_up_gamma_down_d0p12_a0p85_m16,sphere_mess4,d128l4h2mlp512_700m_seed0_k10,0,10,128,4,trained,embedding_and_all_layers_single_token,physics,10.0,0.970551904004326,640,30.725,0.9758524834464597
sphere_polar_c04_n_up_gamma_down_d0p12_a0p85_m16_d128l4h2mlp512_700m_seed0_k10,H-R2-05-polar-ladder-capacity,dc80726a8c987e8c3a9171299dac00d03a074311,b0047c92620d48713c3aa72ddc7bd0f3fd26a9a5a689cdb53248c80d7424c708,half,0.85,20,0.175,0.12,699924480,sphere_polar_c04_n_up_gamma_down_d0p12_a0p85_m16,sphere_mess4,d128l4h2mlp512_700m_seed0_k10,0,10,128,4,trained,embedding_and_all_layers_single_token,belief,10.0,0.44629361366929476,640,30.725,0.45436037146726627
sphere_polar_c04_n_up_gamma_down_d0p12_a0p85_m16_d128l4h2mlp512_700m_seed0_k10,H-R2-05-polar-ladder-capacity,dc80726a8c987e8c3a9171299dac00d03a074311,b0047c92620d48713c3aa72ddc7bd0f3fd26a9a5a689cdb53248c80d7424c708,half,0.85,20,0.175,0.12,699924480,sphere_polar_c04_n_up_gamma_down_d0p12_a0p85_m16,sphere_mess4,d128l4h2mlp512_700m_seed0_k10,0,10,128,4,random_init,single_layer_single_token,physics,1.0,0.6795324694459002,128,153.625,0.702141881591462
sphere_polar_c04_n_up_gamma_down_d0p12_a0p85_m16_d128l4h2mlp512_700m_seed0_k10,H-R2-05-polar-ladder-capacity,dc80726a8c987e8c3a9171299dac00d03a074311,b0047c92620d48713c3aa72ddc7bd0f3fd26a9a5a689cdb53248c80d7424c708,half,0.85,20,0.175,0.12,699924480,sphere_polar_c04_n_up_gamma_down_d0p12_a0p85_m16,sphere_mess4,d128l4h2mlp512_700m_seed0_k10,0,10,128,4,random_init,single_layer_single_token,belief,10.0,0.16791609562235849,128,153.625,0.17510317715029677
sphere_polar_c04_n_up_gamma_down_d0p12_a0p85_m16_d128l4h2mlp512_700m_seed0_k10,H-R2-05-polar-ladder-capacity,dc80726a8c987e8c3a9171299dac00d03a074311,b0047c92620d48713c3aa72ddc7bd0f3fd26a9a5a689cdb53248c80d7424c708,half,0.85,20,0.175,0.12,699924480,sphere_polar_c04_n_up_gamma_down_d0p12_a0p85_m16,sphere_mess4,d128l4h2mlp512_700m_seed0_k10,0,10,128,4,random_init,all_block_layers_single_token,physics,1.0,0.7404253351174199,512,38.40625,0.7545315337228367
sphere_polar_c04_n_up_gamma_down_d0p12_a0p85_m16_d128l4h2mlp512_700m_seed0_k10,H-R2-05-polar-ladder-capacity,dc80726a8c987e8c3a9171299dac00d03a074311,b0047c92620d48713c3aa72ddc7bd0f3fd26a9a5a689cdb53248c80d7424c708,half,0.85,20,0.175,0.12,699924480,sphere_polar_c04_n_up_gamma_down_d0p12_a0p85_m16,sphere_mess4,d128l4h2mlp512_700m_seed0_k10,0,10,128,4,random_init,all_block_layers_single_token,belief,1.0,0.26254312235243615,512,38.40625,0.27592630480236124
sphere_polar_c04_n_up_gamma_down_d0p12_a0p85_m16_d128l4h2mlp512_700m_seed0_k10,H-R2-05-polar-ladder-capacity,dc80726a8c987e8c3a9171299dac00d03a074311,b0047c92620d48713c3aa72ddc7bd0f3fd26a9a5a689cdb53248c80d7424c708,half,0.85,20,0.175,0.12,699924480,sphere_polar_c04_n_up_gamma_down_d0p12_a0p85_m16,sphere_mess4,d128l4h2mlp512_700m_seed0_k10,0,10,128,4,random_init,embedding_and_all_layers_single_token,physics,1.0,0.7490827769434527,640,30.725,0.7638925631325522
sphere_polar_c04_n_up_gamma_down_d0p12_a0p85_m16_d128l4h2mlp512_700m_seed0_k10,H-R2-05-polar-ladder-capacity,dc80726a8c987e8c3a9171299dac00d03a074311,b0047c92620d48713c3aa72ddc7bd0f3fd26a9a5a689cdb53248c80d7424c708,half,0.85,20,0.175,0.12,699924480,sphere_polar_c04_n_up_gamma_down_d0p12_a0p85_m16,sphere_mess4,d128l4h2mlp512_700m_seed0_k10,0,10,128,4,random_init,embedding_and_all_layers_single_token,belief,1.0,0.272113607307261,640,30.725,0.2854773972173661
sphere_polar_c04_n_up_gamma_down_d0p12_a0p85_m16_d128l4h2mlp512_700m_seed0_k21,H-R2-05-polar-ladder-capacity,dc80726a8c987e8c3a9171299dac00d03a074311,5e599f707ba5f69d387f0d3f022712bceeac6b4d6afabbcb9631692c96bdd0e7,n_plus_one,0.85,20,0.175,0.12,699924480,sphere_polar_c04_n_up_gamma_down_d0p12_a0p85_m16,sphere_mess4,d128l4h2mlp512_700m_seed0_k21,0,21,128,4,trained,single_layer_single_token,physics,1.0,0.8941781538335261,128,153.625,0.8990890600788654
sphere_polar_c04_n_up_gamma_down_d0p12_a0p85_m16_d128l4h2mlp512_700m_seed0_k21,H-R2-05-polar-ladder-capacity,dc80726a8c987e8c3a9171299dac00d03a074311,5e599f707ba5f69d387f0d3f022712bceeac6b4d6afabbcb9631692c96bdd0e7,n_plus_one,0.85,20,0.175,0.12,699924480,sphere_polar_c04_n_up_gamma_down_d0p12_a0p85_m16,sphere_mess4,d128l4h2mlp512_700m_seed0_k21,0,21,128,4,trained,single_layer_single_token,belief,10.0,0.2896543105378771,128,153.625,0.29096925379898797
sphere_polar_c04_n_up_gamma_down_d0p12_a0p85_m16_d128l4h2mlp512_700m_seed0_k21,H-R2-05-polar-ladder-capacity,dc80726a8c987e8c3a9171299dac00d03a074311,5e599f707ba5f69d387f0d3f022712bceeac6b4d6afabbcb9631692c96bdd0e7,n_plus_one,0.85,20,0.175,0.12,699924480,sphere_polar_c04_n_up_gamma_down_d0p12_a0p85_m16,sphere_mess4,d128l4h2mlp512_700m_seed0_k21,0,21,128,4,trained,all_block_layers_single_token,physics,1.0,0.9715138841748939,512,38.40625,0.9745181932597172
sphere_polar_c04_n_up_gamma_down_d0p12_a0p85_m16_d128l4h2mlp512_700m_seed0_k21,H-R2-05-polar-ladder-capacity,dc80726a8c987e8c3a9171299dac00d03a074311,5e599f707ba5f69d387f0d3f022712bceeac6b4d6afabbcb9631692c96bdd0e7,n_plus_one,0.85,20,0.175,0.12,699924480,sphere_polar_c04_n_up_gamma_down_d0p12_a0p85_m16,sphere_mess4,d128l4h2mlp512_700m_seed0_k21,0,21,128,4,trained,all_block_layers_single_token,belief,10.0,0.4356169613787349,512,38.40625,0.4394191901903634
sphere_polar_c04_n_up_gamma_down_d0p12_a0p85_m16_d128l4h2mlp512_700m_seed0_k21,H-R2-05-polar-ladder-capacity,dc80726a8c987e8c3a9171299dac00d03a074311,5e599f707ba5f69d387f0d3f022712bceeac6b4d6afabbcb9631692c96bdd0e7,n_plus_one,0.85,20,0.175,0.12,699924480,sphere_polar_c04_n_up_gamma_down_d0p12_a0p85_m16,sphere_mess4,d128l4h2mlp512_700m_seed0_k21,0,21,128,4,trained,embedding_and_all_layers_single_token,physics,1.0,0.9767056223979121,640,30.725,0.9789940084200803
sphere_polar_c04_n_up_gamma_down_d0p12_a0p85_m16_d128l4h2mlp512_700m_seed0_k21,H-R2-05-polar-ladder-capacity,dc80726a8c987e8c3a9171299dac00d03a074311,5e599f707ba5f69d387f0d3f022712bceeac6b4d6afabbcb9631692c96bdd0e7,n_plus_one,0.85,20,0.175,0.12,699924480,sphere_polar_c04_n_up_gamma_down_d0p12_a0p85_m16,sphere_mess4,d128l4h2mlp512_700m_seed0_k21,0,21,128,4,trained,embedding_and_all_layers_single_token,belief,10.0,0.44293382528315045,640,30.725,0.4454422728355357
sphere_polar_c04_n_up_gamma_down_d0p12_a0p85_m16_d128l4h2mlp512_700m_seed0_k21,H-R2-05-polar-ladder-capacity,dc80726a8c987e8c3a9171299dac00d03a074311,5e599f707ba5f69d387f0d3f022712bceeac6b4d6afabbcb9631692c96bdd0e7,n_plus_one,0.85,20,0.175,0.12,699924480,sphere_polar_c04_n_up_gamma_down_d0p12_a0p85_m16,sphere_mess4,d128l4h2mlp512_700m_seed0_k21,0,21,128,4,random_init,single_layer_single_token,physics,1.0,0.6795324694459002,128,153.625,0.702141881591462
sphere_polar_c04_n_up_gamma_down_d0p12_a0p85_m16_d128l4h2mlp512_700m_seed0_k21,H-R2-05-polar-ladder-capacity,dc80726a8c987e8c3a9171299dac00d03a074311,5e599f707ba5f69d387f0d3f022712bceeac6b4d6afabbcb9631692c96bdd0e7,n_plus_one,0.85,20,0.175,0.12,699924480,sphere_polar_c04_n_up_gamma_down_d0p12_a0p85_m16,sphere_mess4,d128l4h2mlp512_700m_seed0_k21,0,21,128,4,random_init,single_layer_single_token,belief,10.0,0.16791609562235849,128,153.625,0.17510317715029677
sphere_polar_c04_n_up_gamma_down_d0p12_a0p85_m16_d128l4h2mlp512_700m_seed0_k21,H-R2-05-polar-ladder-capacity,dc80726a8c987e8c3a9171299dac00d03a074311,5e599f707ba5f69d387f0d3f022712bceeac6b4d6afabbcb9631692c96bdd0e7,n_plus_one,0.85,20,0.175,0.12,699924480,sphere_polar_c04_n_up_gamma_down_d0p12_a0p85_m16,sphere_mess4,d128l4h2mlp512_700m_seed0_k21,0,21,128,4,random_init,all_block_layers_single_token,physics,1.0,0.7404253351174199,512,38.40625,0.7545315337228367
sphere_polar_c04_n_up_gamma_down_d0p12_a0p85_m16_d128l4h2mlp512_700m_seed0_k21,H-R2-05-polar-ladder-capacity,dc80726a8c987e8c3a9171299dac00d03a074311,5e599f707ba5f69d387f0d3f022712bceeac6b4d6afabbcb9631692c96bdd0e7,n_plus_one,0.85,20,0.175,0.12,699924480,sphere_polar_c04_n_up_gamma_down_d0p12_a0p85_m16,sphere_mess4,d128l4h2mlp512_700m_seed0_k21,0,21,128,4,random_init,all_block_layers_single_token,belief,1.0,0.26254312235243615,512,38.40625,0.27592630480236124
sphere_polar_c04_n_up_gamma_down_d0p12_a0p85_m16_d128l4h2mlp512_700m_seed0_k21,H-R2-05-polar-ladder-capacity,dc80726a8c987e8c3a9171299dac00d03a074311,5e599f707ba5f69d387f0d3f022712bceeac6b4d6afabbcb9631692c96bdd0e7,n_plus_one,0.85,20,0.175,0.12,699924480,sphere_polar_c04_n_up_gamma_down_d0p12_a0p85_m16,sphere_mess4,d128l4h2mlp512_700m_seed0_k21,0,21,128,4,random_init,embedding_and_all_layers_single_token,physics,1.0,0.7490827769434527,640,30.725,0.7638925631325522
sphere_polar_c04_n_up_gamma_down_d0p12_a0p85_m16_d128l4h2mlp512_700m_seed0_k21,H-R2-05-polar-ladder-capacity,dc80726a8c987e8c3a9171299dac00d03a074311,5e599f707ba5f69d387f0d3f022712bceeac6b4d6afabbcb9631692c96bdd0e7,n_plus_one,0.85,20,0.175,0.12,699924480,sphere_polar_c04_n_up_gamma_down_d0p12_a0p85_m16,sphere_mess4,d128l4h2mlp512_700m_seed0_k21,0,21,128,4,random_init,embedding_and_all_layers_single_token,belief,1.0,0.272113607307261,640,30.725,0.2854773972173661
sphere_polar_c04_n_up_gamma_down_d0p12_a0p95_m16_d128l4h2mlp512_700m_seed0_k1,H-R2-05-polar-ladder-capacity,dc80726a8c987e8c3a9171299dac00d03a074311,f49117ae3d07a759b20c4feec5e88089a4f288ff768d848ecc1bb2baa09a5b10,fixed,0.95,20,0.175,0.12,699924480,sphere_polar_c04_n_up_gamma_down_d0p12_a0p95_m16,sphere_mess4,d128l4h2mlp512_700m_seed0_k1,0,1,128,4,trained,single_layer_single_token,physics,10.0,0.8560533497562491,128,153.75,0.8688741623923001
sphere_polar_c04_n_up_gamma_down_d0p12_a0p95_m16_d128l4h2mlp512_700m_seed0_k1,H-R2-05-polar-ladder-capacity,dc80726a8c987e8c3a9171299dac00d03a074311,f49117ae3d07a759b20c4feec5e88089a4f288ff768d848ecc1bb2baa09a5b10,fixed,0.95,20,0.175,0.12,699924480,sphere_polar_c04_n_up_gamma_down_d0p12_a0p95_m16,sphere_mess4,d128l4h2mlp512_700m_seed0_k1,0,1,128,4,trained,single_layer_single_token,belief,10.0,0.25783839564997535,128,153.75,0.26282508724779663
sphere_polar_c04_n_up_gamma_down_d0p12_a0p95_m16_d128l4h2mlp512_700m_seed0_k1,H-R2-05-polar-ladder-capacity,dc80726a8c987e8c3a9171299dac00d03a074311,f49117ae3d07a759b20c4feec5e88089a4f288ff768d848ecc1bb2baa09a5b10,fixed,0.95,20,0.175,0.12,699924480,sphere_polar_c04_n_up_gamma_down_d0p12_a0p95_m16,sphere_mess4,d128l4h2mlp512_700m_seed0_k1,0,1,128,4,trained,all_block_layers_single_token,physics,1.0,0.9680483067832211,512,38.4375,0.9736703639297242
sphere_polar_c04_n_up_gamma_down_d0p12_a0p95_m16_d128l4h2mlp512_700m_seed0_k1,H-R2-05-polar-ladder-capacity,dc80726a8c987e8c3a9171299dac00d03a074311,f49117ae3d07a759b20c4feec5e88089a4f288ff768d848ecc1bb2baa09a5b10,fixed,0.95,20,0.175,0.12,699924480,sphere_polar_c04_n_up_gamma_down_d0p12_a0p95_m16,sphere_mess4,d128l4h2mlp512_700m_seed0_k1,0,1,128,4,trained,all_block_layers_single_token,belief,1.0,0.421407104295007,512,38.4375,0.438886515573801
sphere_polar_c04_n_up_gamma_down_d0p12_a0p95_m16_d128l4h2mlp512_700m_seed0_k1,H-R2-05-polar-ladder-capacity,dc80726a8c987e8c3a9171299dac00d03a074311,f49117ae3d07a759b20c4feec5e88089a4f288ff768d848ecc1bb2baa09a5b10,fixed,0.95,20,0.175,0.12,699924480,sphere_polar_c04_n_up_gamma_down_d0p12_a0p95_m16,sphere_mess4,d128l4h2mlp512_700m_seed0_k1,0,1,128,4,trained,embedding_and_all_layers_single_token,physics,1.0,0.9730423682950285,640,30.75,0.9774208751217696
sphere_polar_c04_n_up_gamma_down_d0p12_a0p95_m16_d128l4h2mlp512_700m_seed0_k1,H-R2-05-polar-ladder-capacity,dc80726a8c987e8c3a9171299dac00d03a074311,f49117ae3d07a759b20c4feec5e88089a4f288ff768d848ecc1bb2baa09a5b10,fixed,0.95,20,0.175,0.12,699924480,sphere_polar_c04_n_up_gamma_down_d0p12_a0p95_m16,sphere_mess4,d128l4h2mlp512_700m_seed0_k1,0,1,128,4,trained,embedding_and_all_layers_single_token,belief,1.0,0.42911909581190366,640,30.75,0.4464853039774871
sphere_polar_c04_n_up_gamma_down_d0p12_a0p95_m16_d128l4h2mlp512_700m_seed0_k1,H-R2-05-polar-ladder-capacity,dc80726a8c987e8c3a9171299dac00d03a074311,f49117ae3d07a759b20c4feec5e88089a4f288ff768d848ecc1bb2baa09a5b10,fixed,0.95,20,0.175,0.12,699924480,sphere_polar_c04_n_up_gamma_down_d0p12_a0p95_m16,sphere_mess4,d128l4h2mlp512_700m_seed0_k1,0,1,128,4,random_init,single_layer_single_token,physics,1.0,0.6840011810582021,128,153.75,0.7085753325596171
sphere_polar_c04_n_up_gamma_down_d0p12_a0p95_m16_d128l4h2mlp512_700m_seed0_k1,H-R2-05-polar-ladder-capacity,dc80726a8c987e8c3a9171299dac00d03a074311,f49117ae3d07a759b20c4feec5e88089a4f288ff768d848ecc1bb2baa09a5b10,fixed,0.95,20,0.175,0.12,699924480,sphere_polar_c04_n_up_gamma_down_d0p12_a0p95_m16,sphere_mess4,d128l4h2mlp512_700m_seed0_k1,0,1,128,4,random_init,single_layer_single_token,belief,10.0,0.18961332359526079,128,153.75,0.19463752720166527
sphere_polar_c04_n_up_gamma_down_d0p12_a0p95_m16_d128l4h2mlp512_700m_seed0_k1,H-R2-05-polar-ladder-capacity,dc80726a8c987e8c3a9171299dac00d03a074311,f49117ae3d07a759b20c4feec5e88089a4f288ff768d848ecc1bb2baa09a5b10,fixed,0.95,20,0.175,0.12,699924480,sphere_polar_c04_n_up_gamma_down_d0p12_a0p95_m16,sphere_mess4,d128l4h2mlp512_700m_seed0_k1,0,1,128,4,random_init,all_block_layers_single_token,physics,1.0,0.741900770805018,512,38.4375,0.7668240062467333
sphere_polar_c04_n_up_gamma_down_d0p12_a0p95_m16_d128l4h2mlp512_700m_seed0_k1,H-R2-05-polar-ladder-capacity,dc80726a8c987e8c3a9171299dac00d03a074311,f49117ae3d07a759b20c4feec5e88089a4f288ff768d848ecc1bb2baa09a5b10,fixed,0.95,20,0.175,0.12,699924480,sphere_polar_c04_n_up_gamma_down_d0p12_a0p95_m16,sphere_mess4,d128l4h2mlp512_700m_seed0_k1,0,1,128,4,random_init,all_block_layers_single_token,belief,1.0,0.28460198527937863,512,38.4375,0.29648082045924484
sphere_polar_c04_n_up_gamma_down_d0p12_a0p95_m16_d128l4h2mlp512_700m_seed0_k1,H-R2-05-polar-ladder-capacity,dc80726a8c987e8c3a9171299dac00d03a074311,f49117ae3d07a759b20c4feec5e88089a4f288ff768d848ecc1bb2baa09a5b10,fixed,0.95,20,0.175,0.12,699924480,sphere_polar_c04_n_up_gamma_down_d0p12_a0p95_m16,sphere_mess4,d128l4h2mlp512_700m_seed0_k1,0,1,128,4,random_init,embedding_and_all_layers_single_token,physics,1.0,0.748771449364398,640,30.75,0.7761195282347415
sphere_polar_c04_n_up_gamma_down_d0p12_a0p95_m16_d128l4h2mlp512_700m_seed0_k1,H-R2-05-polar-ladder-capacity,dc80726a8c987e8c3a9171299dac00d03a074311,f49117ae3d07a759b20c4feec5e88089a4f288ff768d848ecc1bb2baa09a5b10,fixed,0.95,20,0.175,0.12,699924480,sphere_polar_c04_n_up_gamma_down_d0p12_a0p95_m16,sphere_mess4,d128l4h2mlp512_700m_seed0_k1,0,1,128,4,random_init,embedding_and_all_layers_single_token,belief,1.0,0.2940335175064319,640,30.75,0.3085735143660647
sphere_polar_c04_n_up_gamma_down_d0p12_a0p95_m16_d128l4h2mlp512_700m_seed0_k10,H-R2-05-polar-ladder-capacity,dc80726a8c987e8c3a9171299dac00d03a074311,59778b203e57fda0314dc2380c111bbf7d8a365d1fdb7afcae4e5df0dfb8ff64,half,0.95,20,0.175,0.12,699924480,sphere_polar_c04_n_up_gamma_down_d0p12_a0p95_m16,sphere_mess4,d128l4h2mlp512_700m_seed0_k10,0,10,128,4,trained,single_layer_single_token,physics,1.0,0.8542838777400048,128,153.75,0.8688811608436492
sphere_polar_c04_n_up_gamma_down_d0p12_a0p95_m16_d128l4h2mlp512_700m_seed0_k10,H-R2-05-polar-ladder-capacity,dc80726a8c987e8c3a9171299dac00d03a074311,59778b203e57fda0314dc2380c111bbf7d8a365d1fdb7afcae4e5df0dfb8ff64,half,0.95,20,0.175,0.12,699924480,sphere_polar_c04_n_up_gamma_down_d0p12_a0p95_m16,sphere_mess4,d128l4h2mlp512_700m_seed0_k10,0,10,128,4,trained,single_layer_single_token,belief,10.0,0.3158168613870852,128,153.75,0.3177953445477857
sphere_polar_c04_n_up_gamma_down_d0p12_a0p95_m16_d128l4h2mlp512_700m_seed0_k10,H-R2-05-polar-ladder-capacity,dc80726a8c987e8c3a9171299dac00d03a074311,59778b203e57fda0314dc2380c111bbf7d8a365d1fdb7afcae4e5df0dfb8ff64,half,0.95,20,0.175,0.12,699924480,sphere_polar_c04_n_up_gamma_down_d0p12_a0p95_m16,sphere_mess4,d128l4h2mlp512_700m_seed0_k10,0,10,128,4,trained,all_block_layers_single_token,physics,1.0,0.9666771230858584,512,38.4375,0.9709975922290016
sphere_polar_c04_n_up_gamma_down_d0p12_a0p95_m16_d128l4h2mlp512_700m_seed0_k10,H-R2-05-polar-ladder-capacity,dc80726a8c987e8c3a9171299dac00d03a074311,59778b203e57fda0314dc2380c111bbf7d8a365d1fdb7afcae4e5df0dfb8ff64,half,0.95,20,0.175,0.12,699924480,sphere_polar_c04_n_up_gamma_down_d0p12_a0p95_m16,sphere_mess4,d128l4h2mlp512_700m_seed0_k10,0,10,128,4,trained,all_block_layers_single_token,belief,10.0,0.499896295750887,512,38.4375,0.5033629519571984
sphere_polar_c04_n_up_gamma_down_d0p12_a0p95_m16_d128l4h2mlp512_700m_seed0_k10,H-R2-05-polar-ladder-capacity,dc80726a8c987e8c3a9171299dac00d03a074311,59778b203e57fda0314dc2380c111bbf7d8a365d1fdb7afcae4e5df0dfb8ff64,half,0.95,20,0.175,0.12,699924480,sphere_polar_c04_n_up_gamma_down_d0p12_a0p95_m16,sphere_mess4,d128l4h2mlp512_700m_seed0_k10,0,10,128,4,trained,embedding_and_all_layers_single_token,physics,1.0,0.9699203783520853,640,30.75,0.9742958941433335
sphere_polar_c04_n_up_gamma_down_d0p12_a0p95_m16_d128l4h2mlp512_700m_seed0_k10,H-R2-05-polar-ladder-capacity,dc80726a8c987e8c3a9171299dac00d03a074311,59778b203e57fda0314dc2380c111bbf7d8a365d1fdb7afcae4e5df0dfb8ff64,half,0.95,20,0.175,0.12,699924480,sphere_polar_c04_n_up_gamma_down_d0p12_a0p95_m16,sphere_mess4,d128l4h2mlp512_700m_seed0_k10,0,10,128,4,trained,embedding_and_all_layers_single_token,belief,1.0,0.5092708673572743,640,30.75,0.5135864383798725
sphere_polar_c04_n_up_gamma_down_d0p12_a0p95_m16_d128l4h2mlp512_700m_seed0_k10,H-R2-05-polar-ladder-capacity,dc80726a8c987e8c3a9171299dac00d03a074311,59778b203e57fda0314dc2380c111bbf7d8a365d1fdb7afcae4e5df0dfb8ff64,half,0.95,20,0.175,0.12,699924480,sphere_polar_c04_n_up_gamma_down_d0p12_a0p95_m16,sphere_mess4,d128l4h2mlp512_700m_seed0_k10,0,10,128,4,random_init,single_layer_single_token,physics,1.0,0.6840011810582021,128,153.75,0.7085753325596171
sphere_polar_c04_n_up_gamma_down_d0p12_a0p95_m16_d128l4h2mlp512_700m_seed0_k10,H-R2-05-polar-ladder-capacity,dc80726a8c987e8c3a9171299dac00d03a074311,59778b203e57fda0314dc2380c111bbf7d8a365d1fdb7afcae4e5df0dfb8ff64,half,0.95,20,0.175,0.12,699924480,sphere_polar_c04_n_up_gamma_down_d0p12_a0p95_m16,sphere_mess4,d128l4h2mlp512_700m_seed0_k10,0,10,128,4,random_init,single_layer_single_token,belief,10.0,0.18961332359526079,128,153.75,0.19463752720166527
sphere_polar_c04_n_up_gamma_down_d0p12_a0p95_m16_d128l4h2mlp512_700m_seed0_k10,H-R2-05-polar-ladder-capacity,dc80726a8c987e8c3a9171299dac00d03a074311,59778b203e57fda0314dc2380c111bbf7d8a365d1fdb7afcae4e5df0dfb8ff64,half,0.95,20,0.175,0.12,699924480,sphere_polar_c04_n_up_gamma_down_d0p12_a0p95_m16,sphere_mess4,d128l4h2mlp512_700m_seed0_k10,0,10,128,4,random_init,all_block_layers_single_token,physics,1.0,0.741900770805018,512,38.4375,0.7668240062467333
sphere_polar_c04_n_up_gamma_down_d0p12_a0p95_m16_d128l4h2mlp512_700m_seed0_k10,H-R2-05-polar-ladder-capacity,dc80726a8c987e8c3a9171299dac00d03a074311,59778b203e57fda0314dc2380c111bbf7d8a365d1fdb7afcae4e5df0dfb8ff64,half,0.95,20,0.175,0.12,699924480,sphere_polar_c04_n_up_gamma_down_d0p12_a0p95_m16,sphere_mess4,d128l4h2mlp512_700m_seed0_k10,0,10,128,4,random_init,all_block_layers_single_token,belief,1.0,0.28460198527937863,512,38.4375,0.29648082045924484
sphere_polar_c04_n_up_gamma_down_d0p12_a0p95_m16_d128l4h2mlp512_700m_seed0_k10,H-R2-05-polar-ladder-capacity,dc80726a8c987e8c3a9171299dac00d03a074311,59778b203e57fda0314dc2380c111bbf7d8a365d1fdb7afcae4e5df0dfb8ff64,half,0.95,20,0.175,0.12,699924480,sphere_polar_c04_n_up_gamma_down_d0p12_a0p95_m16,sphere_mess4,d128l4h2mlp512_700m_seed0_k10,0,10,128,4,random_init,embedding_and_all_layers_single_token,physics,1.0,0.748771449364398,640,30.75,0.7761195282347415
sphere_polar_c04_n_up_gamma_down_d0p12_a0p95_m16_d128l4h2mlp512_700m_seed0_k10,H-R2-05-polar-ladder-capacity,dc80726a8c987e8c3a9171299dac00d03a074311,59778b203e57fda0314dc2380c111bbf7d8a365d1fdb7afcae4e5df0dfb8ff64,half,0.95,20,0.175,0.12,699924480,sphere_polar_c04_n_up_gamma_down_d0p12_a0p95_m16,sphere_mess4,d128l4h2mlp512_700m_seed0_k10,0,10,128,4,random_init,embedding_and_all_layers_single_token,belief,1.0,0.2940335175064319,640,30.75,0.3085735143660647
sphere_polar_c04_n_up_gamma_down_d0p12_a0p95_m16_d128l4h2mlp512_700m_seed0_k21,H-R2-05-polar-ladder-capacity,dc80726a8c987e8c3a9171299dac00d03a074311,e0dcd8b10c3744a207ab37f0f9e34eabf314febffdef85265d1a03696681b1d9,n_plus_one,0.95,20,0.175,0.12,699924480,sphere_polar_c04_n_up_gamma_down_d0p12_a0p95_m16,sphere_mess4,d128l4h2mlp512_700m_seed0_k21,0,21,128,4,trained,single_layer_single_token,physics,1.0,0.8670391668794382,128,153.75,0.8744347300162056
sphere_polar_c04_n_up_gamma_down_d0p12_a0p95_m16_d128l4h2mlp512_700m_seed0_k21,H-R2-05-polar-ladder-capacity,dc80726a8c987e8c3a9171299dac00d03a074311,e0dcd8b10c3744a207ab37f0f9e34eabf314febffdef85265d1a03696681b1d9,n_plus_one,0.95,20,0.175,0.12,699924480,sphere_polar_c04_n_up_gamma_down_d0p12_a0p95_m16,sphere_mess4,d128l4h2mlp512_700m_seed0_k21,0,21,128,4,trained,single_layer_single_token,belief,10.0,0.36709208953648953,128,153.75,0.370851555055518
sphere_polar_c04_n_up_gamma_down_d0p12_a0p95_m16_d128l4h2mlp512_700m_seed0_k21,H-R2-05-polar-ladder-capacity,dc80726a8c987e8c3a9171299dac00d03a074311,e0dcd8b10c3744a207ab37f0f9e34eabf314febffdef85265d1a03696681b1d9,n_plus_one,0.95,20,0.175,0.12,699924480,sphere_polar_c04_n_up_gamma_down_d0p12_a0p95_m16,sphere_mess4,d128l4h2mlp512_700m_seed0_k21,0,21,128,4,trained,all_block_layers_single_token,physics,1.0,0.9655939177431916,512,38.4375,0.9689283444179156
sphere_polar_c04_n_up_gamma_down_d0p12_a0p95_m16_d128l4h2mlp512_700m_seed0_k21,H-R2-05-polar-ladder-capacity,dc80726a8c987e8c3a9171299dac00d03a074311,e0dcd8b10c3744a207ab37f0f9e34eabf314febffdef85265d1a03696681b1d9,n_plus_one,0.95,20,0.175,0.12,699924480,sphere_polar_c04_n_up_gamma_down_d0p12_a0p95_m16,sphere_mess4,d128l4h2mlp512_700m_seed0_k21,0,21,128,4,trained,all_block_layers_single_token,belief,1.0,0.5666631547721084,512,38.4375,0.5681619449761142
sphere_polar_c04_n_up_gamma_down_d0p12_a0p95_m16_d128l4h2mlp512_700m_seed0_k21,H-R2-05-polar-ladder-capacity,dc80726a8c987e8c3a9171299dac00d03a074311,e0dcd8b10c3744a207ab37f0f9e34eabf314febffdef85265d1a03696681b1d9,n_plus_one,0.95,20,0.175,0.12,699924480,sphere_polar_c04_n_up_gamma_down_d0p12_a0p95_m16,sphere_mess4,d128l4h2mlp512_700m_seed0_k21,0,21,128,4,trained,embedding_and_all_layers_single_token,physics,1.0,0.9699236430538103,640,30.75,0.9730300802628538
sphere_polar_c04_n_up_gamma_down_d0p12_a0p95_m16_d128l4h2mlp512_700m_seed0_k21,H-R2-05-polar-ladder-capacity,dc80726a8c987e8c3a9171299dac00d03a074311,e0dcd8b10c3744a207ab37f0f9e34eabf314febffdef85265d1a03696681b1d9,n_plus_one,0.95,20,0.175,0.12,699924480,sphere_polar_c04_n_up_gamma_down_d0p12_a0p95_m16,sphere_mess4,d128l4h2mlp512_700m_seed0_k21,0,21,128,4,trained,embedding_and_all_layers_single_token,belief,1.0,0.5719176369006251,640,30.75,0.5747465000285966
sphere_polar_c04_n_up_gamma_down_d0p12_a0p95_m16_d128l4h2mlp512_700m_seed0_k21,H-R2-05-polar-ladder-capacity,dc80726a8c987e8c3a9171299dac00d03a074311,e0dcd8b10c3744a207ab37f0f9e34eabf314febffdef85265d1a03696681b1d9,n_plus_one,0.95,20,0.175,0.12,699924480,sphere_polar_c04_n_up_gamma_down_d0p12_a0p95_m16,sphere_mess4,d128l4h2mlp512_700m_seed0_k21,0,21,128,4,random_init,single_layer_single_token,physics,1.0,0.6840011810582021,128,153.75,0.7085753325596171
sphere_polar_c04_n_up_gamma_down_d0p12_a0p95_m16_d128l4h2mlp512_700m_seed0_k21,H-R2-05-polar-ladder-capacity,dc80726a8c987e8c3a9171299dac00d03a074311,e0dcd8b10c3744a207ab37f0f9e34eabf314febffdef85265d1a03696681b1d9,n_plus_one,0.95,20,0.175,0.12,699924480,sphere_polar_c04_n_up_gamma_down_d0p12_a0p95_m16,sphere_mess4,d128l4h2mlp512_700m_seed0_k21,0,21,128,4,random_init,single_layer_single_token,belief,10.0,0.18961332359526079,128,153.75,0.19463752720166527
sphere_polar_c04_n_up_gamma_down_d0p12_a0p95_m16_d128l4h2mlp512_700m_seed0_k21,H-R2-05-polar-ladder-capacity,dc80726a8c987e8c3a9171299dac00d03a074311,e0dcd8b10c3744a207ab37f0f9e34eabf314febffdef85265d1a03696681b1d9,n_plus_one,0.95,20,0.175,0.12,699924480,sphere_polar_c04_n_up_gamma_down_d0p12_a0p95_m16,sphere_mess4,d128l4h2mlp512_700m_seed0_k21,0,21,128,4,random_init,all_block_layers_single_token,physics,1.0,0.741900770805018,512,38.4375,0.7668240062467333
sphere_polar_c04_n_up_gamma_down_d0p12_a0p95_m16_d128l4h2mlp512_700m_seed0_k21,H-R2-05-polar-ladder-capacity,dc80726a8c987e8c3a9171299dac00d03a074311,e0dcd8b10c3744a207ab37f0f9e34eabf314febffdef85265d1a03696681b1d9,n_plus_one,0.95,20,0.175,0.12,699924480,sphere_polar_c04_n_up_gamma_down_d0p12_a0p95_m16,sphere_mess4,d128l4h2mlp512_700m_seed0_k21,0,21,128,4,random_init,all_block_layers_single_token,belief,1.0,0.28460198527937863,512,38.4375,0.29648082045924484
sphere_polar_c04_n_up_gamma_down_d0p12_a0p95_m16_d128l4h2mlp512_700m_seed0_k21,H-R2-05-polar-ladder-capacity,dc80726a8c987e8c3a9171299dac00d03a074311,e0dcd8b10c3744a207ab37f0f9e34eabf314febffdef85265d1a03696681b1d9,n_plus_one,0.95,20,0.175,0.12,699924480,sphere_polar_c04_n_up_gamma_down_d0p12_a0p95_m16,sphere_mess4,d128l4h2mlp512_700m_seed0_k21,0,21,128,4,random_init,embedding_and_all_layers_single_token,physics,1.0,0.748771449364398,640,30.75,0.7761195282347415
sphere_polar_c04_n_up_gamma_down_d0p12_a0p95_m16_d128l4h2mlp512_700m_seed0_k21,H-R2-05-polar-ladder-capacity,dc80726a8c987e8c3a9171299dac00d03a074311,e0dcd8b10c3744a207ab37f0f9e34eabf314febffdef85265d1a03696681b1d9,n_plus_one,0.95,20,0.175,0.12,699924480,sphere_polar_c04_n_up_gamma_down_d0p12_a0p95_m16,sphere_mess4,d128l4h2mlp512_700m_seed0_k21,0,21,128,4,random_init,embedding_and_all_layers_single_token,belief,1.0,0.2940335175064319,640,30.75,0.3085735143660647
sphere_polar_c05_n_up_gamma_down_d0p14_a0p5_m16_d128l4h2mlp512_700m_seed0_k1,H-R2-05-polar-ladder-capacity,dc80726a8c987e8c3a9171299dac00d03a074311,3238fe5072a41db0c680ed854fd962c49d4aef234a163f44e2625bbe0abb9224,fixed,0.5,20,0.175,0.14,699924480,sphere_polar_c05_n_up_gamma_down_d0p14_a0p5_m16,sphere_mess4,d128l4h2mlp512_700m_seed0_k1,0,1,128,4,trained,single_layer_single_token,physics,1.0,0.8883767366851252,128,153.5,0.8971499120508115
sphere_polar_c05_n_up_gamma_down_d0p14_a0p5_m16_d128l4h2mlp512_700m_seed0_k1,H-R2-05-polar-ladder-capacity,dc80726a8c987e8c3a9171299dac00d03a074311,3238fe5072a41db0c680ed854fd962c49d4aef234a163f44e2625bbe0abb9224,fixed,0.5,20,0.175,0.14,699924480,sphere_polar_c05_n_up_gamma_down_d0p14_a0p5_m16,sphere_mess4,d128l4h2mlp512_700m_seed0_k1,0,1,128,4,trained,single_layer_single_token,belief,10.0,0.1586184859594446,128,153.5,0.15953998326913973
sphere_polar_c05_n_up_gamma_down_d0p14_a0p5_m16_d128l4h2mlp512_700m_seed0_k1,H-R2-05-polar-ladder-capacity,dc80726a8c987e8c3a9171299dac00d03a074311,3238fe5072a41db0c680ed854fd962c49d4aef234a163f44e2625bbe0abb9224,fixed,0.5,20,0.175,0.14,699924480,sphere_polar_c05_n_up_gamma_down_d0p14_a0p5_m16,sphere_mess4,d128l4h2mlp512_700m_seed0_k1,0,1,128,4,trained,all_block_layers_single_token,physics,1.0,0.9748027528570077,512,38.375,0.9777605050444599
sphere_polar_c05_n_up_gamma_down_d0p14_a0p5_m16_d128l4h2mlp512_700m_seed0_k1,H-R2-05-polar-ladder-capacity,dc80726a8c987e8c3a9171299dac00d03a074311,3238fe5072a41db0c680ed854fd962c49d4aef234a163f44e2625bbe0abb9224,fixed,0.5,20,0.175,0.14,699924480,sphere_polar_c05_n_up_gamma_down_d0p14_a0p5_m16,sphere_mess4,d128l4h2mlp512_700m_seed0_k1,0,1,128,4,trained,all_block_layers_single_token,belief,1.0,0.28452079457053936,512,38.375,0.27745480454419225
sphere_polar_c05_n_up_gamma_down_d0p14_a0p5_m16_d128l4h2mlp512_700m_seed0_k1,H-R2-05-polar-ladder-capacity,dc80726a8c987e8c3a9171299dac00d03a074311,3238fe5072a41db0c680ed854fd962c49d4aef234a163f44e2625bbe0abb9224,fixed,0.5,20,0.175,0.14,699924480,sphere_polar_c05_n_up_gamma_down_d0p14_a0p5_m16,sphere_mess4,d128l4h2mlp512_700m_seed0_k1,0,1,128,4,trained,embedding_and_all_layers_single_token,physics,1.0,0.9768245357040527,640,30.7,0.9803747997866101
sphere_polar_c05_n_up_gamma_down_d0p14_a0p5_m16_d128l4h2mlp512_700m_seed0_k1,H-R2-05-polar-ladder-capacity,dc80726a8c987e8c3a9171299dac00d03a074311,3238fe5072a41db0c680ed854fd962c49d4aef234a163f44e2625bbe0abb9224,fixed,0.5,20,0.175,0.14,699924480,sphere_polar_c05_n_up_gamma_down_d0p14_a0p5_m16,sphere_mess4,d128l4h2mlp512_700m_seed0_k1,0,1,128,4,trained,embedding_and_all_layers_single_token,belief,1.0,0.2976887569024935,640,30.7,0.2950978983533623
sphere_polar_c05_n_up_gamma_down_d0p14_a0p5_m16_d128l4h2mlp512_700m_seed0_k1,H-R2-05-polar-ladder-capacity,dc80726a8c987e8c3a9171299dac00d03a074311,3238fe5072a41db0c680ed854fd962c49d4aef234a163f44e2625bbe0abb9224,fixed,0.5,20,0.175,0.14,699924480,sphere_polar_c05_n_up_gamma_down_d0p14_a0p5_m16,sphere_mess4,d128l4h2mlp512_700m_seed0_k1,0,1,128,4,random_init,single_layer_single_token,physics,1.0,0.6381536624898767,128,153.5,0.6436201335665841
sphere_polar_c05_n_up_gamma_down_d0p14_a0p5_m16_d128l4h2mlp512_700m_seed0_k1,H-R2-05-polar-ladder-capacity,dc80726a8c987e8c3a9171299dac00d03a074311,3238fe5072a41db0c680ed854fd962c49d4aef234a163f44e2625bbe0abb9224,fixed,0.5,20,0.175,0.14,699924480,sphere_polar_c05_n_up_gamma_down_d0p14_a0p5_m16,sphere_mess4,d128l4h2mlp512_700m_seed0_k1,0,1,128,4,random_init,single_layer_single_token,belief,10.0,0.11252174321837166,128,153.5,0.1158343931833106
sphere_polar_c05_n_up_gamma_down_d0p14_a0p5_m16_d128l4h2mlp512_700m_seed0_k1,H-R2-05-polar-ladder-capacity,dc80726a8c987e8c3a9171299dac00d03a074311,3238fe5072a41db0c680ed854fd962c49d4aef234a163f44e2625bbe0abb9224,fixed,0.5,20,0.175,0.14,699924480,sphere_polar_c05_n_up_gamma_down_d0p14_a0p5_m16,sphere_mess4,d128l4h2mlp512_700m_seed0_k1,0,1,128,4,random_init,all_block_layers_single_token,physics,1.0,0.6929819397140318,512,38.375,0.695035672765993
sphere_polar_c05_n_up_gamma_down_d0p14_a0p5_m16_d128l4h2mlp512_700m_seed0_k1,H-R2-05-polar-ladder-capacity,dc80726a8c987e8c3a9171299dac00d03a074311,3238fe5072a41db0c680ed854fd962c49d4aef234a163f44e2625bbe0abb9224,fixed,0.5,20,0.175,0.14,699924480,sphere_polar_c05_n_up_gamma_down_d0p14_a0p5_m16,sphere_mess4,d128l4h2mlp512_700m_seed0_k1,0,1,128,4,random_init,all_block_layers_single_token,belief,1.0,0.19355979291532505,512,38.375,0.19182569591505155
sphere_polar_c05_n_up_gamma_down_d0p14_a0p5_m16_d128l4h2mlp512_700m_seed0_k1,H-R2-05-polar-ladder-capacity,dc80726a8c987e8c3a9171299dac00d03a074311,3238fe5072a41db0c680ed854fd962c49d4aef234a163f44e2625bbe0abb9224,fixed,0.5,20,0.175,0.14,699924480,sphere_polar_c05_n_up_gamma_down_d0p14_a0p5_m16,sphere_mess4,d128l4h2mlp512_700m_seed0_k1,0,1,128,4,random_init,embedding_and_all_layers_single_token,physics,1.0,0.7020441911635558,640,30.7,0.7061859685043049
sphere_polar_c05_n_up_gamma_down_d0p14_a0p5_m16_d128l4h2mlp512_700m_seed0_k1,H-R2-05-polar-ladder-capacity,dc80726a8c987e8c3a9171299dac00d03a074311,3238fe5072a41db0c680ed854fd962c49d4aef234a163f44e2625bbe0abb9224,fixed,0.5,20,0.175,0.14,699924480,sphere_polar_c05_n_up_gamma_down_d0p14_a0p5_m16,sphere_mess4,d128l4h2mlp512_700m_seed0_k1,0,1,128,4,random_init,embedding_and_all_layers_single_token,belief,1.0,0.20091252749182834,640,30.7,0.20048536292844465
sphere_polar_c05_n_up_gamma_down_d0p14_a0p5_m16_d128l4h2mlp512_700m_seed0_k10,H-R2-05-polar-ladder-capacity,dc80726a8c987e8c3a9171299dac00d03a074311,327092a26f1b690f2b7a71419a8de8e643dafc8dc11c3cceb2e14a6a6dc1f39c,half,0.5,20,0.175,0.14,699924480,sphere_polar_c05_n_up_gamma_down_d0p14_a0p5_m16,sphere_mess4,d128l4h2mlp512_700m_seed0_k10,0,10,128,4,trained,single_layer_single_token,physics,1.0,0.8702784539577656,128,153.5,0.8773109880329617
sphere_polar_c05_n_up_gamma_down_d0p14_a0p5_m16_d128l4h2mlp512_700m_seed0_k10,H-R2-05-polar-ladder-capacity,dc80726a8c987e8c3a9171299dac00d03a074311,327092a26f1b690f2b7a71419a8de8e643dafc8dc11c3cceb2e14a6a6dc1f39c,half,0.5,20,0.175,0.14,699924480,sphere_polar_c05_n_up_gamma_down_d0p14_a0p5_m16,sphere_mess4,d128l4h2mlp512_700m_seed0_k10,0,10,128,4,trained,single_layer_single_token,belief,10.0,0.17299965380342913,128,153.5,0.17043090914869724
sphere_polar_c05_n_up_gamma_down_d0p14_a0p5_m16_d128l4h2mlp512_700m_seed0_k10,H-R2-05-polar-ladder-capacity,dc80726a8c987e8c3a9171299dac00d03a074311,327092a26f1b690f2b7a71419a8de8e643dafc8dc11c3cceb2e14a6a6dc1f39c,half,0.5,20,0.175,0.14,699924480,sphere_polar_c05_n_up_gamma_down_d0p14_a0p5_m16,sphere_mess4,d128l4h2mlp512_700m_seed0_k10,0,10,128,4,trained,all_block_layers_single_token,physics,1.0,0.964372213233702,512,38.375,0.9695159741812536
sphere_polar_c05_n_up_gamma_down_d0p14_a0p5_m16_d128l4h2mlp512_700m_seed0_k10,H-R2-05-polar-ladder-capacity,dc80726a8c987e8c3a9171299dac00d03a074311,327092a26f1b690f2b7a71419a8de8e643dafc8dc11c3cceb2e14a6a6dc1f39c,half,0.5,20,0.175,0.14,699924480,sphere_polar_c05_n_up_gamma_down_d0p14_a0p5_m16,sphere_mess4,d128l4h2mlp512_700m_seed0_k10,0,10,128,4,trained,all_block_layers_single_token,belief,1.0,0.3180863715910072,512,38.375,0.3166172191587956
sphere_polar_c05_n_up_gamma_down_d0p14_a0p5_m16_d128l4h2mlp512_700m_seed0_k10,H-R2-05-polar-ladder-capacity,dc80726a8c987e8c3a9171299dac00d03a074311,327092a26f1b690f2b7a71419a8de8e643dafc8dc11c3cceb2e14a6a6dc1f39c,half,0.5,20,0.175,0.14,699924480,sphere_polar_c05_n_up_gamma_down_d0p14_a0p5_m16,sphere_mess4,d128l4h2mlp512_700m_seed0_k10,0,10,128,4,trained,embedding_and_all_layers_single_token,physics,1.0,0.9685814705129573,640,30.7,0.9738108036043278
sphere_polar_c05_n_up_gamma_down_d0p14_a0p5_m16_d128l4h2mlp512_700m_seed0_k10,H-R2-05-polar-ladder-capacity,dc80726a8c987e8c3a9171299dac00d03a074311,327092a26f1b690f2b7a71419a8de8e643dafc8dc11c3cceb2e14a6a6dc1f39c,half,0.5,20,0.175,0.14,699924480,sphere_polar_c05_n_up_gamma_down_d0p14_a0p5_m16,sphere_mess4,d128l4h2mlp512_700m_seed0_k10,0,10,128,4,trained,embedding_and_all_layers_single_token,belief,10.0,0.3248306370375309,640,30.7,0.32588982172762126
sphere_polar_c05_n_up_gamma_down_d0p14_a0p5_m16_d128l4h2mlp512_700m_seed0_k10,H-R2-05-polar-ladder-capacity,dc80726a8c987e8c3a9171299dac00d03a074311,327092a26f1b690f2b7a71419a8de8e643dafc8dc11c3cceb2e14a6a6dc1f39c,half,0.5,20,0.175,0.14,699924480,sphere_polar_c05_n_up_gamma_down_d0p14_a0p5_m16,sphere_mess4,d128l4h2mlp512_700m_seed0_k10,0,10,128,4,random_init,single_layer_single_token,physics,1.0,0.6381536624898767,128,153.5,0.6436201335665841
sphere_polar_c05_n_up_gamma_down_d0p14_a0p5_m16_d128l4h2mlp512_700m_seed0_k10,H-R2-05-polar-ladder-capacity,dc80726a8c987e8c3a9171299dac00d03a074311,327092a26f1b690f2b7a71419a8de8e643dafc8dc11c3cceb2e14a6a6dc1f39c,half,0.5,20,0.175,0.14,699924480,sphere_polar_c05_n_up_gamma_down_d0p14_a0p5_m16,sphere_mess4,d128l4h2mlp512_700m_seed0_k10,0,10,128,4,random_init,single_layer_single_token,belief,10.0,0.11252174321837166,128,153.5,0.1158343931833106
sphere_polar_c05_n_up_gamma_down_d0p14_a0p5_m16_d128l4h2mlp512_700m_seed0_k10,H-R2-05-polar-ladder-capacity,dc80726a8c987e8c3a9171299dac00d03a074311,327092a26f1b690f2b7a71419a8de8e643dafc8dc11c3cceb2e14a6a6dc1f39c,half,0.5,20,0.175,0.14,699924480,sphere_polar_c05_n_up_gamma_down_d0p14_a0p5_m16,sphere_mess4,d128l4h2mlp512_700m_seed0_k10,0,10,128,4,random_init,all_block_layers_single_token,physics,1.0,0.6929819397140318,512,38.375,0.695035672765993
sphere_polar_c05_n_up_gamma_down_d0p14_a0p5_m16_d128l4h2mlp512_700m_seed0_k10,H-R2-05-polar-ladder-capacity,dc80726a8c987e8c3a9171299dac00d03a074311,327092a26f1b690f2b7a71419a8de8e643dafc8dc11c3cceb2e14a6a6dc1f39c,half,0.5,20,0.175,0.14,699924480,sphere_polar_c05_n_up_gamma_down_d0p14_a0p5_m16,sphere_mess4,d128l4h2mlp512_700m_seed0_k10,0,10,128,4,random_init,all_block_layers_single_token,belief,1.0,0.19355979291532505,512,38.375,0.19182569591505155
sphere_polar_c05_n_up_gamma_down_d0p14_a0p5_m16_d128l4h2mlp512_700m_seed0_k10,H-R2-05-polar-ladder-capacity,dc80726a8c987e8c3a9171299dac00d03a074311,327092a26f1b690f2b7a71419a8de8e643dafc8dc11c3cceb2e14a6a6dc1f39c,half,0.5,20,0.175,0.14,699924480,sphere_polar_c05_n_up_gamma_down_d0p14_a0p5_m16,sphere_mess4,d128l4h2mlp512_700m_seed0_k10,0,10,128,4,random_init,embedding_and_all_layers_single_token,physics,1.0,0.7020441911635558,640,30.7,0.7061859685043049
sphere_polar_c05_n_up_gamma_down_d0p14_a0p5_m16_d128l4h2mlp512_700m_seed0_k10,H-R2-05-polar-ladder-capacity,dc80726a8c987e8c3a9171299dac00d03a074311,327092a26f1b690f2b7a71419a8de8e643dafc8dc11c3cceb2e14a6a6dc1f39c,half,0.5,20,0.175,0.14,699924480,sphere_polar_c05_n_up_gamma_down_d0p14_a0p5_m16,sphere_mess4,d128l4h2mlp512_700m_seed0_k10,0,10,128,4,random_init,embedding_and_all_layers_single_token,belief,1.0,0.20091252749182834,640,30.7,0.20048536292844465
sphere_polar_c05_n_up_gamma_down_d0p14_a0p5_m16_d128l4h2mlp512_700m_seed0_k21,H-R2-05-polar-ladder-capacity,dc80726a8c987e8c3a9171299dac00d03a074311,889d1ba816af88d5eea7bd960dacfefffc443042845639710c777e2f9c038787,n_plus_one,0.5,20,0.175,0.14,699924480,sphere_polar_c05_n_up_gamma_down_d0p14_a0p5_m16,sphere_mess4,d128l4h2mlp512_700m_seed0_k21,0,21,128,4,trained,single_layer_single_token,physics,10.0,0.8700348434795588,128,153.5,0.8736685360632482
sphere_polar_c05_n_up_gamma_down_d0p14_a0p5_m16_d128l4h2mlp512_700m_seed0_k21,H-R2-05-polar-ladder-capacity,dc80726a8c987e8c3a9171299dac00d03a074311,889d1ba816af88d5eea7bd960dacfefffc443042845639710c777e2f9c038787,n_plus_one,0.5,20,0.175,0.14,699924480,sphere_polar_c05_n_up_gamma_down_d0p14_a0p5_m16,sphere_mess4,d128l4h2mlp512_700m_seed0_k21,0,21,128,4,trained,single_layer_single_token,belief,10.0,0.18020265184582943,128,153.5,0.1826792986190524
sphere_polar_c05_n_up_gamma_down_d0p14_a0p5_m16_d128l4h2mlp512_700m_seed0_k21,H-R2-05-polar-ladder-capacity,dc80726a8c987e8c3a9171299dac00d03a074311,889d1ba816af88d5eea7bd960dacfefffc443042845639710c777e2f9c038787,n_plus_one,0.5,20,0.175,0.14,699924480,sphere_polar_c05_n_up_gamma_down_d0p14_a0p5_m16,sphere_mess4,d128l4h2mlp512_700m_seed0_k21,0,21,128,4,trained,all_block_layers_single_token,physics,1.0,0.9594417616995516,512,38.375,0.9606354941113135
sphere_polar_c05_n_up_gamma_down_d0p14_a0p5_m16_d128l4h2mlp512_700m_seed0_k21,H-R2-05-polar-ladder-capacity,dc80726a8c987e8c3a9171299dac00d03a074311,889d1ba816af88d5eea7bd960dacfefffc443042845639710c777e2f9c038787,n_plus_one,0.5,20,0.175,0.14,699924480,sphere_polar_c05_n_up_gamma_down_d0p14_a0p5_m16,sphere_mess4,d128l4h2mlp512_700m_seed0_k21,0,21,128,4,trained,all_block_layers_single_token,belief,1.0,0.323370435083022,512,38.375,0.3197763737217585
sphere_polar_c05_n_up_gamma_down_d0p14_a0p5_m16_d128l4h2mlp512_700m_seed0_k21,H-R2-05-polar-ladder-capacity,dc80726a8c987e8c3a9171299dac00d03a074311,889d1ba816af88d5eea7bd960dacfefffc443042845639710c777e2f9c038787,n_plus_one,0.5,20,0.175,0.14,699924480,sphere_polar_c05_n_up_gamma_down_d0p14_a0p5_m16,sphere_mess4,d128l4h2mlp512_700m_seed0_k21,0,21,128,4,trained,embedding_and_all_layers_single_token,physics,1.0,0.9666319219827859,640,30.7,0.9676454091545377
sphere_polar_c05_n_up_gamma_down_d0p14_a0p5_m16_d128l4h2mlp512_700m_seed0_k21,H-R2-05-polar-ladder-capacity,dc80726a8c987e8c3a9171299dac00d03a074311,889d1ba816af88d5eea7bd960dacfefffc443042845639710c777e2f9c038787,n_plus_one,0.5,20,0.175,0.14,699924480,sphere_polar_c05_n_up_gamma_down_d0p14_a0p5_m16,sphere_mess4,d128l4h2mlp512_700m_seed0_k21,0,21,128,4,trained,embedding_and_all_layers_single_token,belief,1.0,0.32725846596085817,640,30.7,0.323213052469308
sphere_polar_c05_n_up_gamma_down_d0p14_a0p5_m16_d128l4h2mlp512_700m_seed0_k21,H-R2-05-polar-ladder-capacity,dc80726a8c987e8c3a9171299dac00d03a074311,889d1ba816af88d5eea7bd960dacfefffc443042845639710c777e2f9c038787,n_plus_one,0.5,20,0.175,0.14,699924480,sphere_polar_c05_n_up_gamma_down_d0p14_a0p5_m16,sphere_mess4,d128l4h2mlp512_700m_seed0_k21,0,21,128,4,random_init,single_layer_single_token,physics,1.0,0.6381536624898767,128,153.5,0.6436201335665841
sphere_polar_c05_n_up_gamma_down_d0p14_a0p5_m16_d128l4h2mlp512_700m_seed0_k21,H-R2-05-polar-ladder-capacity,dc80726a8c987e8c3a9171299dac00d03a074311,889d1ba816af88d5eea7bd960dacfefffc443042845639710c777e2f9c038787,n_plus_one,0.5,20,0.175,0.14,699924480,sphere_polar_c05_n_up_gamma_down_d0p14_a0p5_m16,sphere_mess4,d128l4h2mlp512_700m_seed0_k21,0,21,128,4,random_init,single_layer_single_token,belief,10.0,0.11252174321837166,128,153.5,0.1158343931833106
sphere_polar_c05_n_up_gamma_down_d0p14_a0p5_m16_d128l4h2mlp512_700m_seed0_k21,H-R2-05-polar-ladder-capacity,dc80726a8c987e8c3a9171299dac00d03a074311,889d1ba816af88d5eea7bd960dacfefffc443042845639710c777e2f9c038787,n_plus_one,0.5,20,0.175,0.14,699924480,sphere_polar_c05_n_up_gamma_down_d0p14_a0p5_m16,sphere_mess4,d128l4h2mlp512_700m_seed0_k21,0,21,128,4,random_init,all_block_layers_single_token,physics,1.0,0.6929819397140318,512,38.375,0.695035672765993
sphere_polar_c05_n_up_gamma_down_d0p14_a0p5_m16_d128l4h2mlp512_700m_seed0_k21,H-R2-05-polar-ladder-capacity,dc80726a8c987e8c3a9171299dac00d03a074311,889d1ba816af88d5eea7bd960dacfefffc443042845639710c777e2f9c038787,n_plus_one,0.5,20,0.175,0.14,699924480,sphere_polar_c05_n_up_gamma_down_d0p14_a0p5_m16,sphere_mess4,d128l4h2mlp512_700m_seed0_k21,0,21,128,4,random_init,all_block_layers_single_token,belief,1.0,0.19355979291532505,512,38.375,0.19182569591505155
sphere_polar_c05_n_up_gamma_down_d0p14_a0p5_m16_d128l4h2mlp512_700m_seed0_k21,H-R2-05-polar-ladder-capacity,dc80726a8c987e8c3a9171299dac00d03a074311,889d1ba816af88d5eea7bd960dacfefffc443042845639710c777e2f9c038787,n_plus_one,0.5,20,0.175,0.14,699924480,sphere_polar_c05_n_up_gamma_down_d0p14_a0p5_m16,sphere_mess4,d128l4h2mlp512_700m_seed0_k21,0,21,128,4,random_init,embedding_and_all_layers_single_token,physics,1.0,0.7020441911635558,640,30.7,0.7061859685043049
sphere_polar_c05_n_up_gamma_down_d0p14_a0p5_m16_d128l4h2mlp512_700m_seed0_k21,H-R2-05-polar-ladder-capacity,dc80726a8c987e8c3a9171299dac00d03a074311,889d1ba816af88d5eea7bd960dacfefffc443042845639710c777e2f9c038787,n_plus_one,0.5,20,0.175,0.14,699924480,sphere_polar_c05_n_up_gamma_down_d0p14_a0p5_m16,sphere_mess4,d128l4h2mlp512_700m_seed0_k21,0,21,128,4,random_init,embedding_and_all_layers_single_token,belief,1.0,0.20091252749182834,640,30.7,0.20048536292844465
sphere_polar_c05_n_up_gamma_down_d0p14_a0p7_m16_d128l4h2mlp512_700m_seed0_k1,H-R2-05-polar-ladder-capacity,dc80726a8c987e8c3a9171299dac00d03a074311,7bf07508d69ff1177fbeebf406afafe2af22a6ea18473274f4cf5df1a331f9b7,fixed,0.7,20,0.175,0.14,699924480,sphere_polar_c05_n_up_gamma_down_d0p14_a0p7_m16,sphere_mess4,d128l4h2mlp512_700m_seed0_k1,0,1,128,4,trained,single_layer_single_token,physics,1.0,0.8764195116445443,128,153.5,0.8822443242162614
sphere_polar_c05_n_up_gamma_down_d0p14_a0p7_m16_d128l4h2mlp512_700m_seed0_k1,H-R2-05-polar-ladder-capacity,dc80726a8c987e8c3a9171299dac00d03a074311,7bf07508d69ff1177fbeebf406afafe2af22a6ea18473274f4cf5df1a331f9b7,fixed,0.7,20,0.175,0.14,699924480,sphere_polar_c05_n_up_gamma_down_d0p14_a0p7_m16,sphere_mess4,d128l4h2mlp512_700m_seed0_k1,0,1,128,4,trained,single_layer_single_token,belief,10.0,0.18970840664819968,128,153.5,0.19687145896200595
sphere_polar_c05_n_up_gamma_down_d0p14_a0p7_m16_d128l4h2mlp512_700m_seed0_k1,H-R2-05-polar-ladder-capacity,dc80726a8c987e8c3a9171299dac00d03a074311,7bf07508d69ff1177fbeebf406afafe2af22a6ea18473274f4cf5df1a331f9b7,fixed,0.7,20,0.175,0.14,699924480,sphere_polar_c05_n_up_gamma_down_d0p14_a0p7_m16,sphere_mess4,d128l4h2mlp512_700m_seed0_k1,0,1,128,4,trained,all_block_layers_single_token,physics,1.0,0.9718509309903403,512,38.375,0.9754525383388575
sphere_polar_c05_n_up_gamma_down_d0p14_a0p7_m16_d128l4h2mlp512_700m_seed0_k1,H-R2-05-polar-ladder-capacity,dc80726a8c987e8c3a9171299dac00d03a074311,7bf07508d69ff1177fbeebf406afafe2af22a6ea18473274f4cf5df1a331f9b7,fixed,0.7,20,0.175,0.14,699924480,sphere_polar_c05_n_up_gamma_down_d0p14_a0p7_m16,sphere_mess4,d128l4h2mlp512_700m_seed0_k1,0,1,128,4,trained,all_block_layers_single_token,belief,1.0,0.32542022543491234,512,38.375,0.33476664943709233
sphere_polar_c05_n_up_gamma_down_d0p14_a0p7_m16_d128l4h2mlp512_700m_seed0_k1,H-R2-05-polar-ladder-capacity,dc80726a8c987e8c3a9171299dac00d03a074311,7bf07508d69ff1177fbeebf406afafe2af22a6ea18473274f4cf5df1a331f9b7,fixed,0.7,20,0.175,0.14,699924480,sphere_polar_c05_n_up_gamma_down_d0p14_a0p7_m16,sphere_mess4,d128l4h2mlp512_700m_seed0_k1,0,1,128,4,trained,embedding_and_all_layers_single_token,physics,1.0,0.9749509270139074,640,30.7,0.9782574182628241
sphere_polar_c05_n_up_gamma_down_d0p14_a0p7_m16_d128l4h2mlp512_700m_seed0_k1,H-R2-05-polar-ladder-capacity,dc80726a8c987e8c3a9171299dac00d03a074311,7bf07508d69ff1177fbeebf406afafe2af22a6ea18473274f4cf5df1a331f9b7,fixed,0.7,20,0.175,0.14,699924480,sphere_polar_c05_n_up_gamma_down_d0p14_a0p7_m16,sphere_mess4,d128l4h2mlp512_700m_seed0_k1,0,1,128,4,trained,embedding_and_all_layers_single_token,belief,1.0,0.33750393983005134,640,30.7,0.34778081903591107
sphere_polar_c05_n_up_gamma_down_d0p14_a0p7_m16_d128l4h2mlp512_700m_seed0_k1,H-R2-05-polar-ladder-capacity,dc80726a8c987e8c3a9171299dac00d03a074311,7bf07508d69ff1177fbeebf406afafe2af22a6ea18473274f4cf5df1a331f9b7,fixed,0.7,20,0.175,0.14,699924480,sphere_polar_c05_n_up_gamma_down_d0p14_a0p7_m16,sphere_mess4,d128l4h2mlp512_700m_seed0_k1,0,1,128,4,random_init,single_layer_single_token,physics,10.0,0.6350120086457549,128,153.5,0.6426807326149808
sphere_polar_c05_n_up_gamma_down_d0p14_a0p7_m16_d128l4h2mlp512_700m_seed0_k1,H-R2-05-polar-ladder-capacity,dc80726a8c987e8c3a9171299dac00d03a074311,7bf07508d69ff1177fbeebf406afafe2af22a6ea18473274f4cf5df1a331f9b7,fixed,0.7,20,0.175,0.14,699924480,sphere_polar_c05_n_up_gamma_down_d0p14_a0p7_m16,sphere_mess4,d128l4h2mlp512_700m_seed0_k1,0,1,128,4,random_init,single_layer_single_token,belief,10.0,0.13961169468854837,128,153.5,0.14626171997973111
sphere_polar_c05_n_up_gamma_down_d0p14_a0p7_m16_d128l4h2mlp512_700m_seed0_k1,H-R2-05-polar-ladder-capacity,dc80726a8c987e8c3a9171299dac00d03a074311,7bf07508d69ff1177fbeebf406afafe2af22a6ea18473274f4cf5df1a331f9b7,fixed,0.7,20,0.175,0.14,699924480,sphere_polar_c05_n_up_gamma_down_d0p14_a0p7_m16,sphere_mess4,d128l4h2mlp512_700m_seed0_k1,0,1,128,4,random_init,all_block_layers_single_token,physics,1.0,0.6934731094147235,512,38.375,0.6962001035684425
sphere_polar_c05_n_up_gamma_down_d0p14_a0p7_m16_d128l4h2mlp512_700m_seed0_k1,H-R2-05-polar-ladder-capacity,dc80726a8c987e8c3a9171299dac00d03a074311,7bf07508d69ff1177fbeebf406afafe2af22a6ea18473274f4cf5df1a331f9b7,fixed,0.7,20,0.175,0.14,699924480,sphere_polar_c05_n_up_gamma_down_d0p14_a0p7_m16,sphere_mess4,d128l4h2mlp512_700m_seed0_k1,0,1,128,4,random_init,all_block_layers_single_token,belief,1.0,0.2257068639952768,512,38.375,0.2255956535041422
sphere_polar_c05_n_up_gamma_down_d0p14_a0p7_m16_d128l4h2mlp512_700m_seed0_k1,H-R2-05-polar-ladder-capacity,dc80726a8c987e8c3a9171299dac00d03a074311,7bf07508d69ff1177fbeebf406afafe2af22a6ea18473274f4cf5df1a331f9b7,fixed,0.7,20,0.175,0.14,699924480,sphere_polar_c05_n_up_gamma_down_d0p14_a0p7_m16,sphere_mess4,d128l4h2mlp512_700m_seed0_k1,0,1,128,4,random_init,embedding_and_all_layers_single_token,physics,1.0,0.7041780270109266,640,30.7,0.707376420559042
sphere_polar_c05_n_up_gamma_down_d0p14_a0p7_m16_d128l4h2mlp512_700m_seed0_k1,H-R2-05-polar-ladder-capacity,dc80726a8c987e8c3a9171299dac00d03a074311,7bf07508d69ff1177fbeebf406afafe2af22a6ea18473274f4cf5df1a331f9b7,fixed,0.7,20,0.175,0.14,699924480,sphere_polar_c05_n_up_gamma_down_d0p14_a0p7_m16,sphere_mess4,d128l4h2mlp512_700m_seed0_k1,0,1,128,4,random_init,embedding_and_all_layers_single_token,belief,1.0,0.2356535240455134,640,30.7,0.2371316720880009
sphere_polar_c05_n_up_gamma_down_d0p14_a0p7_m16_d128l4h2mlp512_700m_seed0_k10,H-R2-05-polar-ladder-capacity,dc80726a8c987e8c3a9171299dac00d03a074311,353feec8f98e4a7e611fa96429888623d2f07657289ecba2995afde3a19aaa6c,half,0.7,20,0.175,0.14,699924480,sphere_polar_c05_n_up_gamma_down_d0p14_a0p7_m16,sphere_mess4,d128l4h2mlp512_700m_seed0_k10,0,10,128,4,trained,single_layer_single_token,physics,1.0,0.871216818945916,128,153.5,0.8728832938753828
sphere_polar_c05_n_up_gamma_down_d0p14_a0p7_m16_d128l4h2mlp512_700m_seed0_k10,H-R2-05-polar-ladder-capacity,dc80726a8c987e8c3a9171299dac00d03a074311,353feec8f98e4a7e611fa96429888623d2f07657289ecba2995afde3a19aaa6c,half,0.7,20,0.175,0.14,699924480,sphere_polar_c05_n_up_gamma_down_d0p14_a0p7_m16,sphere_mess4,d128l4h2mlp512_700m_seed0_k10,0,10,128,4,trained,single_layer_single_token,belief,1.0,0.2320862086005583,128,153.5,0.23023821953016807
sphere_polar_c05_n_up_gamma_down_d0p14_a0p7_m16_d128l4h2mlp512_700m_seed0_k10,H-R2-05-polar-ladder-capacity,dc80726a8c987e8c3a9171299dac00d03a074311,353feec8f98e4a7e611fa96429888623d2f07657289ecba2995afde3a19aaa6c,half,0.7,20,0.175,0.14,699924480,sphere_polar_c05_n_up_gamma_down_d0p14_a0p7_m16,sphere_mess4,d128l4h2mlp512_700m_seed0_k10,0,10,128,4,trained,all_block_layers_single_token,physics,1.0,0.9675079875359369,512,38.375,0.9710102699314297
sphere_polar_c05_n_up_gamma_down_d0p14_a0p7_m16_d128l4h2mlp512_700m_seed0_k10,H-R2-05-polar-ladder-capacity,dc80726a8c987e8c3a9171299dac00d03a074311,353feec8f98e4a7e611fa96429888623d2f07657289ecba2995afde3a19aaa6c,half,0.7,20,0.175,0.14,699924480,sphere_polar_c05_n_up_gamma_down_d0p14_a0p7_m16,sphere_mess4,d128l4h2mlp512_700m_seed0_k10,0,10,128,4,trained,all_block_layers_single_token,belief,10.0,0.36163539244689513,512,38.375,0.36885072898573534
sphere_polar_c05_n_up_gamma_down_d0p14_a0p7_m16_d128l4h2mlp512_700m_seed0_k10,H-R2-05-polar-ladder-capacity,dc80726a8c987e8c3a9171299dac00d03a074311,353feec8f98e4a7e611fa96429888623d2f07657289ecba2995afde3a19aaa6c,half,0.7,20,0.175,0.14,699924480,sphere_polar_c05_n_up_gamma_down_d0p14_a0p7_m16,sphere_mess4,d128l4h2mlp512_700m_seed0_k10,0,10,128,4,trained,embedding_and_all_layers_single_token,physics,1.0,0.9716813673998888,640,30.7,0.9754399306353015
sphere_polar_c05_n_up_gamma_down_d0p14_a0p7_m16_d128l4h2mlp512_700m_seed0_k10,H-R2-05-polar-ladder-capacity,dc80726a8c987e8c3a9171299dac00d03a074311,353feec8f98e4a7e611fa96429888623d2f07657289ecba2995afde3a19aaa6c,half,0.7,20,0.175,0.14,699924480,sphere_polar_c05_n_up_gamma_down_d0p14_a0p7_m16,sphere_mess4,d128l4h2mlp512_700m_seed0_k10,0,10,128,4,trained,embedding_and_all_layers_single_token,belief,10.0,0.3688436141319002,640,30.7,0.37344954165986743
sphere_polar_c05_n_up_gamma_down_d0p14_a0p7_m16_d128l4h2mlp512_700m_seed0_k10,H-R2-05-polar-ladder-capacity,dc80726a8c987e8c3a9171299dac00d03a074311,353feec8f98e4a7e611fa96429888623d2f07657289ecba2995afde3a19aaa6c,half,0.7,20,0.175,0.14,699924480,sphere_polar_c05_n_up_gamma_down_d0p14_a0p7_m16,sphere_mess4,d128l4h2mlp512_700m_seed0_k10,0,10,128,4,random_init,single_layer_single_token,physics,10.0,0.6350120086457549,128,153.5,0.6426807326149808
sphere_polar_c05_n_up_gamma_down_d0p14_a0p7_m16_d128l4h2mlp512_700m_seed0_k10,H-R2-05-polar-ladder-capacity,dc80726a8c987e8c3a9171299dac00d03a074311,353feec8f98e4a7e611fa96429888623d2f07657289ecba2995afde3a19aaa6c,half,0.7,20,0.175,0.14,699924480,sphere_polar_c05_n_up_gamma_down_d0p14_a0p7_m16,sphere_mess4,d128l4h2mlp512_700m_seed0_k10,0,10,128,4,random_init,single_layer_single_token,belief,10.0,0.13961169468854837,128,153.5,0.14626171997973111
sphere_polar_c05_n_up_gamma_down_d0p14_a0p7_m16_d128l4h2mlp512_700m_seed0_k10,H-R2-05-polar-ladder-capacity,dc80726a8c987e8c3a9171299dac00d03a074311,353feec8f98e4a7e611fa96429888623d2f07657289ecba2995afde3a19aaa6c,half,0.7,20,0.175,0.14,699924480,sphere_polar_c05_n_up_gamma_down_d0p14_a0p7_m16,sphere_mess4,d128l4h2mlp512_700m_seed0_k10,0,10,128,4,random_init,all_block_layers_single_token,physics,1.0,0.6934731094147235,512,38.375,0.6962001035684425
sphere_polar_c05_n_up_gamma_down_d0p14_a0p7_m16_d128l4h2mlp512_700m_seed0_k10,H-R2-05-polar-ladder-capacity,dc80726a8c987e8c3a9171299dac00d03a074311,353feec8f98e4a7e611fa96429888623d2f07657289ecba2995afde3a19aaa6c,half,0.7,20,0.175,0.14,699924480,sphere_polar_c05_n_up_gamma_down_d0p14_a0p7_m16,sphere_mess4,d128l4h2mlp512_700m_seed0_k10,0,10,128,4,random_init,all_block_layers_single_token,belief,1.0,0.2257068639952768,512,38.375,0.2255956535041422
sphere_polar_c05_n_up_gamma_down_d0p14_a0p7_m16_d128l4h2mlp512_700m_seed0_k10,H-R2-05-polar-ladder-capacity,dc80726a8c987e8c3a9171299dac00d03a074311,353feec8f98e4a7e611fa96429888623d2f07657289ecba2995afde3a19aaa6c,half,0.7,20,0.175,0.14,699924480,sphere_polar_c05_n_up_gamma_down_d0p14_a0p7_m16,sphere_mess4,d128l4h2mlp512_700m_seed0_k10,0,10,128,4,random_init,embedding_and_all_layers_single_token,physics,1.0,0.7041780270109266,640,30.7,0.707376420559042
sphere_polar_c05_n_up_gamma_down_d0p14_a0p7_m16_d128l4h2mlp512_700m_seed0_k10,H-R2-05-polar-ladder-capacity,dc80726a8c987e8c3a9171299dac00d03a074311,353feec8f98e4a7e611fa96429888623d2f07657289ecba2995afde3a19aaa6c,half,0.7,20,0.175,0.14,699924480,sphere_polar_c05_n_up_gamma_down_d0p14_a0p7_m16,sphere_mess4,d128l4h2mlp512_700m_seed0_k10,0,10,128,4,random_init,embedding_and_all_layers_single_token,belief,1.0,0.2356535240455134,640,30.7,0.2371316720880009
sphere_polar_c05_n_up_gamma_down_d0p14_a0p7_m16_d128l4h2mlp512_700m_seed0_k21,H-R2-05-polar-ladder-capacity,dc80726a8c987e8c3a9171299dac00d03a074311,61edd3cca7771a04fc9333873c38503dd2b8369a1ee91fcb3251ce283c2f4ff7,n_plus_one,0.7,20,0.175,0.14,699924480,sphere_polar_c05_n_up_gamma_down_d0p14_a0p7_m16,sphere_mess4,d128l4h2mlp512_700m_seed0_k21,0,21,128,4,trained,single_layer_single_token,physics,10.0,0.8716450981656223,128,153.5,0.8761531106708202
sphere_polar_c05_n_up_gamma_down_d0p14_a0p7_m16_d128l4h2mlp512_700m_seed0_k21,H-R2-05-polar-ladder-capacity,dc80726a8c987e8c3a9171299dac00d03a074311,61edd3cca7771a04fc9333873c38503dd2b8369a1ee91fcb3251ce283c2f4ff7,n_plus_one,0.7,20,0.175,0.14,699924480,sphere_polar_c05_n_up_gamma_down_d0p14_a0p7_m16,sphere_mess4,d128l4h2mlp512_700m_seed0_k21,0,21,128,4,trained,single_layer_single_token,belief,10.0,0.2314636025193365,128,153.5,0.2446690570038588
sphere_polar_c05_n_up_gamma_down_d0p14_a0p7_m16_d128l4h2mlp512_700m_seed0_k21,H-R2-05-polar-ladder-capacity,dc80726a8c987e8c3a9171299dac00d03a074311,61edd3cca7771a04fc9333873c38503dd2b8369a1ee91fcb3251ce283c2f4ff7,n_plus_one,0.7,20,0.175,0.14,699924480,sphere_polar_c05_n_up_gamma_down_d0p14_a0p7_m16,sphere_mess4,d128l4h2mlp512_700m_seed0_k21,0,21,128,4,trained,all_block_layers_single_token,physics,1.0,0.9628382645699924,512,38.375,0.9631146485608706
sphere_polar_c05_n_up_gamma_down_d0p14_a0p7_m16_d128l4h2mlp512_700m_seed0_k21,H-R2-05-polar-ladder-capacity,dc80726a8c987e8c3a9171299dac00d03a074311,61edd3cca7771a04fc9333873c38503dd2b8369a1ee91fcb3251ce283c2f4ff7,n_plus_one,0.7,20,0.175,0.14,699924480,sphere_polar_c05_n_up_gamma_down_d0p14_a0p7_m16,sphere_mess4,d128l4h2mlp512_700m_seed0_k21,0,21,128,4,trained,all_block_layers_single_token,belief,1.0,0.38468032702252153,512,38.375,0.39151602266399266
sphere_polar_c05_n_up_gamma_down_d0p14_a0p7_m16_d128l4h2mlp512_700m_seed0_k21,H-R2-05-polar-ladder-capacity,dc80726a8c987e8c3a9171299dac00d03a074311,61edd3cca7771a04fc9333873c38503dd2b8369a1ee91fcb3251ce283c2f4ff7,n_plus_one,0.7,20,0.175,0.14,699924480,sphere_polar_c05_n_up_gamma_down_d0p14_a0p7_m16,sphere_mess4,d128l4h2mlp512_700m_seed0_k21,0,21,128,4,trained,embedding_and_all_layers_single_token,physics,1.0,0.9707308682389048,640,30.7,0.9706382270691618
sphere_polar_c05_n_up_gamma_down_d0p14_a0p7_m16_d128l4h2mlp512_700m_seed0_k21,H-R2-05-polar-ladder-capacity,dc80726a8c987e8c3a9171299dac00d03a074311,61edd3cca7771a04fc9333873c38503dd2b8369a1ee91fcb3251ce283c2f4ff7,n_plus_one,0.7,20,0.175,0.14,699924480,sphere_polar_c05_n_up_gamma_down_d0p14_a0p7_m16,sphere_mess4,d128l4h2mlp512_700m_seed0_k21,0,21,128,4,trained,embedding_and_all_layers_single_token,belief,1.0,0.38931879414886295,640,30.7,0.39754418064811187
sphere_polar_c05_n_up_gamma_down_d0p14_a0p7_m16_d128l4h2mlp512_700m_seed0_k21,H-R2-05-polar-ladder-capacity,dc80726a8c987e8c3a9171299dac00d03a074311,61edd3cca7771a04fc9333873c38503dd2b8369a1ee91fcb3251ce283c2f4ff7,n_plus_one,0.7,20,0.175,0.14,699924480,sphere_polar_c05_n_up_gamma_down_d0p14_a0p7_m16,sphere_mess4,d128l4h2mlp512_700m_seed0_k21,0,21,128,4,random_init,single_layer_single_token,physics,10.0,0.6350120086457549,128,153.5,0.6426807326149808
sphere_polar_c05_n_up_gamma_down_d0p14_a0p7_m16_d128l4h2mlp512_700m_seed0_k21,H-R2-05-polar-ladder-capacity,dc80726a8c987e8c3a9171299dac00d03a074311,61edd3cca7771a04fc9333873c38503dd2b8369a1ee91fcb3251ce283c2f4ff7,n_plus_one,0.7,20,0.175,0.14,699924480,sphere_polar_c05_n_up_gamma_down_d0p14_a0p7_m16,sphere_mess4,d128l4h2mlp512_700m_seed0_k21,0,21,128,4,random_init,single_layer_single_token,belief,10.0,0.13961169468854837,128,153.5,0.14626171997973111
sphere_polar_c05_n_up_gamma_down_d0p14_a0p7_m16_d128l4h2mlp512_700m_seed0_k21,H-R2-05-polar-ladder-capacity,dc80726a8c987e8c3a9171299dac00d03a074311,61edd3cca7771a04fc9333873c38503dd2b8369a1ee91fcb3251ce283c2f4ff7,n_plus_one,0.7,20,0.175,0.14,699924480,sphere_polar_c05_n_up_gamma_down_d0p14_a0p7_m16,sphere_mess4,d128l4h2mlp512_700m_seed0_k21,0,21,128,4,random_init,all_block_layers_single_token,physics,1.0,0.6934731094147235,512,38.375,0.6962001035684425
sphere_polar_c05_n_up_gamma_down_d0p14_a0p7_m16_d128l4h2mlp512_700m_seed0_k21,H-R2-05-polar-ladder-capacity,dc80726a8c987e8c3a9171299dac00d03a074311,61edd3cca7771a04fc9333873c38503dd2b8369a1ee91fcb3251ce283c2f4ff7,n_plus_one,0.7,20,0.175,0.14,699924480,sphere_polar_c05_n_up_gamma_down_d0p14_a0p7_m16,sphere_mess4,d128l4h2mlp512_700m_seed0_k21,0,21,128,4,random_init,all_block_layers_single_token,belief,1.0,0.2257068639952768,512,38.375,0.2255956535041422
sphere_polar_c05_n_up_gamma_down_d0p14_a0p7_m16_d128l4h2mlp512_700m_seed0_k21,H-R2-05-polar-ladder-capacity,dc80726a8c987e8c3a9171299dac00d03a074311,61edd3cca7771a04fc9333873c38503dd2b8369a1ee91fcb3251ce283c2f4ff7,n_plus_one,0.7,20,0.175,0.14,699924480,sphere_polar_c05_n_up_gamma_down_d0p14_a0p7_m16,sphere_mess4,d128l4h2mlp512_700m_seed0_k21,0,21,128,4,random_init,embedding_and_all_layers_single_token,physics,1.0,0.7041780270109266,640,30.7,0.707376420559042
sphere_polar_c05_n_up_gamma_down_d0p14_a0p7_m16_d128l4h2mlp512_700m_seed0_k21,H-R2-05-polar-ladder-capacity,dc80726a8c987e8c3a9171299dac00d03a074311,61edd3cca7771a04fc9333873c38503dd2b8369a1ee91fcb3251ce283c2f4ff7,n_plus_one,0.7,20,0.175,0.14,699924480,sphere_polar_c05_n_up_gamma_down_d0p14_a0p7_m16,sphere_mess4,d128l4h2mlp512_700m_seed0_k21,0,21,128,4,random_init,embedding_and_all_layers_single_token,belief,1.0,0.2356535240455134,640,30.7,0.2371316720880009
sphere_polar_c05_n_up_gamma_down_d0p14_a0p85_m16_d128l4h2mlp512_700m_seed0_k1,H-R2-05-polar-ladder-capacity,dc80726a8c987e8c3a9171299dac00d03a074311,42ddcec74cfc6dbd2b0bd53fba0e496eea09395cf37ef91a8e2ecff1af6d3bb3,fixed,0.85,20,0.175,0.14,699924480,sphere_polar_c05_n_up_gamma_down_d0p14_a0p85_m16,sphere_mess4,d128l4h2mlp512_700m_seed0_k1,0,1,128,4,trained,single_layer_single_token,physics,1.0,0.8712038098096813,128,153.625,0.877393425255705
sphere_polar_c05_n_up_gamma_down_d0p14_a0p85_m16_d128l4h2mlp512_700m_seed0_k1,H-R2-05-polar-ladder-capacity,dc80726a8c987e8c3a9171299dac00d03a074311,42ddcec74cfc6dbd2b0bd53fba0e496eea09395cf37ef91a8e2ecff1af6d3bb3,fixed,0.85,20,0.175,0.14,699924480,sphere_polar_c05_n_up_gamma_down_d0p14_a0p85_m16,sphere_mess4,d128l4h2mlp512_700m_seed0_k1,0,1,128,4,trained,single_layer_single_token,belief,10.0,0.22808226904876958,128,153.625,0.22343482646386267
sphere_polar_c05_n_up_gamma_down_d0p14_a0p85_m16_d128l4h2mlp512_700m_seed0_k1,H-R2-05-polar-ladder-capacity,dc80726a8c987e8c3a9171299dac00d03a074311,42ddcec74cfc6dbd2b0bd53fba0e496eea09395cf37ef91a8e2ecff1af6d3bb3,fixed,0.85,20,0.175,0.14,699924480,sphere_polar_c05_n_up_gamma_down_d0p14_a0p85_m16,sphere_mess4,d128l4h2mlp512_700m_seed0_k1,0,1,128,4,trained,all_block_layers_single_token,physics,1.0,0.9704550221429596,512,38.40625,0.9732134496107812
sphere_polar_c05_n_up_gamma_down_d0p14_a0p85_m16_d128l4h2mlp512_700m_seed0_k1,H-R2-05-polar-ladder-capacity,dc80726a8c987e8c3a9171299dac00d03a074311,42ddcec74cfc6dbd2b0bd53fba0e496eea09395cf37ef91a8e2ecff1af6d3bb3,fixed,0.85,20,0.175,0.14,699924480,sphere_polar_c05_n_up_gamma_down_d0p14_a0p85_m16,sphere_mess4,d128l4h2mlp512_700m_seed0_k1,0,1,128,4,trained,all_block_layers_single_token,belief,1.0,0.37778773887853434,512,38.40625,0.38368823772773086
sphere_polar_c05_n_up_gamma_down_d0p14_a0p85_m16_d128l4h2mlp512_700m_seed0_k1,H-R2-05-polar-ladder-capacity,dc80726a8c987e8c3a9171299dac00d03a074311,42ddcec74cfc6dbd2b0bd53fba0e496eea09395cf37ef91a8e2ecff1af6d3bb3,fixed,0.85,20,0.175,0.14,699924480,sphere_polar_c05_n_up_gamma_down_d0p14_a0p85_m16,sphere_mess4,d128l4h2mlp512_700m_seed0_k1,0,1,128,4,trained,embedding_and_all_layers_single_token,physics,1.0,0.9725226549821031,640,30.725,0.9753401126079149
sphere_polar_c05_n_up_gamma_down_d0p14_a0p85_m16_d128l4h2mlp512_700m_seed0_k1,H-R2-05-polar-ladder-capacity,dc80726a8c987e8c3a9171299dac00d03a074311,42ddcec74cfc6dbd2b0bd53fba0e496eea09395cf37ef91a8e2ecff1af6d3bb3,fixed,0.85,20,0.175,0.14,699924480,sphere_polar_c05_n_up_gamma_down_d0p14_a0p85_m16,sphere_mess4,d128l4h2mlp512_700m_seed0_k1,0,1,128,4,trained,embedding_and_all_layers_single_token,belief,1.0,0.3843170327532494,640,30.725,0.3936618808816655
sphere_polar_c05_n_up_gamma_down_d0p14_a0p85_m16_d128l4h2mlp512_700m_seed0_k1,H-R2-05-polar-ladder-capacity,dc80726a8c987e8c3a9171299dac00d03a074311,42ddcec74cfc6dbd2b0bd53fba0e496eea09395cf37ef91a8e2ecff1af6d3bb3,fixed,0.85,20,0.175,0.14,699924480,sphere_polar_c05_n_up_gamma_down_d0p14_a0p85_m16,sphere_mess4,d128l4h2mlp512_700m_seed0_k1,0,1,128,4,random_init,single_layer_single_token,physics,1.0,0.6288246141861789,128,153.625,0.6520796047322905
sphere_polar_c05_n_up_gamma_down_d0p14_a0p85_m16_d128l4h2mlp512_700m_seed0_k1,H-R2-05-polar-ladder-capacity,dc80726a8c987e8c3a9171299dac00d03a074311,42ddcec74cfc6dbd2b0bd53fba0e496eea09395cf37ef91a8e2ecff1af6d3bb3,fixed,0.85,20,0.175,0.14,699924480,sphere_polar_c05_n_up_gamma_down_d0p14_a0p85_m16,sphere_mess4,d128l4h2mlp512_700m_seed0_k1,0,1,128,4,random_init,single_layer_single_token,belief,10.0,0.18010002753842835,128,153.625,0.16917340614601756
sphere_polar_c05_n_up_gamma_down_d0p14_a0p85_m16_d128l4h2mlp512_700m_seed0_k1,H-R2-05-polar-ladder-capacity,dc80726a8c987e8c3a9171299dac00d03a074311,42ddcec74cfc6dbd2b0bd53fba0e496eea09395cf37ef91a8e2ecff1af6d3bb3,fixed,0.85,20,0.175,0.14,699924480,sphere_polar_c05_n_up_gamma_down_d0p14_a0p85_m16,sphere_mess4,d128l4h2mlp512_700m_seed0_k1,0,1,128,4,random_init,all_block_layers_single_token,physics,1.0,0.6970106982693903,512,38.40625,0.7120236280582979
sphere_polar_c05_n_up_gamma_down_d0p14_a0p85_m16_d128l4h2mlp512_700m_seed0_k1,H-R2-05-polar-ladder-capacity,dc80726a8c987e8c3a9171299dac00d03a074311,42ddcec74cfc6dbd2b0bd53fba0e496eea09395cf37ef91a8e2ecff1af6d3bb3,fixed,0.85,20,0.175,0.14,699924480,sphere_polar_c05_n_up_gamma_down_d0p14_a0p85_m16,sphere_mess4,d128l4h2mlp512_700m_seed0_k1,0,1,128,4,random_init,all_block_layers_single_token,belief,1.0,0.2640036273206368,512,38.40625,0.25954126524872034
sphere_polar_c05_n_up_gamma_down_d0p14_a0p85_m16_d128l4h2mlp512_700m_seed0_k1,H-R2-05-polar-ladder-capacity,dc80726a8c987e8c3a9171299dac00d03a074311,42ddcec74cfc6dbd2b0bd53fba0e496eea09395cf37ef91a8e2ecff1af6d3bb3,fixed,0.85,20,0.175,0.14,699924480,sphere_polar_c05_n_up_gamma_down_d0p14_a0p85_m16,sphere_mess4,d128l4h2mlp512_700m_seed0_k1,0,1,128,4,random_init,embedding_and_all_layers_single_token,physics,1.0,0.7081893210952754,640,30.725,0.7231827636302619
sphere_polar_c05_n_up_gamma_down_d0p14_a0p85_m16_d128l4h2mlp512_700m_seed0_k1,H-R2-05-polar-ladder-capacity,dc80726a8c987e8c3a9171299dac00d03a074311,42ddcec74cfc6dbd2b0bd53fba0e496eea09395cf37ef91a8e2ecff1af6d3bb3,fixed,0.85,20,0.175,0.14,699924480,sphere_polar_c05_n_up_gamma_down_d0p14_a0p85_m16,sphere_mess4,d128l4h2mlp512_700m_seed0_k1,0,1,128,4,random_init,embedding_and_all_layers_single_token,belief,1.0,0.27514669245457124,640,30.725,0.27095707942844016
sphere_polar_c05_n_up_gamma_down_d0p14_a0p85_m16_d128l4h2mlp512_700m_seed0_k10,H-R2-05-polar-ladder-capacity,dc80726a8c987e8c3a9171299dac00d03a074311,fed5255f4f2b9401d312952598687ec58a62304622b766abd20110a70548417f,half,0.85,20,0.175,0.14,699924480,sphere_polar_c05_n_up_gamma_down_d0p14_a0p85_m16,sphere_mess4,d128l4h2mlp512_700m_seed0_k10,0,10,128,4,trained,single_layer_single_token,physics,10.0,0.8394189587221703,128,153.625,0.8482782557088167
sphere_polar_c05_n_up_gamma_down_d0p14_a0p85_m16_d128l4h2mlp512_700m_seed0_k10,H-R2-05-polar-ladder-capacity,dc80726a8c987e8c3a9171299dac00d03a074311,fed5255f4f2b9401d312952598687ec58a62304622b766abd20110a70548417f,half,0.85,20,0.175,0.14,699924480,sphere_polar_c05_n_up_gamma_down_d0p14_a0p85_m16,sphere_mess4,d128l4h2mlp512_700m_seed0_k10,0,10,128,4,trained,single_layer_single_token,belief,10.0,0.28675217014489957,128,153.625,0.28286360927976995
sphere_polar_c05_n_up_gamma_down_d0p14_a0p85_m16_d128l4h2mlp512_700m_seed0_k10,H-R2-05-polar-ladder-capacity,dc80726a8c987e8c3a9171299dac00d03a074311,fed5255f4f2b9401d312952598687ec58a62304622b766abd20110a70548417f,half,0.85,20,0.175,0.14,699924480,sphere_polar_c05_n_up_gamma_down_d0p14_a0p85_m16,sphere_mess4,d128l4h2mlp512_700m_seed0_k10,0,10,128,4,trained,all_block_layers_single_token,physics,1.0,0.9595667569003782,512,38.40625,0.9660049888687763
sphere_polar_c05_n_up_gamma_down_d0p14_a0p85_m16_d128l4h2mlp512_700m_seed0_k10,H-R2-05-polar-ladder-capacity,dc80726a8c987e8c3a9171299dac00d03a074311,fed5255f4f2b9401d312952598687ec58a62304622b766abd20110a70548417f,half,0.85,20,0.175,0.14,699924480,sphere_polar_c05_n_up_gamma_down_d0p14_a0p85_m16,sphere_mess4,d128l4h2mlp512_700m_seed0_k10,0,10,128,4,trained,all_block_layers_single_token,belief,1.0,0.4516922825874692,512,38.40625,0.4485791257380044
sphere_polar_c05_n_up_gamma_down_d0p14_a0p85_m16_d128l4h2mlp512_700m_seed0_k10,H-R2-05-polar-ladder-capacity,dc80726a8c987e8c3a9171299dac00d03a074311,fed5255f4f2b9401d312952598687ec58a62304622b766abd20110a70548417f,half,0.85,20,0.175,0.14,699924480,sphere_polar_c05_n_up_gamma_down_d0p14_a0p85_m16,sphere_mess4,d128l4h2mlp512_700m_seed0_k10,0,10,128,4,trained,embedding_and_all_layers_single_token,physics,1.0,0.9653282341402285,640,30.725,0.9702658132345625
sphere_polar_c05_n_up_gamma_down_d0p14_a0p85_m16_d128l4h2mlp512_700m_seed0_k10,H-R2-05-polar-ladder-capacity,dc80726a8c987e8c3a9171299dac00d03a074311,fed5255f4f2b9401d312952598687ec58a62304622b766abd20110a70548417f,half,0.85,20,0.175,0.14,699924480,sphere_polar_c05_n_up_gamma_down_d0p14_a0p85_m16,sphere_mess4,d128l4h2mlp512_700m_seed0_k10,0,10,128,4,trained,embedding_and_all_layers_single_token,belief,1.0,0.45790006712145154,640,30.725,0.4558048725151807
sphere_polar_c05_n_up_gamma_down_d0p14_a0p85_m16_d128l4h2mlp512_700m_seed0_k10,H-R2-05-polar-ladder-capacity,dc80726a8c987e8c3a9171299dac00d03a074311,fed5255f4f2b9401d312952598687ec58a62304622b766abd20110a70548417f,half,0.85,20,0.175,0.14,699924480,sphere_polar_c05_n_up_gamma_down_d0p14_a0p85_m16,sphere_mess4,d128l4h2mlp512_700m_seed0_k10,0,10,128,4,random_init,single_layer_single_token,physics,1.0,0.6288246141861789,128,153.625,0.6520796047322905
sphere_polar_c05_n_up_gamma_down_d0p14_a0p85_m16_d128l4h2mlp512_700m_seed0_k10,H-R2-05-polar-ladder-capacity,dc80726a8c987e8c3a9171299dac00d03a074311,fed5255f4f2b9401d312952598687ec58a62304622b766abd20110a70548417f,half,0.85,20,0.175,0.14,699924480,sphere_polar_c05_n_up_gamma_down_d0p14_a0p85_m16,sphere_mess4,d128l4h2mlp512_700m_seed0_k10,0,10,128,4,random_init,single_layer_single_token,belief,10.0,0.18010002753842835,128,153.625,0.16917340614601756
sphere_polar_c05_n_up_gamma_down_d0p14_a0p85_m16_d128l4h2mlp512_700m_seed0_k10,H-R2-05-polar-ladder-capacity,dc80726a8c987e8c3a9171299dac00d03a074311,fed5255f4f2b9401d312952598687ec58a62304622b766abd20110a70548417f,half,0.85,20,0.175,0.14,699924480,sphere_polar_c05_n_up_gamma_down_d0p14_a0p85_m16,sphere_mess4,d128l4h2mlp512_700m_seed0_k10,0,10,128,4,random_init,all_block_layers_single_token,physics,1.0,0.6970106982693903,512,38.40625,0.7120236280582979
sphere_polar_c05_n_up_gamma_down_d0p14_a0p85_m16_d128l4h2mlp512_700m_seed0_k10,H-R2-05-polar-ladder-capacity,dc80726a8c987e8c3a9171299dac00d03a074311,fed5255f4f2b9401d312952598687ec58a62304622b766abd20110a70548417f,half,0.85,20,0.175,0.14,699924480,sphere_polar_c05_n_up_gamma_down_d0p14_a0p85_m16,sphere_mess4,d128l4h2mlp512_700m_seed0_k10,0,10,128,4,random_init,all_block_layers_single_token,belief,1.0,0.2640036273206368,512,38.40625,0.25954126524872034
sphere_polar_c05_n_up_gamma_down_d0p14_a0p85_m16_d128l4h2mlp512_700m_seed0_k10,H-R2-05-polar-ladder-capacity,dc80726a8c987e8c3a9171299dac00d03a074311,fed5255f4f2b9401d312952598687ec58a62304622b766abd20110a70548417f,half,0.85,20,0.175,0.14,699924480,sphere_polar_c05_n_up_gamma_down_d0p14_a0p85_m16,sphere_mess4,d128l4h2mlp512_700m_seed0_k10,0,10,128,4,random_init,embedding_and_all_layers_single_token,physics,1.0,0.7081893210952754,640,30.725,0.7231827636302619
sphere_polar_c05_n_up_gamma_down_d0p14_a0p85_m16_d128l4h2mlp512_700m_seed0_k10,H-R2-05-polar-ladder-capacity,dc80726a8c987e8c3a9171299dac00d03a074311,fed5255f4f2b9401d312952598687ec58a62304622b766abd20110a70548417f,half,0.85,20,0.175,0.14,699924480,sphere_polar_c05_n_up_gamma_down_d0p14_a0p85_m16,sphere_mess4,d128l4h2mlp512_700m_seed0_k10,0,10,128,4,random_init,embedding_and_all_layers_single_token,belief,1.0,0.27514669245457124,640,30.725,0.27095707942844016
sphere_polar_c05_n_up_gamma_down_d0p14_a0p85_m16_d128l4h2mlp512_700m_seed0_k21,H-R2-05-polar-ladder-capacity,dc80726a8c987e8c3a9171299dac00d03a074311,56c917adc422dbd08b33e97b67f8bf7a01049c0169f97d66f9de7a3b29c85c3d,n_plus_one,0.85,20,0.175,0.14,699924480,sphere_polar_c05_n_up_gamma_down_d0p14_a0p85_m16,sphere_mess4,d128l4h2mlp512_700m_seed0_k21,0,21,128,4,trained,single_layer_single_token,physics,1.0,0.8913787256805217,128,153.625,0.895268416970076
sphere_polar_c05_n_up_gamma_down_d0p14_a0p85_m16_d128l4h2mlp512_700m_seed0_k21,H-R2-05-polar-ladder-capacity,dc80726a8c987e8c3a9171299dac00d03a074311,56c917adc422dbd08b33e97b67f8bf7a01049c0169f97d66f9de7a3b29c85c3d,n_plus_one,0.85,20,0.175,0.14,699924480,sphere_polar_c05_n_up_gamma_down_d0p14_a0p85_m16,sphere_mess4,d128l4h2mlp512_700m_seed0_k21,0,21,128,4,trained,single_layer_single_token,belief,1.0,0.33521708301300945,128,153.625,0.33552612991249087
sphere_polar_c05_n_up_gamma_down_d0p14_a0p85_m16_d128l4h2mlp512_700m_seed0_k21,H-R2-05-polar-ladder-capacity,dc80726a8c987e8c3a9171299dac00d03a074311,56c917adc422dbd08b33e97b67f8bf7a01049c0169f97d66f9de7a3b29c85c3d,n_plus_one,0.85,20,0.175,0.14,699924480,sphere_polar_c05_n_up_gamma_down_d0p14_a0p85_m16,sphere_mess4,d128l4h2mlp512_700m_seed0_k21,0,21,128,4,trained,all_block_layers_single_token,physics,1.0,0.9689675933218151,512,38.40625,0.9717861904136997
sphere_polar_c05_n_up_gamma_down_d0p14_a0p85_m16_d128l4h2mlp512_700m_seed0_k21,H-R2-05-polar-ladder-capacity,dc80726a8c987e8c3a9171299dac00d03a074311,56c917adc422dbd08b33e97b67f8bf7a01049c0169f97d66f9de7a3b29c85c3d,n_plus_one,0.85,20,0.175,0.14,699924480,sphere_polar_c05_n_up_gamma_down_d0p14_a0p85_m16,sphere_mess4,d128l4h2mlp512_700m_seed0_k21,0,21,128,4,trained,all_block_layers_single_token,belief,1.0,0.5121950964487604,512,38.40625,0.5090501825549641
sphere_polar_c05_n_up_gamma_down_d0p14_a0p85_m16_d128l4h2mlp512_700m_seed0_k21,H-R2-05-polar-ladder-capacity,dc80726a8c987e8c3a9171299dac00d03a074311,56c917adc422dbd08b33e97b67f8bf7a01049c0169f97d66f9de7a3b29c85c3d,n_plus_one,0.85,20,0.175,0.14,699924480,sphere_polar_c05_n_up_gamma_down_d0p14_a0p85_m16,sphere_mess4,d128l4h2mlp512_700m_seed0_k21,0,21,128,4,trained,embedding_and_all_layers_single_token,physics,1.0,0.9751572681334353,640,30.725,0.9763728298972314
sphere_polar_c05_n_up_gamma_down_d0p14_a0p85_m16_d128l4h2mlp512_700m_seed0_k21,H-R2-05-polar-ladder-capacity,dc80726a8c987e8c3a9171299dac00d03a074311,56c917adc422dbd08b33e97b67f8bf7a01049c0169f97d66f9de7a3b29c85c3d,n_plus_one,0.85,20,0.175,0.14,699924480,sphere_polar_c05_n_up_gamma_down_d0p14_a0p85_m16,sphere_mess4,d128l4h2mlp512_700m_seed0_k21,0,21,128,4,trained,embedding_and_all_layers_single_token,belief,1.0,0.519333986025452,640,30.725,0.5138383680655676
sphere_polar_c05_n_up_gamma_down_d0p14_a0p85_m16_d128l4h2mlp512_700m_seed0_k21,H-R2-05-polar-ladder-capacity,dc80726a8c987e8c3a9171299dac00d03a074311,56c917adc422dbd08b33e97b67f8bf7a01049c0169f97d66f9de7a3b29c85c3d,n_plus_one,0.85,20,0.175,0.14,699924480,sphere_polar_c05_n_up_gamma_down_d0p14_a0p85_m16,sphere_mess4,d128l4h2mlp512_700m_seed0_k21,0,21,128,4,random_init,single_layer_single_token,physics,1.0,0.6288246141861789,128,153.625,0.6520796047322905
sphere_polar_c05_n_up_gamma_down_d0p14_a0p85_m16_d128l4h2mlp512_700m_seed0_k21,H-R2-05-polar-ladder-capacity,dc80726a8c987e8c3a9171299dac00d03a074311,56c917adc422dbd08b33e97b67f8bf7a01049c0169f97d66f9de7a3b29c85c3d,n_plus_one,0.85,20,0.175,0.14,699924480,sphere_polar_c05_n_up_gamma_down_d0p14_a0p85_m16,sphere_mess4,d128l4h2mlp512_700m_seed0_k21,0,21,128,4,random_init,single_layer_single_token,belief,10.0,0.18010002753842835,128,153.625,0.16917340614601756
sphere_polar_c05_n_up_gamma_down_d0p14_a0p85_m16_d128l4h2mlp512_700m_seed0_k21,H-R2-05-polar-ladder-capacity,dc80726a8c987e8c3a9171299dac00d03a074311,56c917adc422dbd08b33e97b67f8bf7a01049c0169f97d66f9de7a3b29c85c3d,n_plus_one,0.85,20,0.175,0.14,699924480,sphere_polar_c05_n_up_gamma_down_d0p14_a0p85_m16,sphere_mess4,d128l4h2mlp512_700m_seed0_k21,0,21,128,4,random_init,all_block_layers_single_token,physics,1.0,0.6970106982693903,512,38.40625,0.7120236280582979
sphere_polar_c05_n_up_gamma_down_d0p14_a0p85_m16_d128l4h2mlp512_700m_seed0_k21,H-R2-05-polar-ladder-capacity,dc80726a8c987e8c3a9171299dac00d03a074311,56c917adc422dbd08b33e97b67f8bf7a01049c0169f97d66f9de7a3b29c85c3d,n_plus_one,0.85,20,0.175,0.14,699924480,sphere_polar_c05_n_up_gamma_down_d0p14_a0p85_m16,sphere_mess4,d128l4h2mlp512_700m_seed0_k21,0,21,128,4,random_init,all_block_layers_single_token,belief,1.0,0.2640036273206368,512,38.40625,0.25954126524872034
sphere_polar_c05_n_up_gamma_down_d0p14_a0p85_m16_d128l4h2mlp512_700m_seed0_k21,H-R2-05-polar-ladder-capacity,dc80726a8c987e8c3a9171299dac00d03a074311,56c917adc422dbd08b33e97b67f8bf7a01049c0169f97d66f9de7a3b29c85c3d,n_plus_one,0.85,20,0.175,0.14,699924480,sphere_polar_c05_n_up_gamma_down_d0p14_a0p85_m16,sphere_mess4,d128l4h2mlp512_700m_seed0_k21,0,21,128,4,random_init,embedding_and_all_layers_single_token,physics,1.0,0.7081893210952754,640,30.725,0.7231827636302619
sphere_polar_c05_n_up_gamma_down_d0p14_a0p85_m16_d128l4h2mlp512_700m_seed0_k21,H-R2-05-polar-ladder-capacity,dc80726a8c987e8c3a9171299dac00d03a074311,56c917adc422dbd08b33e97b67f8bf7a01049c0169f97d66f9de7a3b29c85c3d,n_plus_one,0.85,20,0.175,0.14,699924480,sphere_polar_c05_n_up_gamma_down_d0p14_a0p85_m16,sphere_mess4,d128l4h2mlp512_700m_seed0_k21,0,21,128,4,random_init,embedding_and_all_layers_single_token,belief,1.0,0.27514669245457124,640,30.725,0.27095707942844016
sphere_polar_c05_n_up_gamma_down_d0p14_a0p95_m16_d128l4h2mlp512_700m_seed0_k1,H-R2-05-polar-ladder-capacity,dc80726a8c987e8c3a9171299dac00d03a074311,65a0e290bfef9f43dad2c45ac2007d8bc4239a72635c7c0bcc4f3ae8e716bddc,fixed,0.95,20,0.175,0.14,699924480,sphere_polar_c05_n_up_gamma_down_d0p14_a0p95_m16,sphere_mess4,d128l4h2mlp512_700m_seed0_k1,0,1,128,4,trained,single_layer_single_token,physics,10.0,0.8341671327299818,128,153.75,0.8460960690460371
sphere_polar_c05_n_up_gamma_down_d0p14_a0p95_m16_d128l4h2mlp512_700m_seed0_k1,H-R2-05-polar-ladder-capacity,dc80726a8c987e8c3a9171299dac00d03a074311,65a0e290bfef9f43dad2c45ac2007d8bc4239a72635c7c0bcc4f3ae8e716bddc,fixed,0.95,20,0.175,0.14,699924480,sphere_polar_c05_n_up_gamma_down_d0p14_a0p95_m16,sphere_mess4,d128l4h2mlp512_700m_seed0_k1,0,1,128,4,trained,single_layer_single_token,belief,10.0,0.2538124884662253,128,153.75,0.2572212022443386
sphere_polar_c05_n_up_gamma_down_d0p14_a0p95_m16_d128l4h2mlp512_700m_seed0_k1,H-R2-05-polar-ladder-capacity,dc80726a8c987e8c3a9171299dac00d03a074311,65a0e290bfef9f43dad2c45ac2007d8bc4239a72635c7c0bcc4f3ae8e716bddc,fixed,0.95,20,0.175,0.14,699924480,sphere_polar_c05_n_up_gamma_down_d0p14_a0p95_m16,sphere_mess4,d128l4h2mlp512_700m_seed0_k1,0,1,128,4,trained,all_block_layers_single_token,physics,1.0,0.96622854702908,512,38.4375,0.9697728561182624
sphere_polar_c05_n_up_gamma_down_d0p14_a0p95_m16_d128l4h2mlp512_700m_seed0_k1,H-R2-05-polar-ladder-capacity,dc80726a8c987e8c3a9171299dac00d03a074311,65a0e290bfef9f43dad2c45ac2007d8bc4239a72635c7c0bcc4f3ae8e716bddc,fixed,0.95,20,0.175,0.14,699924480,sphere_polar_c05_n_up_gamma_down_d0p14_a0p95_m16,sphere_mess4,d128l4h2mlp512_700m_seed0_k1,0,1,128,4,trained,all_block_layers_single_token,belief,1.0,0.4117850225790973,512,38.4375,0.4240717982268363
sphere_polar_c05_n_up_gamma_down_d0p14_a0p95_m16_d128l4h2mlp512_700m_seed0_k1,H-R2-05-polar-ladder-capacity,dc80726a8c987e8c3a9171299dac00d03a074311,65a0e290bfef9f43dad2c45ac2007d8bc4239a72635c7c0bcc4f3ae8e716bddc,fixed,0.95,20,0.175,0.14,699924480,sphere_polar_c05_n_up_gamma_down_d0p14_a0p95_m16,sphere_mess4,d128l4h2mlp512_700m_seed0_k1,0,1,128,4,trained,embedding_and_all_layers_single_token,physics,1.0,0.9701937466521251,640,30.75,0.9731857294978836
sphere_polar_c05_n_up_gamma_down_d0p14_a0p95_m16_d128l4h2mlp512_700m_seed0_k1,H-R2-05-polar-ladder-capacity,dc80726a8c987e8c3a9171299dac00d03a074311,65a0e290bfef9f43dad2c45ac2007d8bc4239a72635c7c0bcc4f3ae8e716bddc,fixed,0.95,20,0.175,0.14,699924480,sphere_polar_c05_n_up_gamma_down_d0p14_a0p95_m16,sphere_mess4,d128l4h2mlp512_700m_seed0_k1,0,1,128,4,trained,embedding_and_all_layers_single_token,belief,1.0,0.41880785690938704,640,30.75,0.4366553110443459
sphere_polar_c05_n_up_gamma_down_d0p14_a0p95_m16_d128l4h2mlp512_700m_seed0_k1,H-R2-05-polar-ladder-capacity,dc80726a8c987e8c3a9171299dac00d03a074311,65a0e290bfef9f43dad2c45ac2007d8bc4239a72635c7c0bcc4f3ae8e716bddc,fixed,0.95,20,0.175,0.14,699924480,sphere_polar_c05_n_up_gamma_down_d0p14_a0p95_m16,sphere_mess4,d128l4h2mlp512_700m_seed0_k1,0,1,128,4,random_init,single_layer_single_token,physics,10.0,0.6322564296940553,128,153.75,0.6641588162654426
sphere_polar_c05_n_up_gamma_down_d0p14_a0p95_m16_d128l4h2mlp512_700m_seed0_k1,H-R2-05-polar-ladder-capacity,dc80726a8c987e8c3a9171299dac00d03a074311,65a0e290bfef9f43dad2c45ac2007d8bc4239a72635c7c0bcc4f3ae8e716bddc,fixed,0.95,20,0.175,0.14,699924480,sphere_polar_c05_n_up_gamma_down_d0p14_a0p95_m16,sphere_mess4,d128l4h2mlp512_700m_seed0_k1,0,1,128,4,random_init,single_layer_single_token,belief,10.0,0.20133558251679873,128,153.75,0.19407974421654128
sphere_polar_c05_n_up_gamma_down_d0p14_a0p95_m16_d128l4h2mlp512_700m_seed0_k1,H-R2-05-polar-ladder-capacity,dc80726a8c987e8c3a9171299dac00d03a074311,65a0e290bfef9f43dad2c45ac2007d8bc4239a72635c7c0bcc4f3ae8e716bddc,fixed,0.95,20,0.175,0.14,699924480,sphere_polar_c05_n_up_gamma_down_d0p14_a0p95_m16,sphere_mess4,d128l4h2mlp512_700m_seed0_k1,0,1,128,4,random_init,all_block_layers_single_token,physics,1.0,0.7007319811067084,512,38.4375,0.7252594090004523
sphere_polar_c05_n_up_gamma_down_d0p14_a0p95_m16_d128l4h2mlp512_700m_seed0_k1,H-R2-05-polar-ladder-capacity,dc80726a8c987e8c3a9171299dac00d03a074311,65a0e290bfef9f43dad2c45ac2007d8bc4239a72635c7c0bcc4f3ae8e716bddc,fixed,0.95,20,0.175,0.14,699924480,sphere_polar_c05_n_up_gamma_down_d0p14_a0p95_m16,sphere_mess4,d128l4h2mlp512_700m_seed0_k1,0,1,128,4,random_init,all_block_layers_single_token,belief,1.0,0.2884616073369535,512,38.4375,0.2912015120972784
sphere_polar_c05_n_up_gamma_down_d0p14_a0p95_m16_d128l4h2mlp512_700m_seed0_k1,H-R2-05-polar-ladder-capacity,dc80726a8c987e8c3a9171299dac00d03a074311,65a0e290bfef9f43dad2c45ac2007d8bc4239a72635c7c0bcc4f3ae8e716bddc,fixed,0.95,20,0.175,0.14,699924480,sphere_polar_c05_n_up_gamma_down_d0p14_a0p95_m16,sphere_mess4,d128l4h2mlp512_700m_seed0_k1,0,1,128,4,random_init,embedding_and_all_layers_single_token,physics,1.0,0.711452155237031,640,30.75,0.7389575141705815
sphere_polar_c05_n_up_gamma_down_d0p14_a0p95_m16_d128l4h2mlp512_700m_seed0_k1,H-R2-05-polar-ladder-capacity,dc80726a8c987e8c3a9171299dac00d03a074311,65a0e290bfef9f43dad2c45ac2007d8bc4239a72635c7c0bcc4f3ae8e716bddc,fixed,0.95,20,0.175,0.14,699924480,sphere_polar_c05_n_up_gamma_down_d0p14_a0p95_m16,sphere_mess4,d128l4h2mlp512_700m_seed0_k1,0,1,128,4,random_init,embedding_and_all_layers_single_token,belief,1.0,0.30220005266350436,640,30.75,0.3000134764558252
sphere_polar_c05_n_up_gamma_down_d0p14_a0p95_m16_d128l4h2mlp512_700m_seed0_k10,H-R2-05-polar-ladder-capacity,dc80726a8c987e8c3a9171299dac00d03a074311,c0ddb0f653ee235dd4063d8759a871beb1cce7597001ac1ade5fbd8143adc294,half,0.95,20,0.175,0.14,699924480,sphere_polar_c05_n_up_gamma_down_d0p14_a0p95_m16,sphere_mess4,d128l4h2mlp512_700m_seed0_k10,0,10,128,4,trained,single_layer_single_token,physics,10.0,0.8283043394973476,128,153.75,0.8355447153710227
sphere_polar_c05_n_up_gamma_down_d0p14_a0p95_m16_d128l4h2mlp512_700m_seed0_k10,H-R2-05-polar-ladder-capacity,dc80726a8c987e8c3a9171299dac00d03a074311,c0ddb0f653ee235dd4063d8759a871beb1cce7597001ac1ade5fbd8143adc294,half,0.95,20,0.175,0.14,699924480,sphere_polar_c05_n_up_gamma_down_d0p14_a0p95_m16,sphere_mess4,d128l4h2mlp512_700m_seed0_k10,0,10,128,4,trained,single_layer_single_token,belief,10.0,0.3349312542665097,128,153.75,0.3369879913770083
sphere_polar_c05_n_up_gamma_down_d0p14_a0p95_m16_d128l4h2mlp512_700m_seed0_k10,H-R2-05-polar-ladder-capacity,dc80726a8c987e8c3a9171299dac00d03a074311,c0ddb0f653ee235dd4063d8759a871beb1cce7597001ac1ade5fbd8143adc294,half,0.95,20,0.175,0.14,699924480,sphere_polar_c05_n_up_gamma_down_d0p14_a0p95_m16,sphere_mess4,d128l4h2mlp512_700m_seed0_k10,0,10,128,4,trained,all_block_layers_single_token,physics,1.0,0.9586036829588456,512,38.4375,0.9637207528894765
sphere_polar_c05_n_up_gamma_down_d0p14_a0p95_m16_d128l4h2mlp512_700m_seed0_k10,H-R2-05-polar-ladder-capacity,dc80726a8c987e8c3a9171299dac00d03a074311,c0ddb0f653ee235dd4063d8759a871beb1cce7597001ac1ade5fbd8143adc294,half,0.95,20,0.175,0.14,699924480,sphere_polar_c05_n_up_gamma_down_d0p14_a0p95_m16,sphere_mess4,d128l4h2mlp512_700m_seed0_k10,0,10,128,4,trained,all_block_layers_single_token,belief,10.0,0.5291482656895774,512,38.4375,0.5339390651702629
sphere_polar_c05_n_up_gamma_down_d0p14_a0p95_m16_d128l4h2mlp512_700m_seed0_k10,H-R2-05-polar-ladder-capacity,dc80726a8c987e8c3a9171299dac00d03a074311,c0ddb0f653ee235dd4063d8759a871beb1cce7597001ac1ade5fbd8143adc294,half,0.95,20,0.175,0.14,699924480,sphere_polar_c05_n_up_gamma_down_d0p14_a0p95_m16,sphere_mess4,d128l4h2mlp512_700m_seed0_k10,0,10,128,4,trained,embedding_and_all_layers_single_token,physics,1.0,0.9649059460928273,640,30.75,0.96964034385676
sphere_polar_c05_n_up_gamma_down_d0p14_a0p95_m16_d128l4h2mlp512_700m_seed0_k10,H-R2-05-polar-ladder-capacity,dc80726a8c987e8c3a9171299dac00d03a074311,c0ddb0f653ee235dd4063d8759a871beb1cce7597001ac1ade5fbd8143adc294,half,0.95,20,0.175,0.14,699924480,sphere_polar_c05_n_up_gamma_down_d0p14_a0p95_m16,sphere_mess4,d128l4h2mlp512_700m_seed0_k10,0,10,128,4,trained,embedding_and_all_layers_single_token,belief,10.0,0.5356969596222737,640,30.75,0.5401544612776791
sphere_polar_c05_n_up_gamma_down_d0p14_a0p95_m16_d128l4h2mlp512_700m_seed0_k10,H-R2-05-polar-ladder-capacity,dc80726a8c987e8c3a9171299dac00d03a074311,c0ddb0f653ee235dd4063d8759a871beb1cce7597001ac1ade5fbd8143adc294,half,0.95,20,0.175,0.14,699924480,sphere_polar_c05_n_up_gamma_down_d0p14_a0p95_m16,sphere_mess4,d128l4h2mlp512_700m_seed0_k10,0,10,128,4,random_init,single_layer_single_token,physics,10.0,0.6322564296940553,128,153.75,0.6641588162654426
sphere_polar_c05_n_up_gamma_down_d0p14_a0p95_m16_d128l4h2mlp512_700m_seed0_k10,H-R2-05-polar-ladder-capacity,dc80726a8c987e8c3a9171299dac00d03a074311,c0ddb0f653ee235dd4063d8759a871beb1cce7597001ac1ade5fbd8143adc294,half,0.95,20,0.175,0.14,699924480,sphere_polar_c05_n_up_gamma_down_d0p14_a0p95_m16,sphere_mess4,d128l4h2mlp512_700m_seed0_k10,0,10,128,4,random_init,single_layer_single_token,belief,10.0,0.20133558251679873,128,153.75,0.19407974421654128
sphere_polar_c05_n_up_gamma_down_d0p14_a0p95_m16_d128l4h2mlp512_700m_seed0_k10,H-R2-05-polar-ladder-capacity,dc80726a8c987e8c3a9171299dac00d03a074311,c0ddb0f653ee235dd4063d8759a871beb1cce7597001ac1ade5fbd8143adc294,half,0.95,20,0.175,0.14,699924480,sphere_polar_c05_n_up_gamma_down_d0p14_a0p95_m16,sphere_mess4,d128l4h2mlp512_700m_seed0_k10,0,10,128,4,random_init,all_block_layers_single_token,physics,1.0,0.7007319811067084,512,38.4375,0.7252594090004523
sphere_polar_c05_n_up_gamma_down_d0p14_a0p95_m16_d128l4h2mlp512_700m_seed0_k10,H-R2-05-polar-ladder-capacity,dc80726a8c987e8c3a9171299dac00d03a074311,c0ddb0f653ee235dd4063d8759a871beb1cce7597001ac1ade5fbd8143adc294,half,0.95,20,0.175,0.14,699924480,sphere_polar_c05_n_up_gamma_down_d0p14_a0p95_m16,sphere_mess4,d128l4h2mlp512_700m_seed0_k10,0,10,128,4,random_init,all_block_layers_single_token,belief,1.0,0.2884616073369535,512,38.4375,0.2912015120972784
sphere_polar_c05_n_up_gamma_down_d0p14_a0p95_m16_d128l4h2mlp512_700m_seed0_k10,H-R2-05-polar-ladder-capacity,dc80726a8c987e8c3a9171299dac00d03a074311,c0ddb0f653ee235dd4063d8759a871beb1cce7597001ac1ade5fbd8143adc294,half,0.95,20,0.175,0.14,699924480,sphere_polar_c05_n_up_gamma_down_d0p14_a0p95_m16,sphere_mess4,d128l4h2mlp512_700m_seed0_k10,0,10,128,4,random_init,embedding_and_all_layers_single_token,physics,1.0,0.711452155237031,640,30.75,0.7389575141705815
sphere_polar_c05_n_up_gamma_down_d0p14_a0p95_m16_d128l4h2mlp512_700m_seed0_k10,H-R2-05-polar-ladder-capacity,dc80726a8c987e8c3a9171299dac00d03a074311,c0ddb0f653ee235dd4063d8759a871beb1cce7597001ac1ade5fbd8143adc294,half,0.95,20,0.175,0.14,699924480,sphere_polar_c05_n_up_gamma_down_d0p14_a0p95_m16,sphere_mess4,d128l4h2mlp512_700m_seed0_k10,0,10,128,4,random_init,embedding_and_all_layers_single_token,belief,1.0,0.30220005266350436,640,30.75,0.3000134764558252
sphere_polar_c05_n_up_gamma_down_d0p14_a0p95_m16_d128l4h2mlp512_700m_seed0_k21,H-R2-05-polar-ladder-capacity,dc80726a8c987e8c3a9171299dac00d03a074311,79af76c35bde04358d475003a49f54d993381835f2a7bb870b48c9b6b16d11a8,n_plus_one,0.95,20,0.175,0.14,699924480,sphere_polar_c05_n_up_gamma_down_d0p14_a0p95_m16,sphere_mess4,d128l4h2mlp512_700m_seed0_k21,0,21,128,4,trained,single_layer_single_token,physics,10.0,0.8514527180980371,128,153.75,0.8601899334939969
sphere_polar_c05_n_up_gamma_down_d0p14_a0p95_m16_d128l4h2mlp512_700m_seed0_k21,H-R2-05-polar-ladder-capacity,dc80726a8c987e8c3a9171299dac00d03a074311,79af76c35bde04358d475003a49f54d993381835f2a7bb870b48c9b6b16d11a8,n_plus_one,0.95,20,0.175,0.14,699924480,sphere_polar_c05_n_up_gamma_down_d0p14_a0p95_m16,sphere_mess4,d128l4h2mlp512_700m_seed0_k21,0,21,128,4,trained,single_layer_single_token,belief,10.0,0.36304456849269906,128,153.75,0.36871523014455937
sphere_polar_c05_n_up_gamma_down_d0p14_a0p95_m16_d128l4h2mlp512_700m_seed0_k21,H-R2-05-polar-ladder-capacity,dc80726a8c987e8c3a9171299dac00d03a074311,79af76c35bde04358d475003a49f54d993381835f2a7bb870b48c9b6b16d11a8,n_plus_one,0.95,20,0.175,0.14,699924480,sphere_polar_c05_n_up_gamma_down_d0p14_a0p95_m16,sphere_mess4,d128l4h2mlp512_700m_seed0_k21,0,21,128,4,trained,all_block_layers_single_token,physics,1.0,0.962230630419352,512,38.4375,0.9648194703756898
sphere_polar_c05_n_up_gamma_down_d0p14_a0p95_m16_d128l4h2mlp512_700m_seed0_k21,H-R2-05-polar-ladder-capacity,dc80726a8c987e8c3a9171299dac00d03a074311,79af76c35bde04358d475003a49f54d993381835f2a7bb870b48c9b6b16d11a8,n_plus_one,0.95,20,0.175,0.14,699924480,sphere_polar_c05_n_up_gamma_down_d0p14_a0p95_m16,sphere_mess4,d128l4h2mlp512_700m_seed0_k21,0,21,128,4,trained,all_block_layers_single_token,belief,1.0,0.5514121296014077,512,38.4375,0.5549080899792798
sphere_polar_c05_n_up_gamma_down_d0p14_a0p95_m16_d128l4h2mlp512_700m_seed0_k21,H-R2-05-polar-ladder-capacity,dc80726a8c987e8c3a9171299dac00d03a074311,79af76c35bde04358d475003a49f54d993381835f2a7bb870b48c9b6b16d11a8,n_plus_one,0.95,20,0.175,0.14,699924480,sphere_polar_c05_n_up_gamma_down_d0p14_a0p95_m16,sphere_mess4,d128l4h2mlp512_700m_seed0_k21,0,21,128,4,trained,embedding_and_all_layers_single_token,physics,1.0,0.9664313198385199,640,30.75,0.9697233935624048
sphere_polar_c05_n_up_gamma_down_d0p14_a0p95_m16_d128l4h2mlp512_700m_seed0_k21,H-R2-05-polar-ladder-capacity,dc80726a8c987e8c3a9171299dac00d03a074311,79af76c35bde04358d475003a49f54d993381835f2a7bb870b48c9b6b16d11a8,n_plus_one,0.95,20,0.175,0.14,699924480,sphere_polar_c05_n_up_gamma_down_d0p14_a0p95_m16,sphere_mess4,d128l4h2mlp512_700m_seed0_k21,0,21,128,4,trained,embedding_and_all_layers_single_token,belief,10.0,0.556509929075165,640,30.75,0.5624735274466117
sphere_polar_c05_n_up_gamma_down_d0p14_a0p95_m16_d128l4h2mlp512_700m_seed0_k21,H-R2-05-polar-ladder-capacity,dc80726a8c987e8c3a9171299dac00d03a074311,79af76c35bde04358d475003a49f54d993381835f2a7bb870b48c9b6b16d11a8,n_plus_one,0.95,20,0.175,0.14,699924480,sphere_polar_c05_n_up_gamma_down_d0p14_a0p95_m16,sphere_mess4,d128l4h2mlp512_700m_seed0_k21,0,21,128,4,random_init,single_layer_single_token,physics,10.0,0.6322564296940553,128,153.75,0.6641588162654426
sphere_polar_c05_n_up_gamma_down_d0p14_a0p95_m16_d128l4h2mlp512_700m_seed0_k21,H-R2-05-polar-ladder-capacity,dc80726a8c987e8c3a9171299dac00d03a074311,79af76c35bde04358d475003a49f54d993381835f2a7bb870b48c9b6b16d11a8,n_plus_one,0.95,20,0.175,0.14,699924480,sphere_polar_c05_n_up_gamma_down_d0p14_a0p95_m16,sphere_mess4,d128l4h2mlp512_700m_seed0_k21,0,21,128,4,random_init,single_layer_single_token,belief,10.0,0.20133558251679873,128,153.75,0.19407974421654128
sphere_polar_c05_n_up_gamma_down_d0p14_a0p95_m16_d128l4h2mlp512_700m_seed0_k21,H-R2-05-polar-ladder-capacity,dc80726a8c987e8c3a9171299dac00d03a074311,79af76c35bde04358d475003a49f54d993381835f2a7bb870b48c9b6b16d11a8,n_plus_one,0.95,20,0.175,0.14,699924480,sphere_polar_c05_n_up_gamma_down_d0p14_a0p95_m16,sphere_mess4,d128l4h2mlp512_700m_seed0_k21,0,21,128,4,random_init,all_block_layers_single_token,physics,1.0,0.7007319811067084,512,38.4375,0.7252594090004523
sphere_polar_c05_n_up_gamma_down_d0p14_a0p95_m16_d128l4h2mlp512_700m_seed0_k21,H-R2-05-polar-ladder-capacity,dc80726a8c987e8c3a9171299dac00d03a074311,79af76c35bde04358d475003a49f54d993381835f2a7bb870b48c9b6b16d11a8,n_plus_one,0.95,20,0.175,0.14,699924480,sphere_polar_c05_n_up_gamma_down_d0p14_a0p95_m16,sphere_mess4,d128l4h2mlp512_700m_seed0_k21,0,21,128,4,random_init,all_block_layers_single_token,belief,1.0,0.2884616073369535,512,38.4375,0.2912015120972784
sphere_polar_c05_n_up_gamma_down_d0p14_a0p95_m16_d128l4h2mlp512_700m_seed0_k21,H-R2-05-polar-ladder-capacity,dc80726a8c987e8c3a9171299dac00d03a074311,79af76c35bde04358d475003a49f54d993381835f2a7bb870b48c9b6b16d11a8,n_plus_one,0.95,20,0.175,0.14,699924480,sphere_polar_c05_n_up_gamma_down_d0p14_a0p95_m16,sphere_mess4,d128l4h2mlp512_700m_seed0_k21,0,21,128,4,random_init,embedding_and_all_layers_single_token,physics,1.0,0.711452155237031,640,30.75,0.7389575141705815
sphere_polar_c05_n_up_gamma_down_d0p14_a0p95_m16_d128l4h2mlp512_700m_seed0_k21,H-R2-05-polar-ladder-capacity,dc80726a8c987e8c3a9171299dac00d03a074311,79af76c35bde04358d475003a49f54d993381835f2a7bb870b48c9b6b16d11a8,n_plus_one,0.95,20,0.175,0.14,699924480,sphere_polar_c05_n_up_gamma_down_d0p14_a0p95_m16,sphere_mess4,d128l4h2mlp512_700m_seed0_k21,0,21,128,4,random_init,embedding_and_all_layers_single_token,belief,1.0,0.30220005266350436,640,30.75,0.3000134764558252
sphere_polar_c06_n_down_gamma_up_d0p1_a0p5_m16_d128l4h2mlp512_700m_seed0_k1,H-R2-05-polar-ladder-capacity,dc80726a8c987e8c3a9171299dac00d03a074311,35055e22236005e4953647faf73f7c99b9c74d751b08bb5c8b0f05adc51154ad,fixed,0.5,5,0.7,0.1,699924480,sphere_polar_c06_n_down_gamma_up_d0p1_a0p5_m16,sphere_mess4,d128l4h2mlp512_700m_seed0_k1,0,1,128,4,trained,single_layer_single_token,physics,10.0,0.9183027750730195,128,153.5,0.9179645962388829
sphere_polar_c06_n_down_gamma_up_d0p1_a0p5_m16_d128l4h2mlp512_700m_seed0_k1,H-R2-05-polar-ladder-capacity,dc80726a8c987e8c3a9171299dac00d03a074311,35055e22236005e4953647faf73f7c99b9c74d751b08bb5c8b0f05adc51154ad,fixed,0.5,5,0.7,0.1,699924480,sphere_polar_c06_n_down_gamma_up_d0p1_a0p5_m16,sphere_mess4,d128l4h2mlp512_700m_seed0_k1,0,1,128,4,trained,single_layer_single_token,belief,10.0,0.21497761605736923,128,153.5,0.20196452216534766
sphere_polar_c06_n_down_gamma_up_d0p1_a0p5_m16_d128l4h2mlp512_700m_seed0_k1,H-R2-05-polar-ladder-capacity,dc80726a8c987e8c3a9171299dac00d03a074311,35055e22236005e4953647faf73f7c99b9c74d751b08bb5c8b0f05adc51154ad,fixed,0.5,5,0.7,0.1,699924480,sphere_polar_c06_n_down_gamma_up_d0p1_a0p5_m16,sphere_mess4,d128l4h2mlp512_700m_seed0_k1,0,1,128,4,trained,all_block_layers_single_token,physics,1.0,0.9908866647182026,512,38.375,0.9910318623913341
sphere_polar_c06_n_down_gamma_up_d0p1_a0p5_m16_d128l4h2mlp512_700m_seed0_k1,H-R2-05-polar-ladder-capacity,dc80726a8c987e8c3a9171299dac00d03a074311,35055e22236005e4953647faf73f7c99b9c74d751b08bb5c8b0f05adc51154ad,fixed,0.5,5,0.7,0.1,699924480,sphere_polar_c06_n_down_gamma_up_d0p1_a0p5_m16,sphere_mess4,d128l4h2mlp512_700m_seed0_k1,0,1,128,4,trained,all_block_layers_single_token,belief,1.0,0.3637822576209998,512,38.375,0.35046171614241295
sphere_polar_c06_n_down_gamma_up_d0p1_a0p5_m16_d128l4h2mlp512_700m_seed0_k1,H-R2-05-polar-ladder-capacity,dc80726a8c987e8c3a9171299dac00d03a074311,35055e22236005e4953647faf73f7c99b9c74d751b08bb5c8b0f05adc51154ad,fixed,0.5,5,0.7,0.1,699924480,sphere_polar_c06_n_down_gamma_up_d0p1_a0p5_m16,sphere_mess4,d128l4h2mlp512_700m_seed0_k1,0,1,128,4,trained,embedding_and_all_layers_single_token,physics,1.0,0.9934151569268304,640,30.7,0.9934848556804838
sphere_polar_c06_n_down_gamma_up_d0p1_a0p5_m16_d128l4h2mlp512_700m_seed0_k1,H-R2-05-polar-ladder-capacity,dc80726a8c987e8c3a9171299dac00d03a074311,35055e22236005e4953647faf73f7c99b9c74d751b08bb5c8b0f05adc51154ad,fixed,0.5,5,0.7,0.1,699924480,sphere_polar_c06_n_down_gamma_up_d0p1_a0p5_m16,sphere_mess4,d128l4h2mlp512_700m_seed0_k1,0,1,128,4,trained,embedding_and_all_layers_single_token,belief,1.0,0.3747071161916874,640,30.7,0.3594018817028528
sphere_polar_c06_n_down_gamma_up_d0p1_a0p5_m16_d128l4h2mlp512_700m_seed0_k1,H-R2-05-polar-ladder-capacity,dc80726a8c987e8c3a9171299dac00d03a074311,35055e22236005e4953647faf73f7c99b9c74d751b08bb5c8b0f05adc51154ad,fixed,0.5,5,0.7,0.1,699924480,sphere_polar_c06_n_down_gamma_up_d0p1_a0p5_m16,sphere_mess4,d128l4h2mlp512_700m_seed0_k1,0,1,128,4,random_init,single_layer_single_token,physics,10.0,0.7448229749766703,128,153.5,0.7494002041908736
sphere_polar_c06_n_down_gamma_up_d0p1_a0p5_m16_d128l4h2mlp512_700m_seed0_k1,H-R2-05-polar-ladder-capacity,dc80726a8c987e8c3a9171299dac00d03a074311,35055e22236005e4953647faf73f7c99b9c74d751b08bb5c8b0f05adc51154ad,fixed,0.5,5,0.7,0.1,699924480,sphere_polar_c06_n_down_gamma_up_d0p1_a0p5_m16,sphere_mess4,d128l4h2mlp512_700m_seed0_k1,0,1,128,4,random_init,single_layer_single_token,belief,10.0,0.16550770502589152,128,153.5,0.14812313994295406
sphere_polar_c06_n_down_gamma_up_d0p1_a0p5_m16_d128l4h2mlp512_700m_seed0_k1,H-R2-05-polar-ladder-capacity,dc80726a8c987e8c3a9171299dac00d03a074311,35055e22236005e4953647faf73f7c99b9c74d751b08bb5c8b0f05adc51154ad,fixed,0.5,5,0.7,0.1,699924480,sphere_polar_c06_n_down_gamma_up_d0p1_a0p5_m16,sphere_mess4,d128l4h2mlp512_700m_seed0_k1,0,1,128,4,random_init,all_block_layers_single_token,physics,1.0,0.8094810777689732,512,38.375,0.8135627108336714
sphere_polar_c06_n_down_gamma_up_d0p1_a0p5_m16_d128l4h2mlp512_700m_seed0_k1,H-R2-05-polar-ladder-capacity,dc80726a8c987e8c3a9171299dac00d03a074311,35055e22236005e4953647faf73f7c99b9c74d751b08bb5c8b0f05adc51154ad,fixed,0.5,5,0.7,0.1,699924480,sphere_polar_c06_n_down_gamma_up_d0p1_a0p5_m16,sphere_mess4,d128l4h2mlp512_700m_seed0_k1,0,1,128,4,random_init,all_block_layers_single_token,belief,1.0,0.24914886986246737,512,38.375,0.23955283045736353
sphere_polar_c06_n_down_gamma_up_d0p1_a0p5_m16_d128l4h2mlp512_700m_seed0_k1,H-R2-05-polar-ladder-capacity,dc80726a8c987e8c3a9171299dac00d03a074311,35055e22236005e4953647faf73f7c99b9c74d751b08bb5c8b0f05adc51154ad,fixed,0.5,5,0.7,0.1,699924480,sphere_polar_c06_n_down_gamma_up_d0p1_a0p5_m16,sphere_mess4,d128l4h2mlp512_700m_seed0_k1,0,1,128,4,random_init,embedding_and_all_layers_single_token,physics,1.0,0.8224630577759289,640,30.7,0.8230471692032975
sphere_polar_c06_n_down_gamma_up_d0p1_a0p5_m16_d128l4h2mlp512_700m_seed0_k1,H-R2-05-polar-ladder-capacity,dc80726a8c987e8c3a9171299dac00d03a074311,35055e22236005e4953647faf73f7c99b9c74d751b08bb5c8b0f05adc51154ad,fixed,0.5,5,0.7,0.1,699924480,sphere_polar_c06_n_down_gamma_up_d0p1_a0p5_m16,sphere_mess4,d128l4h2mlp512_700m_seed0_k1,0,1,128,4,random_init,embedding_and_all_layers_single_token,belief,1.0,0.2599780769415175,640,30.7,0.24795510812431318
sphere_polar_c06_n_down_gamma_up_d0p1_a0p5_m16_d128l4h2mlp512_700m_seed0_k2,H-R2-05-polar-ladder-capacity,dc80726a8c987e8c3a9171299dac00d03a074311,8299a61257bb683b3ea0f137cd38625245916e6176f1039ce8addf05dfc1a3cd,half,0.5,5,0.7,0.1,699924480,sphere_polar_c06_n_down_gamma_up_d0p1_a0p5_m16,sphere_mess4,d128l4h2mlp512_700m_seed0_k2,0,2,128,4,trained,single_layer_single_token,physics,1.0,0.9251676503905961,128,153.5,0.9255209570610461
sphere_polar_c06_n_down_gamma_up_d0p1_a0p5_m16_d128l4h2mlp512_700m_seed0_k2,H-R2-05-polar-ladder-capacity,dc80726a8c987e8c3a9171299dac00d03a074311,8299a61257bb683b3ea0f137cd38625245916e6176f1039ce8addf05dfc1a3cd,half,0.5,5,0.7,0.1,699924480,sphere_polar_c06_n_down_gamma_up_d0p1_a0p5_m16,sphere_mess4,d128l4h2mlp512_700m_seed0_k2,0,2,128,4,trained,single_layer_single_token,belief,1.0,0.23387399958370572,128,153.5,0.22661390413309893
sphere_polar_c06_n_down_gamma_up_d0p1_a0p5_m16_d128l4h2mlp512_700m_seed0_k2,H-R2-05-polar-ladder-capacity,dc80726a8c987e8c3a9171299dac00d03a074311,8299a61257bb683b3ea0f137cd38625245916e6176f1039ce8addf05dfc1a3cd,half,0.5,5,0.7,0.1,699924480,sphere_polar_c06_n_down_gamma_up_d0p1_a0p5_m16,sphere_mess4,d128l4h2mlp512_700m_seed0_k2,0,2,128,4,trained,all_block_layers_single_token,physics,1.0,0.9942380807779443,512,38.375,0.994457633925941
sphere_polar_c06_n_down_gamma_up_d0p1_a0p5_m16_d128l4h2mlp512_700m_seed0_k2,H-R2-05-polar-ladder-capacity,dc80726a8c987e8c3a9171299dac00d03a074311,8299a61257bb683b3ea0f137cd38625245916e6176f1039ce8addf05dfc1a3cd,half,0.5,5,0.7,0.1,699924480,sphere_polar_c06_n_down_gamma_up_d0p1_a0p5_m16,sphere_mess4,d128l4h2mlp512_700m_seed0_k2,0,2,128,4,trained,all_block_layers_single_token,belief,1.0,0.39379003585035277,512,38.375,0.3854390681163522
sphere_polar_c06_n_down_gamma_up_d0p1_a0p5_m16_d128l4h2mlp512_700m_seed0_k2,H-R2-05-polar-ladder-capacity,dc80726a8c987e8c3a9171299dac00d03a074311,8299a61257bb683b3ea0f137cd38625245916e6176f1039ce8addf05dfc1a3cd,half,0.5,5,0.7,0.1,699924480,sphere_polar_c06_n_down_gamma_up_d0p1_a0p5_m16,sphere_mess4,d128l4h2mlp512_700m_seed0_k2,0,2,128,4,trained,embedding_and_all_layers_single_token,physics,1.0,0.9955147159288735,640,30.7,0.9958894676413568
sphere_polar_c06_n_down_gamma_up_d0p1_a0p5_m16_d128l4h2mlp512_700m_seed0_k2,H-R2-05-polar-ladder-capacity,dc80726a8c987e8c3a9171299dac00d03a074311,8299a61257bb683b3ea0f137cd38625245916e6176f1039ce8addf05dfc1a3cd,half,0.5,5,0.7,0.1,699924480,sphere_polar_c06_n_down_gamma_up_d0p1_a0p5_m16,sphere_mess4,d128l4h2mlp512_700m_seed0_k2,0,2,128,4,trained,embedding_and_all_layers_single_token,belief,1.0,0.40376456905622177,640,30.7,0.3919907218889417
sphere_polar_c06_n_down_gamma_up_d0p1_a0p5_m16_d128l4h2mlp512_700m_seed0_k2,H-R2-05-polar-ladder-capacity,dc80726a8c987e8c3a9171299dac00d03a074311,8299a61257bb683b3ea0f137cd38625245916e6176f1039ce8addf05dfc1a3cd,half,0.5,5,0.7,0.1,699924480,sphere_polar_c06_n_down_gamma_up_d0p1_a0p5_m16,sphere_mess4,d128l4h2mlp512_700m_seed0_k2,0,2,128,4,random_init,single_layer_single_token,physics,10.0,0.7448229749766703,128,153.5,0.7494002041908736
sphere_polar_c06_n_down_gamma_up_d0p1_a0p5_m16_d128l4h2mlp512_700m_seed0_k2,H-R2-05-polar-ladder-capacity,dc80726a8c987e8c3a9171299dac00d03a074311,8299a61257bb683b3ea0f137cd38625245916e6176f1039ce8addf05dfc1a3cd,half,0.5,5,0.7,0.1,699924480,sphere_polar_c06_n_down_gamma_up_d0p1_a0p5_m16,sphere_mess4,d128l4h2mlp512_700m_seed0_k2,0,2,128,4,random_init,single_layer_single_token,belief,10.0,0.16550770502589152,128,153.5,0.14812313994295406
sphere_polar_c06_n_down_gamma_up_d0p1_a0p5_m16_d128l4h2mlp512_700m_seed0_k2,H-R2-05-polar-ladder-capacity,dc80726a8c987e8c3a9171299dac00d03a074311,8299a61257bb683b3ea0f137cd38625245916e6176f1039ce8addf05dfc1a3cd,half,0.5,5,0.7,0.1,699924480,sphere_polar_c06_n_down_gamma_up_d0p1_a0p5_m16,sphere_mess4,d128l4h2mlp512_700m_seed0_k2,0,2,128,4,random_init,all_block_layers_single_token,physics,1.0,0.8094810777689732,512,38.375,0.8135627108336714
sphere_polar_c06_n_down_gamma_up_d0p1_a0p5_m16_d128l4h2mlp512_700m_seed0_k2,H-R2-05-polar-ladder-capacity,dc80726a8c987e8c3a9171299dac00d03a074311,8299a61257bb683b3ea0f137cd38625245916e6176f1039ce8addf05dfc1a3cd,half,0.5,5,0.7,0.1,699924480,sphere_polar_c06_n_down_gamma_up_d0p1_a0p5_m16,sphere_mess4,d128l4h2mlp512_700m_seed0_k2,0,2,128,4,random_init,all_block_layers_single_token,belief,1.0,0.24914886986246737,512,38.375,0.23955283045736353
sphere_polar_c06_n_down_gamma_up_d0p1_a0p5_m16_d128l4h2mlp512_700m_seed0_k2,H-R2-05-polar-ladder-capacity,dc80726a8c987e8c3a9171299dac00d03a074311,8299a61257bb683b3ea0f137cd38625245916e6176f1039ce8addf05dfc1a3cd,half,0.5,5,0.7,0.1,699924480,sphere_polar_c06_n_down_gamma_up_d0p1_a0p5_m16,sphere_mess4,d128l4h2mlp512_700m_seed0_k2,0,2,128,4,random_init,embedding_and_all_layers_single_token,physics,1.0,0.8224630577759289,640,30.7,0.8230471692032975
sphere_polar_c06_n_down_gamma_up_d0p1_a0p5_m16_d128l4h2mlp512_700m_seed0_k2,H-R2-05-polar-ladder-capacity,dc80726a8c987e8c3a9171299dac00d03a074311,8299a61257bb683b3ea0f137cd38625245916e6176f1039ce8addf05dfc1a3cd,half,0.5,5,0.7,0.1,699924480,sphere_polar_c06_n_down_gamma_up_d0p1_a0p5_m16,sphere_mess4,d128l4h2mlp512_700m_seed0_k2,0,2,128,4,random_init,embedding_and_all_layers_single_token,belief,1.0,0.2599780769415175,640,30.7,0.24795510812431318
sphere_polar_c06_n_down_gamma_up_d0p1_a0p5_m16_d128l4h2mlp512_700m_seed0_k6,H-R2-05-polar-ladder-capacity,dc80726a8c987e8c3a9171299dac00d03a074311,d4e63358126889516b76691362d345d9b58d12a7b455dc2524d0560b70c4b566,n_plus_one,0.5,5,0.7,0.1,699924480,sphere_polar_c06_n_down_gamma_up_d0p1_a0p5_m16,sphere_mess4,d128l4h2mlp512_700m_seed0_k6,0,6,128,4,trained,single_layer_single_token,physics,1.0,0.9215540498329952,128,153.5,0.9264269435044072
sphere_polar_c06_n_down_gamma_up_d0p1_a0p5_m16_d128l4h2mlp512_700m_seed0_k6,H-R2-05-polar-ladder-capacity,dc80726a8c987e8c3a9171299dac00d03a074311,d4e63358126889516b76691362d345d9b58d12a7b455dc2524d0560b70c4b566,n_plus_one,0.5,5,0.7,0.1,699924480,sphere_polar_c06_n_down_gamma_up_d0p1_a0p5_m16,sphere_mess4,d128l4h2mlp512_700m_seed0_k6,0,6,128,4,trained,single_layer_single_token,belief,1.0,0.22108371144872144,128,153.5,0.21946764641651995
sphere_polar_c06_n_down_gamma_up_d0p1_a0p5_m16_d128l4h2mlp512_700m_seed0_k6,H-R2-05-polar-ladder-capacity,dc80726a8c987e8c3a9171299dac00d03a074311,d4e63358126889516b76691362d345d9b58d12a7b455dc2524d0560b70c4b566,n_plus_one,0.5,5,0.7,0.1,699924480,sphere_polar_c06_n_down_gamma_up_d0p1_a0p5_m16,sphere_mess4,d128l4h2mlp512_700m_seed0_k6,0,6,128,4,trained,all_block_layers_single_token,physics,1.0,0.9779818338850902,512,38.375,0.9793526894238511
sphere_polar_c06_n_down_gamma_up_d0p1_a0p5_m16_d128l4h2mlp512_700m_seed0_k6,H-R2-05-polar-ladder-capacity,dc80726a8c987e8c3a9171299dac00d03a074311,d4e63358126889516b76691362d345d9b58d12a7b455dc2524d0560b70c4b566,n_plus_one,0.5,5,0.7,0.1,699924480,sphere_polar_c06_n_down_gamma_up_d0p1_a0p5_m16,sphere_mess4,d128l4h2mlp512_700m_seed0_k6,0,6,128,4,trained,all_block_layers_single_token,belief,1.0,0.36293040724288167,512,38.375,0.3610583568671796
sphere_polar_c06_n_down_gamma_up_d0p1_a0p5_m16_d128l4h2mlp512_700m_seed0_k6,H-R2-05-polar-ladder-capacity,dc80726a8c987e8c3a9171299dac00d03a074311,d4e63358126889516b76691362d345d9b58d12a7b455dc2524d0560b70c4b566,n_plus_one,0.5,5,0.7,0.1,699924480,sphere_polar_c06_n_down_gamma_up_d0p1_a0p5_m16,sphere_mess4,d128l4h2mlp512_700m_seed0_k6,0,6,128,4,trained,embedding_and_all_layers_single_token,physics,1.0,0.9800297919526613,640,30.7,0.9814117225484964
sphere_polar_c06_n_down_gamma_up_d0p1_a0p5_m16_d128l4h2mlp512_700m_seed0_k6,H-R2-05-polar-ladder-capacity,dc80726a8c987e8c3a9171299dac00d03a074311,d4e63358126889516b76691362d345d9b58d12a7b455dc2524d0560b70c4b566,n_plus_one,0.5,5,0.7,0.1,699924480,sphere_polar_c06_n_down_gamma_up_d0p1_a0p5_m16,sphere_mess4,d128l4h2mlp512_700m_seed0_k6,0,6,128,4,trained,embedding_and_all_layers_single_token,belief,1.0,0.37001575296297207,640,30.7,0.36646807253467806
sphere_polar_c06_n_down_gamma_up_d0p1_a0p5_m16_d128l4h2mlp512_700m_seed0_k6,H-R2-05-polar-ladder-capacity,dc80726a8c987e8c3a9171299dac00d03a074311,d4e63358126889516b76691362d345d9b58d12a7b455dc2524d0560b70c4b566,n_plus_one,0.5,5,0.7,0.1,699924480,sphere_polar_c06_n_down_gamma_up_d0p1_a0p5_m16,sphere_mess4,d128l4h2mlp512_700m_seed0_k6,0,6,128,4,random_init,single_layer_single_token,physics,10.0,0.7448229749766703,128,153.5,0.7494002041908736
sphere_polar_c06_n_down_gamma_up_d0p1_a0p5_m16_d128l4h2mlp512_700m_seed0_k6,H-R2-05-polar-ladder-capacity,dc80726a8c987e8c3a9171299dac00d03a074311,d4e63358126889516b76691362d345d9b58d12a7b455dc2524d0560b70c4b566,n_plus_one,0.5,5,0.7,0.1,699924480,sphere_polar_c06_n_down_gamma_up_d0p1_a0p5_m16,sphere_mess4,d128l4h2mlp512_700m_seed0_k6,0,6,128,4,random_init,single_layer_single_token,belief,10.0,0.16550770502589152,128,153.5,0.14812313994295406
sphere_polar_c06_n_down_gamma_up_d0p1_a0p5_m16_d128l4h2mlp512_700m_seed0_k6,H-R2-05-polar-ladder-capacity,dc80726a8c987e8c3a9171299dac00d03a074311,d4e63358126889516b76691362d345d9b58d12a7b455dc2524d0560b70c4b566,n_plus_one,0.5,5,0.7,0.1,699924480,sphere_polar_c06_n_down_gamma_up_d0p1_a0p5_m16,sphere_mess4,d128l4h2mlp512_700m_seed0_k6,0,6,128,4,random_init,all_block_layers_single_token,physics,1.0,0.8094810777689732,512,38.375,0.8135627108336714
sphere_polar_c06_n_down_gamma_up_d0p1_a0p5_m16_d128l4h2mlp512_700m_seed0_k6,H-R2-05-polar-ladder-capacity,dc80726a8c987e8c3a9171299dac00d03a074311,d4e63358126889516b76691362d345d9b58d12a7b455dc2524d0560b70c4b566,n_plus_one,0.5,5,0.7,0.1,699924480,sphere_polar_c06_n_down_gamma_up_d0p1_a0p5_m16,sphere_mess4,d128l4h2mlp512_700m_seed0_k6,0,6,128,4,random_init,all_block_layers_single_token,belief,1.0,0.24914886986246737,512,38.375,0.23955283045736353
sphere_polar_c06_n_down_gamma_up_d0p1_a0p5_m16_d128l4h2mlp512_700m_seed0_k6,H-R2-05-polar-ladder-capacity,dc80726a8c987e8c3a9171299dac00d03a074311,d4e63358126889516b76691362d345d9b58d12a7b455dc2524d0560b70c4b566,n_plus_one,0.5,5,0.7,0.1,699924480,sphere_polar_c06_n_down_gamma_up_d0p1_a0p5_m16,sphere_mess4,d128l4h2mlp512_700m_seed0_k6,0,6,128,4,random_init,embedding_and_all_layers_single_token,physics,1.0,0.8224630577759289,640,30.7,0.8230471692032975
sphere_polar_c06_n_down_gamma_up_d0p1_a0p5_m16_d128l4h2mlp512_700m_seed0_k6,H-R2-05-polar-ladder-capacity,dc80726a8c987e8c3a9171299dac00d03a074311,d4e63358126889516b76691362d345d9b58d12a7b455dc2524d0560b70c4b566,n_plus_one,0.5,5,0.7,0.1,699924480,sphere_polar_c06_n_down_gamma_up_d0p1_a0p5_m16,sphere_mess4,d128l4h2mlp512_700m_seed0_k6,0,6,128,4,random_init,embedding_and_all_layers_single_token,belief,1.0,0.2599780769415175,640,30.7,0.24795510812431318
sphere_polar_c06_n_down_gamma_up_d0p1_a0p7_m16_d128l4h2mlp512_700m_seed0_k1,H-R2-05-polar-ladder-capacity,dc80726a8c987e8c3a9171299dac00d03a074311,d905ca316f5896a5816af025fee448c59e6f965c416b0d0396e0ad7ba1b9b921,fixed,0.7,5,0.7,0.1,699924480,sphere_polar_c06_n_down_gamma_up_d0p1_a0p7_m16,sphere_mess4,d128l4h2mlp512_700m_seed0_k1,0,1,128,4,trained,single_layer_single_token,physics,10.0,0.9106423763249875,128,153.5,0.9076865646656036
sphere_polar_c06_n_down_gamma_up_d0p1_a0p7_m16_d128l4h2mlp512_700m_seed0_k1,H-R2-05-polar-ladder-capacity,dc80726a8c987e8c3a9171299dac00d03a074311,d905ca316f5896a5816af025fee448c59e6f965c416b0d0396e0ad7ba1b9b921,fixed,0.7,5,0.7,0.1,699924480,sphere_polar_c06_n_down_gamma_up_d0p1_a0p7_m16,sphere_mess4,d128l4h2mlp512_700m_seed0_k1,0,1,128,4,trained,single_layer_single_token,belief,10.0,0.29662425464902,128,153.5,0.28850964935246315
sphere_polar_c06_n_down_gamma_up_d0p1_a0p7_m16_d128l4h2mlp512_700m_seed0_k1,H-R2-05-polar-ladder-capacity,dc80726a8c987e8c3a9171299dac00d03a074311,d905ca316f5896a5816af025fee448c59e6f965c416b0d0396e0ad7ba1b9b921,fixed,0.7,5,0.7,0.1,699924480,sphere_polar_c06_n_down_gamma_up_d0p1_a0p7_m16,sphere_mess4,d128l4h2mlp512_700m_seed0_k1,0,1,128,4,trained,all_block_layers_single_token,physics,1.0,0.990511447437421,512,38.375,0.990847987911122
sphere_polar_c06_n_down_gamma_up_d0p1_a0p7_m16_d128l4h2mlp512_700m_seed0_k1,H-R2-05-polar-ladder-capacity,dc80726a8c987e8c3a9171299dac00d03a074311,d905ca316f5896a5816af025fee448c59e6f965c416b0d0396e0ad7ba1b9b921,fixed,0.7,5,0.7,0.1,699924480,sphere_polar_c06_n_down_gamma_up_d0p1_a0p7_m16,sphere_mess4,d128l4h2mlp512_700m_seed0_k1,0,1,128,4,trained,all_block_layers_single_token,belief,1.0,0.4386893354046731,512,38.375,0.43047822230586835
sphere_polar_c06_n_down_gamma_up_d0p1_a0p7_m16_d128l4h2mlp512_700m_seed0_k1,H-R2-05-polar-ladder-capacity,dc80726a8c987e8c3a9171299dac00d03a074311,d905ca316f5896a5816af025fee448c59e6f965c416b0d0396e0ad7ba1b9b921,fixed,0.7,5,0.7,0.1,699924480,sphere_polar_c06_n_down_gamma_up_d0p1_a0p7_m16,sphere_mess4,d128l4h2mlp512_700m_seed0_k1,0,1,128,4,trained,embedding_and_all_layers_single_token,physics,1.0,0.9930092808780504,640,30.7,0.9932293005120875
sphere_polar_c06_n_down_gamma_up_d0p1_a0p7_m16_d128l4h2mlp512_700m_seed0_k1,H-R2-05-polar-ladder-capacity,dc80726a8c987e8c3a9171299dac00d03a074311,d905ca316f5896a5816af025fee448c59e6f965c416b0d0396e0ad7ba1b9b921,fixed,0.7,5,0.7,0.1,699924480,sphere_polar_c06_n_down_gamma_up_d0p1_a0p7_m16,sphere_mess4,d128l4h2mlp512_700m_seed0_k1,0,1,128,4,trained,embedding_and_all_layers_single_token,belief,1.0,0.44755883552437725,640,30.7,0.44173359701592846
sphere_polar_c06_n_down_gamma_up_d0p1_a0p7_m16_d128l4h2mlp512_700m_seed0_k1,H-R2-05-polar-ladder-capacity,dc80726a8c987e8c3a9171299dac00d03a074311,d905ca316f5896a5816af025fee448c59e6f965c416b0d0396e0ad7ba1b9b921,fixed,0.7,5,0.7,0.1,699924480,sphere_polar_c06_n_down_gamma_up_d0p1_a0p7_m16,sphere_mess4,d128l4h2mlp512_700m_seed0_k1,0,1,128,4,random_init,single_layer_single_token,physics,1.0,0.7467503857482838,128,153.5,0.7521381505391664
sphere_polar_c06_n_down_gamma_up_d0p1_a0p7_m16_d128l4h2mlp512_700m_seed0_k1,H-R2-05-polar-ladder-capacity,dc80726a8c987e8c3a9171299dac00d03a074311,d905ca316f5896a5816af025fee448c59e6f965c416b0d0396e0ad7ba1b9b921,fixed,0.7,5,0.7,0.1,699924480,sphere_polar_c06_n_down_gamma_up_d0p1_a0p7_m16,sphere_mess4,d128l4h2mlp512_700m_seed0_k1,0,1,128,4,random_init,single_layer_single_token,belief,1.0,0.19056417115745877,128,153.5,0.18491824573716434
sphere_polar_c06_n_down_gamma_up_d0p1_a0p7_m16_d128l4h2mlp512_700m_seed0_k1,H-R2-05-polar-ladder-capacity,dc80726a8c987e8c3a9171299dac00d03a074311,d905ca316f5896a5816af025fee448c59e6f965c416b0d0396e0ad7ba1b9b921,fixed,0.7,5,0.7,0.1,699924480,sphere_polar_c06_n_down_gamma_up_d0p1_a0p7_m16,sphere_mess4,d128l4h2mlp512_700m_seed0_k1,0,1,128,4,random_init,all_block_layers_single_token,physics,1.0,0.8102379121263885,512,38.375,0.8178153923962157
sphere_polar_c06_n_down_gamma_up_d0p1_a0p7_m16_d128l4h2mlp512_700m_seed0_k1,H-R2-05-polar-ladder-capacity,dc80726a8c987e8c3a9171299dac00d03a074311,d905ca316f5896a5816af025fee448c59e6f965c416b0d0396e0ad7ba1b9b921,fixed,0.7,5,0.7,0.1,699924480,sphere_polar_c06_n_down_gamma_up_d0p1_a0p7_m16,sphere_mess4,d128l4h2mlp512_700m_seed0_k1,0,1,128,4,random_init,all_block_layers_single_token,belief,1.0,0.26895114225321276,512,38.375,0.2813020148554779
sphere_polar_c06_n_down_gamma_up_d0p1_a0p7_m16_d128l4h2mlp512_700m_seed0_k1,H-R2-05-polar-ladder-capacity,dc80726a8c987e8c3a9171299dac00d03a074311,d905ca316f5896a5816af025fee448c59e6f965c416b0d0396e0ad7ba1b9b921,fixed,0.7,5,0.7,0.1,699924480,sphere_polar_c06_n_down_gamma_up_d0p1_a0p7_m16,sphere_mess4,d128l4h2mlp512_700m_seed0_k1,0,1,128,4,random_init,embedding_and_all_layers_single_token,physics,1.0,0.819837465590803,640,30.7,0.8259700184586757
sphere_polar_c06_n_down_gamma_up_d0p1_a0p7_m16_d128l4h2mlp512_700m_seed0_k1,H-R2-05-polar-ladder-capacity,dc80726a8c987e8c3a9171299dac00d03a074311,d905ca316f5896a5816af025fee448c59e6f965c416b0d0396e0ad7ba1b9b921,fixed,0.7,5,0.7,0.1,699924480,sphere_polar_c06_n_down_gamma_up_d0p1_a0p7_m16,sphere_mess4,d128l4h2mlp512_700m_seed0_k1,0,1,128,4,random_init,embedding_and_all_layers_single_token,belief,1.0,0.2783811928697568,640,30.7,0.2931036406467271
sphere_polar_c06_n_down_gamma_up_d0p1_a0p7_m16_d128l4h2mlp512_700m_seed0_k2,H-R2-05-polar-ladder-capacity,dc80726a8c987e8c3a9171299dac00d03a074311,bacfc69a044b6ffa454b0aea946fa4725f97780a11e9c993abac26f45726073c,half,0.7,5,0.7,0.1,699924480,sphere_polar_c06_n_down_gamma_up_d0p1_a0p7_m16,sphere_mess4,d128l4h2mlp512_700m_seed0_k2,0,2,128,4,trained,single_layer_single_token,physics,1.0,0.8910972683621574,128,153.5,0.887657574478698
sphere_polar_c06_n_down_gamma_up_d0p1_a0p7_m16_d128l4h2mlp512_700m_seed0_k2,H-R2-05-polar-ladder-capacity,dc80726a8c987e8c3a9171299dac00d03a074311,bacfc69a044b6ffa454b0aea946fa4725f97780a11e9c993abac26f45726073c,half,0.7,5,0.7,0.1,699924480,sphere_polar_c06_n_down_gamma_up_d0p1_a0p7_m16,sphere_mess4,d128l4h2mlp512_700m_seed0_k2,0,2,128,4,trained,single_layer_single_token,belief,10.0,0.3067086476861395,128,153.5,0.3036587396646531
sphere_polar_c06_n_down_gamma_up_d0p1_a0p7_m16_d128l4h2mlp512_700m_seed0_k2,H-R2-05-polar-ladder-capacity,dc80726a8c987e8c3a9171299dac00d03a074311,bacfc69a044b6ffa454b0aea946fa4725f97780a11e9c993abac26f45726073c,half,0.7,5,0.7,0.1,699924480,sphere_polar_c06_n_down_gamma_up_d0p1_a0p7_m16,sphere_mess4,d128l4h2mlp512_700m_seed0_k2,0,2,128,4,trained,all_block_layers_single_token,physics,1.0,0.9932948700004877,512,38.375,0.9935122322626762
sphere_polar_c06_n_down_gamma_up_d0p1_a0p7_m16_d128l4h2mlp512_700m_seed0_k2,H-R2-05-polar-ladder-capacity,dc80726a8c987e8c3a9171299dac00d03a074311,bacfc69a044b6ffa454b0aea946fa4725f97780a11e9c993abac26f45726073c,half,0.7,5,0.7,0.1,699924480,sphere_polar_c06_n_down_gamma_up_d0p1_a0p7_m16,sphere_mess4,d128l4h2mlp512_700m_seed0_k2,0,2,128,4,trained,all_block_layers_single_token,belief,1.0,0.4524049740088208,512,38.375,0.45538571920175414
sphere_polar_c06_n_down_gamma_up_d0p1_a0p7_m16_d128l4h2mlp512_700m_seed0_k2,H-R2-05-polar-ladder-capacity,dc80726a8c987e8c3a9171299dac00d03a074311,bacfc69a044b6ffa454b0aea946fa4725f97780a11e9c993abac26f45726073c,half,0.7,5,0.7,0.1,699924480,sphere_polar_c06_n_down_gamma_up_d0p1_a0p7_m16,sphere_mess4,d128l4h2mlp512_700m_seed0_k2,0,2,128,4,trained,embedding_and_all_layers_single_token,physics,1.0,0.9953128506978006,640,30.7,0.9954243320250804
sphere_polar_c06_n_down_gamma_up_d0p1_a0p7_m16_d128l4h2mlp512_700m_seed0_k2,H-R2-05-polar-ladder-capacity,dc80726a8c987e8c3a9171299dac00d03a074311,bacfc69a044b6ffa454b0aea946fa4725f97780a11e9c993abac26f45726073c,half,0.7,5,0.7,0.1,699924480,sphere_polar_c06_n_down_gamma_up_d0p1_a0p7_m16,sphere_mess4,d128l4h2mlp512_700m_seed0_k2,0,2,128,4,trained,embedding_and_all_layers_single_token,belief,1.0,0.45874729358501354,640,30.7,0.46158056315939866
sphere_polar_c06_n_down_gamma_up_d0p1_a0p7_m16_d128l4h2mlp512_700m_seed0_k2,H-R2-05-polar-ladder-capacity,dc80726a8c987e8c3a9171299dac00d03a074311,bacfc69a044b6ffa454b0aea946fa4725f97780a11e9c993abac26f45726073c,half,0.7,5,0.7,0.1,699924480,sphere_polar_c06_n_down_gamma_up_d0p1_a0p7_m16,sphere_mess4,d128l4h2mlp512_700m_seed0_k2,0,2,128,4,random_init,single_layer_single_token,physics,1.0,0.7467503857482838,128,153.5,0.7521381505391664
sphere_polar_c06_n_down_gamma_up_d0p1_a0p7_m16_d128l4h2mlp512_700m_seed0_k2,H-R2-05-polar-ladder-capacity,dc80726a8c987e8c3a9171299dac00d03a074311,bacfc69a044b6ffa454b0aea946fa4725f97780a11e9c993abac26f45726073c,half,0.7,5,0.7,0.1,699924480,sphere_polar_c06_n_down_gamma_up_d0p1_a0p7_m16,sphere_mess4,d128l4h2mlp512_700m_seed0_k2,0,2,128,4,random_init,single_layer_single_token,belief,1.0,0.19056417115745877,128,153.5,0.18491824573716434
sphere_polar_c06_n_down_gamma_up_d0p1_a0p7_m16_d128l4h2mlp512_700m_seed0_k2,H-R2-05-polar-ladder-capacity,dc80726a8c987e8c3a9171299dac00d03a074311,bacfc69a044b6ffa454b0aea946fa4725f97780a11e9c993abac26f45726073c,half,0.7,5,0.7,0.1,699924480,sphere_polar_c06_n_down_gamma_up_d0p1_a0p7_m16,sphere_mess4,d128l4h2mlp512_700m_seed0_k2,0,2,128,4,random_init,all_block_layers_single_token,physics,1.0,0.8102379121263885,512,38.375,0.8178153923962157
sphere_polar_c06_n_down_gamma_up_d0p1_a0p7_m16_d128l4h2mlp512_700m_seed0_k2,H-R2-05-polar-ladder-capacity,dc80726a8c987e8c3a9171299dac00d03a074311,bacfc69a044b6ffa454b0aea946fa4725f97780a11e9c993abac26f45726073c,half,0.7,5,0.7,0.1,699924480,sphere_polar_c06_n_down_gamma_up_d0p1_a0p7_m16,sphere_mess4,d128l4h2mlp512_700m_seed0_k2,0,2,128,4,random_init,all_block_layers_single_token,belief,1.0,0.26895114225321276,512,38.375,0.2813020148554779
sphere_polar_c06_n_down_gamma_up_d0p1_a0p7_m16_d128l4h2mlp512_700m_seed0_k2,H-R2-05-polar-ladder-capacity,dc80726a8c987e8c3a9171299dac00d03a074311,bacfc69a044b6ffa454b0aea946fa4725f97780a11e9c993abac26f45726073c,half,0.7,5,0.7,0.1,699924480,sphere_polar_c06_n_down_gamma_up_d0p1_a0p7_m16,sphere_mess4,d128l4h2mlp512_700m_seed0_k2,0,2,128,4,random_init,embedding_and_all_layers_single_token,physics,1.0,0.819837465590803,640,30.7,0.8259700184586757
sphere_polar_c06_n_down_gamma_up_d0p1_a0p7_m16_d128l4h2mlp512_700m_seed0_k2,H-R2-05-polar-ladder-capacity,dc80726a8c987e8c3a9171299dac00d03a074311,bacfc69a044b6ffa454b0aea946fa4725f97780a11e9c993abac26f45726073c,half,0.7,5,0.7,0.1,699924480,sphere_polar_c06_n_down_gamma_up_d0p1_a0p7_m16,sphere_mess4,d128l4h2mlp512_700m_seed0_k2,0,2,128,4,random_init,embedding_and_all_layers_single_token,belief,1.0,0.2783811928697568,640,30.7,0.2931036406467271
sphere_polar_c06_n_down_gamma_up_d0p1_a0p7_m16_d128l4h2mlp512_700m_seed0_k6,H-R2-05-polar-ladder-capacity,dc80726a8c987e8c3a9171299dac00d03a074311,58196b8c2514d3441518fdcf2fdcbf2441b0c5fe45cee5fbedc496840e30abf4,n_plus_one,0.7,5,0.7,0.1,699924480,sphere_polar_c06_n_down_gamma_up_d0p1_a0p7_m16,sphere_mess4,d128l4h2mlp512_700m_seed0_k6,0,6,128,4,trained,single_layer_single_token,physics,10.0,0.9233982561057958,128,153.5,0.9257559921015535
sphere_polar_c06_n_down_gamma_up_d0p1_a0p7_m16_d128l4h2mlp512_700m_seed0_k6,H-R2-05-polar-ladder-capacity,dc80726a8c987e8c3a9171299dac00d03a074311,58196b8c2514d3441518fdcf2fdcbf2441b0c5fe45cee5fbedc496840e30abf4,n_plus_one,0.7,5,0.7,0.1,699924480,sphere_polar_c06_n_down_gamma_up_d0p1_a0p7_m16,sphere_mess4,d128l4h2mlp512_700m_seed0_k6,0,6,128,4,trained,single_layer_single_token,belief,10.0,0.3943317552902432,128,153.5,0.39759533145541687
sphere_polar_c06_n_down_gamma_up_d0p1_a0p7_m16_d128l4h2mlp512_700m_seed0_k6,H-R2-05-polar-ladder-capacity,dc80726a8c987e8c3a9171299dac00d03a074311,58196b8c2514d3441518fdcf2fdcbf2441b0c5fe45cee5fbedc496840e30abf4,n_plus_one,0.7,5,0.7,0.1,699924480,sphere_polar_c06_n_down_gamma_up_d0p1_a0p7_m16,sphere_mess4,d128l4h2mlp512_700m_seed0_k6,0,6,128,4,trained,all_block_layers_single_token,physics,1.0,0.9820632891017413,512,38.375,0.982857070579339
sphere_polar_c06_n_down_gamma_up_d0p1_a0p7_m16_d128l4h2mlp512_700m_seed0_k6,H-R2-05-polar-ladder-capacity,dc80726a8c987e8c3a9171299dac00d03a074311,58196b8c2514d3441518fdcf2fdcbf2441b0c5fe45cee5fbedc496840e30abf4,n_plus_one,0.7,5,0.7,0.1,699924480,sphere_polar_c06_n_down_gamma_up_d0p1_a0p7_m16,sphere_mess4,d128l4h2mlp512_700m_seed0_k6,0,6,128,4,trained,all_block_layers_single_token,belief,10.0,0.5464709583484614,512,38.375,0.5509700273466569
sphere_polar_c06_n_down_gamma_up_d0p1_a0p7_m16_d128l4h2mlp512_700m_seed0_k6,H-R2-05-polar-ladder-capacity,dc80726a8c987e8c3a9171299dac00d03a074311,58196b8c2514d3441518fdcf2fdcbf2441b0c5fe45cee5fbedc496840e30abf4,n_plus_one,0.7,5,0.7,0.1,699924480,sphere_polar_c06_n_down_gamma_up_d0p1_a0p7_m16,sphere_mess4,d128l4h2mlp512_700m_seed0_k6,0,6,128,4,trained,embedding_and_all_layers_single_token,physics,1.0,0.9846413613219889,640,30.7,0.9846391212584578
sphere_polar_c06_n_down_gamma_up_d0p1_a0p7_m16_d128l4h2mlp512_700m_seed0_k6,H-R2-05-polar-ladder-capacity,dc80726a8c987e8c3a9171299dac00d03a074311,58196b8c2514d3441518fdcf2fdcbf2441b0c5fe45cee5fbedc496840e30abf4,n_plus_one,0.7,5,0.7,0.1,699924480,sphere_polar_c06_n_down_gamma_up_d0p1_a0p7_m16,sphere_mess4,d128l4h2mlp512_700m_seed0_k6,0,6,128,4,trained,embedding_and_all_layers_single_token,belief,10.0,0.5534496522033263,640,30.7,0.5566742408371612
sphere_polar_c06_n_down_gamma_up_d0p1_a0p7_m16_d128l4h2mlp512_700m_seed0_k6,H-R2-05-polar-ladder-capacity,dc80726a8c987e8c3a9171299dac00d03a074311,58196b8c2514d3441518fdcf2fdcbf2441b0c5fe45cee5fbedc496840e30abf4,n_plus_one,0.7,5,0.7,0.1,699924480,sphere_polar_c06_n_down_gamma_up_d0p1_a0p7_m16,sphere_mess4,d128l4h2mlp512_700m_seed0_k6,0,6,128,4,random_init,single_layer_single_token,physics,1.0,0.7467503857482838,128,153.5,0.7521381505391664
sphere_polar_c06_n_down_gamma_up_d0p1_a0p7_m16_d128l4h2mlp512_700m_seed0_k6,H-R2-05-polar-ladder-capacity,dc80726a8c987e8c3a9171299dac00d03a074311,58196b8c2514d3441518fdcf2fdcbf2441b0c5fe45cee5fbedc496840e30abf4,n_plus_one,0.7,5,0.7,0.1,699924480,sphere_polar_c06_n_down_gamma_up_d0p1_a0p7_m16,sphere_mess4,d128l4h2mlp512_700m_seed0_k6,0,6,128,4,random_init,single_layer_single_token,belief,1.0,0.19056417115745877,128,153.5,0.18491824573716434
sphere_polar_c06_n_down_gamma_up_d0p1_a0p7_m16_d128l4h2mlp512_700m_seed0_k6,H-R2-05-polar-ladder-capacity,dc80726a8c987e8c3a9171299dac00d03a074311,58196b8c2514d3441518fdcf2fdcbf2441b0c5fe45cee5fbedc496840e30abf4,n_plus_one,0.7,5,0.7,0.1,699924480,sphere_polar_c06_n_down_gamma_up_d0p1_a0p7_m16,sphere_mess4,d128l4h2mlp512_700m_seed0_k6,0,6,128,4,random_init,all_block_layers_single_token,physics,1.0,0.8102379121263885,512,38.375,0.8178153923962157
sphere_polar_c06_n_down_gamma_up_d0p1_a0p7_m16_d128l4h2mlp512_700m_seed0_k6,H-R2-05-polar-ladder-capacity,dc80726a8c987e8c3a9171299dac00d03a074311,58196b8c2514d3441518fdcf2fdcbf2441b0c5fe45cee5fbedc496840e30abf4,n_plus_one,0.7,5,0.7,0.1,699924480,sphere_polar_c06_n_down_gamma_up_d0p1_a0p7_m16,sphere_mess4,d128l4h2mlp512_700m_seed0_k6,0,6,128,4,random_init,all_block_layers_single_token,belief,1.0,0.26895114225321276,512,38.375,0.2813020148554779
sphere_polar_c06_n_down_gamma_up_d0p1_a0p7_m16_d128l4h2mlp512_700m_seed0_k6,H-R2-05-polar-ladder-capacity,dc80726a8c987e8c3a9171299dac00d03a074311,58196b8c2514d3441518fdcf2fdcbf2441b0c5fe45cee5fbedc496840e30abf4,n_plus_one,0.7,5,0.7,0.1,699924480,sphere_polar_c06_n_down_gamma_up_d0p1_a0p7_m16,sphere_mess4,d128l4h2mlp512_700m_seed0_k6,0,6,128,4,random_init,embedding_and_all_layers_single_token,physics,1.0,0.819837465590803,640,30.7,0.8259700184586757
sphere_polar_c06_n_down_gamma_up_d0p1_a0p7_m16_d128l4h2mlp512_700m_seed0_k6,H-R2-05-polar-ladder-capacity,dc80726a8c987e8c3a9171299dac00d03a074311,58196b8c2514d3441518fdcf2fdcbf2441b0c5fe45cee5fbedc496840e30abf4,n_plus_one,0.7,5,0.7,0.1,699924480,sphere_polar_c06_n_down_gamma_up_d0p1_a0p7_m16,sphere_mess4,d128l4h2mlp512_700m_seed0_k6,0,6,128,4,random_init,embedding_and_all_layers_single_token,belief,1.0,0.2783811928697568,640,30.7,0.2931036406467271
sphere_polar_c06_n_down_gamma_up_d0p1_a0p85_m16_d128l4h2mlp512_700m_seed0_k1,H-R2-05-polar-ladder-capacity,dc80726a8c987e8c3a9171299dac00d03a074311,d9e783548e5960ffa5e92c1eb4df8c47f95c11cdfbc90bbea8f66fb1be9bf785,fixed,0.85,5,0.7,0.1,699924480,sphere_polar_c06_n_down_gamma_up_d0p1_a0p85_m16,sphere_mess4,d128l4h2mlp512_700m_seed0_k1,0,1,128,4,trained,single_layer_single_token,physics,1.0,0.8827862040176637,128,153.625,0.8790477247075155
sphere_polar_c06_n_down_gamma_up_d0p1_a0p85_m16_d128l4h2mlp512_700m_seed0_k1,H-R2-05-polar-ladder-capacity,dc80726a8c987e8c3a9171299dac00d03a074311,d9e783548e5960ffa5e92c1eb4df8c47f95c11cdfbc90bbea8f66fb1be9bf785,fixed,0.85,5,0.7,0.1,699924480,sphere_polar_c06_n_down_gamma_up_d0p1_a0p85_m16,sphere_mess4,d128l4h2mlp512_700m_seed0_k1,0,1,128,4,trained,single_layer_single_token,belief,10.0,0.32188040725065425,128,153.625,0.32641416573007476
sphere_polar_c06_n_down_gamma_up_d0p1_a0p85_m16_d128l4h2mlp512_700m_seed0_k1,H-R2-05-polar-ladder-capacity,dc80726a8c987e8c3a9171299dac00d03a074311,d9e783548e5960ffa5e92c1eb4df8c47f95c11cdfbc90bbea8f66fb1be9bf785,fixed,0.85,5,0.7,0.1,699924480,sphere_polar_c06_n_down_gamma_up_d0p1_a0p85_m16,sphere_mess4,d128l4h2mlp512_700m_seed0_k1,0,1,128,4,trained,all_block_layers_single_token,physics,10.0,0.9896635947919694,512,38.40625,0.9896116154963164
sphere_polar_c06_n_down_gamma_up_d0p1_a0p85_m16_d128l4h2mlp512_700m_seed0_k1,H-R2-05-polar-ladder-capacity,dc80726a8c987e8c3a9171299dac00d03a074311,d9e783548e5960ffa5e92c1eb4df8c47f95c11cdfbc90bbea8f66fb1be9bf785,fixed,0.85,5,0.7,0.1,699924480,sphere_polar_c06_n_down_gamma_up_d0p1_a0p85_m16,sphere_mess4,d128l4h2mlp512_700m_seed0_k1,0,1,128,4,trained,all_block_layers_single_token,belief,10.0,0.5074443063250869,512,38.40625,0.5147252095782016
sphere_polar_c06_n_down_gamma_up_d0p1_a0p85_m16_d128l4h2mlp512_700m_seed0_k1,H-R2-05-polar-ladder-capacity,dc80726a8c987e8c3a9171299dac00d03a074311,d9e783548e5960ffa5e92c1eb4df8c47f95c11cdfbc90bbea8f66fb1be9bf785,fixed,0.85,5,0.7,0.1,699924480,sphere_polar_c06_n_down_gamma_up_d0p1_a0p85_m16,sphere_mess4,d128l4h2mlp512_700m_seed0_k1,0,1,128,4,trained,embedding_and_all_layers_single_token,physics,1.0,0.9921196583915972,640,30.725,0.9920808551466773
sphere_polar_c06_n_down_gamma_up_d0p1_a0p85_m16_d128l4h2mlp512_700m_seed0_k1,H-R2-05-polar-ladder-capacity,dc80726a8c987e8c3a9171299dac00d03a074311,d9e783548e5960ffa5e92c1eb4df8c47f95c11cdfbc90bbea8f66fb1be9bf785,fixed,0.85,5,0.7,0.1,699924480,sphere_polar_c06_n_down_gamma_up_d0p1_a0p85_m16,sphere_mess4,d128l4h2mlp512_700m_seed0_k1,0,1,128,4,trained,embedding_and_all_layers_single_token,belief,10.0,0.5175895721054864,640,30.725,0.5261914049917205
sphere_polar_c06_n_down_gamma_up_d0p1_a0p85_m16_d128l4h2mlp512_700m_seed0_k1,H-R2-05-polar-ladder-capacity,dc80726a8c987e8c3a9171299dac00d03a074311,d9e783548e5960ffa5e92c1eb4df8c47f95c11cdfbc90bbea8f66fb1be9bf785,fixed,0.85,5,0.7,0.1,699924480,sphere_polar_c06_n_down_gamma_up_d0p1_a0p85_m16,sphere_mess4,d128l4h2mlp512_700m_seed0_k1,0,1,128,4,random_init,single_layer_single_token,physics,1.0,0.7462499739575564,128,153.625,0.7561693155904868
sphere_polar_c06_n_down_gamma_up_d0p1_a0p85_m16_d128l4h2mlp512_700m_seed0_k1,H-R2-05-polar-ladder-capacity,dc80726a8c987e8c3a9171299dac00d03a074311,d9e783548e5960ffa5e92c1eb4df8c47f95c11cdfbc90bbea8f66fb1be9bf785,fixed,0.85,5,0.7,0.1,699924480,sphere_polar_c06_n_down_gamma_up_d0p1_a0p85_m16,sphere_mess4,d128l4h2mlp512_700m_seed0_k1,0,1,128,4,random_init,single_layer_single_token,belief,1.0,0.20853890083665247,128,153.625,0.2028509711947494
sphere_polar_c06_n_down_gamma_up_d0p1_a0p85_m16_d128l4h2mlp512_700m_seed0_k1,H-R2-05-polar-ladder-capacity,dc80726a8c987e8c3a9171299dac00d03a074311,d9e783548e5960ffa5e92c1eb4df8c47f95c11cdfbc90bbea8f66fb1be9bf785,fixed,0.85,5,0.7,0.1,699924480,sphere_polar_c06_n_down_gamma_up_d0p1_a0p85_m16,sphere_mess4,d128l4h2mlp512_700m_seed0_k1,0,1,128,4,random_init,all_block_layers_single_token,physics,1.0,0.8157114069452551,512,38.40625,0.8214017469413915
sphere_polar_c06_n_down_gamma_up_d0p1_a0p85_m16_d128l4h2mlp512_700m_seed0_k1,H-R2-05-polar-ladder-capacity,dc80726a8c987e8c3a9171299dac00d03a074311,d9e783548e5960ffa5e92c1eb4df8c47f95c11cdfbc90bbea8f66fb1be9bf785,fixed,0.85,5,0.7,0.1,699924480,sphere_polar_c06_n_down_gamma_up_d0p1_a0p85_m16,sphere_mess4,d128l4h2mlp512_700m_seed0_k1,0,1,128,4,random_init,all_block_layers_single_token,belief,1.0,0.30686485380517425,512,38.40625,0.30301538149609686
sphere_polar_c06_n_down_gamma_up_d0p1_a0p85_m16_d128l4h2mlp512_700m_seed0_k1,H-R2-05-polar-ladder-capacity,dc80726a8c987e8c3a9171299dac00d03a074311,d9e783548e5960ffa5e92c1eb4df8c47f95c11cdfbc90bbea8f66fb1be9bf785,fixed,0.85,5,0.7,0.1,699924480,sphere_polar_c06_n_down_gamma_up_d0p1_a0p85_m16,sphere_mess4,d128l4h2mlp512_700m_seed0_k1,0,1,128,4,random_init,embedding_and_all_layers_single_token,physics,1.0,0.8261601913599708,640,30.725,0.8293062555947354
sphere_polar_c06_n_down_gamma_up_d0p1_a0p85_m16_d128l4h2mlp512_700m_seed0_k1,H-R2-05-polar-ladder-capacity,dc80726a8c987e8c3a9171299dac00d03a074311,d9e783548e5960ffa5e92c1eb4df8c47f95c11cdfbc90bbea8f66fb1be9bf785,fixed,0.85,5,0.7,0.1,699924480,sphere_polar_c06_n_down_gamma_up_d0p1_a0p85_m16,sphere_mess4,d128l4h2mlp512_700m_seed0_k1,0,1,128,4,random_init,embedding_and_all_layers_single_token,belief,1.0,0.31488867271204835,640,30.725,0.31451680187157405
sphere_polar_c06_n_down_gamma_up_d0p1_a0p85_m16_d128l4h2mlp512_700m_seed0_k2,H-R2-05-polar-ladder-capacity,dc80726a8c987e8c3a9171299dac00d03a074311,dc950b67389a2724a03e6d68eca6324ef4b3bec7c99b1f8e428c54bcd0d5f822,half,0.85,5,0.7,0.1,699924480,sphere_polar_c06_n_down_gamma_up_d0p1_a0p85_m16,sphere_mess4,d128l4h2mlp512_700m_seed0_k2,0,2,128,4,trained,single_layer_single_token,physics,10.0,0.8718632591124398,128,153.625,0.8682516034069343
sphere_polar_c06_n_down_gamma_up_d0p1_a0p85_m16_d128l4h2mlp512_700m_seed0_k2,H-R2-05-polar-ladder-capacity,dc80726a8c987e8c3a9171299dac00d03a074311,dc950b67389a2724a03e6d68eca6324ef4b3bec7c99b1f8e428c54bcd0d5f822,half,0.85,5,0.7,0.1,699924480,sphere_polar_c06_n_down_gamma_up_d0p1_a0p85_m16,sphere_mess4,d128l4h2mlp512_700m_seed0_k2,0,2,128,4,trained,single_layer_single_token,belief,10.0,0.39240024943405516,128,153.625,0.3852050874722118
sphere_polar_c06_n_down_gamma_up_d0p1_a0p85_m16_d128l4h2mlp512_700m_seed0_k2,H-R2-05-polar-ladder-capacity,dc80726a8c987e8c3a9171299dac00d03a074311,dc950b67389a2724a03e6d68eca6324ef4b3bec7c99b1f8e428c54bcd0d5f822,half,0.85,5,0.7,0.1,699924480,sphere_polar_c06_n_down_gamma_up_d0p1_a0p85_m16,sphere_mess4,d128l4h2mlp512_700m_seed0_k2,0,2,128,4,trained,all_block_layers_single_token,physics,1.0,0.9933163535480644,512,38.40625,0.9932084954010709
sphere_polar_c06_n_down_gamma_up_d0p1_a0p85_m16_d128l4h2mlp512_700m_seed0_k2,H-R2-05-polar-ladder-capacity,dc80726a8c987e8c3a9171299dac00d03a074311,dc950b67389a2724a03e6d68eca6324ef4b3bec7c99b1f8e428c54bcd0d5f822,half,0.85,5,0.7,0.1,699924480,sphere_polar_c06_n_down_gamma_up_d0p1_a0p85_m16,sphere_mess4,d128l4h2mlp512_700m_seed0_k2,0,2,128,4,trained,all_block_layers_single_token,belief,10.0,0.5773420569279759,512,38.40625,0.5852760130370238
sphere_polar_c06_n_down_gamma_up_d0p1_a0p85_m16_d128l4h2mlp512_700m_seed0_k2,H-R2-05-polar-ladder-capacity,dc80726a8c987e8c3a9171299dac00d03a074311,dc950b67389a2724a03e6d68eca6324ef4b3bec7c99b1f8e428c54bcd0d5f822,half,0.85,5,0.7,0.1,699924480,sphere_polar_c06_n_down_gamma_up_d0p1_a0p85_m16,sphere_mess4,d128l4h2mlp512_700m_seed0_k2,0,2,128,4,trained,embedding_and_all_layers_single_token,physics,1.0,0.9950616300878093,640,30.725,0.994730806365832
sphere_polar_c06_n_down_gamma_up_d0p1_a0p85_m16_d128l4h2mlp512_700m_seed0_k2,H-R2-05-polar-ladder-capacity,dc80726a8c987e8c3a9171299dac00d03a074311,dc950b67389a2724a03e6d68eca6324ef4b3bec7c99b1f8e428c54bcd0d5f822,half,0.85,5,0.7,0.1,699924480,sphere_polar_c06_n_down_gamma_up_d0p1_a0p85_m16,sphere_mess4,d128l4h2mlp512_700m_seed0_k2,0,2,128,4,trained,embedding_and_all_layers_single_token,belief,10.0,0.5831095012287811,640,30.725,0.5913649431943064
sphere_polar_c06_n_down_gamma_up_d0p1_a0p85_m16_d128l4h2mlp512_700m_seed0_k2,H-R2-05-polar-ladder-capacity,dc80726a8c987e8c3a9171299dac00d03a074311,dc950b67389a2724a03e6d68eca6324ef4b3bec7c99b1f8e428c54bcd0d5f822,half,0.85,5,0.7,0.1,699924480,sphere_polar_c06_n_down_gamma_up_d0p1_a0p85_m16,sphere_mess4,d128l4h2mlp512_700m_seed0_k2,0,2,128,4,random_init,single_layer_single_token,physics,1.0,0.7462499739575564,128,153.625,0.7561693155904868
sphere_polar_c06_n_down_gamma_up_d0p1_a0p85_m16_d128l4h2mlp512_700m_seed0_k2,H-R2-05-polar-ladder-capacity,dc80726a8c987e8c3a9171299dac00d03a074311,dc950b67389a2724a03e6d68eca6324ef4b3bec7c99b1f8e428c54bcd0d5f822,half,0.85,5,0.7,0.1,699924480,sphere_polar_c06_n_down_gamma_up_d0p1_a0p85_m16,sphere_mess4,d128l4h2mlp512_700m_seed0_k2,0,2,128,4,random_init,single_layer_single_token,belief,1.0,0.20853890083665247,128,153.625,0.2028509711947494
sphere_polar_c06_n_down_gamma_up_d0p1_a0p85_m16_d128l4h2mlp512_700m_seed0_k2,H-R2-05-polar-ladder-capacity,dc80726a8c987e8c3a9171299dac00d03a074311,dc950b67389a2724a03e6d68eca6324ef4b3bec7c99b1f8e428c54bcd0d5f822,half,0.85,5,0.7,0.1,699924480,sphere_polar_c06_n_down_gamma_up_d0p1_a0p85_m16,sphere_mess4,d128l4h2mlp512_700m_seed0_k2,0,2,128,4,random_init,all_block_layers_single_token,physics,1.0,0.8157114069452551,512,38.40625,0.8214017469413915
sphere_polar_c06_n_down_gamma_up_d0p1_a0p85_m16_d128l4h2mlp512_700m_seed0_k2,H-R2-05-polar-ladder-capacity,dc80726a8c987e8c3a9171299dac00d03a074311,dc950b67389a2724a03e6d68eca6324ef4b3bec7c99b1f8e428c54bcd0d5f822,half,0.85,5,0.7,0.1,699924480,sphere_polar_c06_n_down_gamma_up_d0p1_a0p85_m16,sphere_mess4,d128l4h2mlp512_700m_seed0_k2,0,2,128,4,random_init,all_block_layers_single_token,belief,1.0,0.30686485380517425,512,38.40625,0.30301538149609686
sphere_polar_c06_n_down_gamma_up_d0p1_a0p85_m16_d128l4h2mlp512_700m_seed0_k2,H-R2-05-polar-ladder-capacity,dc80726a8c987e8c3a9171299dac00d03a074311,dc950b67389a2724a03e6d68eca6324ef4b3bec7c99b1f8e428c54bcd0d5f822,half,0.85,5,0.7,0.1,699924480,sphere_polar_c06_n_down_gamma_up_d0p1_a0p85_m16,sphere_mess4,d128l4h2mlp512_700m_seed0_k2,0,2,128,4,random_init,embedding_and_all_layers_single_token,physics,1.0,0.8261601913599708,640,30.725,0.8293062555947354
sphere_polar_c06_n_down_gamma_up_d0p1_a0p85_m16_d128l4h2mlp512_700m_seed0_k2,H-R2-05-polar-ladder-capacity,dc80726a8c987e8c3a9171299dac00d03a074311,dc950b67389a2724a03e6d68eca6324ef4b3bec7c99b1f8e428c54bcd0d5f822,half,0.85,5,0.7,0.1,699924480,sphere_polar_c06_n_down_gamma_up_d0p1_a0p85_m16,sphere_mess4,d128l4h2mlp512_700m_seed0_k2,0,2,128,4,random_init,embedding_and_all_layers_single_token,belief,1.0,0.31488867271204835,640,30.725,0.31451680187157405
sphere_polar_c06_n_down_gamma_up_d0p1_a0p85_m16_d128l4h2mlp512_700m_seed0_k6,H-R2-05-polar-ladder-capacity,dc80726a8c987e8c3a9171299dac00d03a074311,5ab8b09357cd9d9f73db231d094ec73a6949d12bb4ad1068a10b08400c7ee983,n_plus_one,0.85,5,0.7,0.1,699924480,sphere_polar_c06_n_down_gamma_up_d0p1_a0p85_m16,sphere_mess4,d128l4h2mlp512_700m_seed0_k6,0,6,128,4,trained,single_layer_single_token,physics,1.0,0.8924697090377286,128,153.625,0.8983844704301607
sphere_polar_c06_n_down_gamma_up_d0p1_a0p85_m16_d128l4h2mlp512_700m_seed0_k6,H-R2-05-polar-ladder-capacity,dc80726a8c987e8c3a9171299dac00d03a074311,5ab8b09357cd9d9f73db231d094ec73a6949d12bb4ad1068a10b08400c7ee983,n_plus_one,0.85,5,0.7,0.1,699924480,sphere_polar_c06_n_down_gamma_up_d0p1_a0p85_m16,sphere_mess4,d128l4h2mlp512_700m_seed0_k6,0,6,128,4,trained,single_layer_single_token,belief,10.0,0.48154236993031196,128,153.625,0.48829358253640903
sphere_polar_c06_n_down_gamma_up_d0p1_a0p85_m16_d128l4h2mlp512_700m_seed0_k6,H-R2-05-polar-ladder-capacity,dc80726a8c987e8c3a9171299dac00d03a074311,5ab8b09357cd9d9f73db231d094ec73a6949d12bb4ad1068a10b08400c7ee983,n_plus_one,0.85,5,0.7,0.1,699924480,sphere_polar_c06_n_down_gamma_up_d0p1_a0p85_m16,sphere_mess4,d128l4h2mlp512_700m_seed0_k6,0,6,128,4,trained,all_block_layers_single_token,physics,1.0,0.9809719819963025,512,38.40625,0.9819501593055993
sphere_polar_c06_n_down_gamma_up_d0p1_a0p85_m16_d128l4h2mlp512_700m_seed0_k6,H-R2-05-polar-ladder-capacity,dc80726a8c987e8c3a9171299dac00d03a074311,5ab8b09357cd9d9f73db231d094ec73a6949d12bb4ad1068a10b08400c7ee983,n_plus_one,0.85,5,0.7,0.1,699924480,sphere_polar_c06_n_down_gamma_up_d0p1_a0p85_m16,sphere_mess4,d128l4h2mlp512_700m_seed0_k6,0,6,128,4,trained,all_block_layers_single_token,belief,10.0,0.6607013418071541,512,38.40625,0.6644853390224588
sphere_polar_c06_n_down_gamma_up_d0p1_a0p85_m16_d128l4h2mlp512_700m_seed0_k6,H-R2-05-polar-ladder-capacity,dc80726a8c987e8c3a9171299dac00d03a074311,5ab8b09357cd9d9f73db231d094ec73a6949d12bb4ad1068a10b08400c7ee983,n_plus_one,0.85,5,0.7,0.1,699924480,sphere_polar_c06_n_down_gamma_up_d0p1_a0p85_m16,sphere_mess4,d128l4h2mlp512_700m_seed0_k6,0,6,128,4,trained,embedding_and_all_layers_single_token,physics,1.0,0.9831171022691898,640,30.725,0.9840393909428033
sphere_polar_c06_n_down_gamma_up_d0p1_a0p85_m16_d128l4h2mlp512_700m_seed0_k6,H-R2-05-polar-ladder-capacity,dc80726a8c987e8c3a9171299dac00d03a074311,5ab8b09357cd9d9f73db231d094ec73a6949d12bb4ad1068a10b08400c7ee983,n_plus_one,0.85,5,0.7,0.1,699924480,sphere_polar_c06_n_down_gamma_up_d0p1_a0p85_m16,sphere_mess4,d128l4h2mlp512_700m_seed0_k6,0,6,128,4,trained,embedding_and_all_layers_single_token,belief,10.0,0.667098788646344,640,30.725,0.6713697913854609
sphere_polar_c06_n_down_gamma_up_d0p1_a0p85_m16_d128l4h2mlp512_700m_seed0_k6,H-R2-05-polar-ladder-capacity,dc80726a8c987e8c3a9171299dac00d03a074311,5ab8b09357cd9d9f73db231d094ec73a6949d12bb4ad1068a10b08400c7ee983,n_plus_one,0.85,5,0.7,0.1,699924480,sphere_polar_c06_n_down_gamma_up_d0p1_a0p85_m16,sphere_mess4,d128l4h2mlp512_700m_seed0_k6,0,6,128,4,random_init,single_layer_single_token,physics,1.0,0.7462499739575564,128,153.625,0.7561693155904868
sphere_polar_c06_n_down_gamma_up_d0p1_a0p85_m16_d128l4h2mlp512_700m_seed0_k6,H-R2-05-polar-ladder-capacity,dc80726a8c987e8c3a9171299dac00d03a074311,5ab8b09357cd9d9f73db231d094ec73a6949d12bb4ad1068a10b08400c7ee983,n_plus_one,0.85,5,0.7,0.1,699924480,sphere_polar_c06_n_down_gamma_up_d0p1_a0p85_m16,sphere_mess4,d128l4h2mlp512_700m_seed0_k6,0,6,128,4,random_init,single_layer_single_token,belief,1.0,0.20853890083665247,128,153.625,0.2028509711947494
sphere_polar_c06_n_down_gamma_up_d0p1_a0p85_m16_d128l4h2mlp512_700m_seed0_k6,H-R2-05-polar-ladder-capacity,dc80726a8c987e8c3a9171299dac00d03a074311,5ab8b09357cd9d9f73db231d094ec73a6949d12bb4ad1068a10b08400c7ee983,n_plus_one,0.85,5,0.7,0.1,699924480,sphere_polar_c06_n_down_gamma_up_d0p1_a0p85_m16,sphere_mess4,d128l4h2mlp512_700m_seed0_k6,0,6,128,4,random_init,all_block_layers_single_token,physics,1.0,0.8157114069452551,512,38.40625,0.8214017469413915
sphere_polar_c06_n_down_gamma_up_d0p1_a0p85_m16_d128l4h2mlp512_700m_seed0_k6,H-R2-05-polar-ladder-capacity,dc80726a8c987e8c3a9171299dac00d03a074311,5ab8b09357cd9d9f73db231d094ec73a6949d12bb4ad1068a10b08400c7ee983,n_plus_one,0.85,5,0.7,0.1,699924480,sphere_polar_c06_n_down_gamma_up_d0p1_a0p85_m16,sphere_mess4,d128l4h2mlp512_700m_seed0_k6,0,6,128,4,random_init,all_block_layers_single_token,belief,1.0,0.30686485380517425,512,38.40625,0.30301538149609686
sphere_polar_c06_n_down_gamma_up_d0p1_a0p85_m16_d128l4h2mlp512_700m_seed0_k6,H-R2-05-polar-ladder-capacity,dc80726a8c987e8c3a9171299dac00d03a074311,5ab8b09357cd9d9f73db231d094ec73a6949d12bb4ad1068a10b08400c7ee983,n_plus_one,0.85,5,0.7,0.1,699924480,sphere_polar_c06_n_down_gamma_up_d0p1_a0p85_m16,sphere_mess4,d128l4h2mlp512_700m_seed0_k6,0,6,128,4,random_init,embedding_and_all_layers_single_token,physics,1.0,0.8261601913599708,640,30.725,0.8293062555947354
sphere_polar_c06_n_down_gamma_up_d0p1_a0p85_m16_d128l4h2mlp512_700m_seed0_k6,H-R2-05-polar-ladder-capacity,dc80726a8c987e8c3a9171299dac00d03a074311,5ab8b09357cd9d9f73db231d094ec73a6949d12bb4ad1068a10b08400c7ee983,n_plus_one,0.85,5,0.7,0.1,699924480,sphere_polar_c06_n_down_gamma_up_d0p1_a0p85_m16,sphere_mess4,d128l4h2mlp512_700m_seed0_k6,0,6,128,4,random_init,embedding_and_all_layers_single_token,belief,1.0,0.31488867271204835,640,30.725,0.31451680187157405
sphere_polar_c06_n_down_gamma_up_d0p1_a0p95_m16_d128l4h2mlp512_700m_seed0_k1,H-R2-05-polar-ladder-capacity,dc80726a8c987e8c3a9171299dac00d03a074311,cf852cbe06c88c86e8c7782eba0ebb77470d8ead6699ed42f8bfaf0c9d2b7bfb,fixed,0.95,5,0.7,0.1,699924480,sphere_polar_c06_n_down_gamma_up_d0p1_a0p95_m16,sphere_mess4,d128l4h2mlp512_700m_seed0_k1,0,1,128,4,trained,single_layer_single_token,physics,1.0,0.8429684420102417,128,153.75,0.8372867303879608
sphere_polar_c06_n_down_gamma_up_d0p1_a0p95_m16_d128l4h2mlp512_700m_seed0_k1,H-R2-05-polar-ladder-capacity,dc80726a8c987e8c3a9171299dac00d03a074311,cf852cbe06c88c86e8c7782eba0ebb77470d8ead6699ed42f8bfaf0c9d2b7bfb,fixed,0.95,5,0.7,0.1,699924480,sphere_polar_c06_n_down_gamma_up_d0p1_a0p95_m16,sphere_mess4,d128l4h2mlp512_700m_seed0_k1,0,1,128,4,trained,single_layer_single_token,belief,10.0,0.3899015607842815,128,153.75,0.39086281868513617
sphere_polar_c06_n_down_gamma_up_d0p1_a0p95_m16_d128l4h2mlp512_700m_seed0_k1,H-R2-05-polar-ladder-capacity,dc80726a8c987e8c3a9171299dac00d03a074311,cf852cbe06c88c86e8c7782eba0ebb77470d8ead6699ed42f8bfaf0c9d2b7bfb,fixed,0.95,5,0.7,0.1,699924480,sphere_polar_c06_n_down_gamma_up_d0p1_a0p95_m16,sphere_mess4,d128l4h2mlp512_700m_seed0_k1,0,1,128,4,trained,all_block_layers_single_token,physics,1.0,0.9889966018378333,512,38.4375,0.9877018001363235
sphere_polar_c06_n_down_gamma_up_d0p1_a0p95_m16_d128l4h2mlp512_700m_seed0_k1,H-R2-05-polar-ladder-capacity,dc80726a8c987e8c3a9171299dac00d03a074311,cf852cbe06c88c86e8c7782eba0ebb77470d8ead6699ed42f8bfaf0c9d2b7bfb,fixed,0.95,5,0.7,0.1,699924480,sphere_polar_c06_n_down_gamma_up_d0p1_a0p95_m16,sphere_mess4,d128l4h2mlp512_700m_seed0_k1,0,1,128,4,trained,all_block_layers_single_token,belief,10.0,0.5537343043058175,512,38.4375,0.5701345379580817
sphere_polar_c06_n_down_gamma_up_d0p1_a0p95_m16_d128l4h2mlp512_700m_seed0_k1,H-R2-05-polar-ladder-capacity,dc80726a8c987e8c3a9171299dac00d03a074311,cf852cbe06c88c86e8c7782eba0ebb77470d8ead6699ed42f8bfaf0c9d2b7bfb,fixed,0.95,5,0.7,0.1,699924480,sphere_polar_c06_n_down_gamma_up_d0p1_a0p95_m16,sphere_mess4,d128l4h2mlp512_700m_seed0_k1,0,1,128,4,trained,embedding_and_all_layers_single_token,physics,1.0,0.9911540038974461,640,30.75,0.9906408319224633
sphere_polar_c06_n_down_gamma_up_d0p1_a0p95_m16_d128l4h2mlp512_700m_seed0_k1,H-R2-05-polar-ladder-capacity,dc80726a8c987e8c3a9171299dac00d03a074311,cf852cbe06c88c86e8c7782eba0ebb77470d8ead6699ed42f8bfaf0c9d2b7bfb,fixed,0.95,5,0.7,0.1,699924480,sphere_polar_c06_n_down_gamma_up_d0p1_a0p95_m16,sphere_mess4,d128l4h2mlp512_700m_seed0_k1,0,1,128,4,trained,embedding_and_all_layers_single_token,belief,10.0,0.5637270342403679,640,30.75,0.579563022423981
sphere_polar_c06_n_down_gamma_up_d0p1_a0p95_m16_d128l4h2mlp512_700m_seed0_k1,H-R2-05-polar-ladder-capacity,dc80726a8c987e8c3a9171299dac00d03a074311,cf852cbe06c88c86e8c7782eba0ebb77470d8ead6699ed42f8bfaf0c9d2b7bfb,fixed,0.95,5,0.7,0.1,699924480,sphere_polar_c06_n_down_gamma_up_d0p1_a0p95_m16,sphere_mess4,d128l4h2mlp512_700m_seed0_k1,0,1,128,4,random_init,single_layer_single_token,physics,1.0,0.7470239981163032,128,153.75,0.7638576251339969
sphere_polar_c06_n_down_gamma_up_d0p1_a0p95_m16_d128l4h2mlp512_700m_seed0_k1,H-R2-05-polar-ladder-capacity,dc80726a8c987e8c3a9171299dac00d03a074311,cf852cbe06c88c86e8c7782eba0ebb77470d8ead6699ed42f8bfaf0c9d2b7bfb,fixed,0.95,5,0.7,0.1,699924480,sphere_polar_c06_n_down_gamma_up_d0p1_a0p95_m16,sphere_mess4,d128l4h2mlp512_700m_seed0_k1,0,1,128,4,random_init,single_layer_single_token,belief,10.0,0.21827256186283073,128,153.75,0.21777504535599587
sphere_polar_c06_n_down_gamma_up_d0p1_a0p95_m16_d128l4h2mlp512_700m_seed0_k1,H-R2-05-polar-ladder-capacity,dc80726a8c987e8c3a9171299dac00d03a074311,cf852cbe06c88c86e8c7782eba0ebb77470d8ead6699ed42f8bfaf0c9d2b7bfb,fixed,0.95,5,0.7,0.1,699924480,sphere_polar_c06_n_down_gamma_up_d0p1_a0p95_m16,sphere_mess4,d128l4h2mlp512_700m_seed0_k1,0,1,128,4,random_init,all_block_layers_single_token,physics,1.0,0.8161458328328522,512,38.4375,0.8235466041748382
sphere_polar_c06_n_down_gamma_up_d0p1_a0p95_m16_d128l4h2mlp512_700m_seed0_k1,H-R2-05-polar-ladder-capacity,dc80726a8c987e8c3a9171299dac00d03a074311,cf852cbe06c88c86e8c7782eba0ebb77470d8ead6699ed42f8bfaf0c9d2b7bfb,fixed,0.95,5,0.7,0.1,699924480,sphere_polar_c06_n_down_gamma_up_d0p1_a0p95_m16,sphere_mess4,d128l4h2mlp512_700m_seed0_k1,0,1,128,4,random_init,all_block_layers_single_token,belief,1.0,0.3205976436356416,512,38.4375,0.324390691918764
sphere_polar_c06_n_down_gamma_up_d0p1_a0p95_m16_d128l4h2mlp512_700m_seed0_k1,H-R2-05-polar-ladder-capacity,dc80726a8c987e8c3a9171299dac00d03a074311,cf852cbe06c88c86e8c7782eba0ebb77470d8ead6699ed42f8bfaf0c9d2b7bfb,fixed,0.95,5,0.7,0.1,699924480,sphere_polar_c06_n_down_gamma_up_d0p1_a0p95_m16,sphere_mess4,d128l4h2mlp512_700m_seed0_k1,0,1,128,4,random_init,embedding_and_all_layers_single_token,physics,1.0,0.8243739562979489,640,30.75,0.8287762226294836
sphere_polar_c06_n_down_gamma_up_d0p1_a0p95_m16_d128l4h2mlp512_700m_seed0_k1,H-R2-05-polar-ladder-capacity,dc80726a8c987e8c3a9171299dac00d03a074311,cf852cbe06c88c86e8c7782eba0ebb77470d8ead6699ed42f8bfaf0c9d2b7bfb,fixed,0.95,5,0.7,0.1,699924480,sphere_polar_c06_n_down_gamma_up_d0p1_a0p95_m16,sphere_mess4,d128l4h2mlp512_700m_seed0_k1,0,1,128,4,random_init,embedding_and_all_layers_single_token,belief,1.0,0.3260957330797986,640,30.75,0.3341428359889932
sphere_polar_c06_n_down_gamma_up_d0p1_a0p95_m16_d128l4h2mlp512_700m_seed0_k2,H-R2-05-polar-ladder-capacity,dc80726a8c987e8c3a9171299dac00d03a074311,9035d002c0fd0ba94c6382c6411af72769587bd3268c80d7f66032843dacabfc,half,0.95,5,0.7,0.1,699924480,sphere_polar_c06_n_down_gamma_up_d0p1_a0p95_m16,sphere_mess4,d128l4h2mlp512_700m_seed0_k2,0,2,128,4,trained,single_layer_single_token,physics,1.0,0.8409683887753113,128,153.75,0.8451630902050338
sphere_polar_c06_n_down_gamma_up_d0p1_a0p95_m16_d128l4h2mlp512_700m_seed0_k2,H-R2-05-polar-ladder-capacity,dc80726a8c987e8c3a9171299dac00d03a074311,9035d002c0fd0ba94c6382c6411af72769587bd3268c80d7f66032843dacabfc,half,0.95,5,0.7,0.1,699924480,sphere_polar_c06_n_down_gamma_up_d0p1_a0p95_m16,sphere_mess4,d128l4h2mlp512_700m_seed0_k2,0,2,128,4,trained,single_layer_single_token,belief,10.0,0.4220089341589938,128,153.75,0.42584287384498065
sphere_polar_c06_n_down_gamma_up_d0p1_a0p95_m16_d128l4h2mlp512_700m_seed0_k2,H-R2-05-polar-ladder-capacity,dc80726a8c987e8c3a9171299dac00d03a074311,9035d002c0fd0ba94c6382c6411af72769587bd3268c80d7f66032843dacabfc,half,0.95,5,0.7,0.1,699924480,sphere_polar_c06_n_down_gamma_up_d0p1_a0p95_m16,sphere_mess4,d128l4h2mlp512_700m_seed0_k2,0,2,128,4,trained,all_block_layers_single_token,physics,1.0,0.9924853283383211,512,38.4375,0.9915524194014769
sphere_polar_c06_n_down_gamma_up_d0p1_a0p95_m16_d128l4h2mlp512_700m_seed0_k2,H-R2-05-polar-ladder-capacity,dc80726a8c987e8c3a9171299dac00d03a074311,9035d002c0fd0ba94c6382c6411af72769587bd3268c80d7f66032843dacabfc,half,0.95,5,0.7,0.1,699924480,sphere_polar_c06_n_down_gamma_up_d0p1_a0p95_m16,sphere_mess4,d128l4h2mlp512_700m_seed0_k2,0,2,128,4,trained,all_block_layers_single_token,belief,10.0,0.6260480283469702,512,38.4375,0.6388777417782655
sphere_polar_c06_n_down_gamma_up_d0p1_a0p95_m16_d128l4h2mlp512_700m_seed0_k2,H-R2-05-polar-ladder-capacity,dc80726a8c987e8c3a9171299dac00d03a074311,9035d002c0fd0ba94c6382c6411af72769587bd3268c80d7f66032843dacabfc,half,0.95,5,0.7,0.1,699924480,sphere_polar_c06_n_down_gamma_up_d0p1_a0p95_m16,sphere_mess4,d128l4h2mlp512_700m_seed0_k2,0,2,128,4,trained,embedding_and_all_layers_single_token,physics,1.0,0.9943146272052932,640,30.75,0.9939014445004422
sphere_polar_c06_n_down_gamma_up_d0p1_a0p95_m16_d128l4h2mlp512_700m_seed0_k2,H-R2-05-polar-ladder-capacity,dc80726a8c987e8c3a9171299dac00d03a074311,9035d002c0fd0ba94c6382c6411af72769587bd3268c80d7f66032843dacabfc,half,0.95,5,0.7,0.1,699924480,sphere_polar_c06_n_down_gamma_up_d0p1_a0p95_m16,sphere_mess4,d128l4h2mlp512_700m_seed0_k2,0,2,128,4,trained,embedding_and_all_layers_single_token,belief,10.0,0.6346026209491489,640,30.75,0.6450430756371833
sphere_polar_c06_n_down_gamma_up_d0p1_a0p95_m16_d128l4h2mlp512_700m_seed0_k2,H-R2-05-polar-ladder-capacity,dc80726a8c987e8c3a9171299dac00d03a074311,9035d002c0fd0ba94c6382c6411af72769587bd3268c80d7f66032843dacabfc,half,0.95,5,0.7,0.1,699924480,sphere_polar_c06_n_down_gamma_up_d0p1_a0p95_m16,sphere_mess4,d128l4h2mlp512_700m_seed0_k2,0,2,128,4,random_init,single_layer_single_token,physics,1.0,0.7470239981163032,128,153.75,0.7638576251339969
sphere_polar_c06_n_down_gamma_up_d0p1_a0p95_m16_d128l4h2mlp512_700m_seed0_k2,H-R2-05-polar-ladder-capacity,dc80726a8c987e8c3a9171299dac00d03a074311,9035d002c0fd0ba94c6382c6411af72769587bd3268c80d7f66032843dacabfc,half,0.95,5,0.7,0.1,699924480,sphere_polar_c06_n_down_gamma_up_d0p1_a0p95_m16,sphere_mess4,d128l4h2mlp512_700m_seed0_k2,0,2,128,4,random_init,single_layer_single_token,belief,10.0,0.21827256186283073,128,153.75,0.21777504535599587
sphere_polar_c06_n_down_gamma_up_d0p1_a0p95_m16_d128l4h2mlp512_700m_seed0_k2,H-R2-05-polar-ladder-capacity,dc80726a8c987e8c3a9171299dac00d03a074311,9035d002c0fd0ba94c6382c6411af72769587bd3268c80d7f66032843dacabfc,half,0.95,5,0.7,0.1,699924480,sphere_polar_c06_n_down_gamma_up_d0p1_a0p95_m16,sphere_mess4,d128l4h2mlp512_700m_seed0_k2,0,2,128,4,random_init,all_block_layers_single_token,physics,1.0,0.8161458328328522,512,38.4375,0.8235466041748382
sphere_polar_c06_n_down_gamma_up_d0p1_a0p95_m16_d128l4h2mlp512_700m_seed0_k2,H-R2-05-polar-ladder-capacity,dc80726a8c987e8c3a9171299dac00d03a074311,9035d002c0fd0ba94c6382c6411af72769587bd3268c80d7f66032843dacabfc,half,0.95,5,0.7,0.1,699924480,sphere_polar_c06_n_down_gamma_up_d0p1_a0p95_m16,sphere_mess4,d128l4h2mlp512_700m_seed0_k2,0,2,128,4,random_init,all_block_layers_single_token,belief,1.0,0.3205976436356416,512,38.4375,0.324390691918764
sphere_polar_c06_n_down_gamma_up_d0p1_a0p95_m16_d128l4h2mlp512_700m_seed0_k2,H-R2-05-polar-ladder-capacity,dc80726a8c987e8c3a9171299dac00d03a074311,9035d002c0fd0ba94c6382c6411af72769587bd3268c80d7f66032843dacabfc,half,0.95,5,0.7,0.1,699924480,sphere_polar_c06_n_down_gamma_up_d0p1_a0p95_m16,sphere_mess4,d128l4h2mlp512_700m_seed0_k2,0,2,128,4,random_init,embedding_and_all_layers_single_token,physics,1.0,0.8243739562979489,640,30.75,0.8287762226294836
sphere_polar_c06_n_down_gamma_up_d0p1_a0p95_m16_d128l4h2mlp512_700m_seed0_k2,H-R2-05-polar-ladder-capacity,dc80726a8c987e8c3a9171299dac00d03a074311,9035d002c0fd0ba94c6382c6411af72769587bd3268c80d7f66032843dacabfc,half,0.95,5,0.7,0.1,699924480,sphere_polar_c06_n_down_gamma_up_d0p1_a0p95_m16,sphere_mess4,d128l4h2mlp512_700m_seed0_k2,0,2,128,4,random_init,embedding_and_all_layers_single_token,belief,1.0,0.3260957330797986,640,30.75,0.3341428359889932
sphere_polar_c06_n_down_gamma_up_d0p1_a0p95_m16_d128l4h2mlp512_700m_seed0_k6,H-R2-05-polar-ladder-capacity,dc80726a8c987e8c3a9171299dac00d03a074311,cd4d114b47cec5c545db077dd1a8e016fb4021b095b12901f88425dfd67850fd,n_plus_one,0.95,5,0.7,0.1,699924480,sphere_polar_c06_n_down_gamma_up_d0p1_a0p95_m16,sphere_mess4,d128l4h2mlp512_700m_seed0_k6,0,6,128,4,trained,single_layer_single_token,physics,1.0,0.8754705663663231,128,153.75,0.8779548770819647
sphere_polar_c06_n_down_gamma_up_d0p1_a0p95_m16_d128l4h2mlp512_700m_seed0_k6,H-R2-05-polar-ladder-capacity,dc80726a8c987e8c3a9171299dac00d03a074311,cd4d114b47cec5c545db077dd1a8e016fb4021b095b12901f88425dfd67850fd,n_plus_one,0.95,5,0.7,0.1,699924480,sphere_polar_c06_n_down_gamma_up_d0p1_a0p95_m16,sphere_mess4,d128l4h2mlp512_700m_seed0_k6,0,6,128,4,trained,single_layer_single_token,belief,10.0,0.3937024716878582,128,153.75,0.39046895352742955
sphere_polar_c06_n_down_gamma_up_d0p1_a0p95_m16_d128l4h2mlp512_700m_seed0_k6,H-R2-05-polar-ladder-capacity,dc80726a8c987e8c3a9171299dac00d03a074311,cd4d114b47cec5c545db077dd1a8e016fb4021b095b12901f88425dfd67850fd,n_plus_one,0.95,5,0.7,0.1,699924480,sphere_polar_c06_n_down_gamma_up_d0p1_a0p95_m16,sphere_mess4,d128l4h2mlp512_700m_seed0_k6,0,6,128,4,trained,all_block_layers_single_token,physics,1.0,0.9795382953378892,512,38.4375,0.9811992660417542
sphere_polar_c06_n_down_gamma_up_d0p1_a0p95_m16_d128l4h2mlp512_700m_seed0_k6,H-R2-05-polar-ladder-capacity,dc80726a8c987e8c3a9171299dac00d03a074311,cd4d114b47cec5c545db077dd1a8e016fb4021b095b12901f88425dfd67850fd,n_plus_one,0.95,5,0.7,0.1,699924480,sphere_polar_c06_n_down_gamma_up_d0p1_a0p95_m16,sphere_mess4,d128l4h2mlp512_700m_seed0_k6,0,6,128,4,trained,all_block_layers_single_token,belief,10.0,0.5798397969149421,512,38.4375,0.5905173333561796
sphere_polar_c06_n_down_gamma_up_d0p1_a0p95_m16_d128l4h2mlp512_700m_seed0_k6,H-R2-05-polar-ladder-capacity,dc80726a8c987e8c3a9171299dac00d03a074311,cd4d114b47cec5c545db077dd1a8e016fb4021b095b12901f88425dfd67850fd,n_plus_one,0.95,5,0.7,0.1,699924480,sphere_polar_c06_n_down_gamma_up_d0p1_a0p95_m16,sphere_mess4,d128l4h2mlp512_700m_seed0_k6,0,6,128,4,trained,embedding_and_all_layers_single_token,physics,10.0,0.9819766188637303,640,30.75,0.9836453324978245
sphere_polar_c06_n_down_gamma_up_d0p1_a0p95_m16_d128l4h2mlp512_700m_seed0_k6,H-R2-05-polar-ladder-capacity,dc80726a8c987e8c3a9171299dac00d03a074311,cd4d114b47cec5c545db077dd1a8e016fb4021b095b12901f88425dfd67850fd,n_plus_one,0.95,5,0.7,0.1,699924480,sphere_polar_c06_n_down_gamma_up_d0p1_a0p95_m16,sphere_mess4,d128l4h2mlp512_700m_seed0_k6,0,6,128,4,trained,embedding_and_all_layers_single_token,belief,10.0,0.5858145668529997,640,30.75,0.5998082947386848
sphere_polar_c06_n_down_gamma_up_d0p1_a0p95_m16_d128l4h2mlp512_700m_seed0_k6,H-R2-05-polar-ladder-capacity,dc80726a8c987e8c3a9171299dac00d03a074311,cd4d114b47cec5c545db077dd1a8e016fb4021b095b12901f88425dfd67850fd,n_plus_one,0.95,5,0.7,0.1,699924480,sphere_polar_c06_n_down_gamma_up_d0p1_a0p95_m16,sphere_mess4,d128l4h2mlp512_700m_seed0_k6,0,6,128,4,random_init,single_layer_single_token,physics,1.0,0.7470239981163032,128,153.75,0.7638576251339969
sphere_polar_c06_n_down_gamma_up_d0p1_a0p95_m16_d128l4h2mlp512_700m_seed0_k6,H-R2-05-polar-ladder-capacity,dc80726a8c987e8c3a9171299dac00d03a074311,cd4d114b47cec5c545db077dd1a8e016fb4021b095b12901f88425dfd67850fd,n_plus_one,0.95,5,0.7,0.1,699924480,sphere_polar_c06_n_down_gamma_up_d0p1_a0p95_m16,sphere_mess4,d128l4h2mlp512_700m_seed0_k6,0,6,128,4,random_init,single_layer_single_token,belief,10.0,0.21827256186283073,128,153.75,0.21777504535599587
sphere_polar_c06_n_down_gamma_up_d0p1_a0p95_m16_d128l4h2mlp512_700m_seed0_k6,H-R2-05-polar-ladder-capacity,dc80726a8c987e8c3a9171299dac00d03a074311,cd4d114b47cec5c545db077dd1a8e016fb4021b095b12901f88425dfd67850fd,n_plus_one,0.95,5,0.7,0.1,699924480,sphere_polar_c06_n_down_gamma_up_d0p1_a0p95_m16,sphere_mess4,d128l4h2mlp512_700m_seed0_k6,0,6,128,4,random_init,all_block_layers_single_token,physics,1.0,0.8161458328328522,512,38.4375,0.8235466041748382
sphere_polar_c06_n_down_gamma_up_d0p1_a0p95_m16_d128l4h2mlp512_700m_seed0_k6,H-R2-05-polar-ladder-capacity,dc80726a8c987e8c3a9171299dac00d03a074311,cd4d114b47cec5c545db077dd1a8e016fb4021b095b12901f88425dfd67850fd,n_plus_one,0.95,5,0.7,0.1,699924480,sphere_polar_c06_n_down_gamma_up_d0p1_a0p95_m16,sphere_mess4,d128l4h2mlp512_700m_seed0_k6,0,6,128,4,random_init,all_block_layers_single_token,belief,1.0,0.3205976436356416,512,38.4375,0.324390691918764
sphere_polar_c06_n_down_gamma_up_d0p1_a0p95_m16_d128l4h2mlp512_700m_seed0_k6,H-R2-05-polar-ladder-capacity,dc80726a8c987e8c3a9171299dac00d03a074311,cd4d114b47cec5c545db077dd1a8e016fb4021b095b12901f88425dfd67850fd,n_plus_one,0.95,5,0.7,0.1,699924480,sphere_polar_c06_n_down_gamma_up_d0p1_a0p95_m16,sphere_mess4,d128l4h2mlp512_700m_seed0_k6,0,6,128,4,random_init,embedding_and_all_layers_single_token,physics,1.0,0.8243739562979489,640,30.75,0.8287762226294836
sphere_polar_c06_n_down_gamma_up_d0p1_a0p95_m16_d128l4h2mlp512_700m_seed0_k6,H-R2-05-polar-ladder-capacity,dc80726a8c987e8c3a9171299dac00d03a074311,cd4d114b47cec5c545db077dd1a8e016fb4021b095b12901f88425dfd67850fd,n_plus_one,0.95,5,0.7,0.1,699924480,sphere_polar_c06_n_down_gamma_up_d0p1_a0p95_m16,sphere_mess4,d128l4h2mlp512_700m_seed0_k6,0,6,128,4,random_init,embedding_and_all_layers_single_token,belief,1.0,0.3260957330797986,640,30.75,0.3341428359889932
sphere_polar_c07_n_down_gamma_up_d0p12_a0p5_m16_d128l4h2mlp512_700m_seed0_k1,H-R2-05-polar-ladder-capacity,dc80726a8c987e8c3a9171299dac00d03a074311,bd1eb1444c6d1744b4f81640d39fed090202e479b877a965d285b293e10eaa5f,fixed,0.5,5,0.7,0.12,699924480,sphere_polar_c07_n_down_gamma_up_d0p12_a0p5_m16,sphere_mess4,d128l4h2mlp512_700m_seed0_k1,0,1,128,4,trained,single_layer_single_token,physics,10.0,0.8908164848877176,128,153.5,0.8868787098725519
sphere_polar_c07_n_down_gamma_up_d0p12_a0p5_m16_d128l4h2mlp512_700m_seed0_k1,H-R2-05-polar-ladder-capacity,dc80726a8c987e8c3a9171299dac00d03a074311,bd1eb1444c6d1744b4f81640d39fed090202e479b877a965d285b293e10eaa5f,fixed,0.5,5,0.7,0.12,699924480,sphere_polar_c07_n_down_gamma_up_d0p12_a0p5_m16,sphere_mess4,d128l4h2mlp512_700m_seed0_k1,0,1,128,4,trained,single_layer_single_token,belief,1.0,0.2074594345439364,128,153.5,0.19306384079401046
sphere_polar_c07_n_down_gamma_up_d0p12_a0p5_m16_d128l4h2mlp512_700m_seed0_k1,H-R2-05-polar-ladder-capacity,dc80726a8c987e8c3a9171299dac00d03a074311,bd1eb1444c6d1744b4f81640d39fed090202e479b877a965d285b293e10eaa5f,fixed,0.5,5,0.7,0.12,699924480,sphere_polar_c07_n_down_gamma_up_d0p12_a0p5_m16,sphere_mess4,d128l4h2mlp512_700m_seed0_k1,0,1,128,4,trained,all_block_layers_single_token,physics,1.0,0.9891339197745705,512,38.375,0.9888595372623332
sphere_polar_c07_n_down_gamma_up_d0p12_a0p5_m16_d128l4h2mlp512_700m_seed0_k1,H-R2-05-polar-ladder-capacity,dc80726a8c987e8c3a9171299dac00d03a074311,bd1eb1444c6d1744b4f81640d39fed090202e479b877a965d285b293e10eaa5f,fixed,0.5,5,0.7,0.12,699924480,sphere_polar_c07_n_down_gamma_up_d0p12_a0p5_m16,sphere_mess4,d128l4h2mlp512_700m_seed0_k1,0,1,128,4,trained,all_block_layers_single_token,belief,10.0,0.3525745287143016,512,38.375,0.34299560474345464
sphere_polar_c07_n_down_gamma_up_d0p12_a0p5_m16_d128l4h2mlp512_700m_seed0_k1,H-R2-05-polar-ladder-capacity,dc80726a8c987e8c3a9171299dac00d03a074311,bd1eb1444c6d1744b4f81640d39fed090202e479b877a965d285b293e10eaa5f,fixed,0.5,5,0.7,0.12,699924480,sphere_polar_c07_n_down_gamma_up_d0p12_a0p5_m16,sphere_mess4,d128l4h2mlp512_700m_seed0_k1,0,1,128,4,trained,embedding_and_all_layers_single_token,physics,1.0,0.9915485442147292,640,30.7,0.9910513544873799
sphere_polar_c07_n_down_gamma_up_d0p12_a0p5_m16_d128l4h2mlp512_700m_seed0_k1,H-R2-05-polar-ladder-capacity,dc80726a8c987e8c3a9171299dac00d03a074311,bd1eb1444c6d1744b4f81640d39fed090202e479b877a965d285b293e10eaa5f,fixed,0.5,5,0.7,0.12,699924480,sphere_polar_c07_n_down_gamma_up_d0p12_a0p5_m16,sphere_mess4,d128l4h2mlp512_700m_seed0_k1,0,1,128,4,trained,embedding_and_all_layers_single_token,belief,10.0,0.3629843653857203,640,30.7,0.3576647734135454
sphere_polar_c07_n_down_gamma_up_d0p12_a0p5_m16_d128l4h2mlp512_700m_seed0_k1,H-R2-05-polar-ladder-capacity,dc80726a8c987e8c3a9171299dac00d03a074311,bd1eb1444c6d1744b4f81640d39fed090202e479b877a965d285b293e10eaa5f,fixed,0.5,5,0.7,0.12,699924480,sphere_polar_c07_n_down_gamma_up_d0p12_a0p5_m16,sphere_mess4,d128l4h2mlp512_700m_seed0_k1,0,1,128,4,random_init,single_layer_single_token,physics,1.0,0.6937232316620919,128,153.5,0.7014317072256042
sphere_polar_c07_n_down_gamma_up_d0p12_a0p5_m16_d128l4h2mlp512_700m_seed0_k1,H-R2-05-polar-ladder-capacity,dc80726a8c987e8c3a9171299dac00d03a074311,bd1eb1444c6d1744b4f81640d39fed090202e479b877a965d285b293e10eaa5f,fixed,0.5,5,0.7,0.12,699924480,sphere_polar_c07_n_down_gamma_up_d0p12_a0p5_m16,sphere_mess4,d128l4h2mlp512_700m_seed0_k1,0,1,128,4,random_init,single_layer_single_token,belief,10.0,0.16224953422838193,128,153.5,0.15430824697492154
sphere_polar_c07_n_down_gamma_up_d0p12_a0p5_m16_d128l4h2mlp512_700m_seed0_k1,H-R2-05-polar-ladder-capacity,dc80726a8c987e8c3a9171299dac00d03a074311,bd1eb1444c6d1744b4f81640d39fed090202e479b877a965d285b293e10eaa5f,fixed,0.5,5,0.7,0.12,699924480,sphere_polar_c07_n_down_gamma_up_d0p12_a0p5_m16,sphere_mess4,d128l4h2mlp512_700m_seed0_k1,0,1,128,4,random_init,all_block_layers_single_token,physics,1.0,0.7621986433284011,512,38.375,0.7665414745003418
sphere_polar_c07_n_down_gamma_up_d0p12_a0p5_m16_d128l4h2mlp512_700m_seed0_k1,H-R2-05-polar-ladder-capacity,dc80726a8c987e8c3a9171299dac00d03a074311,bd1eb1444c6d1744b4f81640d39fed090202e479b877a965d285b293e10eaa5f,fixed,0.5,5,0.7,0.12,699924480,sphere_polar_c07_n_down_gamma_up_d0p12_a0p5_m16,sphere_mess4,d128l4h2mlp512_700m_seed0_k1,0,1,128,4,random_init,all_block_layers_single_token,belief,1.0,0.24353910946922672,512,38.375,0.24292540816584243
sphere_polar_c07_n_down_gamma_up_d0p12_a0p5_m16_d128l4h2mlp512_700m_seed0_k1,H-R2-05-polar-ladder-capacity,dc80726a8c987e8c3a9171299dac00d03a074311,bd1eb1444c6d1744b4f81640d39fed090202e479b877a965d285b293e10eaa5f,fixed,0.5,5,0.7,0.12,699924480,sphere_polar_c07_n_down_gamma_up_d0p12_a0p5_m16,sphere_mess4,d128l4h2mlp512_700m_seed0_k1,0,1,128,4,random_init,embedding_and_all_layers_single_token,physics,1.0,0.7755349194422796,640,30.7,0.7774703424625602
sphere_polar_c07_n_down_gamma_up_d0p12_a0p5_m16_d128l4h2mlp512_700m_seed0_k1,H-R2-05-polar-ladder-capacity,dc80726a8c987e8c3a9171299dac00d03a074311,bd1eb1444c6d1744b4f81640d39fed090202e479b877a965d285b293e10eaa5f,fixed,0.5,5,0.7,0.12,699924480,sphere_polar_c07_n_down_gamma_up_d0p12_a0p5_m16,sphere_mess4,d128l4h2mlp512_700m_seed0_k1,0,1,128,4,random_init,embedding_and_all_layers_single_token,belief,1.0,0.2534356424827265,640,30.7,0.24981338615129434
sphere_polar_c07_n_down_gamma_up_d0p12_a0p5_m16_d128l4h2mlp512_700m_seed0_k2,H-R2-05-polar-ladder-capacity,dc80726a8c987e8c3a9171299dac00d03a074311,445ebeb7a498b6a0444e59a0bb28d8e29e9a5cabce5ba591a8c0a64151fea6fe,half,0.5,5,0.7,0.12,699924480,sphere_polar_c07_n_down_gamma_up_d0p12_a0p5_m16,sphere_mess4,d128l4h2mlp512_700m_seed0_k2,0,2,128,4,trained,single_layer_single_token,physics,10.0,0.9073903448986003,128,153.5,0.9100043447147979
sphere_polar_c07_n_down_gamma_up_d0p12_a0p5_m16_d128l4h2mlp512_700m_seed0_k2,H-R2-05-polar-ladder-capacity,dc80726a8c987e8c3a9171299dac00d03a074311,445ebeb7a498b6a0444e59a0bb28d8e29e9a5cabce5ba591a8c0a64151fea6fe,half,0.5,5,0.7,0.12,699924480,sphere_polar_c07_n_down_gamma_up_d0p12_a0p5_m16,sphere_mess4,d128l4h2mlp512_700m_seed0_k2,0,2,128,4,trained,single_layer_single_token,belief,10.0,0.2298088084775941,128,153.5,0.22453262459508347
sphere_polar_c07_n_down_gamma_up_d0p12_a0p5_m16_d128l4h2mlp512_700m_seed0_k2,H-R2-05-polar-ladder-capacity,dc80726a8c987e8c3a9171299dac00d03a074311,445ebeb7a498b6a0444e59a0bb28d8e29e9a5cabce5ba591a8c0a64151fea6fe,half,0.5,5,0.7,0.12,699924480,sphere_polar_c07_n_down_gamma_up_d0p12_a0p5_m16,sphere_mess4,d128l4h2mlp512_700m_seed0_k2,0,2,128,4,trained,all_block_layers_single_token,physics,1.0,0.9945468838372254,512,38.375,0.9945329566261744
sphere_polar_c07_n_down_gamma_up_d0p12_a0p5_m16_d128l4h2mlp512_700m_seed0_k2,H-R2-05-polar-ladder-capacity,dc80726a8c987e8c3a9171299dac00d03a074311,445ebeb7a498b6a0444e59a0bb28d8e29e9a5cabce5ba591a8c0a64151fea6fe,half,0.5,5,0.7,0.12,699924480,sphere_polar_c07_n_down_gamma_up_d0p12_a0p5_m16,sphere_mess4,d128l4h2mlp512_700m_seed0_k2,0,2,128,4,trained,all_block_layers_single_token,belief,1.0,0.3857800068575512,512,38.375,0.3807172944897059
sphere_polar_c07_n_down_gamma_up_d0p12_a0p5_m16_d128l4h2mlp512_700m_seed0_k2,H-R2-05-polar-ladder-capacity,dc80726a8c987e8c3a9171299dac00d03a074311,445ebeb7a498b6a0444e59a0bb28d8e29e9a5cabce5ba591a8c0a64151fea6fe,half,0.5,5,0.7,0.12,699924480,sphere_polar_c07_n_down_gamma_up_d0p12_a0p5_m16,sphere_mess4,d128l4h2mlp512_700m_seed0_k2,0,2,128,4,trained,embedding_and_all_layers_single_token,physics,1.0,0.9960631234332287,640,30.7,0.9958657261613559
sphere_polar_c07_n_down_gamma_up_d0p12_a0p5_m16_d128l4h2mlp512_700m_seed0_k2,H-R2-05-polar-ladder-capacity,dc80726a8c987e8c3a9171299dac00d03a074311,445ebeb7a498b6a0444e59a0bb28d8e29e9a5cabce5ba591a8c0a64151fea6fe,half,0.5,5,0.7,0.12,699924480,sphere_polar_c07_n_down_gamma_up_d0p12_a0p5_m16,sphere_mess4,d128l4h2mlp512_700m_seed0_k2,0,2,128,4,trained,embedding_and_all_layers_single_token,belief,1.0,0.3923056117736641,640,30.7,0.38888460034834194
sphere_polar_c07_n_down_gamma_up_d0p12_a0p5_m16_d128l4h2mlp512_700m_seed0_k2,H-R2-05-polar-ladder-capacity,dc80726a8c987e8c3a9171299dac00d03a074311,445ebeb7a498b6a0444e59a0bb28d8e29e9a5cabce5ba591a8c0a64151fea6fe,half,0.5,5,0.7,0.12,699924480,sphere_polar_c07_n_down_gamma_up_d0p12_a0p5_m16,sphere_mess4,d128l4h2mlp512_700m_seed0_k2,0,2,128,4,random_init,single_layer_single_token,physics,1.0,0.6937232316620919,128,153.5,0.7014317072256042
sphere_polar_c07_n_down_gamma_up_d0p12_a0p5_m16_d128l4h2mlp512_700m_seed0_k2,H-R2-05-polar-ladder-capacity,dc80726a8c987e8c3a9171299dac00d03a074311,445ebeb7a498b6a0444e59a0bb28d8e29e9a5cabce5ba591a8c0a64151fea6fe,half,0.5,5,0.7,0.12,699924480,sphere_polar_c07_n_down_gamma_up_d0p12_a0p5_m16,sphere_mess4,d128l4h2mlp512_700m_seed0_k2,0,2,128,4,random_init,single_layer_single_token,belief,10.0,0.16224953422838193,128,153.5,0.15430824697492154
sphere_polar_c07_n_down_gamma_up_d0p12_a0p5_m16_d128l4h2mlp512_700m_seed0_k2,H-R2-05-polar-ladder-capacity,dc80726a8c987e8c3a9171299dac00d03a074311,445ebeb7a498b6a0444e59a0bb28d8e29e9a5cabce5ba591a8c0a64151fea6fe,half,0.5,5,0.7,0.12,699924480,sphere_polar_c07_n_down_gamma_up_d0p12_a0p5_m16,sphere_mess4,d128l4h2mlp512_700m_seed0_k2,0,2,128,4,random_init,all_block_layers_single_token,physics,1.0,0.7621986433284011,512,38.375,0.7665414745003418
sphere_polar_c07_n_down_gamma_up_d0p12_a0p5_m16_d128l4h2mlp512_700m_seed0_k2,H-R2-05-polar-ladder-capacity,dc80726a8c987e8c3a9171299dac00d03a074311,445ebeb7a498b6a0444e59a0bb28d8e29e9a5cabce5ba591a8c0a64151fea6fe,half,0.5,5,0.7,0.12,699924480,sphere_polar_c07_n_down_gamma_up_d0p12_a0p5_m16,sphere_mess4,d128l4h2mlp512_700m_seed0_k2,0,2,128,4,random_init,all_block_layers_single_token,belief,1.0,0.24353910946922672,512,38.375,0.24292540816584243
sphere_polar_c07_n_down_gamma_up_d0p12_a0p5_m16_d128l4h2mlp512_700m_seed0_k2,H-R2-05-polar-ladder-capacity,dc80726a8c987e8c3a9171299dac00d03a074311,445ebeb7a498b6a0444e59a0bb28d8e29e9a5cabce5ba591a8c0a64151fea6fe,half,0.5,5,0.7,0.12,699924480,sphere_polar_c07_n_down_gamma_up_d0p12_a0p5_m16,sphere_mess4,d128l4h2mlp512_700m_seed0_k2,0,2,128,4,random_init,embedding_and_all_layers_single_token,physics,1.0,0.7755349194422796,640,30.7,0.7774703424625602
sphere_polar_c07_n_down_gamma_up_d0p12_a0p5_m16_d128l4h2mlp512_700m_seed0_k2,H-R2-05-polar-ladder-capacity,dc80726a8c987e8c3a9171299dac00d03a074311,445ebeb7a498b6a0444e59a0bb28d8e29e9a5cabce5ba591a8c0a64151fea6fe,half,0.5,5,0.7,0.12,699924480,sphere_polar_c07_n_down_gamma_up_d0p12_a0p5_m16,sphere_mess4,d128l4h2mlp512_700m_seed0_k2,0,2,128,4,random_init,embedding_and_all_layers_single_token,belief,1.0,0.2534356424827265,640,30.7,0.24981338615129434
sphere_polar_c07_n_down_gamma_up_d0p12_a0p5_m16_d128l4h2mlp512_700m_seed0_k6,H-R2-05-polar-ladder-capacity,dc80726a8c987e8c3a9171299dac00d03a074311,fe2e89cb1b55db8510a89d508b9d356c6a24e8a986c0bcbcefc8ffa521f52caf,n_plus_one,0.5,5,0.7,0.12,699924480,sphere_polar_c07_n_down_gamma_up_d0p12_a0p5_m16,sphere_mess4,d128l4h2mlp512_700m_seed0_k6,0,6,128,4,trained,single_layer_single_token,physics,10.0,0.9011245346657418,128,153.5,0.9065006261984048
sphere_polar_c07_n_down_gamma_up_d0p12_a0p5_m16_d128l4h2mlp512_700m_seed0_k6,H-R2-05-polar-ladder-capacity,dc80726a8c987e8c3a9171299dac00d03a074311,fe2e89cb1b55db8510a89d508b9d356c6a24e8a986c0bcbcefc8ffa521f52caf,n_plus_one,0.5,5,0.7,0.12,699924480,sphere_polar_c07_n_down_gamma_up_d0p12_a0p5_m16,sphere_mess4,d128l4h2mlp512_700m_seed0_k6,0,6,128,4,trained,single_layer_single_token,belief,1.0,0.20891789962854118,128,153.5,0.20495890218703963
sphere_polar_c07_n_down_gamma_up_d0p12_a0p5_m16_d128l4h2mlp512_700m_seed0_k6,H-R2-05-polar-ladder-capacity,dc80726a8c987e8c3a9171299dac00d03a074311,fe2e89cb1b55db8510a89d508b9d356c6a24e8a986c0bcbcefc8ffa521f52caf,n_plus_one,0.5,5,0.7,0.12,699924480,sphere_polar_c07_n_down_gamma_up_d0p12_a0p5_m16,sphere_mess4,d128l4h2mlp512_700m_seed0_k6,0,6,128,4,trained,all_block_layers_single_token,physics,1.0,0.9695808674135031,512,38.375,0.9714989792470441
sphere_polar_c07_n_down_gamma_up_d0p12_a0p5_m16_d128l4h2mlp512_700m_seed0_k6,H-R2-05-polar-ladder-capacity,dc80726a8c987e8c3a9171299dac00d03a074311,fe2e89cb1b55db8510a89d508b9d356c6a24e8a986c0bcbcefc8ffa521f52caf,n_plus_one,0.5,5,0.7,0.12,699924480,sphere_polar_c07_n_down_gamma_up_d0p12_a0p5_m16,sphere_mess4,d128l4h2mlp512_700m_seed0_k6,0,6,128,4,trained,all_block_layers_single_token,belief,1.0,0.3629346986328563,512,38.375,0.36874655948458457
sphere_polar_c07_n_down_gamma_up_d0p12_a0p5_m16_d128l4h2mlp512_700m_seed0_k6,H-R2-05-polar-ladder-capacity,dc80726a8c987e8c3a9171299dac00d03a074311,fe2e89cb1b55db8510a89d508b9d356c6a24e8a986c0bcbcefc8ffa521f52caf,n_plus_one,0.5,5,0.7,0.12,699924480,sphere_polar_c07_n_down_gamma_up_d0p12_a0p5_m16,sphere_mess4,d128l4h2mlp512_700m_seed0_k6,0,6,128,4,trained,embedding_and_all_layers_single_token,physics,1.0,0.971673936928843,640,30.7,0.9734928225325941
sphere_polar_c07_n_down_gamma_up_d0p12_a0p5_m16_d128l4h2mlp512_700m_seed0_k6,H-R2-05-polar-ladder-capacity,dc80726a8c987e8c3a9171299dac00d03a074311,fe2e89cb1b55db8510a89d508b9d356c6a24e8a986c0bcbcefc8ffa521f52caf,n_plus_one,0.5,5,0.7,0.12,699924480,sphere_polar_c07_n_down_gamma_up_d0p12_a0p5_m16,sphere_mess4,d128l4h2mlp512_700m_seed0_k6,0,6,128,4,trained,embedding_and_all_layers_single_token,belief,10.0,0.36685162588040937,640,30.7,0.37208194247069615
sphere_polar_c07_n_down_gamma_up_d0p12_a0p5_m16_d128l4h2mlp512_700m_seed0_k6,H-R2-05-polar-ladder-capacity,dc80726a8c987e8c3a9171299dac00d03a074311,fe2e89cb1b55db8510a89d508b9d356c6a24e8a986c0bcbcefc8ffa521f52caf,n_plus_one,0.5,5,0.7,0.12,699924480,sphere_polar_c07_n_down_gamma_up_d0p12_a0p5_m16,sphere_mess4,d128l4h2mlp512_700m_seed0_k6,0,6,128,4,random_init,single_layer_single_token,physics,1.0,0.6937232316620919,128,153.5,0.7014317072256042
sphere_polar_c07_n_down_gamma_up_d0p12_a0p5_m16_d128l4h2mlp512_700m_seed0_k6,H-R2-05-polar-ladder-capacity,dc80726a8c987e8c3a9171299dac00d03a074311,fe2e89cb1b55db8510a89d508b9d356c6a24e8a986c0bcbcefc8ffa521f52caf,n_plus_one,0.5,5,0.7,0.12,699924480,sphere_polar_c07_n_down_gamma_up_d0p12_a0p5_m16,sphere_mess4,d128l4h2mlp512_700m_seed0_k6,0,6,128,4,random_init,single_layer_single_token,belief,10.0,0.16224953422838193,128,153.5,0.15430824697492154
sphere_polar_c07_n_down_gamma_up_d0p12_a0p5_m16_d128l4h2mlp512_700m_seed0_k6,H-R2-05-polar-ladder-capacity,dc80726a8c987e8c3a9171299dac00d03a074311,fe2e89cb1b55db8510a89d508b9d356c6a24e8a986c0bcbcefc8ffa521f52caf,n_plus_one,0.5,5,0.7,0.12,699924480,sphere_polar_c07_n_down_gamma_up_d0p12_a0p5_m16,sphere_mess4,d128l4h2mlp512_700m_seed0_k6,0,6,128,4,random_init,all_block_layers_single_token,physics,1.0,0.7621986433284011,512,38.375,0.7665414745003418
sphere_polar_c07_n_down_gamma_up_d0p12_a0p5_m16_d128l4h2mlp512_700m_seed0_k6,H-R2-05-polar-ladder-capacity,dc80726a8c987e8c3a9171299dac00d03a074311,fe2e89cb1b55db8510a89d508b9d356c6a24e8a986c0bcbcefc8ffa521f52caf,n_plus_one,0.5,5,0.7,0.12,699924480,sphere_polar_c07_n_down_gamma_up_d0p12_a0p5_m16,sphere_mess4,d128l4h2mlp512_700m_seed0_k6,0,6,128,4,random_init,all_block_layers_single_token,belief,1.0,0.24353910946922672,512,38.375,0.24292540816584243
sphere_polar_c07_n_down_gamma_up_d0p12_a0p5_m16_d128l4h2mlp512_700m_seed0_k6,H-R2-05-polar-ladder-capacity,dc80726a8c987e8c3a9171299dac00d03a074311,fe2e89cb1b55db8510a89d508b9d356c6a24e8a986c0bcbcefc8ffa521f52caf,n_plus_one,0.5,5,0.7,0.12,699924480,sphere_polar_c07_n_down_gamma_up_d0p12_a0p5_m16,sphere_mess4,d128l4h2mlp512_700m_seed0_k6,0,6,128,4,random_init,embedding_and_all_layers_single_token,physics,1.0,0.7755349194422796,640,30.7,0.7774703424625602
sphere_polar_c07_n_down_gamma_up_d0p12_a0p5_m16_d128l4h2mlp512_700m_seed0_k6,H-R2-05-polar-ladder-capacity,dc80726a8c987e8c3a9171299dac00d03a074311,fe2e89cb1b55db8510a89d508b9d356c6a24e8a986c0bcbcefc8ffa521f52caf,n_plus_one,0.5,5,0.7,0.12,699924480,sphere_polar_c07_n_down_gamma_up_d0p12_a0p5_m16,sphere_mess4,d128l4h2mlp512_700m_seed0_k6,0,6,128,4,random_init,embedding_and_all_layers_single_token,belief,1.0,0.2534356424827265,640,30.7,0.24981338615129434
sphere_polar_c07_n_down_gamma_up_d0p12_a0p7_m16_d128l4h2mlp512_700m_seed0_k1,H-R2-05-polar-ladder-capacity,dc80726a8c987e8c3a9171299dac00d03a074311,e119e3cc7e93583fa7cb3f52ca83934312e4c424fdb13426749a9e898eb7de63,fixed,0.7,5,0.7,0.12,699924480,sphere_polar_c07_n_down_gamma_up_d0p12_a0p7_m16,sphere_mess4,d128l4h2mlp512_700m_seed0_k1,0,1,128,4,trained,single_layer_single_token,physics,1.0,0.8754622444069233,128,153.5,0.8764822457837819
sphere_polar_c07_n_down_gamma_up_d0p12_a0p7_m16_d128l4h2mlp512_700m_seed0_k1,H-R2-05-polar-ladder-capacity,dc80726a8c987e8c3a9171299dac00d03a074311,e119e3cc7e93583fa7cb3f52ca83934312e4c424fdb13426749a9e898eb7de63,fixed,0.7,5,0.7,0.12,699924480,sphere_polar_c07_n_down_gamma_up_d0p12_a0p7_m16,sphere_mess4,d128l4h2mlp512_700m_seed0_k1,0,1,128,4,trained,single_layer_single_token,belief,10.0,0.29720356951093113,128,153.5,0.28372454360626664
sphere_polar_c07_n_down_gamma_up_d0p12_a0p7_m16_d128l4h2mlp512_700m_seed0_k1,H-R2-05-polar-ladder-capacity,dc80726a8c987e8c3a9171299dac00d03a074311,e119e3cc7e93583fa7cb3f52ca83934312e4c424fdb13426749a9e898eb7de63,fixed,0.7,5,0.7,0.12,699924480,sphere_polar_c07_n_down_gamma_up_d0p12_a0p7_m16,sphere_mess4,d128l4h2mlp512_700m_seed0_k1,0,1,128,4,trained,all_block_layers_single_token,physics,1.0,0.9881695104264732,512,38.375,0.989349794202665
sphere_polar_c07_n_down_gamma_up_d0p12_a0p7_m16_d128l4h2mlp512_700m_seed0_k1,H-R2-05-polar-ladder-capacity,dc80726a8c987e8c3a9171299dac00d03a074311,e119e3cc7e93583fa7cb3f52ca83934312e4c424fdb13426749a9e898eb7de63,fixed,0.7,5,0.7,0.12,699924480,sphere_polar_c07_n_down_gamma_up_d0p12_a0p7_m16,sphere_mess4,d128l4h2mlp512_700m_seed0_k1,0,1,128,4,trained,all_block_layers_single_token,belief,10.0,0.43607125280470294,512,38.375,0.4256828348305348
sphere_polar_c07_n_down_gamma_up_d0p12_a0p7_m16_d128l4h2mlp512_700m_seed0_k1,H-R2-05-polar-ladder-capacity,dc80726a8c987e8c3a9171299dac00d03a074311,e119e3cc7e93583fa7cb3f52ca83934312e4c424fdb13426749a9e898eb7de63,fixed,0.7,5,0.7,0.12,699924480,sphere_polar_c07_n_down_gamma_up_d0p12_a0p7_m16,sphere_mess4,d128l4h2mlp512_700m_seed0_k1,0,1,128,4,trained,embedding_and_all_layers_single_token,physics,1.0,0.9908007944947961,640,30.7,0.9918521218647061
sphere_polar_c07_n_down_gamma_up_d0p12_a0p7_m16_d128l4h2mlp512_700m_seed0_k1,H-R2-05-polar-ladder-capacity,dc80726a8c987e8c3a9171299dac00d03a074311,e119e3cc7e93583fa7cb3f52ca83934312e4c424fdb13426749a9e898eb7de63,fixed,0.7,5,0.7,0.12,699924480,sphere_polar_c07_n_down_gamma_up_d0p12_a0p7_m16,sphere_mess4,d128l4h2mlp512_700m_seed0_k1,0,1,128,4,trained,embedding_and_all_layers_single_token,belief,10.0,0.44726447441424955,640,30.7,0.4375581881387991
sphere_polar_c07_n_down_gamma_up_d0p12_a0p7_m16_d128l4h2mlp512_700m_seed0_k1,H-R2-05-polar-ladder-capacity,dc80726a8c987e8c3a9171299dac00d03a074311,e119e3cc7e93583fa7cb3f52ca83934312e4c424fdb13426749a9e898eb7de63,fixed,0.7,5,0.7,0.12,699924480,sphere_polar_c07_n_down_gamma_up_d0p12_a0p7_m16,sphere_mess4,d128l4h2mlp512_700m_seed0_k1,0,1,128,4,random_init,single_layer_single_token,physics,10.0,0.6936564669445764,128,153.5,0.703126370294553
sphere_polar_c07_n_down_gamma_up_d0p12_a0p7_m16_d128l4h2mlp512_700m_seed0_k1,H-R2-05-polar-ladder-capacity,dc80726a8c987e8c3a9171299dac00d03a074311,e119e3cc7e93583fa7cb3f52ca83934312e4c424fdb13426749a9e898eb7de63,fixed,0.7,5,0.7,0.12,699924480,sphere_polar_c07_n_down_gamma_up_d0p12_a0p7_m16,sphere_mess4,d128l4h2mlp512_700m_seed0_k1,0,1,128,4,random_init,single_layer_single_token,belief,10.0,0.18615358591659034,128,153.5,0.18316740921153707
sphere_polar_c07_n_down_gamma_up_d0p12_a0p7_m16_d128l4h2mlp512_700m_seed0_k1,H-R2-05-polar-ladder-capacity,dc80726a8c987e8c3a9171299dac00d03a074311,e119e3cc7e93583fa7cb3f52ca83934312e4c424fdb13426749a9e898eb7de63,fixed,0.7,5,0.7,0.12,699924480,sphere_polar_c07_n_down_gamma_up_d0p12_a0p7_m16,sphere_mess4,d128l4h2mlp512_700m_seed0_k1,0,1,128,4,random_init,all_block_layers_single_token,physics,1.0,0.7645822453156843,512,38.375,0.7663843033816309
sphere_polar_c07_n_down_gamma_up_d0p12_a0p7_m16_d128l4h2mlp512_700m_seed0_k1,H-R2-05-polar-ladder-capacity,dc80726a8c987e8c3a9171299dac00d03a074311,e119e3cc7e93583fa7cb3f52ca83934312e4c424fdb13426749a9e898eb7de63,fixed,0.7,5,0.7,0.12,699924480,sphere_polar_c07_n_down_gamma_up_d0p12_a0p7_m16,sphere_mess4,d128l4h2mlp512_700m_seed0_k1,0,1,128,4,random_init,all_block_layers_single_token,belief,1.0,0.2649287202103371,512,38.375,0.2673861504482031
sphere_polar_c07_n_down_gamma_up_d0p12_a0p7_m16_d128l4h2mlp512_700m_seed0_k1,H-R2-05-polar-ladder-capacity,dc80726a8c987e8c3a9171299dac00d03a074311,e119e3cc7e93583fa7cb3f52ca83934312e4c424fdb13426749a9e898eb7de63,fixed,0.7,5,0.7,0.12,699924480,sphere_polar_c07_n_down_gamma_up_d0p12_a0p7_m16,sphere_mess4,d128l4h2mlp512_700m_seed0_k1,0,1,128,4,random_init,embedding_and_all_layers_single_token,physics,1.0,0.7762204524242824,640,30.7,0.7764591208833008
sphere_polar_c07_n_down_gamma_up_d0p12_a0p7_m16_d128l4h2mlp512_700m_seed0_k1,H-R2-05-polar-ladder-capacity,dc80726a8c987e8c3a9171299dac00d03a074311,e119e3cc7e93583fa7cb3f52ca83934312e4c424fdb13426749a9e898eb7de63,fixed,0.7,5,0.7,0.12,699924480,sphere_polar_c07_n_down_gamma_up_d0p12_a0p7_m16,sphere_mess4,d128l4h2mlp512_700m_seed0_k1,0,1,128,4,random_init,embedding_and_all_layers_single_token,belief,1.0,0.2725395656771181,640,30.7,0.2750445008433426
sphere_polar_c07_n_down_gamma_up_d0p12_a0p7_m16_d128l4h2mlp512_700m_seed0_k2,H-R2-05-polar-ladder-capacity,dc80726a8c987e8c3a9171299dac00d03a074311,e2add20c104bde6cda62cd4b80d277962c1253004ba2130ca7e80aca4a5a5a63,half,0.7,5,0.7,0.12,699924480,sphere_polar_c07_n_down_gamma_up_d0p12_a0p7_m16,sphere_mess4,d128l4h2mlp512_700m_seed0_k2,0,2,128,4,trained,single_layer_single_token,physics,10.0,0.892665179893006,128,153.5,0.8910921286431107
sphere_polar_c07_n_down_gamma_up_d0p12_a0p7_m16_d128l4h2mlp512_700m_seed0_k2,H-R2-05-polar-ladder-capacity,dc80726a8c987e8c3a9171299dac00d03a074311,e2add20c104bde6cda62cd4b80d277962c1253004ba2130ca7e80aca4a5a5a63,half,0.7,5,0.7,0.12,699924480,sphere_polar_c07_n_down_gamma_up_d0p12_a0p7_m16,sphere_mess4,d128l4h2mlp512_700m_seed0_k2,0,2,128,4,trained,single_layer_single_token,belief,10.0,0.32605746913476685,128,153.5,0.3164958181878405
sphere_polar_c07_n_down_gamma_up_d0p12_a0p7_m16_d128l4h2mlp512_700m_seed0_k2,H-R2-05-polar-ladder-capacity,dc80726a8c987e8c3a9171299dac00d03a074311,e2add20c104bde6cda62cd4b80d277962c1253004ba2130ca7e80aca4a5a5a63,half,0.7,5,0.7,0.12,699924480,sphere_polar_c07_n_down_gamma_up_d0p12_a0p7_m16,sphere_mess4,d128l4h2mlp512_700m_seed0_k2,0,2,128,4,trained,all_block_layers_single_token,physics,1.0,0.99290685207212,512,38.375,0.9931953754893057
sphere_polar_c07_n_down_gamma_up_d0p12_a0p7_m16_d128l4h2mlp512_700m_seed0_k2,H-R2-05-polar-ladder-capacity,dc80726a8c987e8c3a9171299dac00d03a074311,e2add20c104bde6cda62cd4b80d277962c1253004ba2130ca7e80aca4a5a5a63,half,0.7,5,0.7,0.12,699924480,sphere_polar_c07_n_down_gamma_up_d0p12_a0p7_m16,sphere_mess4,d128l4h2mlp512_700m_seed0_k2,0,2,128,4,trained,all_block_layers_single_token,belief,10.0,0.46307813087941213,512,38.375,0.4634995440396168
sphere_polar_c07_n_down_gamma_up_d0p12_a0p7_m16_d128l4h2mlp512_700m_seed0_k2,H-R2-05-polar-ladder-capacity,dc80726a8c987e8c3a9171299dac00d03a074311,e2add20c104bde6cda62cd4b80d277962c1253004ba2130ca7e80aca4a5a5a63,half,0.7,5,0.7,0.12,699924480,sphere_polar_c07_n_down_gamma_up_d0p12_a0p7_m16,sphere_mess4,d128l4h2mlp512_700m_seed0_k2,0,2,128,4,trained,embedding_and_all_layers_single_token,physics,1.0,0.9945713202524714,640,30.7,0.9944098506875703
sphere_polar_c07_n_down_gamma_up_d0p12_a0p7_m16_d128l4h2mlp512_700m_seed0_k2,H-R2-05-polar-ladder-capacity,dc80726a8c987e8c3a9171299dac00d03a074311,e2add20c104bde6cda62cd4b80d277962c1253004ba2130ca7e80aca4a5a5a63,half,0.7,5,0.7,0.12,699924480,sphere_polar_c07_n_down_gamma_up_d0p12_a0p7_m16,sphere_mess4,d128l4h2mlp512_700m_seed0_k2,0,2,128,4,trained,embedding_and_all_layers_single_token,belief,10.0,0.4677420327993147,640,30.7,0.4692229190466837
sphere_polar_c07_n_down_gamma_up_d0p12_a0p7_m16_d128l4h2mlp512_700m_seed0_k2,H-R2-05-polar-ladder-capacity,dc80726a8c987e8c3a9171299dac00d03a074311,e2add20c104bde6cda62cd4b80d277962c1253004ba2130ca7e80aca4a5a5a63,half,0.7,5,0.7,0.12,699924480,sphere_polar_c07_n_down_gamma_up_d0p12_a0p7_m16,sphere_mess4,d128l4h2mlp512_700m_seed0_k2,0,2,128,4,random_init,single_layer_single_token,physics,10.0,0.6936564669445764,128,153.5,0.703126370294553
sphere_polar_c07_n_down_gamma_up_d0p12_a0p7_m16_d128l4h2mlp512_700m_seed0_k2,H-R2-05-polar-ladder-capacity,dc80726a8c987e8c3a9171299dac00d03a074311,e2add20c104bde6cda62cd4b80d277962c1253004ba2130ca7e80aca4a5a5a63,half,0.7,5,0.7,0.12,699924480,sphere_polar_c07_n_down_gamma_up_d0p12_a0p7_m16,sphere_mess4,d128l4h2mlp512_700m_seed0_k2,0,2,128,4,random_init,single_layer_single_token,belief,10.0,0.18615358591659034,128,153.5,0.18316740921153707
sphere_polar_c07_n_down_gamma_up_d0p12_a0p7_m16_d128l4h2mlp512_700m_seed0_k2,H-R2-05-polar-ladder-capacity,dc80726a8c987e8c3a9171299dac00d03a074311,e2add20c104bde6cda62cd4b80d277962c1253004ba2130ca7e80aca4a5a5a63,half,0.7,5,0.7,0.12,699924480,sphere_polar_c07_n_down_gamma_up_d0p12_a0p7_m16,sphere_mess4,d128l4h2mlp512_700m_seed0_k2,0,2,128,4,random_init,all_block_layers_single_token,physics,1.0,0.7645822453156843,512,38.375,0.7663843033816309
sphere_polar_c07_n_down_gamma_up_d0p12_a0p7_m16_d128l4h2mlp512_700m_seed0_k2,H-R2-05-polar-ladder-capacity,dc80726a8c987e8c3a9171299dac00d03a074311,e2add20c104bde6cda62cd4b80d277962c1253004ba2130ca7e80aca4a5a5a63,half,0.7,5,0.7,0.12,699924480,sphere_polar_c07_n_down_gamma_up_d0p12_a0p7_m16,sphere_mess4,d128l4h2mlp512_700m_seed0_k2,0,2,128,4,random_init,all_block_layers_single_token,belief,1.0,0.2649287202103371,512,38.375,0.2673861504482031
sphere_polar_c07_n_down_gamma_up_d0p12_a0p7_m16_d128l4h2mlp512_700m_seed0_k2,H-R2-05-polar-ladder-capacity,dc80726a8c987e8c3a9171299dac00d03a074311,e2add20c104bde6cda62cd4b80d277962c1253004ba2130ca7e80aca4a5a5a63,half,0.7,5,0.7,0.12,699924480,sphere_polar_c07_n_down_gamma_up_d0p12_a0p7_m16,sphere_mess4,d128l4h2mlp512_700m_seed0_k2,0,2,128,4,random_init,embedding_and_all_layers_single_token,physics,1.0,0.7762204524242824,640,30.7,0.7764591208833008
sphere_polar_c07_n_down_gamma_up_d0p12_a0p7_m16_d128l4h2mlp512_700m_seed0_k2,H-R2-05-polar-ladder-capacity,dc80726a8c987e8c3a9171299dac00d03a074311,e2add20c104bde6cda62cd4b80d277962c1253004ba2130ca7e80aca4a5a5a63,half,0.7,5,0.7,0.12,699924480,sphere_polar_c07_n_down_gamma_up_d0p12_a0p7_m16,sphere_mess4,d128l4h2mlp512_700m_seed0_k2,0,2,128,4,random_init,embedding_and_all_layers_single_token,belief,1.0,0.2725395656771181,640,30.7,0.2750445008433426
sphere_polar_c07_n_down_gamma_up_d0p12_a0p7_m16_d128l4h2mlp512_700m_seed0_k6,H-R2-05-polar-ladder-capacity,dc80726a8c987e8c3a9171299dac00d03a074311,697100cad4c62f03e2f638eb0bdd6fe11334e017d0f541eb8a7a3605f1892ede,n_plus_one,0.7,5,0.7,0.12,699924480,sphere_polar_c07_n_down_gamma_up_d0p12_a0p7_m16,sphere_mess4,d128l4h2mlp512_700m_seed0_k6,0,6,128,4,trained,single_layer_single_token,physics,10.0,0.902312744523181,128,153.5,0.9060303298644704
sphere_polar_c07_n_down_gamma_up_d0p12_a0p7_m16_d128l4h2mlp512_700m_seed0_k6,H-R2-05-polar-ladder-capacity,dc80726a8c987e8c3a9171299dac00d03a074311,697100cad4c62f03e2f638eb0bdd6fe11334e017d0f541eb8a7a3605f1892ede,n_plus_one,0.7,5,0.7,0.12,699924480,sphere_polar_c07_n_down_gamma_up_d0p12_a0p7_m16,sphere_mess4,d128l4h2mlp512_700m_seed0_k6,0,6,128,4,trained,single_layer_single_token,belief,10.0,0.3690822425040896,128,153.5,0.3661226236678816
sphere_polar_c07_n_down_gamma_up_d0p12_a0p7_m16_d128l4h2mlp512_700m_seed0_k6,H-R2-05-polar-ladder-capacity,dc80726a8c987e8c3a9171299dac00d03a074311,697100cad4c62f03e2f638eb0bdd6fe11334e017d0f541eb8a7a3605f1892ede,n_plus_one,0.7,5,0.7,0.12,699924480,sphere_polar_c07_n_down_gamma_up_d0p12_a0p7_m16,sphere_mess4,d128l4h2mlp512_700m_seed0_k6,0,6,128,4,trained,all_block_layers_single_token,physics,10.0,0.9777838682806774,512,38.375,0.9778724040023596
sphere_polar_c07_n_down_gamma_up_d0p12_a0p7_m16_d128l4h2mlp512_700m_seed0_k6,H-R2-05-polar-ladder-capacity,dc80726a8c987e8c3a9171299dac00d03a074311,697100cad4c62f03e2f638eb0bdd6fe11334e017d0f541eb8a7a3605f1892ede,n_plus_one,0.7,5,0.7,0.12,699924480,sphere_polar_c07_n_down_gamma_up_d0p12_a0p7_m16,sphere_mess4,d128l4h2mlp512_700m_seed0_k6,0,6,128,4,trained,all_block_layers_single_token,belief,10.0,0.5389822423614625,512,38.375,0.5349332142256265
sphere_polar_c07_n_down_gamma_up_d0p12_a0p7_m16_d128l4h2mlp512_700m_seed0_k6,H-R2-05-polar-ladder-capacity,dc80726a8c987e8c3a9171299dac00d03a074311,697100cad4c62f03e2f638eb0bdd6fe11334e017d0f541eb8a7a3605f1892ede,n_plus_one,0.7,5,0.7,0.12,699924480,sphere_polar_c07_n_down_gamma_up_d0p12_a0p7_m16,sphere_mess4,d128l4h2mlp512_700m_seed0_k6,0,6,128,4,trained,embedding_and_all_layers_single_token,physics,1.0,0.9808143457226659,640,30.7,0.9807638922806499
sphere_polar_c07_n_down_gamma_up_d0p12_a0p7_m16_d128l4h2mlp512_700m_seed0_k6,H-R2-05-polar-ladder-capacity,dc80726a8c987e8c3a9171299dac00d03a074311,697100cad4c62f03e2f638eb0bdd6fe11334e017d0f541eb8a7a3605f1892ede,n_plus_one,0.7,5,0.7,0.12,699924480,sphere_polar_c07_n_down_gamma_up_d0p12_a0p7_m16,sphere_mess4,d128l4h2mlp512_700m_seed0_k6,0,6,128,4,trained,embedding_and_all_layers_single_token,belief,10.0,0.5461679806420771,640,30.7,0.5400053494472685
sphere_polar_c07_n_down_gamma_up_d0p12_a0p7_m16_d128l4h2mlp512_700m_seed0_k6,H-R2-05-polar-ladder-capacity,dc80726a8c987e8c3a9171299dac00d03a074311,697100cad4c62f03e2f638eb0bdd6fe11334e017d0f541eb8a7a3605f1892ede,n_plus_one,0.7,5,0.7,0.12,699924480,sphere_polar_c07_n_down_gamma_up_d0p12_a0p7_m16,sphere_mess4,d128l4h2mlp512_700m_seed0_k6,0,6,128,4,random_init,single_layer_single_token,physics,10.0,0.6936564669445764,128,153.5,0.703126370294553
sphere_polar_c07_n_down_gamma_up_d0p12_a0p7_m16_d128l4h2mlp512_700m_seed0_k6,H-R2-05-polar-ladder-capacity,dc80726a8c987e8c3a9171299dac00d03a074311,697100cad4c62f03e2f638eb0bdd6fe11334e017d0f541eb8a7a3605f1892ede,n_plus_one,0.7,5,0.7,0.12,699924480,sphere_polar_c07_n_down_gamma_up_d0p12_a0p7_m16,sphere_mess4,d128l4h2mlp512_700m_seed0_k6,0,6,128,4,random_init,single_layer_single_token,belief,10.0,0.18615358591659034,128,153.5,0.18316740921153707
sphere_polar_c07_n_down_gamma_up_d0p12_a0p7_m16_d128l4h2mlp512_700m_seed0_k6,H-R2-05-polar-ladder-capacity,dc80726a8c987e8c3a9171299dac00d03a074311,697100cad4c62f03e2f638eb0bdd6fe11334e017d0f541eb8a7a3605f1892ede,n_plus_one,0.7,5,0.7,0.12,699924480,sphere_polar_c07_n_down_gamma_up_d0p12_a0p7_m16,sphere_mess4,d128l4h2mlp512_700m_seed0_k6,0,6,128,4,random_init,all_block_layers_single_token,physics,1.0,0.7645822453156843,512,38.375,0.7663843033816309
sphere_polar_c07_n_down_gamma_up_d0p12_a0p7_m16_d128l4h2mlp512_700m_seed0_k6,H-R2-05-polar-ladder-capacity,dc80726a8c987e8c3a9171299dac00d03a074311,697100cad4c62f03e2f638eb0bdd6fe11334e017d0f541eb8a7a3605f1892ede,n_plus_one,0.7,5,0.7,0.12,699924480,sphere_polar_c07_n_down_gamma_up_d0p12_a0p7_m16,sphere_mess4,d128l4h2mlp512_700m_seed0_k6,0,6,128,4,random_init,all_block_layers_single_token,belief,1.0,0.2649287202103371,512,38.375,0.2673861504482031
sphere_polar_c07_n_down_gamma_up_d0p12_a0p7_m16_d128l4h2mlp512_700m_seed0_k6,H-R2-05-polar-ladder-capacity,dc80726a8c987e8c3a9171299dac00d03a074311,697100cad4c62f03e2f638eb0bdd6fe11334e017d0f541eb8a7a3605f1892ede,n_plus_one,0.7,5,0.7,0.12,699924480,sphere_polar_c07_n_down_gamma_up_d0p12_a0p7_m16,sphere_mess4,d128l4h2mlp512_700m_seed0_k6,0,6,128,4,random_init,embedding_and_all_layers_single_token,physics,1.0,0.7762204524242824,640,30.7,0.7764591208833008
sphere_polar_c07_n_down_gamma_up_d0p12_a0p7_m16_d128l4h2mlp512_700m_seed0_k6,H-R2-05-polar-ladder-capacity,dc80726a8c987e8c3a9171299dac00d03a074311,697100cad4c62f03e2f638eb0bdd6fe11334e017d0f541eb8a7a3605f1892ede,n_plus_one,0.7,5,0.7,0.12,699924480,sphere_polar_c07_n_down_gamma_up_d0p12_a0p7_m16,sphere_mess4,d128l4h2mlp512_700m_seed0_k6,0,6,128,4,random_init,embedding_and_all_layers_single_token,belief,1.0,0.2725395656771181,640,30.7,0.2750445008433426
sphere_polar_c07_n_down_gamma_up_d0p12_a0p85_m16_d128l4h2mlp512_700m_seed0_k1,H-R2-05-polar-ladder-capacity,dc80726a8c987e8c3a9171299dac00d03a074311,9f1b3c841612a7c7fdddbfffc24022a04b742d401669e06bdc416bd47a70420d,fixed,0.85,5,0.7,0.12,699924480,sphere_polar_c07_n_down_gamma_up_d0p12_a0p85_m16,sphere_mess4,d128l4h2mlp512_700m_seed0_k1,0,1,128,4,trained,single_layer_single_token,physics,1.0,0.8675615755134883,128,153.625,0.8650938869492202
sphere_polar_c07_n_down_gamma_up_d0p12_a0p85_m16_d128l4h2mlp512_700m_seed0_k1,H-R2-05-polar-ladder-capacity,dc80726a8c987e8c3a9171299dac00d03a074311,9f1b3c841612a7c7fdddbfffc24022a04b742d401669e06bdc416bd47a70420d,fixed,0.85,5,0.7,0.12,699924480,sphere_polar_c07_n_down_gamma_up_d0p12_a0p85_m16,sphere_mess4,d128l4h2mlp512_700m_seed0_k1,0,1,128,4,trained,single_layer_single_token,belief,10.0,0.37104749108619545,128,153.625,0.3617009447999404
sphere_polar_c07_n_down_gamma_up_d0p12_a0p85_m16_d128l4h2mlp512_700m_seed0_k1,H-R2-05-polar-ladder-capacity,dc80726a8c987e8c3a9171299dac00d03a074311,9f1b3c841612a7c7fdddbfffc24022a04b742d401669e06bdc416bd47a70420d,fixed,0.85,5,0.7,0.12,699924480,sphere_polar_c07_n_down_gamma_up_d0p12_a0p85_m16,sphere_mess4,d128l4h2mlp512_700m_seed0_k1,0,1,128,4,trained,all_block_layers_single_token,physics,1.0,0.988202202012189,512,38.40625,0.9875441013862306
sphere_polar_c07_n_down_gamma_up_d0p12_a0p85_m16_d128l4h2mlp512_700m_seed0_k1,H-R2-05-polar-ladder-capacity,dc80726a8c987e8c3a9171299dac00d03a074311,9f1b3c841612a7c7fdddbfffc24022a04b742d401669e06bdc416bd47a70420d,fixed,0.85,5,0.7,0.12,699924480,sphere_polar_c07_n_down_gamma_up_d0p12_a0p85_m16,sphere_mess4,d128l4h2mlp512_700m_seed0_k1,0,1,128,4,trained,all_block_layers_single_token,belief,10.0,0.5329089570305414,512,38.40625,0.5393435686834176
sphere_polar_c07_n_down_gamma_up_d0p12_a0p85_m16_d128l4h2mlp512_700m_seed0_k1,H-R2-05-polar-ladder-capacity,dc80726a8c987e8c3a9171299dac00d03a074311,9f1b3c841612a7c7fdddbfffc24022a04b742d401669e06bdc416bd47a70420d,fixed,0.85,5,0.7,0.12,699924480,sphere_polar_c07_n_down_gamma_up_d0p12_a0p85_m16,sphere_mess4,d128l4h2mlp512_700m_seed0_k1,0,1,128,4,trained,embedding_and_all_layers_single_token,physics,1.0,0.9908460784144382,640,30.725,0.9902502785225774
sphere_polar_c07_n_down_gamma_up_d0p12_a0p85_m16_d128l4h2mlp512_700m_seed0_k1,H-R2-05-polar-ladder-capacity,dc80726a8c987e8c3a9171299dac00d03a074311,9f1b3c841612a7c7fdddbfffc24022a04b742d401669e06bdc416bd47a70420d,fixed,0.85,5,0.7,0.12,699924480,sphere_polar_c07_n_down_gamma_up_d0p12_a0p85_m16,sphere_mess4,d128l4h2mlp512_700m_seed0_k1,0,1,128,4,trained,embedding_and_all_layers_single_token,belief,10.0,0.5466725225967224,640,30.725,0.5503349894016677
sphere_polar_c07_n_down_gamma_up_d0p12_a0p85_m16_d128l4h2mlp512_700m_seed0_k1,H-R2-05-polar-ladder-capacity,dc80726a8c987e8c3a9171299dac00d03a074311,9f1b3c841612a7c7fdddbfffc24022a04b742d401669e06bdc416bd47a70420d,fixed,0.85,5,0.7,0.12,699924480,sphere_polar_c07_n_down_gamma_up_d0p12_a0p85_m16,sphere_mess4,d128l4h2mlp512_700m_seed0_k1,0,1,128,4,random_init,single_layer_single_token,physics,1.0,0.6946912319081553,128,153.625,0.7036121861135606
sphere_polar_c07_n_down_gamma_up_d0p12_a0p85_m16_d128l4h2mlp512_700m_seed0_k1,H-R2-05-polar-ladder-capacity,dc80726a8c987e8c3a9171299dac00d03a074311,9f1b3c841612a7c7fdddbfffc24022a04b742d401669e06bdc416bd47a70420d,fixed,0.85,5,0.7,0.12,699924480,sphere_polar_c07_n_down_gamma_up_d0p12_a0p85_m16,sphere_mess4,d128l4h2mlp512_700m_seed0_k1,0,1,128,4,random_init,single_layer_single_token,belief,10.0,0.21123022110059533,128,153.625,0.19973406579194233
sphere_polar_c07_n_down_gamma_up_d0p12_a0p85_m16_d128l4h2mlp512_700m_seed0_k1,H-R2-05-polar-ladder-capacity,dc80726a8c987e8c3a9171299dac00d03a074311,9f1b3c841612a7c7fdddbfffc24022a04b742d401669e06bdc416bd47a70420d,fixed,0.85,5,0.7,0.12,699924480,sphere_polar_c07_n_down_gamma_up_d0p12_a0p85_m16,sphere_mess4,d128l4h2mlp512_700m_seed0_k1,0,1,128,4,random_init,all_block_layers_single_token,physics,1.0,0.7626046240755349,512,38.40625,0.7749139564655773
sphere_polar_c07_n_down_gamma_up_d0p12_a0p85_m16_d128l4h2mlp512_700m_seed0_k1,H-R2-05-polar-ladder-capacity,dc80726a8c987e8c3a9171299dac00d03a074311,9f1b3c841612a7c7fdddbfffc24022a04b742d401669e06bdc416bd47a70420d,fixed,0.85,5,0.7,0.12,699924480,sphere_polar_c07_n_down_gamma_up_d0p12_a0p85_m16,sphere_mess4,d128l4h2mlp512_700m_seed0_k1,0,1,128,4,random_init,all_block_layers_single_token,belief,1.0,0.2995188724039892,512,38.40625,0.29429727261759114
sphere_polar_c07_n_down_gamma_up_d0p12_a0p85_m16_d128l4h2mlp512_700m_seed0_k1,H-R2-05-polar-ladder-capacity,dc80726a8c987e8c3a9171299dac00d03a074311,9f1b3c841612a7c7fdddbfffc24022a04b742d401669e06bdc416bd47a70420d,fixed,0.85,5,0.7,0.12,699924480,sphere_polar_c07_n_down_gamma_up_d0p12_a0p85_m16,sphere_mess4,d128l4h2mlp512_700m_seed0_k1,0,1,128,4,random_init,embedding_and_all_layers_single_token,physics,1.0,0.7729339697166513,640,30.725,0.7836957272248637
sphere_polar_c07_n_down_gamma_up_d0p12_a0p85_m16_d128l4h2mlp512_700m_seed0_k1,H-R2-05-polar-ladder-capacity,dc80726a8c987e8c3a9171299dac00d03a074311,9f1b3c841612a7c7fdddbfffc24022a04b742d401669e06bdc416bd47a70420d,fixed,0.85,5,0.7,0.12,699924480,sphere_polar_c07_n_down_gamma_up_d0p12_a0p85_m16,sphere_mess4,d128l4h2mlp512_700m_seed0_k1,0,1,128,4,random_init,embedding_and_all_layers_single_token,belief,1.0,0.3062649295603159,640,30.725,0.30471148989955166
sphere_polar_c07_n_down_gamma_up_d0p12_a0p85_m16_d128l4h2mlp512_700m_seed0_k2,H-R2-05-polar-ladder-capacity,dc80726a8c987e8c3a9171299dac00d03a074311,f2b6ed110b550d91eaef8a691395b407cd6aae5c211eb6857c95678489641963,half,0.85,5,0.7,0.12,699924480,sphere_polar_c07_n_down_gamma_up_d0p12_a0p85_m16,sphere_mess4,d128l4h2mlp512_700m_seed0_k2,0,2,128,4,trained,single_layer_single_token,physics,10.0,0.8359471237427525,128,153.625,0.8215860298973106
sphere_polar_c07_n_down_gamma_up_d0p12_a0p85_m16_d128l4h2mlp512_700m_seed0_k2,H-R2-05-polar-ladder-capacity,dc80726a8c987e8c3a9171299dac00d03a074311,f2b6ed110b550d91eaef8a691395b407cd6aae5c211eb6857c95678489641963,half,0.85,5,0.7,0.12,699924480,sphere_polar_c07_n_down_gamma_up_d0p12_a0p85_m16,sphere_mess4,d128l4h2mlp512_700m_seed0_k2,0,2,128,4,trained,single_layer_single_token,belief,10.0,0.3983001416390928,128,153.625,0.4016372906989289
sphere_polar_c07_n_down_gamma_up_d0p12_a0p85_m16_d128l4h2mlp512_700m_seed0_k2,H-R2-05-polar-ladder-capacity,dc80726a8c987e8c3a9171299dac00d03a074311,f2b6ed110b550d91eaef8a691395b407cd6aae5c211eb6857c95678489641963,half,0.85,5,0.7,0.12,699924480,sphere_polar_c07_n_down_gamma_up_d0p12_a0p85_m16,sphere_mess4,d128l4h2mlp512_700m_seed0_k2,0,2,128,4,trained,all_block_layers_single_token,physics,1.0,0.9928168236764826,512,38.40625,0.9923130475443509
sphere_polar_c07_n_down_gamma_up_d0p12_a0p85_m16_d128l4h2mlp512_700m_seed0_k2,H-R2-05-polar-ladder-capacity,dc80726a8c987e8c3a9171299dac00d03a074311,f2b6ed110b550d91eaef8a691395b407cd6aae5c211eb6857c95678489641963,half,0.85,5,0.7,0.12,699924480,sphere_polar_c07_n_down_gamma_up_d0p12_a0p85_m16,sphere_mess4,d128l4h2mlp512_700m_seed0_k2,0,2,128,4,trained,all_block_layers_single_token,belief,10.0,0.5715553383344416,512,38.40625,0.5875920831973083
sphere_polar_c07_n_down_gamma_up_d0p12_a0p85_m16_d128l4h2mlp512_700m_seed0_k2,H-R2-05-polar-ladder-capacity,dc80726a8c987e8c3a9171299dac00d03a074311,f2b6ed110b550d91eaef8a691395b407cd6aae5c211eb6857c95678489641963,half,0.85,5,0.7,0.12,699924480,sphere_polar_c07_n_down_gamma_up_d0p12_a0p85_m16,sphere_mess4,d128l4h2mlp512_700m_seed0_k2,0,2,128,4,trained,embedding_and_all_layers_single_token,physics,1.0,0.9947204477232922,640,30.725,0.9943276816099531
sphere_polar_c07_n_down_gamma_up_d0p12_a0p85_m16_d128l4h2mlp512_700m_seed0_k2,H-R2-05-polar-ladder-capacity,dc80726a8c987e8c3a9171299dac00d03a074311,f2b6ed110b550d91eaef8a691395b407cd6aae5c211eb6857c95678489641963,half,0.85,5,0.7,0.12,699924480,sphere_polar_c07_n_down_gamma_up_d0p12_a0p85_m16,sphere_mess4,d128l4h2mlp512_700m_seed0_k2,0,2,128,4,trained,embedding_and_all_layers_single_token,belief,10.0,0.5797603571559395,640,30.725,0.5961534423660491
sphere_polar_c07_n_down_gamma_up_d0p12_a0p85_m16_d128l4h2mlp512_700m_seed0_k2,H-R2-05-polar-ladder-capacity,dc80726a8c987e8c3a9171299dac00d03a074311,f2b6ed110b550d91eaef8a691395b407cd6aae5c211eb6857c95678489641963,half,0.85,5,0.7,0.12,699924480,sphere_polar_c07_n_down_gamma_up_d0p12_a0p85_m16,sphere_mess4,d128l4h2mlp512_700m_seed0_k2,0,2,128,4,random_init,single_layer_single_token,physics,1.0,0.6946912319081553,128,153.625,0.7036121861135606
sphere_polar_c07_n_down_gamma_up_d0p12_a0p85_m16_d128l4h2mlp512_700m_seed0_k2,H-R2-05-polar-ladder-capacity,dc80726a8c987e8c3a9171299dac00d03a074311,f2b6ed110b550d91eaef8a691395b407cd6aae5c211eb6857c95678489641963,half,0.85,5,0.7,0.12,699924480,sphere_polar_c07_n_down_gamma_up_d0p12_a0p85_m16,sphere_mess4,d128l4h2mlp512_700m_seed0_k2,0,2,128,4,random_init,single_layer_single_token,belief,10.0,0.21123022110059533,128,153.625,0.19973406579194233
sphere_polar_c07_n_down_gamma_up_d0p12_a0p85_m16_d128l4h2mlp512_700m_seed0_k2,H-R2-05-polar-ladder-capacity,dc80726a8c987e8c3a9171299dac00d03a074311,f2b6ed110b550d91eaef8a691395b407cd6aae5c211eb6857c95678489641963,half,0.85,5,0.7,0.12,699924480,sphere_polar_c07_n_down_gamma_up_d0p12_a0p85_m16,sphere_mess4,d128l4h2mlp512_700m_seed0_k2,0,2,128,4,random_init,all_block_layers_single_token,physics,1.0,0.7626046240755349,512,38.40625,0.7749139564655773
sphere_polar_c07_n_down_gamma_up_d0p12_a0p85_m16_d128l4h2mlp512_700m_seed0_k2,H-R2-05-polar-ladder-capacity,dc80726a8c987e8c3a9171299dac00d03a074311,f2b6ed110b550d91eaef8a691395b407cd6aae5c211eb6857c95678489641963,half,0.85,5,0.7,0.12,699924480,sphere_polar_c07_n_down_gamma_up_d0p12_a0p85_m16,sphere_mess4,d128l4h2mlp512_700m_seed0_k2,0,2,128,4,random_init,all_block_layers_single_token,belief,1.0,0.2995188724039892,512,38.40625,0.29429727261759114
sphere_polar_c07_n_down_gamma_up_d0p12_a0p85_m16_d128l4h2mlp512_700m_seed0_k2,H-R2-05-polar-ladder-capacity,dc80726a8c987e8c3a9171299dac00d03a074311,f2b6ed110b550d91eaef8a691395b407cd6aae5c211eb6857c95678489641963,half,0.85,5,0.7,0.12,699924480,sphere_polar_c07_n_down_gamma_up_d0p12_a0p85_m16,sphere_mess4,d128l4h2mlp512_700m_seed0_k2,0,2,128,4,random_init,embedding_and_all_layers_single_token,physics,1.0,0.7729339697166513,640,30.725,0.7836957272248637
sphere_polar_c07_n_down_gamma_up_d0p12_a0p85_m16_d128l4h2mlp512_700m_seed0_k2,H-R2-05-polar-ladder-capacity,dc80726a8c987e8c3a9171299dac00d03a074311,f2b6ed110b550d91eaef8a691395b407cd6aae5c211eb6857c95678489641963,half,0.85,5,0.7,0.12,699924480,sphere_polar_c07_n_down_gamma_up_d0p12_a0p85_m16,sphere_mess4,d128l4h2mlp512_700m_seed0_k2,0,2,128,4,random_init,embedding_and_all_layers_single_token,belief,1.0,0.3062649295603159,640,30.725,0.30471148989955166
sphere_polar_c07_n_down_gamma_up_d0p12_a0p85_m16_d128l4h2mlp512_700m_seed0_k6,H-R2-05-polar-ladder-capacity,dc80726a8c987e8c3a9171299dac00d03a074311,0907edd9083f4687525e6db2a1232b08429efca827982d3d5c550ed42d827684,n_plus_one,0.85,5,0.7,0.12,699924480,sphere_polar_c07_n_down_gamma_up_d0p12_a0p85_m16,sphere_mess4,d128l4h2mlp512_700m_seed0_k6,0,6,128,4,trained,single_layer_single_token,physics,1.0,0.8882377277208944,128,153.625,0.8899268570049217
sphere_polar_c07_n_down_gamma_up_d0p12_a0p85_m16_d128l4h2mlp512_700m_seed0_k6,H-R2-05-polar-ladder-capacity,dc80726a8c987e8c3a9171299dac00d03a074311,0907edd9083f4687525e6db2a1232b08429efca827982d3d5c550ed42d827684,n_plus_one,0.85,5,0.7,0.12,699924480,sphere_polar_c07_n_down_gamma_up_d0p12_a0p85_m16,sphere_mess4,d128l4h2mlp512_700m_seed0_k6,0,6,128,4,trained,single_layer_single_token,belief,1.0,0.3745087685803292,128,153.625,0.3773673915314703
sphere_polar_c07_n_down_gamma_up_d0p12_a0p85_m16_d128l4h2mlp512_700m_seed0_k6,H-R2-05-polar-ladder-capacity,dc80726a8c987e8c3a9171299dac00d03a074311,0907edd9083f4687525e6db2a1232b08429efca827982d3d5c550ed42d827684,n_plus_one,0.85,5,0.7,0.12,699924480,sphere_polar_c07_n_down_gamma_up_d0p12_a0p85_m16,sphere_mess4,d128l4h2mlp512_700m_seed0_k6,0,6,128,4,trained,all_block_layers_single_token,physics,1.0,0.9799757520539557,512,38.40625,0.9815376867326477
sphere_polar_c07_n_down_gamma_up_d0p12_a0p85_m16_d128l4h2mlp512_700m_seed0_k6,H-R2-05-polar-ladder-capacity,dc80726a8c987e8c3a9171299dac00d03a074311,0907edd9083f4687525e6db2a1232b08429efca827982d3d5c550ed42d827684,n_plus_one,0.85,5,0.7,0.12,699924480,sphere_polar_c07_n_down_gamma_up_d0p12_a0p85_m16,sphere_mess4,d128l4h2mlp512_700m_seed0_k6,0,6,128,4,trained,all_block_layers_single_token,belief,10.0,0.5805160543903531,512,38.40625,0.5922664923081875
sphere_polar_c07_n_down_gamma_up_d0p12_a0p85_m16_d128l4h2mlp512_700m_seed0_k6,H-R2-05-polar-ladder-capacity,dc80726a8c987e8c3a9171299dac00d03a074311,0907edd9083f4687525e6db2a1232b08429efca827982d3d5c550ed42d827684,n_plus_one,0.85,5,0.7,0.12,699924480,sphere_polar_c07_n_down_gamma_up_d0p12_a0p85_m16,sphere_mess4,d128l4h2mlp512_700m_seed0_k6,0,6,128,4,trained,embedding_and_all_layers_single_token,physics,1.0,0.9826797322023237,640,30.725,0.9842958515673365
sphere_polar_c07_n_down_gamma_up_d0p12_a0p85_m16_d128l4h2mlp512_700m_seed0_k6,H-R2-05-polar-ladder-capacity,dc80726a8c987e8c3a9171299dac00d03a074311,0907edd9083f4687525e6db2a1232b08429efca827982d3d5c550ed42d827684,n_plus_one,0.85,5,0.7,0.12,699924480,sphere_polar_c07_n_down_gamma_up_d0p12_a0p85_m16,sphere_mess4,d128l4h2mlp512_700m_seed0_k6,0,6,128,4,trained,embedding_and_all_layers_single_token,belief,10.0,0.5848653908498822,640,30.725,0.5979797447395991
sphere_polar_c07_n_down_gamma_up_d0p12_a0p85_m16_d128l4h2mlp512_700m_seed0_k6,H-R2-05-polar-ladder-capacity,dc80726a8c987e8c3a9171299dac00d03a074311,0907edd9083f4687525e6db2a1232b08429efca827982d3d5c550ed42d827684,n_plus_one,0.85,5,0.7,0.12,699924480,sphere_polar_c07_n_down_gamma_up_d0p12_a0p85_m16,sphere_mess4,d128l4h2mlp512_700m_seed0_k6,0,6,128,4,random_init,single_layer_single_token,physics,1.0,0.6946912319081553,128,153.625,0.7036121861135606
sphere_polar_c07_n_down_gamma_up_d0p12_a0p85_m16_d128l4h2mlp512_700m_seed0_k6,H-R2-05-polar-ladder-capacity,dc80726a8c987e8c3a9171299dac00d03a074311,0907edd9083f4687525e6db2a1232b08429efca827982d3d5c550ed42d827684,n_plus_one,0.85,5,0.7,0.12,699924480,sphere_polar_c07_n_down_gamma_up_d0p12_a0p85_m16,sphere_mess4,d128l4h2mlp512_700m_seed0_k6,0,6,128,4,random_init,single_layer_single_token,belief,10.0,0.21123022110059533,128,153.625,0.19973406579194233
sphere_polar_c07_n_down_gamma_up_d0p12_a0p85_m16_d128l4h2mlp512_700m_seed0_k6,H-R2-05-polar-ladder-capacity,dc80726a8c987e8c3a9171299dac00d03a074311,0907edd9083f4687525e6db2a1232b08429efca827982d3d5c550ed42d827684,n_plus_one,0.85,5,0.7,0.12,699924480,sphere_polar_c07_n_down_gamma_up_d0p12_a0p85_m16,sphere_mess4,d128l4h2mlp512_700m_seed0_k6,0,6,128,4,random_init,all_block_layers_single_token,physics,1.0,0.7626046240755349,512,38.40625,0.7749139564655773
sphere_polar_c07_n_down_gamma_up_d0p12_a0p85_m16_d128l4h2mlp512_700m_seed0_k6,H-R2-05-polar-ladder-capacity,dc80726a8c987e8c3a9171299dac00d03a074311,0907edd9083f4687525e6db2a1232b08429efca827982d3d5c550ed42d827684,n_plus_one,0.85,5,0.7,0.12,699924480,sphere_polar_c07_n_down_gamma_up_d0p12_a0p85_m16,sphere_mess4,d128l4h2mlp512_700m_seed0_k6,0,6,128,4,random_init,all_block_layers_single_token,belief,1.0,0.2995188724039892,512,38.40625,0.29429727261759114
sphere_polar_c07_n_down_gamma_up_d0p12_a0p85_m16_d128l4h2mlp512_700m_seed0_k6,H-R2-05-polar-ladder-capacity,dc80726a8c987e8c3a9171299dac00d03a074311,0907edd9083f4687525e6db2a1232b08429efca827982d3d5c550ed42d827684,n_plus_one,0.85,5,0.7,0.12,699924480,sphere_polar_c07_n_down_gamma_up_d0p12_a0p85_m16,sphere_mess4,d128l4h2mlp512_700m_seed0_k6,0,6,128,4,random_init,embedding_and_all_layers_single_token,physics,1.0,0.7729339697166513,640,30.725,0.7836957272248637
sphere_polar_c07_n_down_gamma_up_d0p12_a0p85_m16_d128l4h2mlp512_700m_seed0_k6,H-R2-05-polar-ladder-capacity,dc80726a8c987e8c3a9171299dac00d03a074311,0907edd9083f4687525e6db2a1232b08429efca827982d3d5c550ed42d827684,n_plus_one,0.85,5,0.7,0.12,699924480,sphere_polar_c07_n_down_gamma_up_d0p12_a0p85_m16,sphere_mess4,d128l4h2mlp512_700m_seed0_k6,0,6,128,4,random_init,embedding_and_all_layers_single_token,belief,1.0,0.3062649295603159,640,30.725,0.30471148989955166
sphere_polar_c07_n_down_gamma_up_d0p12_a0p95_m16_d128l4h2mlp512_700m_seed0_k1,H-R2-05-polar-ladder-capacity,dc80726a8c987e8c3a9171299dac00d03a074311,00233dc2f14191487ef9296d7352b43721b76f195e20ef8067b8c1a395650b43,fixed,0.95,5,0.7,0.12,699924480,sphere_polar_c07_n_down_gamma_up_d0p12_a0p95_m16,sphere_mess4,d128l4h2mlp512_700m_seed0_k1,0,1,128,4,trained,single_layer_single_token,physics,10.0,0.810602235193296,128,153.75,0.8089704343853276
sphere_polar_c07_n_down_gamma_up_d0p12_a0p95_m16_d128l4h2mlp512_700m_seed0_k1,H-R2-05-polar-ladder-capacity,dc80726a8c987e8c3a9171299dac00d03a074311,00233dc2f14191487ef9296d7352b43721b76f195e20ef8067b8c1a395650b43,fixed,0.95,5,0.7,0.12,699924480,sphere_polar_c07_n_down_gamma_up_d0p12_a0p95_m16,sphere_mess4,d128l4h2mlp512_700m_seed0_k1,0,1,128,4,trained,single_layer_single_token,belief,100.0,0.4239971019207681,128,153.75,0.4324476567174374
sphere_polar_c07_n_down_gamma_up_d0p12_a0p95_m16_d128l4h2mlp512_700m_seed0_k1,H-R2-05-polar-ladder-capacity,dc80726a8c987e8c3a9171299dac00d03a074311,00233dc2f14191487ef9296d7352b43721b76f195e20ef8067b8c1a395650b43,fixed,0.95,5,0.7,0.12,699924480,sphere_polar_c07_n_down_gamma_up_d0p12_a0p95_m16,sphere_mess4,d128l4h2mlp512_700m_seed0_k1,0,1,128,4,trained,all_block_layers_single_token,physics,1.0,0.9860852484367078,512,38.4375,0.9832864376780284
sphere_polar_c07_n_down_gamma_up_d0p12_a0p95_m16_d128l4h2mlp512_700m_seed0_k1,H-R2-05-polar-ladder-capacity,dc80726a8c987e8c3a9171299dac00d03a074311,00233dc2f14191487ef9296d7352b43721b76f195e20ef8067b8c1a395650b43,fixed,0.95,5,0.7,0.12,699924480,sphere_polar_c07_n_down_gamma_up_d0p12_a0p95_m16,sphere_mess4,d128l4h2mlp512_700m_seed0_k1,0,1,128,4,trained,all_block_layers_single_token,belief,10.0,0.603069261597188,512,38.4375,0.6124505783253597
sphere_polar_c07_n_down_gamma_up_d0p12_a0p95_m16_d128l4h2mlp512_700m_seed0_k1,H-R2-05-polar-ladder-capacity,dc80726a8c987e8c3a9171299dac00d03a074311,00233dc2f14191487ef9296d7352b43721b76f195e20ef8067b8c1a395650b43,fixed,0.95,5,0.7,0.12,699924480,sphere_polar_c07_n_down_gamma_up_d0p12_a0p95_m16,sphere_mess4,d128l4h2mlp512_700m_seed0_k1,0,1,128,4,trained,embedding_and_all_layers_single_token,physics,1.0,0.9888703711358808,640,30.75,0.9867844343699873
sphere_polar_c07_n_down_gamma_up_d0p12_a0p95_m16_d128l4h2mlp512_700m_seed0_k1,H-R2-05-polar-ladder-capacity,dc80726a8c987e8c3a9171299dac00d03a074311,00233dc2f14191487ef9296d7352b43721b76f195e20ef8067b8c1a395650b43,fixed,0.95,5,0.7,0.12,699924480,sphere_polar_c07_n_down_gamma_up_d0p12_a0p95_m16,sphere_mess4,d128l4h2mlp512_700m_seed0_k1,0,1,128,4,trained,embedding_and_all_layers_single_token,belief,10.0,0.61180672861612,640,30.75,0.6207295241571997
sphere_polar_c07_n_down_gamma_up_d0p12_a0p95_m16_d128l4h2mlp512_700m_seed0_k1,H-R2-05-polar-ladder-capacity,dc80726a8c987e8c3a9171299dac00d03a074311,00233dc2f14191487ef9296d7352b43721b76f195e20ef8067b8c1a395650b43,fixed,0.95,5,0.7,0.12,699924480,sphere_polar_c07_n_down_gamma_up_d0p12_a0p95_m16,sphere_mess4,d128l4h2mlp512_700m_seed0_k1,0,1,128,4,random_init,single_layer_single_token,physics,1.0,0.69764088011142,128,153.75,0.7101391224382114
sphere_polar_c07_n_down_gamma_up_d0p12_a0p95_m16_d128l4h2mlp512_700m_seed0_k1,H-R2-05-polar-ladder-capacity,dc80726a8c987e8c3a9171299dac00d03a074311,00233dc2f14191487ef9296d7352b43721b76f195e20ef8067b8c1a395650b43,fixed,0.95,5,0.7,0.12,699924480,sphere_polar_c07_n_down_gamma_up_d0p12_a0p95_m16,sphere_mess4,d128l4h2mlp512_700m_seed0_k1,0,1,128,4,random_init,single_layer_single_token,belief,10.0,0.22695749573840543,128,153.75,0.2209381221858123
sphere_polar_c07_n_down_gamma_up_d0p12_a0p95_m16_d128l4h2mlp512_700m_seed0_k1,H-R2-05-polar-ladder-capacity,dc80726a8c987e8c3a9171299dac00d03a074311,00233dc2f14191487ef9296d7352b43721b76f195e20ef8067b8c1a395650b43,fixed,0.95,5,0.7,0.12,699924480,sphere_polar_c07_n_down_gamma_up_d0p12_a0p95_m16,sphere_mess4,d128l4h2mlp512_700m_seed0_k1,0,1,128,4,random_init,all_block_layers_single_token,physics,1.0,0.7682199583688365,512,38.4375,0.7747973161118857
sphere_polar_c07_n_down_gamma_up_d0p12_a0p95_m16_d128l4h2mlp512_700m_seed0_k1,H-R2-05-polar-ladder-capacity,dc80726a8c987e8c3a9171299dac00d03a074311,00233dc2f14191487ef9296d7352b43721b76f195e20ef8067b8c1a395650b43,fixed,0.95,5,0.7,0.12,699924480,sphere_polar_c07_n_down_gamma_up_d0p12_a0p95_m16,sphere_mess4,d128l4h2mlp512_700m_seed0_k1,0,1,128,4,random_init,all_block_layers_single_token,belief,1.0,0.31583174508145595,512,38.4375,0.3143638408951773
sphere_polar_c07_n_down_gamma_up_d0p12_a0p95_m16_d128l4h2mlp512_700m_seed0_k1,H-R2-05-polar-ladder-capacity,dc80726a8c987e8c3a9171299dac00d03a074311,00233dc2f14191487ef9296d7352b43721b76f195e20ef8067b8c1a395650b43,fixed,0.95,5,0.7,0.12,699924480,sphere_polar_c07_n_down_gamma_up_d0p12_a0p95_m16,sphere_mess4,d128l4h2mlp512_700m_seed0_k1,0,1,128,4,random_init,embedding_and_all_layers_single_token,physics,1.0,0.77734400935908,640,30.75,0.7869910721597864
sphere_polar_c07_n_down_gamma_up_d0p12_a0p95_m16_d128l4h2mlp512_700m_seed0_k1,H-R2-05-polar-ladder-capacity,dc80726a8c987e8c3a9171299dac00d03a074311,00233dc2f14191487ef9296d7352b43721b76f195e20ef8067b8c1a395650b43,fixed,0.95,5,0.7,0.12,699924480,sphere_polar_c07_n_down_gamma_up_d0p12_a0p95_m16,sphere_mess4,d128l4h2mlp512_700m_seed0_k1,0,1,128,4,random_init,embedding_and_all_layers_single_token,belief,1.0,0.3222452646202528,640,30.75,0.3209454542649929
sphere_polar_c07_n_down_gamma_up_d0p12_a0p95_m16_d128l4h2mlp512_700m_seed0_k2,H-R2-05-polar-ladder-capacity,dc80726a8c987e8c3a9171299dac00d03a074311,9e1dd711f8db92eb9ae136bcbf26a202a19a231eb8a1958ba01b2873797c21e3,half,0.95,5,0.7,0.12,699924480,sphere_polar_c07_n_down_gamma_up_d0p12_a0p95_m16,sphere_mess4,d128l4h2mlp512_700m_seed0_k2,0,2,128,4,trained,single_layer_single_token,physics,1.0,0.8193461966029252,128,153.75,0.8123067175909436
sphere_polar_c07_n_down_gamma_up_d0p12_a0p95_m16_d128l4h2mlp512_700m_seed0_k2,H-R2-05-polar-ladder-capacity,dc80726a8c987e8c3a9171299dac00d03a074311,9e1dd711f8db92eb9ae136bcbf26a202a19a231eb8a1958ba01b2873797c21e3,half,0.95,5,0.7,0.12,699924480,sphere_polar_c07_n_down_gamma_up_d0p12_a0p95_m16,sphere_mess4,d128l4h2mlp512_700m_seed0_k2,0,2,128,4,trained,single_layer_single_token,belief,10.0,0.44591630515813274,128,153.75,0.44811774288711387
sphere_polar_c07_n_down_gamma_up_d0p12_a0p95_m16_d128l4h2mlp512_700m_seed0_k2,H-R2-05-polar-ladder-capacity,dc80726a8c987e8c3a9171299dac00d03a074311,9e1dd711f8db92eb9ae136bcbf26a202a19a231eb8a1958ba01b2873797c21e3,half,0.95,5,0.7,0.12,699924480,sphere_polar_c07_n_down_gamma_up_d0p12_a0p95_m16,sphere_mess4,d128l4h2mlp512_700m_seed0_k2,0,2,128,4,trained,all_block_layers_single_token,physics,1.0,0.9912228234657843,512,38.4375,0.9905357306529649
sphere_polar_c07_n_down_gamma_up_d0p12_a0p95_m16_d128l4h2mlp512_700m_seed0_k2,H-R2-05-polar-ladder-capacity,dc80726a8c987e8c3a9171299dac00d03a074311,9e1dd711f8db92eb9ae136bcbf26a202a19a231eb8a1958ba01b2873797c21e3,half,0.95,5,0.7,0.12,699924480,sphere_polar_c07_n_down_gamma_up_d0p12_a0p95_m16,sphere_mess4,d128l4h2mlp512_700m_seed0_k2,0,2,128,4,trained,all_block_layers_single_token,belief,10.0,0.6483771158917206,512,38.4375,0.6628552086615521
sphere_polar_c07_n_down_gamma_up_d0p12_a0p95_m16_d128l4h2mlp512_700m_seed0_k2,H-R2-05-polar-ladder-capacity,dc80726a8c987e8c3a9171299dac00d03a074311,9e1dd711f8db92eb9ae136bcbf26a202a19a231eb8a1958ba01b2873797c21e3,half,0.95,5,0.7,0.12,699924480,sphere_polar_c07_n_down_gamma_up_d0p12_a0p95_m16,sphere_mess4,d128l4h2mlp512_700m_seed0_k2,0,2,128,4,trained,embedding_and_all_layers_single_token,physics,10.0,0.9926868699108117,640,30.75,0.9922155503653645
sphere_polar_c07_n_down_gamma_up_d0p12_a0p95_m16_d128l4h2mlp512_700m_seed0_k2,H-R2-05-polar-ladder-capacity,dc80726a8c987e8c3a9171299dac00d03a074311,9e1dd711f8db92eb9ae136bcbf26a202a19a231eb8a1958ba01b2873797c21e3,half,0.95,5,0.7,0.12,699924480,sphere_polar_c07_n_down_gamma_up_d0p12_a0p95_m16,sphere_mess4,d128l4h2mlp512_700m_seed0_k2,0,2,128,4,trained,embedding_and_all_layers_single_token,belief,10.0,0.6548566475574769,640,30.75,0.6696551875834523
sphere_polar_c07_n_down_gamma_up_d0p12_a0p95_m16_d128l4h2mlp512_700m_seed0_k2,H-R2-05-polar-ladder-capacity,dc80726a8c987e8c3a9171299dac00d03a074311,9e1dd711f8db92eb9ae136bcbf26a202a19a231eb8a1958ba01b2873797c21e3,half,0.95,5,0.7,0.12,699924480,sphere_polar_c07_n_down_gamma_up_d0p12_a0p95_m16,sphere_mess4,d128l4h2mlp512_700m_seed0_k2,0,2,128,4,random_init,single_layer_single_token,physics,1.0,0.69764088011142,128,153.75,0.7101391224382114
sphere_polar_c07_n_down_gamma_up_d0p12_a0p95_m16_d128l4h2mlp512_700m_seed0_k2,H-R2-05-polar-ladder-capacity,dc80726a8c987e8c3a9171299dac00d03a074311,9e1dd711f8db92eb9ae136bcbf26a202a19a231eb8a1958ba01b2873797c21e3,half,0.95,5,0.7,0.12,699924480,sphere_polar_c07_n_down_gamma_up_d0p12_a0p95_m16,sphere_mess4,d128l4h2mlp512_700m_seed0_k2,0,2,128,4,random_init,single_layer_single_token,belief,10.0,0.22695749573840543,128,153.75,0.2209381221858123
sphere_polar_c07_n_down_gamma_up_d0p12_a0p95_m16_d128l4h2mlp512_700m_seed0_k2,H-R2-05-polar-ladder-capacity,dc80726a8c987e8c3a9171299dac00d03a074311,9e1dd711f8db92eb9ae136bcbf26a202a19a231eb8a1958ba01b2873797c21e3,half,0.95,5,0.7,0.12,699924480,sphere_polar_c07_n_down_gamma_up_d0p12_a0p95_m16,sphere_mess4,d128l4h2mlp512_700m_seed0_k2,0,2,128,4,random_init,all_block_layers_single_token,physics,1.0,0.7682199583688365,512,38.4375,0.7747973161118857
sphere_polar_c07_n_down_gamma_up_d0p12_a0p95_m16_d128l4h2mlp512_700m_seed0_k2,H-R2-05-polar-ladder-capacity,dc80726a8c987e8c3a9171299dac00d03a074311,9e1dd711f8db92eb9ae136bcbf26a202a19a231eb8a1958ba01b2873797c21e3,half,0.95,5,0.7,0.12,699924480,sphere_polar_c07_n_down_gamma_up_d0p12_a0p95_m16,sphere_mess4,d128l4h2mlp512_700m_seed0_k2,0,2,128,4,random_init,all_block_layers_single_token,belief,1.0,0.31583174508145595,512,38.4375,0.3143638408951773
sphere_polar_c07_n_down_gamma_up_d0p12_a0p95_m16_d128l4h2mlp512_700m_seed0_k2,H-R2-05-polar-ladder-capacity,dc80726a8c987e8c3a9171299dac00d03a074311,9e1dd711f8db92eb9ae136bcbf26a202a19a231eb8a1958ba01b2873797c21e3,half,0.95,5,0.7,0.12,699924480,sphere_polar_c07_n_down_gamma_up_d0p12_a0p95_m16,sphere_mess4,d128l4h2mlp512_700m_seed0_k2,0,2,128,4,random_init,embedding_and_all_layers_single_token,physics,1.0,0.77734400935908,640,30.75,0.7869910721597864
sphere_polar_c07_n_down_gamma_up_d0p12_a0p95_m16_d128l4h2mlp512_700m_seed0_k2,H-R2-05-polar-ladder-capacity,dc80726a8c987e8c3a9171299dac00d03a074311,9e1dd711f8db92eb9ae136bcbf26a202a19a231eb8a1958ba01b2873797c21e3,half,0.95,5,0.7,0.12,699924480,sphere_polar_c07_n_down_gamma_up_d0p12_a0p95_m16,sphere_mess4,d128l4h2mlp512_700m_seed0_k2,0,2,128,4,random_init,embedding_and_all_layers_single_token,belief,1.0,0.3222452646202528,640,30.75,0.3209454542649929
sphere_polar_c07_n_down_gamma_up_d0p12_a0p95_m16_d128l4h2mlp512_700m_seed0_k6,H-R2-05-polar-ladder-capacity,dc80726a8c987e8c3a9171299dac00d03a074311,240e107e558cc244cefa03b9a37f04791952e209b92e9bcdf353771f90eb2fde,n_plus_one,0.95,5,0.7,0.12,699924480,sphere_polar_c07_n_down_gamma_up_d0p12_a0p95_m16,sphere_mess4,d128l4h2mlp512_700m_seed0_k6,0,6,128,4,trained,single_layer_single_token,physics,1.0,0.8575768319251033,128,153.75,0.8610749485385585
sphere_polar_c07_n_down_gamma_up_d0p12_a0p95_m16_d128l4h2mlp512_700m_seed0_k6,H-R2-05-polar-ladder-capacity,dc80726a8c987e8c3a9171299dac00d03a074311,240e107e558cc244cefa03b9a37f04791952e209b92e9bcdf353771f90eb2fde,n_plus_one,0.95,5,0.7,0.12,699924480,sphere_polar_c07_n_down_gamma_up_d0p12_a0p95_m16,sphere_mess4,d128l4h2mlp512_700m_seed0_k6,0,6,128,4,trained,single_layer_single_token,belief,100.0,0.3827114536532657,128,153.75,0.3852745347024094
sphere_polar_c07_n_down_gamma_up_d0p12_a0p95_m16_d128l4h2mlp512_700m_seed0_k6,H-R2-05-polar-ladder-capacity,dc80726a8c987e8c3a9171299dac00d03a074311,240e107e558cc244cefa03b9a37f04791952e209b92e9bcdf353771f90eb2fde,n_plus_one,0.95,5,0.7,0.12,699924480,sphere_polar_c07_n_down_gamma_up_d0p12_a0p95_m16,sphere_mess4,d128l4h2mlp512_700m_seed0_k6,0,6,128,4,trained,all_block_layers_single_token,physics,10.0,0.9750697061492787,512,38.4375,0.9758692531246899
sphere_polar_c07_n_down_gamma_up_d0p12_a0p95_m16_d128l4h2mlp512_700m_seed0_k6,H-R2-05-polar-ladder-capacity,dc80726a8c987e8c3a9171299dac00d03a074311,240e107e558cc244cefa03b9a37f04791952e209b92e9bcdf353771f90eb2fde,n_plus_one,0.95,5,0.7,0.12,699924480,sphere_polar_c07_n_down_gamma_up_d0p12_a0p95_m16,sphere_mess4,d128l4h2mlp512_700m_seed0_k6,0,6,128,4,trained,all_block_layers_single_token,belief,10.0,0.5679638281287919,512,38.4375,0.5806495366554738
sphere_polar_c07_n_down_gamma_up_d0p12_a0p95_m16_d128l4h2mlp512_700m_seed0_k6,H-R2-05-polar-ladder-capacity,dc80726a8c987e8c3a9171299dac00d03a074311,240e107e558cc244cefa03b9a37f04791952e209b92e9bcdf353771f90eb2fde,n_plus_one,0.95,5,0.7,0.12,699924480,sphere_polar_c07_n_down_gamma_up_d0p12_a0p95_m16,sphere_mess4,d128l4h2mlp512_700m_seed0_k6,0,6,128,4,trained,embedding_and_all_layers_single_token,physics,10.0,0.9771860889490043,640,30.75,0.9779585231289182
sphere_polar_c07_n_down_gamma_up_d0p12_a0p95_m16_d128l4h2mlp512_700m_seed0_k6,H-R2-05-polar-ladder-capacity,dc80726a8c987e8c3a9171299dac00d03a074311,240e107e558cc244cefa03b9a37f04791952e209b92e9bcdf353771f90eb2fde,n_plus_one,0.95,5,0.7,0.12,699924480,sphere_polar_c07_n_down_gamma_up_d0p12_a0p95_m16,sphere_mess4,d128l4h2mlp512_700m_seed0_k6,0,6,128,4,trained,embedding_and_all_layers_single_token,belief,10.0,0.5788228790208501,640,30.75,0.5897067621422649
sphere_polar_c07_n_down_gamma_up_d0p12_a0p95_m16_d128l4h2mlp512_700m_seed0_k6,H-R2-05-polar-ladder-capacity,dc80726a8c987e8c3a9171299dac00d03a074311,240e107e558cc244cefa03b9a37f04791952e209b92e9bcdf353771f90eb2fde,n_plus_one,0.95,5,0.7,0.12,699924480,sphere_polar_c07_n_down_gamma_up_d0p12_a0p95_m16,sphere_mess4,d128l4h2mlp512_700m_seed0_k6,0,6,128,4,random_init,single_layer_single_token,physics,1.0,0.69764088011142,128,153.75,0.7101391224382114
sphere_polar_c07_n_down_gamma_up_d0p12_a0p95_m16_d128l4h2mlp512_700m_seed0_k6,H-R2-05-polar-ladder-capacity,dc80726a8c987e8c3a9171299dac00d03a074311,240e107e558cc244cefa03b9a37f04791952e209b92e9bcdf353771f90eb2fde,n_plus_one,0.95,5,0.7,0.12,699924480,sphere_polar_c07_n_down_gamma_up_d0p12_a0p95_m16,sphere_mess4,d128l4h2mlp512_700m_seed0_k6,0,6,128,4,random_init,single_layer_single_token,belief,10.0,0.22695749573840543,128,153.75,0.2209381221858123
sphere_polar_c07_n_down_gamma_up_d0p12_a0p95_m16_d128l4h2mlp512_700m_seed0_k6,H-R2-05-polar-ladder-capacity,dc80726a8c987e8c3a9171299dac00d03a074311,240e107e558cc244cefa03b9a37f04791952e209b92e9bcdf353771f90eb2fde,n_plus_one,0.95,5,0.7,0.12,699924480,sphere_polar_c07_n_down_gamma_up_d0p12_a0p95_m16,sphere_mess4,d128l4h2mlp512_700m_seed0_k6,0,6,128,4,random_init,all_block_layers_single_token,physics,1.0,0.7682199583688365,512,38.4375,0.7747973161118857
sphere_polar_c07_n_down_gamma_up_d0p12_a0p95_m16_d128l4h2mlp512_700m_seed0_k6,H-R2-05-polar-ladder-capacity,dc80726a8c987e8c3a9171299dac00d03a074311,240e107e558cc244cefa03b9a37f04791952e209b92e9bcdf353771f90eb2fde,n_plus_one,0.95,5,0.7,0.12,699924480,sphere_polar_c07_n_down_gamma_up_d0p12_a0p95_m16,sphere_mess4,d128l4h2mlp512_700m_seed0_k6,0,6,128,4,random_init,all_block_layers_single_token,belief,1.0,0.31583174508145595,512,38.4375,0.3143638408951773
sphere_polar_c07_n_down_gamma_up_d0p12_a0p95_m16_d128l4h2mlp512_700m_seed0_k6,H-R2-05-polar-ladder-capacity,dc80726a8c987e8c3a9171299dac00d03a074311,240e107e558cc244cefa03b9a37f04791952e209b92e9bcdf353771f90eb2fde,n_plus_one,0.95,5,0.7,0.12,699924480,sphere_polar_c07_n_down_gamma_up_d0p12_a0p95_m16,sphere_mess4,d128l4h2mlp512_700m_seed0_k6,0,6,128,4,random_init,embedding_and_all_layers_single_token,physics,1.0,0.77734400935908,640,30.75,0.7869910721597864
sphere_polar_c07_n_down_gamma_up_d0p12_a0p95_m16_d128l4h2mlp512_700m_seed0_k6,H-R2-05-polar-ladder-capacity,dc80726a8c987e8c3a9171299dac00d03a074311,240e107e558cc244cefa03b9a37f04791952e209b92e9bcdf353771f90eb2fde,n_plus_one,0.95,5,0.7,0.12,699924480,sphere_polar_c07_n_down_gamma_up_d0p12_a0p95_m16,sphere_mess4,d128l4h2mlp512_700m_seed0_k6,0,6,128,4,random_init,embedding_and_all_layers_single_token,belief,1.0,0.3222452646202528,640,30.75,0.3209454542649929
sphere_polar_c08_n_down_gamma_up_d0p14_a0p5_m16_d128l4h2mlp512_700m_seed0_k1,H-R2-05-polar-ladder-capacity,dc80726a8c987e8c3a9171299dac00d03a074311,caa77116a9c9038d2959e7c7104497678b91b5b428a23b00d987e8794b6fae3b,fixed,0.5,5,0.7,0.14,699924480,sphere_polar_c08_n_down_gamma_up_d0p14_a0p5_m16,sphere_mess4,d128l4h2mlp512_700m_seed0_k1,0,1,128,4,trained,single_layer_single_token,physics,1.0,0.8811058336838273,128,153.5,0.8822960289858666
sphere_polar_c08_n_down_gamma_up_d0p14_a0p5_m16_d128l4h2mlp512_700m_seed0_k1,H-R2-05-polar-ladder-capacity,dc80726a8c987e8c3a9171299dac00d03a074311,caa77116a9c9038d2959e7c7104497678b91b5b428a23b00d987e8794b6fae3b,fixed,0.5,5,0.7,0.14,699924480,sphere_polar_c08_n_down_gamma_up_d0p14_a0p5_m16,sphere_mess4,d128l4h2mlp512_700m_seed0_k1,0,1,128,4,trained,single_layer_single_token,belief,1.0,0.1859439045519234,128,153.5,0.18962275161092676
sphere_polar_c08_n_down_gamma_up_d0p14_a0p5_m16_d128l4h2mlp512_700m_seed0_k1,H-R2-05-polar-ladder-capacity,dc80726a8c987e8c3a9171299dac00d03a074311,caa77116a9c9038d2959e7c7104497678b91b5b428a23b00d987e8794b6fae3b,fixed,0.5,5,0.7,0.14,699924480,sphere_polar_c08_n_down_gamma_up_d0p14_a0p5_m16,sphere_mess4,d128l4h2mlp512_700m_seed0_k1,0,1,128,4,trained,all_block_layers_single_token,physics,1.0,0.9847483037523859,512,38.375,0.9851969697422833
sphere_polar_c08_n_down_gamma_up_d0p14_a0p5_m16_d128l4h2mlp512_700m_seed0_k1,H-R2-05-polar-ladder-capacity,dc80726a8c987e8c3a9171299dac00d03a074311,caa77116a9c9038d2959e7c7104497678b91b5b428a23b00d987e8794b6fae3b,fixed,0.5,5,0.7,0.14,699924480,sphere_polar_c08_n_down_gamma_up_d0p14_a0p5_m16,sphere_mess4,d128l4h2mlp512_700m_seed0_k1,0,1,128,4,trained,all_block_layers_single_token,belief,1.0,0.33407742138191937,512,38.375,0.33350295872121105
sphere_polar_c08_n_down_gamma_up_d0p14_a0p5_m16_d128l4h2mlp512_700m_seed0_k1,H-R2-05-polar-ladder-capacity,dc80726a8c987e8c3a9171299dac00d03a074311,caa77116a9c9038d2959e7c7104497678b91b5b428a23b00d987e8794b6fae3b,fixed,0.5,5,0.7,0.14,699924480,sphere_polar_c08_n_down_gamma_up_d0p14_a0p5_m16,sphere_mess4,d128l4h2mlp512_700m_seed0_k1,0,1,128,4,trained,embedding_and_all_layers_single_token,physics,1.0,0.9873952475707279,640,30.7,0.988146941546259
sphere_polar_c08_n_down_gamma_up_d0p14_a0p5_m16_d128l4h2mlp512_700m_seed0_k1,H-R2-05-polar-ladder-capacity,dc80726a8c987e8c3a9171299dac00d03a074311,caa77116a9c9038d2959e7c7104497678b91b5b428a23b00d987e8794b6fae3b,fixed,0.5,5,0.7,0.14,699924480,sphere_polar_c08_n_down_gamma_up_d0p14_a0p5_m16,sphere_mess4,d128l4h2mlp512_700m_seed0_k1,0,1,128,4,trained,embedding_and_all_layers_single_token,belief,10.0,0.34734890330483287,640,30.7,0.3474260515237025
sphere_polar_c08_n_down_gamma_up_d0p14_a0p5_m16_d128l4h2mlp512_700m_seed0_k1,H-R2-05-polar-ladder-capacity,dc80726a8c987e8c3a9171299dac00d03a074311,caa77116a9c9038d2959e7c7104497678b91b5b428a23b00d987e8794b6fae3b,fixed,0.5,5,0.7,0.14,699924480,sphere_polar_c08_n_down_gamma_up_d0p14_a0p5_m16,sphere_mess4,d128l4h2mlp512_700m_seed0_k1,0,1,128,4,random_init,single_layer_single_token,physics,1.0,0.6529879142788674,128,153.5,0.6534498756017355
sphere_polar_c08_n_down_gamma_up_d0p14_a0p5_m16_d128l4h2mlp512_700m_seed0_k1,H-R2-05-polar-ladder-capacity,dc80726a8c987e8c3a9171299dac00d03a074311,caa77116a9c9038d2959e7c7104497678b91b5b428a23b00d987e8794b6fae3b,fixed,0.5,5,0.7,0.14,699924480,sphere_polar_c08_n_down_gamma_up_d0p14_a0p5_m16,sphere_mess4,d128l4h2mlp512_700m_seed0_k1,0,1,128,4,random_init,single_layer_single_token,belief,1.0,0.1574139106936662,128,153.5,0.14645710875844783
sphere_polar_c08_n_down_gamma_up_d0p14_a0p5_m16_d128l4h2mlp512_700m_seed0_k1,H-R2-05-polar-ladder-capacity,dc80726a8c987e8c3a9171299dac00d03a074311,caa77116a9c9038d2959e7c7104497678b91b5b428a23b00d987e8794b6fae3b,fixed,0.5,5,0.7,0.14,699924480,sphere_polar_c08_n_down_gamma_up_d0p14_a0p5_m16,sphere_mess4,d128l4h2mlp512_700m_seed0_k1,0,1,128,4,random_init,all_block_layers_single_token,physics,1.0,0.7280356086677298,512,38.375,0.7296015953399253
sphere_polar_c08_n_down_gamma_up_d0p14_a0p5_m16_d128l4h2mlp512_700m_seed0_k1,H-R2-05-polar-ladder-capacity,dc80726a8c987e8c3a9171299dac00d03a074311,caa77116a9c9038d2959e7c7104497678b91b5b428a23b00d987e8794b6fae3b,fixed,0.5,5,0.7,0.14,699924480,sphere_polar_c08_n_down_gamma_up_d0p14_a0p5_m16,sphere_mess4,d128l4h2mlp512_700m_seed0_k1,0,1,128,4,random_init,all_block_layers_single_token,belief,1.0,0.23923574211347567,512,38.375,0.23652063543466645
sphere_polar_c08_n_down_gamma_up_d0p14_a0p5_m16_d128l4h2mlp512_700m_seed0_k1,H-R2-05-polar-ladder-capacity,dc80726a8c987e8c3a9171299dac00d03a074311,caa77116a9c9038d2959e7c7104497678b91b5b428a23b00d987e8794b6fae3b,fixed,0.5,5,0.7,0.14,699924480,sphere_polar_c08_n_down_gamma_up_d0p14_a0p5_m16,sphere_mess4,d128l4h2mlp512_700m_seed0_k1,0,1,128,4,random_init,embedding_and_all_layers_single_token,physics,1.0,0.7418308103844473,640,30.7,0.7481895573143825
sphere_polar_c08_n_down_gamma_up_d0p14_a0p5_m16_d128l4h2mlp512_700m_seed0_k1,H-R2-05-polar-ladder-capacity,dc80726a8c987e8c3a9171299dac00d03a074311,caa77116a9c9038d2959e7c7104497678b91b5b428a23b00d987e8794b6fae3b,fixed,0.5,5,0.7,0.14,699924480,sphere_polar_c08_n_down_gamma_up_d0p14_a0p5_m16,sphere_mess4,d128l4h2mlp512_700m_seed0_k1,0,1,128,4,random_init,embedding_and_all_layers_single_token,belief,1.0,0.2526761182169722,640,30.7,0.24655574750005113
sphere_polar_c08_n_down_gamma_up_d0p14_a0p5_m16_d128l4h2mlp512_700m_seed0_k2,H-R2-05-polar-ladder-capacity,dc80726a8c987e8c3a9171299dac00d03a074311,f0010e2a00812cc6bf1864d8f0c569c35b48f09664724f5b4e4bb6bfd863c1d9,half,0.5,5,0.7,0.14,699924480,sphere_polar_c08_n_down_gamma_up_d0p14_a0p5_m16,sphere_mess4,d128l4h2mlp512_700m_seed0_k2,0,2,128,4,trained,single_layer_single_token,physics,10.0,0.8740568583479089,128,153.5,0.8730850545943846
sphere_polar_c08_n_down_gamma_up_d0p14_a0p5_m16_d128l4h2mlp512_700m_seed0_k2,H-R2-05-polar-ladder-capacity,dc80726a8c987e8c3a9171299dac00d03a074311,f0010e2a00812cc6bf1864d8f0c569c35b48f09664724f5b4e4bb6bfd863c1d9,half,0.5,5,0.7,0.14,699924480,sphere_polar_c08_n_down_gamma_up_d0p14_a0p5_m16,sphere_mess4,d128l4h2mlp512_700m_seed0_k2,0,2,128,4,trained,single_layer_single_token,belief,100.0,0.20430785887898112,128,153.5,0.1984107005879553
sphere_polar_c08_n_down_gamma_up_d0p14_a0p5_m16_d128l4h2mlp512_700m_seed0_k2,H-R2-05-polar-ladder-capacity,dc80726a8c987e8c3a9171299dac00d03a074311,f0010e2a00812cc6bf1864d8f0c569c35b48f09664724f5b4e4bb6bfd863c1d9,half,0.5,5,0.7,0.14,699924480,sphere_polar_c08_n_down_gamma_up_d0p14_a0p5_m16,sphere_mess4,d128l4h2mlp512_700m_seed0_k2,0,2,128,4,trained,all_block_layers_single_token,physics,1.0,0.9940913465584731,512,38.375,0.9928443776353596
sphere_polar_c08_n_down_gamma_up_d0p14_a0p5_m16_d128l4h2mlp512_700m_seed0_k2,H-R2-05-polar-ladder-capacity,dc80726a8c987e8c3a9171299dac00d03a074311,f0010e2a00812cc6bf1864d8f0c569c35b48f09664724f5b4e4bb6bfd863c1d9,half,0.5,5,0.7,0.14,699924480,sphere_polar_c08_n_down_gamma_up_d0p14_a0p5_m16,sphere_mess4,d128l4h2mlp512_700m_seed0_k2,0,2,128,4,trained,all_block_layers_single_token,belief,1.0,0.37527301490032483,512,38.375,0.36414949997773427
sphere_polar_c08_n_down_gamma_up_d0p14_a0p5_m16_d128l4h2mlp512_700m_seed0_k2,H-R2-05-polar-ladder-capacity,dc80726a8c987e8c3a9171299dac00d03a074311,f0010e2a00812cc6bf1864d8f0c569c35b48f09664724f5b4e4bb6bfd863c1d9,half,0.5,5,0.7,0.14,699924480,sphere_polar_c08_n_down_gamma_up_d0p14_a0p5_m16,sphere_mess4,d128l4h2mlp512_700m_seed0_k2,0,2,128,4,trained,embedding_and_all_layers_single_token,physics,1.0,0.9958399647586198,640,30.7,0.9951717826060711
sphere_polar_c08_n_down_gamma_up_d0p14_a0p5_m16_d128l4h2mlp512_700m_seed0_k2,H-R2-05-polar-ladder-capacity,dc80726a8c987e8c3a9171299dac00d03a074311,f0010e2a00812cc6bf1864d8f0c569c35b48f09664724f5b4e4bb6bfd863c1d9,half,0.5,5,0.7,0.14,699924480,sphere_polar_c08_n_down_gamma_up_d0p14_a0p5_m16,sphere_mess4,d128l4h2mlp512_700m_seed0_k2,0,2,128,4,trained,embedding_and_all_layers_single_token,belief,1.0,0.38689364104752266,640,30.7,0.3764120396122057
sphere_polar_c08_n_down_gamma_up_d0p14_a0p5_m16_d128l4h2mlp512_700m_seed0_k2,H-R2-05-polar-ladder-capacity,dc80726a8c987e8c3a9171299dac00d03a074311,f0010e2a00812cc6bf1864d8f0c569c35b48f09664724f5b4e4bb6bfd863c1d9,half,0.5,5,0.7,0.14,699924480,sphere_polar_c08_n_down_gamma_up_d0p14_a0p5_m16,sphere_mess4,d128l4h2mlp512_700m_seed0_k2,0,2,128,4,random_init,single_layer_single_token,physics,1.0,0.6529879142788674,128,153.5,0.6534498756017355
sphere_polar_c08_n_down_gamma_up_d0p14_a0p5_m16_d128l4h2mlp512_700m_seed0_k2,H-R2-05-polar-ladder-capacity,dc80726a8c987e8c3a9171299dac00d03a074311,f0010e2a00812cc6bf1864d8f0c569c35b48f09664724f5b4e4bb6bfd863c1d9,half,0.5,5,0.7,0.14,699924480,sphere_polar_c08_n_down_gamma_up_d0p14_a0p5_m16,sphere_mess4,d128l4h2mlp512_700m_seed0_k2,0,2,128,4,random_init,single_layer_single_token,belief,1.0,0.1574139106936662,128,153.5,0.14645710875844783
sphere_polar_c08_n_down_gamma_up_d0p14_a0p5_m16_d128l4h2mlp512_700m_seed0_k2,H-R2-05-polar-ladder-capacity,dc80726a8c987e8c3a9171299dac00d03a074311,f0010e2a00812cc6bf1864d8f0c569c35b48f09664724f5b4e4bb6bfd863c1d9,half,0.5,5,0.7,0.14,699924480,sphere_polar_c08_n_down_gamma_up_d0p14_a0p5_m16,sphere_mess4,d128l4h2mlp512_700m_seed0_k2,0,2,128,4,random_init,all_block_layers_single_token,physics,1.0,0.7280356086677298,512,38.375,0.7296015953399253
sphere_polar_c08_n_down_gamma_up_d0p14_a0p5_m16_d128l4h2mlp512_700m_seed0_k2,H-R2-05-polar-ladder-capacity,dc80726a8c987e8c3a9171299dac00d03a074311,f0010e2a00812cc6bf1864d8f0c569c35b48f09664724f5b4e4bb6bfd863c1d9,half,0.5,5,0.7,0.14,699924480,sphere_polar_c08_n_down_gamma_up_d0p14_a0p5_m16,sphere_mess4,d128l4h2mlp512_700m_seed0_k2,0,2,128,4,random_init,all_block_layers_single_token,belief,1.0,0.23923574211347567,512,38.375,0.23652063543466645
sphere_polar_c08_n_down_gamma_up_d0p14_a0p5_m16_d128l4h2mlp512_700m_seed0_k2,H-R2-05-polar-ladder-capacity,dc80726a8c987e8c3a9171299dac00d03a074311,f0010e2a00812cc6bf1864d8f0c569c35b48f09664724f5b4e4bb6bfd863c1d9,half,0.5,5,0.7,0.14,699924480,sphere_polar_c08_n_down_gamma_up_d0p14_a0p5_m16,sphere_mess4,d128l4h2mlp512_700m_seed0_k2,0,2,128,4,random_init,embedding_and_all_layers_single_token,physics,1.0,0.7418308103844473,640,30.7,0.7481895573143825
sphere_polar_c08_n_down_gamma_up_d0p14_a0p5_m16_d128l4h2mlp512_700m_seed0_k2,H-R2-05-polar-ladder-capacity,dc80726a8c987e8c3a9171299dac00d03a074311,f0010e2a00812cc6bf1864d8f0c569c35b48f09664724f5b4e4bb6bfd863c1d9,half,0.5,5,0.7,0.14,699924480,sphere_polar_c08_n_down_gamma_up_d0p14_a0p5_m16,sphere_mess4,d128l4h2mlp512_700m_seed0_k2,0,2,128,4,random_init,embedding_and_all_layers_single_token,belief,1.0,0.2526761182169722,640,30.7,0.24655574750005113
sphere_polar_c08_n_down_gamma_up_d0p14_a0p5_m16_d128l4h2mlp512_700m_seed0_k6,H-R2-05-polar-ladder-capacity,dc80726a8c987e8c3a9171299dac00d03a074311,662a6116a40c8138d1c245c8914321c5798820bbb40c6b0cdcef482b6c9e86cb,n_plus_one,0.5,5,0.7,0.14,699924480,sphere_polar_c08_n_down_gamma_up_d0p14_a0p5_m16,sphere_mess4,d128l4h2mlp512_700m_seed0_k6,0,6,128,4,trained,single_layer_single_token,physics,10.0,0.9041136946969089,128,153.5,0.9106648539460189
sphere_polar_c08_n_down_gamma_up_d0p14_a0p5_m16_d128l4h2mlp512_700m_seed0_k6,H-R2-05-polar-ladder-capacity,dc80726a8c987e8c3a9171299dac00d03a074311,662a6116a40c8138d1c245c8914321c5798820bbb40c6b0cdcef482b6c9e86cb,n_plus_one,0.5,5,0.7,0.14,699924480,sphere_polar_c08_n_down_gamma_up_d0p14_a0p5_m16,sphere_mess4,d128l4h2mlp512_700m_seed0_k6,0,6,128,4,trained,single_layer_single_token,belief,10.0,0.19860738784654502,128,153.5,0.19824864215058033
sphere_polar_c08_n_down_gamma_up_d0p14_a0p5_m16_d128l4h2mlp512_700m_seed0_k6,H-R2-05-polar-ladder-capacity,dc80726a8c987e8c3a9171299dac00d03a074311,662a6116a40c8138d1c245c8914321c5798820bbb40c6b0cdcef482b6c9e86cb,n_plus_one,0.5,5,0.7,0.14,699924480,sphere_polar_c08_n_down_gamma_up_d0p14_a0p5_m16,sphere_mess4,d128l4h2mlp512_700m_seed0_k6,0,6,128,4,trained,all_block_layers_single_token,physics,1.0,0.9727449821234624,512,38.375,0.9745782227228281
sphere_polar_c08_n_down_gamma_up_d0p14_a0p5_m16_d128l4h2mlp512_700m_seed0_k6,H-R2-05-polar-ladder-capacity,dc80726a8c987e8c3a9171299dac00d03a074311,662a6116a40c8138d1c245c8914321c5798820bbb40c6b0cdcef482b6c9e86cb,n_plus_one,0.5,5,0.7,0.14,699924480,sphere_polar_c08_n_down_gamma_up_d0p14_a0p5_m16,sphere_mess4,d128l4h2mlp512_700m_seed0_k6,0,6,128,4,trained,all_block_layers_single_token,belief,1.0,0.37020875038989376,512,38.375,0.36650799458018013
sphere_polar_c08_n_down_gamma_up_d0p14_a0p5_m16_d128l4h2mlp512_700m_seed0_k6,H-R2-05-polar-ladder-capacity,dc80726a8c987e8c3a9171299dac00d03a074311,662a6116a40c8138d1c245c8914321c5798820bbb40c6b0cdcef482b6c9e86cb,n_plus_one,0.5,5,0.7,0.14,699924480,sphere_polar_c08_n_down_gamma_up_d0p14_a0p5_m16,sphere_mess4,d128l4h2mlp512_700m_seed0_k6,0,6,128,4,trained,embedding_and_all_layers_single_token,physics,1.0,0.9756337694012305,640,30.7,0.9770267062610327
sphere_polar_c08_n_down_gamma_up_d0p14_a0p5_m16_d128l4h2mlp512_700m_seed0_k6,H-R2-05-polar-ladder-capacity,dc80726a8c987e8c3a9171299dac00d03a074311,662a6116a40c8138d1c245c8914321c5798820bbb40c6b0cdcef482b6c9e86cb,n_plus_one,0.5,5,0.7,0.14,699924480,sphere_polar_c08_n_down_gamma_up_d0p14_a0p5_m16,sphere_mess4,d128l4h2mlp512_700m_seed0_k6,0,6,128,4,trained,embedding_and_all_layers_single_token,belief,1.0,0.37460748087640494,640,30.7,0.3736536272324461
sphere_polar_c08_n_down_gamma_up_d0p14_a0p5_m16_d128l4h2mlp512_700m_seed0_k6,H-R2-05-polar-ladder-capacity,dc80726a8c987e8c3a9171299dac00d03a074311,662a6116a40c8138d1c245c8914321c5798820bbb40c6b0cdcef482b6c9e86cb,n_plus_one,0.5,5,0.7,0.14,699924480,sphere_polar_c08_n_down_gamma_up_d0p14_a0p5_m16,sphere_mess4,d128l4h2mlp512_700m_seed0_k6,0,6,128,4,random_init,single_layer_single_token,physics,1.0,0.6529879142788674,128,153.5,0.6534498756017355
sphere_polar_c08_n_down_gamma_up_d0p14_a0p5_m16_d128l4h2mlp512_700m_seed0_k6,H-R2-05-polar-ladder-capacity,dc80726a8c987e8c3a9171299dac00d03a074311,662a6116a40c8138d1c245c8914321c5798820bbb40c6b0cdcef482b6c9e86cb,n_plus_one,0.5,5,0.7,0.14,699924480,sphere_polar_c08_n_down_gamma_up_d0p14_a0p5_m16,sphere_mess4,d128l4h2mlp512_700m_seed0_k6,0,6,128,4,random_init,single_layer_single_token,belief,1.0,0.1574139106936662,128,153.5,0.14645710875844783
sphere_polar_c08_n_down_gamma_up_d0p14_a0p5_m16_d128l4h2mlp512_700m_seed0_k6,H-R2-05-polar-ladder-capacity,dc80726a8c987e8c3a9171299dac00d03a074311,662a6116a40c8138d1c245c8914321c5798820bbb40c6b0cdcef482b6c9e86cb,n_plus_one,0.5,5,0.7,0.14,699924480,sphere_polar_c08_n_down_gamma_up_d0p14_a0p5_m16,sphere_mess4,d128l4h2mlp512_700m_seed0_k6,0,6,128,4,random_init,all_block_layers_single_token,physics,1.0,0.7280356086677298,512,38.375,0.7296015953399253
sphere_polar_c08_n_down_gamma_up_d0p14_a0p5_m16_d128l4h2mlp512_700m_seed0_k6,H-R2-05-polar-ladder-capacity,dc80726a8c987e8c3a9171299dac00d03a074311,662a6116a40c8138d1c245c8914321c5798820bbb40c6b0cdcef482b6c9e86cb,n_plus_one,0.5,5,0.7,0.14,699924480,sphere_polar_c08_n_down_gamma_up_d0p14_a0p5_m16,sphere_mess4,d128l4h2mlp512_700m_seed0_k6,0,6,128,4,random_init,all_block_layers_single_token,belief,1.0,0.23923574211347567,512,38.375,0.23652063543466645
sphere_polar_c08_n_down_gamma_up_d0p14_a0p5_m16_d128l4h2mlp512_700m_seed0_k6,H-R2-05-polar-ladder-capacity,dc80726a8c987e8c3a9171299dac00d03a074311,662a6116a40c8138d1c245c8914321c5798820bbb40c6b0cdcef482b6c9e86cb,n_plus_one,0.5,5,0.7,0.14,699924480,sphere_polar_c08_n_down_gamma_up_d0p14_a0p5_m16,sphere_mess4,d128l4h2mlp512_700m_seed0_k6,0,6,128,4,random_init,embedding_and_all_layers_single_token,physics,1.0,0.7418308103844473,640,30.7,0.7481895573143825
sphere_polar_c08_n_down_gamma_up_d0p14_a0p5_m16_d128l4h2mlp512_700m_seed0_k6,H-R2-05-polar-ladder-capacity,dc80726a8c987e8c3a9171299dac00d03a074311,662a6116a40c8138d1c245c8914321c5798820bbb40c6b0cdcef482b6c9e86cb,n_plus_one,0.5,5,0.7,0.14,699924480,sphere_polar_c08_n_down_gamma_up_d0p14_a0p5_m16,sphere_mess4,d128l4h2mlp512_700m_seed0_k6,0,6,128,4,random_init,embedding_and_all_layers_single_token,belief,1.0,0.2526761182169722,640,30.7,0.24655574750005113
sphere_polar_c08_n_down_gamma_up_d0p14_a0p7_m16_d128l4h2mlp512_700m_seed0_k1,H-R2-05-polar-ladder-capacity,dc80726a8c987e8c3a9171299dac00d03a074311,2963229f4380911127624f7848a9783c54c86a8810c218ff10157f9817c34a25,fixed,0.7,5,0.7,0.14,699924480,sphere_polar_c08_n_down_gamma_up_d0p14_a0p7_m16,sphere_mess4,d128l4h2mlp512_700m_seed0_k1,0,1,128,4,trained,single_layer_single_token,physics,10.0,0.8506978827981746,128,153.5,0.8484997465138469
sphere_polar_c08_n_down_gamma_up_d0p14_a0p7_m16_d128l4h2mlp512_700m_seed0_k1,H-R2-05-polar-ladder-capacity,dc80726a8c987e8c3a9171299dac00d03a074311,2963229f4380911127624f7848a9783c54c86a8810c218ff10157f9817c34a25,fixed,0.7,5,0.7,0.14,699924480,sphere_polar_c08_n_down_gamma_up_d0p14_a0p7_m16,sphere_mess4,d128l4h2mlp512_700m_seed0_k1,0,1,128,4,trained,single_layer_single_token,belief,10.0,0.2764546740321828,128,153.5,0.2693492787379209
sphere_polar_c08_n_down_gamma_up_d0p14_a0p7_m16_d128l4h2mlp512_700m_seed0_k1,H-R2-05-polar-ladder-capacity,dc80726a8c987e8c3a9171299dac00d03a074311,2963229f4380911127624f7848a9783c54c86a8810c218ff10157f9817c34a25,fixed,0.7,5,0.7,0.14,699924480,sphere_polar_c08_n_down_gamma_up_d0p14_a0p7_m16,sphere_mess4,d128l4h2mlp512_700m_seed0_k1,0,1,128,4,trained,all_block_layers_single_token,physics,1.0,0.9854757486393155,512,38.375,0.9858488943687165
sphere_polar_c08_n_down_gamma_up_d0p14_a0p7_m16_d128l4h2mlp512_700m_seed0_k1,H-R2-05-polar-ladder-capacity,dc80726a8c987e8c3a9171299dac00d03a074311,2963229f4380911127624f7848a9783c54c86a8810c218ff10157f9817c34a25,fixed,0.7,5,0.7,0.14,699924480,sphere_polar_c08_n_down_gamma_up_d0p14_a0p7_m16,sphere_mess4,d128l4h2mlp512_700m_seed0_k1,0,1,128,4,trained,all_block_layers_single_token,belief,10.0,0.4173461788061901,512,38.375,0.411293094819981
sphere_polar_c08_n_down_gamma_up_d0p14_a0p7_m16_d128l4h2mlp512_700m_seed0_k1,H-R2-05-polar-ladder-capacity,dc80726a8c987e8c3a9171299dac00d03a074311,2963229f4380911127624f7848a9783c54c86a8810c218ff10157f9817c34a25,fixed,0.7,5,0.7,0.14,699924480,sphere_polar_c08_n_down_gamma_up_d0p14_a0p7_m16,sphere_mess4,d128l4h2mlp512_700m_seed0_k1,0,1,128,4,trained,embedding_and_all_layers_single_token,physics,1.0,0.9885103868463856,640,30.7,0.9881647617913136
sphere_polar_c08_n_down_gamma_up_d0p14_a0p7_m16_d128l4h2mlp512_700m_seed0_k1,H-R2-05-polar-ladder-capacity,dc80726a8c987e8c3a9171299dac00d03a074311,2963229f4380911127624f7848a9783c54c86a8810c218ff10157f9817c34a25,fixed,0.7,5,0.7,0.14,699924480,sphere_polar_c08_n_down_gamma_up_d0p14_a0p7_m16,sphere_mess4,d128l4h2mlp512_700m_seed0_k1,0,1,128,4,trained,embedding_and_all_layers_single_token,belief,10.0,0.42858425502209196,640,30.7,0.42152318910678277
sphere_polar_c08_n_down_gamma_up_d0p14_a0p7_m16_d128l4h2mlp512_700m_seed0_k1,H-R2-05-polar-ladder-capacity,dc80726a8c987e8c3a9171299dac00d03a074311,2963229f4380911127624f7848a9783c54c86a8810c218ff10157f9817c34a25,fixed,0.7,5,0.7,0.14,699924480,sphere_polar_c08_n_down_gamma_up_d0p14_a0p7_m16,sphere_mess4,d128l4h2mlp512_700m_seed0_k1,0,1,128,4,random_init,single_layer_single_token,physics,10.0,0.6477914439730348,128,153.5,0.6528967902305354
sphere_polar_c08_n_down_gamma_up_d0p14_a0p7_m16_d128l4h2mlp512_700m_seed0_k1,H-R2-05-polar-ladder-capacity,dc80726a8c987e8c3a9171299dac00d03a074311,2963229f4380911127624f7848a9783c54c86a8810c218ff10157f9817c34a25,fixed,0.7,5,0.7,0.14,699924480,sphere_polar_c08_n_down_gamma_up_d0p14_a0p7_m16,sphere_mess4,d128l4h2mlp512_700m_seed0_k1,0,1,128,4,random_init,single_layer_single_token,belief,1.0,0.1834575237131788,128,153.5,0.17579443984959753
sphere_polar_c08_n_down_gamma_up_d0p14_a0p7_m16_d128l4h2mlp512_700m_seed0_k1,H-R2-05-polar-ladder-capacity,dc80726a8c987e8c3a9171299dac00d03a074311,2963229f4380911127624f7848a9783c54c86a8810c218ff10157f9817c34a25,fixed,0.7,5,0.7,0.14,699924480,sphere_polar_c08_n_down_gamma_up_d0p14_a0p7_m16,sphere_mess4,d128l4h2mlp512_700m_seed0_k1,0,1,128,4,random_init,all_block_layers_single_token,physics,1.0,0.731306099920468,512,38.375,0.7345842987487798
sphere_polar_c08_n_down_gamma_up_d0p14_a0p7_m16_d128l4h2mlp512_700m_seed0_k1,H-R2-05-polar-ladder-capacity,dc80726a8c987e8c3a9171299dac00d03a074311,2963229f4380911127624f7848a9783c54c86a8810c218ff10157f9817c34a25,fixed,0.7,5,0.7,0.14,699924480,sphere_polar_c08_n_down_gamma_up_d0p14_a0p7_m16,sphere_mess4,d128l4h2mlp512_700m_seed0_k1,0,1,128,4,random_init,all_block_layers_single_token,belief,1.0,0.2604168014797973,512,38.375,0.2592802661835658
sphere_polar_c08_n_down_gamma_up_d0p14_a0p7_m16_d128l4h2mlp512_700m_seed0_k1,H-R2-05-polar-ladder-capacity,dc80726a8c987e8c3a9171299dac00d03a074311,2963229f4380911127624f7848a9783c54c86a8810c218ff10157f9817c34a25,fixed,0.7,5,0.7,0.14,699924480,sphere_polar_c08_n_down_gamma_up_d0p14_a0p7_m16,sphere_mess4,d128l4h2mlp512_700m_seed0_k1,0,1,128,4,random_init,embedding_and_all_layers_single_token,physics,1.0,0.745754605369827,640,30.7,0.752348907450475
sphere_polar_c08_n_down_gamma_up_d0p14_a0p7_m16_d128l4h2mlp512_700m_seed0_k1,H-R2-05-polar-ladder-capacity,dc80726a8c987e8c3a9171299dac00d03a074311,2963229f4380911127624f7848a9783c54c86a8810c218ff10157f9817c34a25,fixed,0.7,5,0.7,0.14,699924480,sphere_polar_c08_n_down_gamma_up_d0p14_a0p7_m16,sphere_mess4,d128l4h2mlp512_700m_seed0_k1,0,1,128,4,random_init,embedding_and_all_layers_single_token,belief,1.0,0.2707829707440084,640,30.7,0.270347497116845
sphere_polar_c08_n_down_gamma_up_d0p14_a0p7_m16_d128l4h2mlp512_700m_seed0_k2,H-R2-05-polar-ladder-capacity,dc80726a8c987e8c3a9171299dac00d03a074311,933c5b02f3c90e27755558cf70a1e68f9d8f0a48dac06811629599c692cc9dcd,half,0.7,5,0.7,0.14,699924480,sphere_polar_c08_n_down_gamma_up_d0p14_a0p7_m16,sphere_mess4,d128l4h2mlp512_700m_seed0_k2,0,2,128,4,trained,single_layer_single_token,physics,10.0,0.8471293332538479,128,153.5,0.844779526532816
sphere_polar_c08_n_down_gamma_up_d0p14_a0p7_m16_d128l4h2mlp512_700m_seed0_k2,H-R2-05-polar-ladder-capacity,dc80726a8c987e8c3a9171299dac00d03a074311,933c5b02f3c90e27755558cf70a1e68f9d8f0a48dac06811629599c692cc9dcd,half,0.7,5,0.7,0.14,699924480,sphere_polar_c08_n_down_gamma_up_d0p14_a0p7_m16,sphere_mess4,d128l4h2mlp512_700m_seed0_k2,0,2,128,4,trained,single_layer_single_token,belief,10.0,0.29818464095811376,128,153.5,0.2987207551921429
sphere_polar_c08_n_down_gamma_up_d0p14_a0p7_m16_d128l4h2mlp512_700m_seed0_k2,H-R2-05-polar-ladder-capacity,dc80726a8c987e8c3a9171299dac00d03a074311,933c5b02f3c90e27755558cf70a1e68f9d8f0a48dac06811629599c692cc9dcd,half,0.7,5,0.7,0.14,699924480,sphere_polar_c08_n_down_gamma_up_d0p14_a0p7_m16,sphere_mess4,d128l4h2mlp512_700m_seed0_k2,0,2,128,4,trained,all_block_layers_single_token,physics,1.0,0.9922023482991729,512,38.375,0.9923624476116991
sphere_polar_c08_n_down_gamma_up_d0p14_a0p7_m16_d128l4h2mlp512_700m_seed0_k2,H-R2-05-polar-ladder-capacity,dc80726a8c987e8c3a9171299dac00d03a074311,933c5b02f3c90e27755558cf70a1e68f9d8f0a48dac06811629599c692cc9dcd,half,0.7,5,0.7,0.14,699924480,sphere_polar_c08_n_down_gamma_up_d0p14_a0p7_m16,sphere_mess4,d128l4h2mlp512_700m_seed0_k2,0,2,128,4,trained,all_block_layers_single_token,belief,1.0,0.45679377301240914,512,38.375,0.44709245207194587
sphere_polar_c08_n_down_gamma_up_d0p14_a0p7_m16_d128l4h2mlp512_700m_seed0_k2,H-R2-05-polar-ladder-capacity,dc80726a8c987e8c3a9171299dac00d03a074311,933c5b02f3c90e27755558cf70a1e68f9d8f0a48dac06811629599c692cc9dcd,half,0.7,5,0.7,0.14,699924480,sphere_polar_c08_n_down_gamma_up_d0p14_a0p7_m16,sphere_mess4,d128l4h2mlp512_700m_seed0_k2,0,2,128,4,trained,embedding_and_all_layers_single_token,physics,1.0,0.9941167156393914,640,30.7,0.9941676080476844
sphere_polar_c08_n_down_gamma_up_d0p14_a0p7_m16_d128l4h2mlp512_700m_seed0_k2,H-R2-05-polar-ladder-capacity,dc80726a8c987e8c3a9171299dac00d03a074311,933c5b02f3c90e27755558cf70a1e68f9d8f0a48dac06811629599c692cc9dcd,half,0.7,5,0.7,0.14,699924480,sphere_polar_c08_n_down_gamma_up_d0p14_a0p7_m16,sphere_mess4,d128l4h2mlp512_700m_seed0_k2,0,2,128,4,trained,embedding_and_all_layers_single_token,belief,1.0,0.46369583084183097,640,30.7,0.45498696057519294
sphere_polar_c08_n_down_gamma_up_d0p14_a0p7_m16_d128l4h2mlp512_700m_seed0_k2,H-R2-05-polar-ladder-capacity,dc80726a8c987e8c3a9171299dac00d03a074311,933c5b02f3c90e27755558cf70a1e68f9d8f0a48dac06811629599c692cc9dcd,half,0.7,5,0.7,0.14,699924480,sphere_polar_c08_n_down_gamma_up_d0p14_a0p7_m16,sphere_mess4,d128l4h2mlp512_700m_seed0_k2,0,2,128,4,random_init,single_layer_single_token,physics,10.0,0.6477914439730348,128,153.5,0.6528967902305354
sphere_polar_c08_n_down_gamma_up_d0p14_a0p7_m16_d128l4h2mlp512_700m_seed0_k2,H-R2-05-polar-ladder-capacity,dc80726a8c987e8c3a9171299dac00d03a074311,933c5b02f3c90e27755558cf70a1e68f9d8f0a48dac06811629599c692cc9dcd,half,0.7,5,0.7,0.14,699924480,sphere_polar_c08_n_down_gamma_up_d0p14_a0p7_m16,sphere_mess4,d128l4h2mlp512_700m_seed0_k2,0,2,128,4,random_init,single_layer_single_token,belief,1.0,0.1834575237131788,128,153.5,0.17579443984959753
sphere_polar_c08_n_down_gamma_up_d0p14_a0p7_m16_d128l4h2mlp512_700m_seed0_k2,H-R2-05-polar-ladder-capacity,dc80726a8c987e8c3a9171299dac00d03a074311,933c5b02f3c90e27755558cf70a1e68f9d8f0a48dac06811629599c692cc9dcd,half,0.7,5,0.7,0.14,699924480,sphere_polar_c08_n_down_gamma_up_d0p14_a0p7_m16,sphere_mess4,d128l4h2mlp512_700m_seed0_k2,0,2,128,4,random_init,all_block_layers_single_token,physics,1.0,0.731306099920468,512,38.375,0.7345842987487798
sphere_polar_c08_n_down_gamma_up_d0p14_a0p7_m16_d128l4h2mlp512_700m_seed0_k2,H-R2-05-polar-ladder-capacity,dc80726a8c987e8c3a9171299dac00d03a074311,933c5b02f3c90e27755558cf70a1e68f9d8f0a48dac06811629599c692cc9dcd,half,0.7,5,0.7,0.14,699924480,sphere_polar_c08_n_down_gamma_up_d0p14_a0p7_m16,sphere_mess4,d128l4h2mlp512_700m_seed0_k2,0,2,128,4,random_init,all_block_layers_single_token,belief,1.0,0.2604168014797973,512,38.375,0.2592802661835658
sphere_polar_c08_n_down_gamma_up_d0p14_a0p7_m16_d128l4h2mlp512_700m_seed0_k2,H-R2-05-polar-ladder-capacity,dc80726a8c987e8c3a9171299dac00d03a074311,933c5b02f3c90e27755558cf70a1e68f9d8f0a48dac06811629599c692cc9dcd,half,0.7,5,0.7,0.14,699924480,sphere_polar_c08_n_down_gamma_up_d0p14_a0p7_m16,sphere_mess4,d128l4h2mlp512_700m_seed0_k2,0,2,128,4,random_init,embedding_and_all_layers_single_token,physics,1.0,0.745754605369827,640,30.7,0.752348907450475
sphere_polar_c08_n_down_gamma_up_d0p14_a0p7_m16_d128l4h2mlp512_700m_seed0_k2,H-R2-05-polar-ladder-capacity,dc80726a8c987e8c3a9171299dac00d03a074311,933c5b02f3c90e27755558cf70a1e68f9d8f0a48dac06811629599c692cc9dcd,half,0.7,5,0.7,0.14,699924480,sphere_polar_c08_n_down_gamma_up_d0p14_a0p7_m16,sphere_mess4,d128l4h2mlp512_700m_seed0_k2,0,2,128,4,random_init,embedding_and_all_layers_single_token,belief,1.0,0.2707829707440084,640,30.7,0.270347497116845
sphere_polar_c08_n_down_gamma_up_d0p14_a0p7_m16_d128l4h2mlp512_700m_seed0_k6,H-R2-05-polar-ladder-capacity,dc80726a8c987e8c3a9171299dac00d03a074311,f4799e07f1cdf2c16591f6cf0551fdb4cd41fe3c9101381042084932254c7004,n_plus_one,0.7,5,0.7,0.14,699924480,sphere_polar_c08_n_down_gamma_up_d0p14_a0p7_m16,sphere_mess4,d128l4h2mlp512_700m_seed0_k6,0,6,128,4,trained,single_layer_single_token,physics,1.0,0.8869533098180507,128,153.5,0.8865804250717368
sphere_polar_c08_n_down_gamma_up_d0p14_a0p7_m16_d128l4h2mlp512_700m_seed0_k6,H-R2-05-polar-ladder-capacity,dc80726a8c987e8c3a9171299dac00d03a074311,f4799e07f1cdf2c16591f6cf0551fdb4cd41fe3c9101381042084932254c7004,n_plus_one,0.7,5,0.7,0.14,699924480,sphere_polar_c08_n_down_gamma_up_d0p14_a0p7_m16,sphere_mess4,d128l4h2mlp512_700m_seed0_k6,0,6,128,4,trained,single_layer_single_token,belief,1.0,0.3490487525211896,128,153.5,0.34465208875768555
sphere_polar_c08_n_down_gamma_up_d0p14_a0p7_m16_d128l4h2mlp512_700m_seed0_k6,H-R2-05-polar-ladder-capacity,dc80726a8c987e8c3a9171299dac00d03a074311,f4799e07f1cdf2c16591f6cf0551fdb4cd41fe3c9101381042084932254c7004,n_plus_one,0.7,5,0.7,0.14,699924480,sphere_polar_c08_n_down_gamma_up_d0p14_a0p7_m16,sphere_mess4,d128l4h2mlp512_700m_seed0_k6,0,6,128,4,trained,all_block_layers_single_token,physics,10.0,0.9695568120683997,512,38.375,0.9686640324534206
sphere_polar_c08_n_down_gamma_up_d0p14_a0p7_m16_d128l4h2mlp512_700m_seed0_k6,H-R2-05-polar-ladder-capacity,dc80726a8c987e8c3a9171299dac00d03a074311,f4799e07f1cdf2c16591f6cf0551fdb4cd41fe3c9101381042084932254c7004,n_plus_one,0.7,5,0.7,0.14,699924480,sphere_polar_c08_n_down_gamma_up_d0p14_a0p7_m16,sphere_mess4,d128l4h2mlp512_700m_seed0_k6,0,6,128,4,trained,all_block_layers_single_token,belief,10.0,0.49975647840805376,512,38.375,0.4992314846148827
sphere_polar_c08_n_down_gamma_up_d0p14_a0p7_m16_d128l4h2mlp512_700m_seed0_k6,H-R2-05-polar-ladder-capacity,dc80726a8c987e8c3a9171299dac00d03a074311,f4799e07f1cdf2c16591f6cf0551fdb4cd41fe3c9101381042084932254c7004,n_plus_one,0.7,5,0.7,0.14,699924480,sphere_polar_c08_n_down_gamma_up_d0p14_a0p7_m16,sphere_mess4,d128l4h2mlp512_700m_seed0_k6,0,6,128,4,trained,embedding_and_all_layers_single_token,physics,1.0,0.9719464246690122,640,30.7,0.9702759619396839
sphere_polar_c08_n_down_gamma_up_d0p14_a0p7_m16_d128l4h2mlp512_700m_seed0_k6,H-R2-05-polar-ladder-capacity,dc80726a8c987e8c3a9171299dac00d03a074311,f4799e07f1cdf2c16591f6cf0551fdb4cd41fe3c9101381042084932254c7004,n_plus_one,0.7,5,0.7,0.14,699924480,sphere_polar_c08_n_down_gamma_up_d0p14_a0p7_m16,sphere_mess4,d128l4h2mlp512_700m_seed0_k6,0,6,128,4,trained,embedding_and_all_layers_single_token,belief,10.0,0.5039717243399702,640,30.7,0.5027155969431254
sphere_polar_c08_n_down_gamma_up_d0p14_a0p7_m16_d128l4h2mlp512_700m_seed0_k6,H-R2-05-polar-ladder-capacity,dc80726a8c987e8c3a9171299dac00d03a074311,f4799e07f1cdf2c16591f6cf0551fdb4cd41fe3c9101381042084932254c7004,n_plus_one,0.7,5,0.7,0.14,699924480,sphere_polar_c08_n_down_gamma_up_d0p14_a0p7_m16,sphere_mess4,d128l4h2mlp512_700m_seed0_k6,0,6,128,4,random_init,single_layer_single_token,physics,10.0,0.6477914439730348,128,153.5,0.6528967902305354
sphere_polar_c08_n_down_gamma_up_d0p14_a0p7_m16_d128l4h2mlp512_700m_seed0_k6,H-R2-05-polar-ladder-capacity,dc80726a8c987e8c3a9171299dac00d03a074311,f4799e07f1cdf2c16591f6cf0551fdb4cd41fe3c9101381042084932254c7004,n_plus_one,0.7,5,0.7,0.14,699924480,sphere_polar_c08_n_down_gamma_up_d0p14_a0p7_m16,sphere_mess4,d128l4h2mlp512_700m_seed0_k6,0,6,128,4,random_init,single_layer_single_token,belief,1.0,0.1834575237131788,128,153.5,0.17579443984959753
sphere_polar_c08_n_down_gamma_up_d0p14_a0p7_m16_d128l4h2mlp512_700m_seed0_k6,H-R2-05-polar-ladder-capacity,dc80726a8c987e8c3a9171299dac00d03a074311,f4799e07f1cdf2c16591f6cf0551fdb4cd41fe3c9101381042084932254c7004,n_plus_one,0.7,5,0.7,0.14,699924480,sphere_polar_c08_n_down_gamma_up_d0p14_a0p7_m16,sphere_mess4,d128l4h2mlp512_700m_seed0_k6,0,6,128,4,random_init,all_block_layers_single_token,physics,1.0,0.731306099920468,512,38.375,0.7345842987487798
sphere_polar_c08_n_down_gamma_up_d0p14_a0p7_m16_d128l4h2mlp512_700m_seed0_k6,H-R2-05-polar-ladder-capacity,dc80726a8c987e8c3a9171299dac00d03a074311,f4799e07f1cdf2c16591f6cf0551fdb4cd41fe3c9101381042084932254c7004,n_plus_one,0.7,5,0.7,0.14,699924480,sphere_polar_c08_n_down_gamma_up_d0p14_a0p7_m16,sphere_mess4,d128l4h2mlp512_700m_seed0_k6,0,6,128,4,random_init,all_block_layers_single_token,belief,1.0,0.2604168014797973,512,38.375,0.2592802661835658
sphere_polar_c08_n_down_gamma_up_d0p14_a0p7_m16_d128l4h2mlp512_700m_seed0_k6,H-R2-05-polar-ladder-capacity,dc80726a8c987e8c3a9171299dac00d03a074311,f4799e07f1cdf2c16591f6cf0551fdb4cd41fe3c9101381042084932254c7004,n_plus_one,0.7,5,0.7,0.14,699924480,sphere_polar_c08_n_down_gamma_up_d0p14_a0p7_m16,sphere_mess4,d128l4h2mlp512_700m_seed0_k6,0,6,128,4,random_init,embedding_and_all_layers_single_token,physics,1.0,0.745754605369827,640,30.7,0.752348907450475
sphere_polar_c08_n_down_gamma_up_d0p14_a0p7_m16_d128l4h2mlp512_700m_seed0_k6,H-R2-05-polar-ladder-capacity,dc80726a8c987e8c3a9171299dac00d03a074311,f4799e07f1cdf2c16591f6cf0551fdb4cd41fe3c9101381042084932254c7004,n_plus_one,0.7,5,0.7,0.14,699924480,sphere_polar_c08_n_down_gamma_up_d0p14_a0p7_m16,sphere_mess4,d128l4h2mlp512_700m_seed0_k6,0,6,128,4,random_init,embedding_and_all_layers_single_token,belief,1.0,0.2707829707440084,640,30.7,0.270347497116845
sphere_polar_c08_n_down_gamma_up_d0p14_a0p85_m16_d128l4h2mlp512_700m_seed0_k1,H-R2-05-polar-ladder-capacity,dc80726a8c987e8c3a9171299dac00d03a074311,89a77fecd4554a50b0bd9f7120b05c03053851e5beb926f63e21bd16634a54a8,fixed,0.85,5,0.7,0.14,699924480,sphere_polar_c08_n_down_gamma_up_d0p14_a0p85_m16,sphere_mess4,d128l4h2mlp512_700m_seed0_k1,0,1,128,4,trained,single_layer_single_token,physics,1.0,0.8482249623110485,128,153.625,0.8409019644844083
sphere_polar_c08_n_down_gamma_up_d0p14_a0p85_m16_d128l4h2mlp512_700m_seed0_k1,H-R2-05-polar-ladder-capacity,dc80726a8c987e8c3a9171299dac00d03a074311,89a77fecd4554a50b0bd9f7120b05c03053851e5beb926f63e21bd16634a54a8,fixed,0.85,5,0.7,0.14,699924480,sphere_polar_c08_n_down_gamma_up_d0p14_a0p85_m16,sphere_mess4,d128l4h2mlp512_700m_seed0_k1,0,1,128,4,trained,single_layer_single_token,belief,10.0,0.3638975062749106,128,153.625,0.37161820400636436
sphere_polar_c08_n_down_gamma_up_d0p14_a0p85_m16_d128l4h2mlp512_700m_seed0_k1,H-R2-05-polar-ladder-capacity,dc80726a8c987e8c3a9171299dac00d03a074311,89a77fecd4554a50b0bd9f7120b05c03053851e5beb926f63e21bd16634a54a8,fixed,0.85,5,0.7,0.14,699924480,sphere_polar_c08_n_down_gamma_up_d0p14_a0p85_m16,sphere_mess4,d128l4h2mlp512_700m_seed0_k1,0,1,128,4,trained,all_block_layers_single_token,physics,1.0,0.9828009269872868,512,38.40625,0.9827311031820662
sphere_polar_c08_n_down_gamma_up_d0p14_a0p85_m16_d128l4h2mlp512_700m_seed0_k1,H-R2-05-polar-ladder-capacity,dc80726a8c987e8c3a9171299dac00d03a074311,89a77fecd4554a50b0bd9f7120b05c03053851e5beb926f63e21bd16634a54a8,fixed,0.85,5,0.7,0.14,699924480,sphere_polar_c08_n_down_gamma_up_d0p14_a0p85_m16,sphere_mess4,d128l4h2mlp512_700m_seed0_k1,0,1,128,4,trained,all_block_layers_single_token,belief,10.0,0.5096356569196725,512,38.40625,0.5148703913805108
sphere_polar_c08_n_down_gamma_up_d0p14_a0p85_m16_d128l4h2mlp512_700m_seed0_k1,H-R2-05-polar-ladder-capacity,dc80726a8c987e8c3a9171299dac00d03a074311,89a77fecd4554a50b0bd9f7120b05c03053851e5beb926f63e21bd16634a54a8,fixed,0.85,5,0.7,0.14,699924480,sphere_polar_c08_n_down_gamma_up_d0p14_a0p85_m16,sphere_mess4,d128l4h2mlp512_700m_seed0_k1,0,1,128,4,trained,embedding_and_all_layers_single_token,physics,1.0,0.9858326525391448,640,30.725,0.9868921682045617
sphere_polar_c08_n_down_gamma_up_d0p14_a0p85_m16_d128l4h2mlp512_700m_seed0_k1,H-R2-05-polar-ladder-capacity,dc80726a8c987e8c3a9171299dac00d03a074311,89a77fecd4554a50b0bd9f7120b05c03053851e5beb926f63e21bd16634a54a8,fixed,0.85,5,0.7,0.14,699924480,sphere_polar_c08_n_down_gamma_up_d0p14_a0p85_m16,sphere_mess4,d128l4h2mlp512_700m_seed0_k1,0,1,128,4,trained,embedding_and_all_layers_single_token,belief,10.0,0.5231451281787356,640,30.725,0.5266756852014196
sphere_polar_c08_n_down_gamma_up_d0p14_a0p85_m16_d128l4h2mlp512_700m_seed0_k1,H-R2-05-polar-ladder-capacity,dc80726a8c987e8c3a9171299dac00d03a074311,89a77fecd4554a50b0bd9f7120b05c03053851e5beb926f63e21bd16634a54a8,fixed,0.85,5,0.7,0.14,699924480,sphere_polar_c08_n_down_gamma_up_d0p14_a0p85_m16,sphere_mess4,d128l4h2mlp512_700m_seed0_k1,0,1,128,4,random_init,single_layer_single_token,physics,10.0,0.6420136924106001,128,153.625,0.6527473020717034
sphere_polar_c08_n_down_gamma_up_d0p14_a0p85_m16_d128l4h2mlp512_700m_seed0_k1,H-R2-05-polar-ladder-capacity,dc80726a8c987e8c3a9171299dac00d03a074311,89a77fecd4554a50b0bd9f7120b05c03053851e5beb926f63e21bd16634a54a8,fixed,0.85,5,0.7,0.14,699924480,sphere_polar_c08_n_down_gamma_up_d0p14_a0p85_m16,sphere_mess4,d128l4h2mlp512_700m_seed0_k1,0,1,128,4,random_init,single_layer_single_token,belief,10.0,0.2008992056718386,128,153.625,0.2003858101241309
sphere_polar_c08_n_down_gamma_up_d0p14_a0p85_m16_d128l4h2mlp512_700m_seed0_k1,H-R2-05-polar-ladder-capacity,dc80726a8c987e8c3a9171299dac00d03a074311,89a77fecd4554a50b0bd9f7120b05c03053851e5beb926f63e21bd16634a54a8,fixed,0.85,5,0.7,0.14,699924480,sphere_polar_c08_n_down_gamma_up_d0p14_a0p85_m16,sphere_mess4,d128l4h2mlp512_700m_seed0_k1,0,1,128,4,random_init,all_block_layers_single_token,physics,1.0,0.725424265075898,512,38.40625,0.738639047957998
sphere_polar_c08_n_down_gamma_up_d0p14_a0p85_m16_d128l4h2mlp512_700m_seed0_k1,H-R2-05-polar-ladder-capacity,dc80726a8c987e8c3a9171299dac00d03a074311,89a77fecd4554a50b0bd9f7120b05c03053851e5beb926f63e21bd16634a54a8,fixed,0.85,5,0.7,0.14,699924480,sphere_polar_c08_n_down_gamma_up_d0p14_a0p85_m16,sphere_mess4,d128l4h2mlp512_700m_seed0_k1,0,1,128,4,random_init,all_block_layers_single_token,belief,1.0,0.29162433719573216,512,38.40625,0.2793646785894806
sphere_polar_c08_n_down_gamma_up_d0p14_a0p85_m16_d128l4h2mlp512_700m_seed0_k1,H-R2-05-polar-ladder-capacity,dc80726a8c987e8c3a9171299dac00d03a074311,89a77fecd4554a50b0bd9f7120b05c03053851e5beb926f63e21bd16634a54a8,fixed,0.85,5,0.7,0.14,699924480,sphere_polar_c08_n_down_gamma_up_d0p14_a0p85_m16,sphere_mess4,d128l4h2mlp512_700m_seed0_k1,0,1,128,4,random_init,embedding_and_all_layers_single_token,physics,1.0,0.7385964193420109,640,30.725,0.7529430963458288
sphere_polar_c08_n_down_gamma_up_d0p14_a0p85_m16_d128l4h2mlp512_700m_seed0_k1,H-R2-05-polar-ladder-capacity,dc80726a8c987e8c3a9171299dac00d03a074311,89a77fecd4554a50b0bd9f7120b05c03053851e5beb926f63e21bd16634a54a8,fixed,0.85,5,0.7,0.14,699924480,sphere_polar_c08_n_down_gamma_up_d0p14_a0p85_m16,sphere_mess4,d128l4h2mlp512_700m_seed0_k1,0,1,128,4,random_init,embedding_and_all_layers_single_token,belief,1.0,0.29981589156363453,640,30.725,0.28965574055924376
sphere_polar_c08_n_down_gamma_up_d0p14_a0p85_m16_d128l4h2mlp512_700m_seed0_k2,H-R2-05-polar-ladder-capacity,dc80726a8c987e8c3a9171299dac00d03a074311,a47ecaaf6c36157cc0a013c7d6ff68808d11e2d702cb33530d8af7e393f0d255,half,0.85,5,0.7,0.14,699924480,sphere_polar_c08_n_down_gamma_up_d0p14_a0p85_m16,sphere_mess4,d128l4h2mlp512_700m_seed0_k2,0,2,128,4,trained,single_layer_single_token,physics,1.0,0.8210496061609927,128,153.625,0.8129737031982467
sphere_polar_c08_n_down_gamma_up_d0p14_a0p85_m16_d128l4h2mlp512_700m_seed0_k2,H-R2-05-polar-ladder-capacity,dc80726a8c987e8c3a9171299dac00d03a074311,a47ecaaf6c36157cc0a013c7d6ff68808d11e2d702cb33530d8af7e393f0d255,half,0.85,5,0.7,0.14,699924480,sphere_polar_c08_n_down_gamma_up_d0p14_a0p85_m16,sphere_mess4,d128l4h2mlp512_700m_seed0_k2,0,2,128,4,trained,single_layer_single_token,belief,10.0,0.4052297368165815,128,153.625,0.40398251204913854
sphere_polar_c08_n_down_gamma_up_d0p14_a0p85_m16_d128l4h2mlp512_700m_seed0_k2,H-R2-05-polar-ladder-capacity,dc80726a8c987e8c3a9171299dac00d03a074311,a47ecaaf6c36157cc0a013c7d6ff68808d11e2d702cb33530d8af7e393f0d255,half,0.85,5,0.7,0.14,699924480,sphere_polar_c08_n_down_gamma_up_d0p14_a0p85_m16,sphere_mess4,d128l4h2mlp512_700m_seed0_k2,0,2,128,4,trained,all_block_layers_single_token,physics,1.0,0.9912896927396776,512,38.40625,0.9905996722809908
sphere_polar_c08_n_down_gamma_up_d0p14_a0p85_m16_d128l4h2mlp512_700m_seed0_k2,H-R2-05-polar-ladder-capacity,dc80726a8c987e8c3a9171299dac00d03a074311,a47ecaaf6c36157cc0a013c7d6ff68808d11e2d702cb33530d8af7e393f0d255,half,0.85,5,0.7,0.14,699924480,sphere_polar_c08_n_down_gamma_up_d0p14_a0p85_m16,sphere_mess4,d128l4h2mlp512_700m_seed0_k2,0,2,128,4,trained,all_block_layers_single_token,belief,1.0,0.5989217563463793,512,38.40625,0.6047997248363877
sphere_polar_c08_n_down_gamma_up_d0p14_a0p85_m16_d128l4h2mlp512_700m_seed0_k2,H-R2-05-polar-ladder-capacity,dc80726a8c987e8c3a9171299dac00d03a074311,a47ecaaf6c36157cc0a013c7d6ff68808d11e2d702cb33530d8af7e393f0d255,half,0.85,5,0.7,0.14,699924480,sphere_polar_c08_n_down_gamma_up_d0p14_a0p85_m16,sphere_mess4,d128l4h2mlp512_700m_seed0_k2,0,2,128,4,trained,embedding_and_all_layers_single_token,physics,1.0,0.9928308271810495,640,30.725,0.9926454446469783
sphere_polar_c08_n_down_gamma_up_d0p14_a0p85_m16_d128l4h2mlp512_700m_seed0_k2,H-R2-05-polar-ladder-capacity,dc80726a8c987e8c3a9171299dac00d03a074311,a47ecaaf6c36157cc0a013c7d6ff68808d11e2d702cb33530d8af7e393f0d255,half,0.85,5,0.7,0.14,699924480,sphere_polar_c08_n_down_gamma_up_d0p14_a0p85_m16,sphere_mess4,d128l4h2mlp512_700m_seed0_k2,0,2,128,4,trained,embedding_and_all_layers_single_token,belief,10.0,0.6039424303266901,640,30.725,0.6113510989659194
sphere_polar_c08_n_down_gamma_up_d0p14_a0p85_m16_d128l4h2mlp512_700m_seed0_k2,H-R2-05-polar-ladder-capacity,dc80726a8c987e8c3a9171299dac00d03a074311,a47ecaaf6c36157cc0a013c7d6ff68808d11e2d702cb33530d8af7e393f0d255,half,0.85,5,0.7,0.14,699924480,sphere_polar_c08_n_down_gamma_up_d0p14_a0p85_m16,sphere_mess4,d128l4h2mlp512_700m_seed0_k2,0,2,128,4,random_init,single_layer_single_token,physics,10.0,0.6420136924106001,128,153.625,0.6527473020717034
sphere_polar_c08_n_down_gamma_up_d0p14_a0p85_m16_d128l4h2mlp512_700m_seed0_k2,H-R2-05-polar-ladder-capacity,dc80726a8c987e8c3a9171299dac00d03a074311,a47ecaaf6c36157cc0a013c7d6ff68808d11e2d702cb33530d8af7e393f0d255,half,0.85,5,0.7,0.14,699924480,sphere_polar_c08_n_down_gamma_up_d0p14_a0p85_m16,sphere_mess4,d128l4h2mlp512_700m_seed0_k2,0,2,128,4,random_init,single_layer_single_token,belief,10.0,0.2008992056718386,128,153.625,0.2003858101241309
sphere_polar_c08_n_down_gamma_up_d0p14_a0p85_m16_d128l4h2mlp512_700m_seed0_k2,H-R2-05-polar-ladder-capacity,dc80726a8c987e8c3a9171299dac00d03a074311,a47ecaaf6c36157cc0a013c7d6ff68808d11e2d702cb33530d8af7e393f0d255,half,0.85,5,0.7,0.14,699924480,sphere_polar_c08_n_down_gamma_up_d0p14_a0p85_m16,sphere_mess4,d128l4h2mlp512_700m_seed0_k2,0,2,128,4,random_init,all_block_layers_single_token,physics,1.0,0.725424265075898,512,38.40625,0.738639047957998
sphere_polar_c08_n_down_gamma_up_d0p14_a0p85_m16_d128l4h2mlp512_700m_seed0_k2,H-R2-05-polar-ladder-capacity,dc80726a8c987e8c3a9171299dac00d03a074311,a47ecaaf6c36157cc0a013c7d6ff68808d11e2d702cb33530d8af7e393f0d255,half,0.85,5,0.7,0.14,699924480,sphere_polar_c08_n_down_gamma_up_d0p14_a0p85_m16,sphere_mess4,d128l4h2mlp512_700m_seed0_k2,0,2,128,4,random_init,all_block_layers_single_token,belief,1.0,0.29162433719573216,512,38.40625,0.2793646785894806
sphere_polar_c08_n_down_gamma_up_d0p14_a0p85_m16_d128l4h2mlp512_700m_seed0_k2,H-R2-05-polar-ladder-capacity,dc80726a8c987e8c3a9171299dac00d03a074311,a47ecaaf6c36157cc0a013c7d6ff68808d11e2d702cb33530d8af7e393f0d255,half,0.85,5,0.7,0.14,699924480,sphere_polar_c08_n_down_gamma_up_d0p14_a0p85_m16,sphere_mess4,d128l4h2mlp512_700m_seed0_k2,0,2,128,4,random_init,embedding_and_all_layers_single_token,physics,1.0,0.7385964193420109,640,30.725,0.7529430963458288
sphere_polar_c08_n_down_gamma_up_d0p14_a0p85_m16_d128l4h2mlp512_700m_seed0_k2,H-R2-05-polar-ladder-capacity,dc80726a8c987e8c3a9171299dac00d03a074311,a47ecaaf6c36157cc0a013c7d6ff68808d11e2d702cb33530d8af7e393f0d255,half,0.85,5,0.7,0.14,699924480,sphere_polar_c08_n_down_gamma_up_d0p14_a0p85_m16,sphere_mess4,d128l4h2mlp512_700m_seed0_k2,0,2,128,4,random_init,embedding_and_all_layers_single_token,belief,1.0,0.29981589156363453,640,30.725,0.28965574055924376
sphere_polar_c08_n_down_gamma_up_d0p14_a0p85_m16_d128l4h2mlp512_700m_seed0_k6,H-R2-05-polar-ladder-capacity,dc80726a8c987e8c3a9171299dac00d03a074311,0354e82799e1f6f914829bf863a5e6736d5ec9ea529cab8d55e5c05a91ed8bc3,n_plus_one,0.85,5,0.7,0.14,699924480,sphere_polar_c08_n_down_gamma_up_d0p14_a0p85_m16,sphere_mess4,d128l4h2mlp512_700m_seed0_k6,0,6,128,4,trained,single_layer_single_token,physics,1.0,0.8692512725350694,128,153.625,0.8646689388042542
sphere_polar_c08_n_down_gamma_up_d0p14_a0p85_m16_d128l4h2mlp512_700m_seed0_k6,H-R2-05-polar-ladder-capacity,dc80726a8c987e8c3a9171299dac00d03a074311,0354e82799e1f6f914829bf863a5e6736d5ec9ea529cab8d55e5c05a91ed8bc3,n_plus_one,0.85,5,0.7,0.14,699924480,sphere_polar_c08_n_down_gamma_up_d0p14_a0p85_m16,sphere_mess4,d128l4h2mlp512_700m_seed0_k6,0,6,128,4,trained,single_layer_single_token,belief,10.0,0.40150596911615044,128,153.625,0.4040567392877299
sphere_polar_c08_n_down_gamma_up_d0p14_a0p85_m16_d128l4h2mlp512_700m_seed0_k6,H-R2-05-polar-ladder-capacity,dc80726a8c987e8c3a9171299dac00d03a074311,0354e82799e1f6f914829bf863a5e6736d5ec9ea529cab8d55e5c05a91ed8bc3,n_plus_one,0.85,5,0.7,0.14,699924480,sphere_polar_c08_n_down_gamma_up_d0p14_a0p85_m16,sphere_mess4,d128l4h2mlp512_700m_seed0_k6,0,6,128,4,trained,all_block_layers_single_token,physics,10.0,0.9762656367313578,512,38.40625,0.978924457959722
sphere_polar_c08_n_down_gamma_up_d0p14_a0p85_m16_d128l4h2mlp512_700m_seed0_k6,H-R2-05-polar-ladder-capacity,dc80726a8c987e8c3a9171299dac00d03a074311,0354e82799e1f6f914829bf863a5e6736d5ec9ea529cab8d55e5c05a91ed8bc3,n_plus_one,0.85,5,0.7,0.14,699924480,sphere_polar_c08_n_down_gamma_up_d0p14_a0p85_m16,sphere_mess4,d128l4h2mlp512_700m_seed0_k6,0,6,128,4,trained,all_block_layers_single_token,belief,10.0,0.575943334097007,512,38.40625,0.5788118605267988
sphere_polar_c08_n_down_gamma_up_d0p14_a0p85_m16_d128l4h2mlp512_700m_seed0_k6,H-R2-05-polar-ladder-capacity,dc80726a8c987e8c3a9171299dac00d03a074311,0354e82799e1f6f914829bf863a5e6736d5ec9ea529cab8d55e5c05a91ed8bc3,n_plus_one,0.85,5,0.7,0.14,699924480,sphere_polar_c08_n_down_gamma_up_d0p14_a0p85_m16,sphere_mess4,d128l4h2mlp512_700m_seed0_k6,0,6,128,4,trained,embedding_and_all_layers_single_token,physics,10.0,0.9784815468809711,640,30.725,0.9813021570300335
sphere_polar_c08_n_down_gamma_up_d0p14_a0p85_m16_d128l4h2mlp512_700m_seed0_k6,H-R2-05-polar-ladder-capacity,dc80726a8c987e8c3a9171299dac00d03a074311,0354e82799e1f6f914829bf863a5e6736d5ec9ea529cab8d55e5c05a91ed8bc3,n_plus_one,0.85,5,0.7,0.14,699924480,sphere_polar_c08_n_down_gamma_up_d0p14_a0p85_m16,sphere_mess4,d128l4h2mlp512_700m_seed0_k6,0,6,128,4,trained,embedding_and_all_layers_single_token,belief,10.0,0.5806591529611012,640,30.725,0.5856292030784215
sphere_polar_c08_n_down_gamma_up_d0p14_a0p85_m16_d128l4h2mlp512_700m_seed0_k6,H-R2-05-polar-ladder-capacity,dc80726a8c987e8c3a9171299dac00d03a074311,0354e82799e1f6f914829bf863a5e6736d5ec9ea529cab8d55e5c05a91ed8bc3,n_plus_one,0.85,5,0.7,0.14,699924480,sphere_polar_c08_n_down_gamma_up_d0p14_a0p85_m16,sphere_mess4,d128l4h2mlp512_700m_seed0_k6,0,6,128,4,random_init,single_layer_single_token,physics,10.0,0.6420136924106001,128,153.625,0.6527473020717034
sphere_polar_c08_n_down_gamma_up_d0p14_a0p85_m16_d128l4h2mlp512_700m_seed0_k6,H-R2-05-polar-ladder-capacity,dc80726a8c987e8c3a9171299dac00d03a074311,0354e82799e1f6f914829bf863a5e6736d5ec9ea529cab8d55e5c05a91ed8bc3,n_plus_one,0.85,5,0.7,0.14,699924480,sphere_polar_c08_n_down_gamma_up_d0p14_a0p85_m16,sphere_mess4,d128l4h2mlp512_700m_seed0_k6,0,6,128,4,random_init,single_layer_single_token,belief,10.0,0.2008992056718386,128,153.625,0.2003858101241309
sphere_polar_c08_n_down_gamma_up_d0p14_a0p85_m16_d128l4h2mlp512_700m_seed0_k6,H-R2-05-polar-ladder-capacity,dc80726a8c987e8c3a9171299dac00d03a074311,0354e82799e1f6f914829bf863a5e6736d5ec9ea529cab8d55e5c05a91ed8bc3,n_plus_one,0.85,5,0.7,0.14,699924480,sphere_polar_c08_n_down_gamma_up_d0p14_a0p85_m16,sphere_mess4,d128l4h2mlp512_700m_seed0_k6,0,6,128,4,random_init,all_block_layers_single_token,physics,1.0,0.725424265075898,512,38.40625,0.738639047957998
sphere_polar_c08_n_down_gamma_up_d0p14_a0p85_m16_d128l4h2mlp512_700m_seed0_k6,H-R2-05-polar-ladder-capacity,dc80726a8c987e8c3a9171299dac00d03a074311,0354e82799e1f6f914829bf863a5e6736d5ec9ea529cab8d55e5c05a91ed8bc3,n_plus_one,0.85,5,0.7,0.14,699924480,sphere_polar_c08_n_down_gamma_up_d0p14_a0p85_m16,sphere_mess4,d128l4h2mlp512_700m_seed0_k6,0,6,128,4,random_init,all_block_layers_single_token,belief,1.0,0.29162433719573216,512,38.40625,0.2793646785894806
sphere_polar_c08_n_down_gamma_up_d0p14_a0p85_m16_d128l4h2mlp512_700m_seed0_k6,H-R2-05-polar-ladder-capacity,dc80726a8c987e8c3a9171299dac00d03a074311,0354e82799e1f6f914829bf863a5e6736d5ec9ea529cab8d55e5c05a91ed8bc3,n_plus_one,0.85,5,0.7,0.14,699924480,sphere_polar_c08_n_down_gamma_up_d0p14_a0p85_m16,sphere_mess4,d128l4h2mlp512_700m_seed0_k6,0,6,128,4,random_init,embedding_and_all_layers_single_token,physics,1.0,0.7385964193420109,640,30.725,0.7529430963458288
sphere_polar_c08_n_down_gamma_up_d0p14_a0p85_m16_d128l4h2mlp512_700m_seed0_k6,H-R2-05-polar-ladder-capacity,dc80726a8c987e8c3a9171299dac00d03a074311,0354e82799e1f6f914829bf863a5e6736d5ec9ea529cab8d55e5c05a91ed8bc3,n_plus_one,0.85,5,0.7,0.14,699924480,sphere_polar_c08_n_down_gamma_up_d0p14_a0p85_m16,sphere_mess4,d128l4h2mlp512_700m_seed0_k6,0,6,128,4,random_init,embedding_and_all_layers_single_token,belief,1.0,0.29981589156363453,640,30.725,0.28965574055924376
sphere_polar_c08_n_down_gamma_up_d0p14_a0p95_m16_d128l4h2mlp512_700m_seed0_k1,H-R2-05-polar-ladder-capacity,dc80726a8c987e8c3a9171299dac00d03a074311,bb05b1312eb0913756b5c364f46bdf3fa524eee928b695d20d6221b970ef9ff7,fixed,0.95,5,0.7,0.14,699924480,sphere_polar_c08_n_down_gamma_up_d0p14_a0p95_m16,sphere_mess4,d128l4h2mlp512_700m_seed0_k1,0,1,128,4,trained,single_layer_single_token,physics,1.0,0.774763452710616,128,153.75,0.7680075425585156
sphere_polar_c08_n_down_gamma_up_d0p14_a0p95_m16_d128l4h2mlp512_700m_seed0_k1,H-R2-05-polar-ladder-capacity,dc80726a8c987e8c3a9171299dac00d03a074311,bb05b1312eb0913756b5c364f46bdf3fa524eee928b695d20d6221b970ef9ff7,fixed,0.95,5,0.7,0.14,699924480,sphere_polar_c08_n_down_gamma_up_d0p14_a0p95_m16,sphere_mess4,d128l4h2mlp512_700m_seed0_k1,0,1,128,4,trained,single_layer_single_token,belief,100.0,0.4043728796493406,128,153.75,0.4168315829803149
sphere_polar_c08_n_down_gamma_up_d0p14_a0p95_m16_d128l4h2mlp512_700m_seed0_k1,H-R2-05-polar-ladder-capacity,dc80726a8c987e8c3a9171299dac00d03a074311,bb05b1312eb0913756b5c364f46bdf3fa524eee928b695d20d6221b970ef9ff7,fixed,0.95,5,0.7,0.14,699924480,sphere_polar_c08_n_down_gamma_up_d0p14_a0p95_m16,sphere_mess4,d128l4h2mlp512_700m_seed0_k1,0,1,128,4,trained,all_block_layers_single_token,physics,1.0,0.9822278313083945,512,38.4375,0.9810421542936771
sphere_polar_c08_n_down_gamma_up_d0p14_a0p95_m16_d128l4h2mlp512_700m_seed0_k1,H-R2-05-polar-ladder-capacity,dc80726a8c987e8c3a9171299dac00d03a074311,bb05b1312eb0913756b5c364f46bdf3fa524eee928b695d20d6221b970ef9ff7,fixed,0.95,5,0.7,0.14,699924480,sphere_polar_c08_n_down_gamma_up_d0p14_a0p95_m16,sphere_mess4,d128l4h2mlp512_700m_seed0_k1,0,1,128,4,trained,all_block_layers_single_token,belief,10.0,0.5572392092610888,512,38.4375,0.5712961111735495
sphere_polar_c08_n_down_gamma_up_d0p14_a0p95_m16_d128l4h2mlp512_700m_seed0_k1,H-R2-05-polar-ladder-capacity,dc80726a8c987e8c3a9171299dac00d03a074311,bb05b1312eb0913756b5c364f46bdf3fa524eee928b695d20d6221b970ef9ff7,fixed,0.95,5,0.7,0.14,699924480,sphere_polar_c08_n_down_gamma_up_d0p14_a0p95_m16,sphere_mess4,d128l4h2mlp512_700m_seed0_k1,0,1,128,4,trained,embedding_and_all_layers_single_token,physics,10.0,0.9854242285549364,640,30.75,0.985411961113737
sphere_polar_c08_n_down_gamma_up_d0p14_a0p95_m16_d128l4h2mlp512_700m_seed0_k1,H-R2-05-polar-ladder-capacity,dc80726a8c987e8c3a9171299dac00d03a074311,bb05b1312eb0913756b5c364f46bdf3fa524eee928b695d20d6221b970ef9ff7,fixed,0.95,5,0.7,0.14,699924480,sphere_polar_c08_n_down_gamma_up_d0p14_a0p95_m16,sphere_mess4,d128l4h2mlp512_700m_seed0_k1,0,1,128,4,trained,embedding_and_all_layers_single_token,belief,10.0,0.5673346693382778,640,30.75,0.5829077397294598
sphere_polar_c08_n_down_gamma_up_d0p14_a0p95_m16_d128l4h2mlp512_700m_seed0_k1,H-R2-05-polar-ladder-capacity,dc80726a8c987e8c3a9171299dac00d03a074311,bb05b1312eb0913756b5c364f46bdf3fa524eee928b695d20d6221b970ef9ff7,fixed,0.95,5,0.7,0.14,699924480,sphere_polar_c08_n_down_gamma_up_d0p14_a0p95_m16,sphere_mess4,d128l4h2mlp512_700m_seed0_k1,0,1,128,4,random_init,single_layer_single_token,physics,10.0,0.6445891453617345,128,153.75,0.6644768717061533
sphere_polar_c08_n_down_gamma_up_d0p14_a0p95_m16_d128l4h2mlp512_700m_seed0_k1,H-R2-05-polar-ladder-capacity,dc80726a8c987e8c3a9171299dac00d03a074311,bb05b1312eb0913756b5c364f46bdf3fa524eee928b695d20d6221b970ef9ff7,fixed,0.95,5,0.7,0.14,699924480,sphere_polar_c08_n_down_gamma_up_d0p14_a0p95_m16,sphere_mess4,d128l4h2mlp512_700m_seed0_k1,0,1,128,4,random_init,single_layer_single_token,belief,10.0,0.21848832329190745,128,153.75,0.2174445652178019
sphere_polar_c08_n_down_gamma_up_d0p14_a0p95_m16_d128l4h2mlp512_700m_seed0_k1,H-R2-05-polar-ladder-capacity,dc80726a8c987e8c3a9171299dac00d03a074311,bb05b1312eb0913756b5c364f46bdf3fa524eee928b695d20d6221b970ef9ff7,fixed,0.95,5,0.7,0.14,699924480,sphere_polar_c08_n_down_gamma_up_d0p14_a0p95_m16,sphere_mess4,d128l4h2mlp512_700m_seed0_k1,0,1,128,4,random_init,all_block_layers_single_token,physics,1.0,0.7271045468531345,512,38.4375,0.7427472644646618
sphere_polar_c08_n_down_gamma_up_d0p14_a0p95_m16_d128l4h2mlp512_700m_seed0_k1,H-R2-05-polar-ladder-capacity,dc80726a8c987e8c3a9171299dac00d03a074311,bb05b1312eb0913756b5c364f46bdf3fa524eee928b695d20d6221b970ef9ff7,fixed,0.95,5,0.7,0.14,699924480,sphere_polar_c08_n_down_gamma_up_d0p14_a0p95_m16,sphere_mess4,d128l4h2mlp512_700m_seed0_k1,0,1,128,4,random_init,all_block_layers_single_token,belief,1.0,0.3078976226788054,512,38.4375,0.3065926356501497
sphere_polar_c08_n_down_gamma_up_d0p14_a0p95_m16_d128l4h2mlp512_700m_seed0_k1,H-R2-05-polar-ladder-capacity,dc80726a8c987e8c3a9171299dac00d03a074311,bb05b1312eb0913756b5c364f46bdf3fa524eee928b695d20d6221b970ef9ff7,fixed,0.95,5,0.7,0.14,699924480,sphere_polar_c08_n_down_gamma_up_d0p14_a0p95_m16,sphere_mess4,d128l4h2mlp512_700m_seed0_k1,0,1,128,4,random_init,embedding_and_all_layers_single_token,physics,1.0,0.7366789088596051,640,30.75,0.7536184688460805
sphere_polar_c08_n_down_gamma_up_d0p14_a0p95_m16_d128l4h2mlp512_700m_seed0_k1,H-R2-05-polar-ladder-capacity,dc80726a8c987e8c3a9171299dac00d03a074311,bb05b1312eb0913756b5c364f46bdf3fa524eee928b695d20d6221b970ef9ff7,fixed,0.95,5,0.7,0.14,699924480,sphere_polar_c08_n_down_gamma_up_d0p14_a0p95_m16,sphere_mess4,d128l4h2mlp512_700m_seed0_k1,0,1,128,4,random_init,embedding_and_all_layers_single_token,belief,1.0,0.3156751109074255,640,30.75,0.3166339784018227
sphere_polar_c08_n_down_gamma_up_d0p14_a0p95_m16_d128l4h2mlp512_700m_seed0_k2,H-R2-05-polar-ladder-capacity,dc80726a8c987e8c3a9171299dac00d03a074311,38209682116323e93292f9555f5a7c82e56ca456bcd6097a7118ccdf27020264,half,0.95,5,0.7,0.14,699924480,sphere_polar_c08_n_down_gamma_up_d0p14_a0p95_m16,sphere_mess4,d128l4h2mlp512_700m_seed0_k2,0,2,128,4,trained,single_layer_single_token,physics,1.0,0.7926162100367089,128,153.75,0.793050392833839
sphere_polar_c08_n_down_gamma_up_d0p14_a0p95_m16_d128l4h2mlp512_700m_seed0_k2,H-R2-05-polar-ladder-capacity,dc80726a8c987e8c3a9171299dac00d03a074311,38209682116323e93292f9555f5a7c82e56ca456bcd6097a7118ccdf27020264,half,0.95,5,0.7,0.14,699924480,sphere_polar_c08_n_down_gamma_up_d0p14_a0p95_m16,sphere_mess4,d128l4h2mlp512_700m_seed0_k2,0,2,128,4,trained,single_layer_single_token,belief,10.0,0.48067698287575805,128,153.75,0.49308921147023466
sphere_polar_c08_n_down_gamma_up_d0p14_a0p95_m16_d128l4h2mlp512_700m_seed0_k2,H-R2-05-polar-ladder-capacity,dc80726a8c987e8c3a9171299dac00d03a074311,38209682116323e93292f9555f5a7c82e56ca456bcd6097a7118ccdf27020264,half,0.95,5,0.7,0.14,699924480,sphere_polar_c08_n_down_gamma_up_d0p14_a0p95_m16,sphere_mess4,d128l4h2mlp512_700m_seed0_k2,0,2,128,4,trained,all_block_layers_single_token,physics,1.0,0.9895594950957032,512,38.4375,0.9888435869999426
sphere_polar_c08_n_down_gamma_up_d0p14_a0p95_m16_d128l4h2mlp512_700m_seed0_k2,H-R2-05-polar-ladder-capacity,dc80726a8c987e8c3a9171299dac00d03a074311,38209682116323e93292f9555f5a7c82e56ca456bcd6097a7118ccdf27020264,half,0.95,5,0.7,0.14,699924480,sphere_polar_c08_n_down_gamma_up_d0p14_a0p95_m16,sphere_mess4,d128l4h2mlp512_700m_seed0_k2,0,2,128,4,trained,all_block_layers_single_token,belief,10.0,0.6727434565819745,512,38.4375,0.6836513564733924
sphere_polar_c08_n_down_gamma_up_d0p14_a0p95_m16_d128l4h2mlp512_700m_seed0_k2,H-R2-05-polar-ladder-capacity,dc80726a8c987e8c3a9171299dac00d03a074311,38209682116323e93292f9555f5a7c82e56ca456bcd6097a7118ccdf27020264,half,0.95,5,0.7,0.14,699924480,sphere_polar_c08_n_down_gamma_up_d0p14_a0p95_m16,sphere_mess4,d128l4h2mlp512_700m_seed0_k2,0,2,128,4,trained,embedding_and_all_layers_single_token,physics,1.0,0.9920022734601244,640,30.75,0.9917967309523579
sphere_polar_c08_n_down_gamma_up_d0p14_a0p95_m16_d128l4h2mlp512_700m_seed0_k2,H-R2-05-polar-ladder-capacity,dc80726a8c987e8c3a9171299dac00d03a074311,38209682116323e93292f9555f5a7c82e56ca456bcd6097a7118ccdf27020264,half,0.95,5,0.7,0.14,699924480,sphere_polar_c08_n_down_gamma_up_d0p14_a0p95_m16,sphere_mess4,d128l4h2mlp512_700m_seed0_k2,0,2,128,4,trained,embedding_and_all_layers_single_token,belief,10.0,0.6833687614488846,640,30.75,0.6936876003292024
sphere_polar_c08_n_down_gamma_up_d0p14_a0p95_m16_d128l4h2mlp512_700m_seed0_k2,H-R2-05-polar-ladder-capacity,dc80726a8c987e8c3a9171299dac00d03a074311,38209682116323e93292f9555f5a7c82e56ca456bcd6097a7118ccdf27020264,half,0.95,5,0.7,0.14,699924480,sphere_polar_c08_n_down_gamma_up_d0p14_a0p95_m16,sphere_mess4,d128l4h2mlp512_700m_seed0_k2,0,2,128,4,random_init,single_layer_single_token,physics,10.0,0.6445891453617345,128,153.75,0.6644768717061533
sphere_polar_c08_n_down_gamma_up_d0p14_a0p95_m16_d128l4h2mlp512_700m_seed0_k2,H-R2-05-polar-ladder-capacity,dc80726a8c987e8c3a9171299dac00d03a074311,38209682116323e93292f9555f5a7c82e56ca456bcd6097a7118ccdf27020264,half,0.95,5,0.7,0.14,699924480,sphere_polar_c08_n_down_gamma_up_d0p14_a0p95_m16,sphere_mess4,d128l4h2mlp512_700m_seed0_k2,0,2,128,4,random_init,single_layer_single_token,belief,10.0,0.21848832329190745,128,153.75,0.2174445652178019
sphere_polar_c08_n_down_gamma_up_d0p14_a0p95_m16_d128l4h2mlp512_700m_seed0_k2,H-R2-05-polar-ladder-capacity,dc80726a8c987e8c3a9171299dac00d03a074311,38209682116323e93292f9555f5a7c82e56ca456bcd6097a7118ccdf27020264,half,0.95,5,0.7,0.14,699924480,sphere_polar_c08_n_down_gamma_up_d0p14_a0p95_m16,sphere_mess4,d128l4h2mlp512_700m_seed0_k2,0,2,128,4,random_init,all_block_layers_single_token,physics,1.0,0.7271045468531345,512,38.4375,0.7427472644646618
sphere_polar_c08_n_down_gamma_up_d0p14_a0p95_m16_d128l4h2mlp512_700m_seed0_k2,H-R2-05-polar-ladder-capacity,dc80726a8c987e8c3a9171299dac00d03a074311,38209682116323e93292f9555f5a7c82e56ca456bcd6097a7118ccdf27020264,half,0.95,5,0.7,0.14,699924480,sphere_polar_c08_n_down_gamma_up_d0p14_a0p95_m16,sphere_mess4,d128l4h2mlp512_700m_seed0_k2,0,2,128,4,random_init,all_block_layers_single_token,belief,1.0,0.3078976226788054,512,38.4375,0.3065926356501497
sphere_polar_c08_n_down_gamma_up_d0p14_a0p95_m16_d128l4h2mlp512_700m_seed0_k2,H-R2-05-polar-ladder-capacity,dc80726a8c987e8c3a9171299dac00d03a074311,38209682116323e93292f9555f5a7c82e56ca456bcd6097a7118ccdf27020264,half,0.95,5,0.7,0.14,699924480,sphere_polar_c08_n_down_gamma_up_d0p14_a0p95_m16,sphere_mess4,d128l4h2mlp512_700m_seed0_k2,0,2,128,4,random_init,embedding_and_all_layers_single_token,physics,1.0,0.7366789088596051,640,30.75,0.7536184688460805
sphere_polar_c08_n_down_gamma_up_d0p14_a0p95_m16_d128l4h2mlp512_700m_seed0_k2,H-R2-05-polar-ladder-capacity,dc80726a8c987e8c3a9171299dac00d03a074311,38209682116323e93292f9555f5a7c82e56ca456bcd6097a7118ccdf27020264,half,0.95,5,0.7,0.14,699924480,sphere_polar_c08_n_down_gamma_up_d0p14_a0p95_m16,sphere_mess4,d128l4h2mlp512_700m_seed0_k2,0,2,128,4,random_init,embedding_and_all_layers_single_token,belief,1.0,0.3156751109074255,640,30.75,0.3166339784018227
sphere_polar_c08_n_down_gamma_up_d0p14_a0p95_m16_d128l4h2mlp512_700m_seed0_k6,H-R2-05-polar-ladder-capacity,dc80726a8c987e8c3a9171299dac00d03a074311,83647d4f5ed8beb768132b3448893162b075d562f0ba80cdc73631e483286329,n_plus_one,0.95,5,0.7,0.14,699924480,sphere_polar_c08_n_down_gamma_up_d0p14_a0p95_m16,sphere_mess4,d128l4h2mlp512_700m_seed0_k6,0,6,128,4,trained,single_layer_single_token,physics,10.0,0.8658094759488535,128,153.75,0.8683257776029465
sphere_polar_c08_n_down_gamma_up_d0p14_a0p95_m16_d128l4h2mlp512_700m_seed0_k6,H-R2-05-polar-ladder-capacity,dc80726a8c987e8c3a9171299dac00d03a074311,83647d4f5ed8beb768132b3448893162b075d562f0ba80cdc73631e483286329,n_plus_one,0.95,5,0.7,0.14,699924480,sphere_polar_c08_n_down_gamma_up_d0p14_a0p95_m16,sphere_mess4,d128l4h2mlp512_700m_seed0_k6,0,6,128,4,trained,single_layer_single_token,belief,100.0,0.3612069316157054,128,153.75,0.36757063545982016
sphere_polar_c08_n_down_gamma_up_d0p14_a0p95_m16_d128l4h2mlp512_700m_seed0_k6,H-R2-05-polar-ladder-capacity,dc80726a8c987e8c3a9171299dac00d03a074311,83647d4f5ed8beb768132b3448893162b075d562f0ba80cdc73631e483286329,n_plus_one,0.95,5,0.7,0.14,699924480,sphere_polar_c08_n_down_gamma_up_d0p14_a0p95_m16,sphere_mess4,d128l4h2mlp512_700m_seed0_k6,0,6,128,4,trained,all_block_layers_single_token,physics,1.0,0.9762116948553958,512,38.4375,0.9759653265066714
sphere_polar_c08_n_down_gamma_up_d0p14_a0p95_m16_d128l4h2mlp512_700m_seed0_k6,H-R2-05-polar-ladder-capacity,dc80726a8c987e8c3a9171299dac00d03a074311,83647d4f5ed8beb768132b3448893162b075d562f0ba80cdc73631e483286329,n_plus_one,0.95,5,0.7,0.14,699924480,sphere_polar_c08_n_down_gamma_up_d0p14_a0p95_m16,sphere_mess4,d128l4h2mlp512_700m_seed0_k6,0,6,128,4,trained,all_block_layers_single_token,belief,10.0,0.5493728850335725,512,38.4375,0.5642236976532884
sphere_polar_c08_n_down_gamma_up_d0p14_a0p95_m16_d128l4h2mlp512_700m_seed0_k6,H-R2-05-polar-ladder-capacity,dc80726a8c987e8c3a9171299dac00d03a074311,83647d4f5ed8beb768132b3448893162b075d562f0ba80cdc73631e483286329,n_plus_one,0.95,5,0.7,0.14,699924480,sphere_polar_c08_n_down_gamma_up_d0p14_a0p95_m16,sphere_mess4,d128l4h2mlp512_700m_seed0_k6,0,6,128,4,trained,embedding_and_all_layers_single_token,physics,1.0,0.9788868531067269,640,30.75,0.9780445441786387
sphere_polar_c08_n_down_gamma_up_d0p14_a0p95_m16_d128l4h2mlp512_700m_seed0_k6,H-R2-05-polar-ladder-capacity,dc80726a8c987e8c3a9171299dac00d03a074311,83647d4f5ed8beb768132b3448893162b075d562f0ba80cdc73631e483286329,n_plus_one,0.95,5,0.7,0.14,699924480,sphere_polar_c08_n_down_gamma_up_d0p14_a0p95_m16,sphere_mess4,d128l4h2mlp512_700m_seed0_k6,0,6,128,4,trained,embedding_and_all_layers_single_token,belief,10.0,0.556438325387321,640,30.75,0.5692880633924874
sphere_polar_c08_n_down_gamma_up_d0p14_a0p95_m16_d128l4h2mlp512_700m_seed0_k6,H-R2-05-polar-ladder-capacity,dc80726a8c987e8c3a9171299dac00d03a074311,83647d4f5ed8beb768132b3448893162b075d562f0ba80cdc73631e483286329,n_plus_one,0.95,5,0.7,0.14,699924480,sphere_polar_c08_n_down_gamma_up_d0p14_a0p95_m16,sphere_mess4,d128l4h2mlp512_700m_seed0_k6,0,6,128,4,random_init,single_layer_single_token,physics,10.0,0.6445891453617345,128,153.75,0.6644768717061533
sphere_polar_c08_n_down_gamma_up_d0p14_a0p95_m16_d128l4h2mlp512_700m_seed0_k6,H-R2-05-polar-ladder-capacity,dc80726a8c987e8c3a9171299dac00d03a074311,83647d4f5ed8beb768132b3448893162b075d562f0ba80cdc73631e483286329,n_plus_one,0.95,5,0.7,0.14,699924480,sphere_polar_c08_n_down_gamma_up_d0p14_a0p95_m16,sphere_mess4,d128l4h2mlp512_700m_seed0_k6,0,6,128,4,random_init,single_layer_single_token,belief,10.0,0.21848832329190745,128,153.75,0.2174445652178019
sphere_polar_c08_n_down_gamma_up_d0p14_a0p95_m16_d128l4h2mlp512_700m_seed0_k6,H-R2-05-polar-ladder-capacity,dc80726a8c987e8c3a9171299dac00d03a074311,83647d4f5ed8beb768132b3448893162b075d562f0ba80cdc73631e483286329,n_plus_one,0.95,5,0.7,0.14,699924480,sphere_polar_c08_n_down_gamma_up_d0p14_a0p95_m16,sphere_mess4,d128l4h2mlp512_700m_seed0_k6,0,6,128,4,random_init,all_block_layers_single_token,physics,1.0,0.7271045468531345,512,38.4375,0.7427472644646618
sphere_polar_c08_n_down_gamma_up_d0p14_a0p95_m16_d128l4h2mlp512_700m_seed0_k6,H-R2-05-polar-ladder-capacity,dc80726a8c987e8c3a9171299dac00d03a074311,83647d4f5ed8beb768132b3448893162b075d562f0ba80cdc73631e483286329,n_plus_one,0.95,5,0.7,0.14,699924480,sphere_polar_c08_n_down_gamma_up_d0p14_a0p95_m16,sphere_mess4,d128l4h2mlp512_700m_seed0_k6,0,6,128,4,random_init,all_block_layers_single_token,belief,1.0,0.3078976226788054,512,38.4375,0.3065926356501497
sphere_polar_c08_n_down_gamma_up_d0p14_a0p95_m16_d128l4h2mlp512_700m_seed0_k6,H-R2-05-polar-ladder-capacity,dc80726a8c987e8c3a9171299dac00d03a074311,83647d4f5ed8beb768132b3448893162b075d562f0ba80cdc73631e483286329,n_plus_one,0.95,5,0.7,0.14,699924480,sphere_polar_c08_n_down_gamma_up_d0p14_a0p95_m16,sphere_mess4,d128l4h2mlp512_700m_seed0_k6,0,6,128,4,random_init,embedding_and_all_layers_single_token,physics,1.0,0.7366789088596051,640,30.75,0.7536184688460805
sphere_polar_c08_n_down_gamma_up_d0p14_a0p95_m16_d128l4h2mlp512_700m_seed0_k6,H-R2-05-polar-ladder-capacity,dc80726a8c987e8c3a9171299dac00d03a074311,83647d4f5ed8beb768132b3448893162b075d562f0ba80cdc73631e483286329,n_plus_one,0.95,5,0.7,0.14,699924480,sphere_polar_c08_n_down_gamma_up_d0p14_a0p95_m16,sphere_mess4,d128l4h2mlp512_700m_seed0_k6,0,6,128,4,random_init,embedding_and_all_layers_single_token,belief,1.0,0.3156751109074255,640,30.75,0.3166339784018227
sphere_polar_c09_n_up_gamma_constant_d0p1_a0p5_m16_d128l4h2mlp512_700m_seed0_k1,H-R2-05-polar-ladder-capacity,dc80726a8c987e8c3a9171299dac00d03a074311,c385f5b3d254ec48eeab2b2777d0a6f2a32f2bc97491cf9cf538617819b17d3e,fixed,0.5,20,0.35,0.1,699924480,sphere_polar_c09_n_up_gamma_constant_d0p1_a0p5_m16,sphere_mess4,d128l4h2mlp512_700m_seed0_k1,0,1,128,4,trained,single_layer_single_token,physics,1.0,0.9111327781301035,128,153.5,0.9106485154932864
sphere_polar_c09_n_up_gamma_constant_d0p1_a0p5_m16_d128l4h2mlp512_700m_seed0_k1,H-R2-05-polar-ladder-capacity,dc80726a8c987e8c3a9171299dac00d03a074311,c385f5b3d254ec48eeab2b2777d0a6f2a32f2bc97491cf9cf538617819b17d3e,fixed,0.5,20,0.35,0.1,699924480,sphere_polar_c09_n_up_gamma_constant_d0p1_a0p5_m16,sphere_mess4,d128l4h2mlp512_700m_seed0_k1,0,1,128,4,trained,single_layer_single_token,belief,1.0,0.21673009413887878,128,153.5,0.20849327177209878
sphere_polar_c09_n_up_gamma_constant_d0p1_a0p5_m16_d128l4h2mlp512_700m_seed0_k1,H-R2-05-polar-ladder-capacity,dc80726a8c987e8c3a9171299dac00d03a074311,c385f5b3d254ec48eeab2b2777d0a6f2a32f2bc97491cf9cf538617819b17d3e,fixed,0.5,20,0.35,0.1,699924480,sphere_polar_c09_n_up_gamma_constant_d0p1_a0p5_m16,sphere_mess4,d128l4h2mlp512_700m_seed0_k1,0,1,128,4,trained,all_block_layers_single_token,physics,1.0,0.985434272992781,512,38.375,0.9861712388004061
sphere_polar_c09_n_up_gamma_constant_d0p1_a0p5_m16_d128l4h2mlp512_700m_seed0_k1,H-R2-05-polar-ladder-capacity,dc80726a8c987e8c3a9171299dac00d03a074311,c385f5b3d254ec48eeab2b2777d0a6f2a32f2bc97491cf9cf538617819b17d3e,fixed,0.5,20,0.35,0.1,699924480,sphere_polar_c09_n_up_gamma_constant_d0p1_a0p5_m16,sphere_mess4,d128l4h2mlp512_700m_seed0_k1,0,1,128,4,trained,all_block_layers_single_token,belief,1.0,0.35266643077806,512,38.375,0.34918780603036703
sphere_polar_c09_n_up_gamma_constant_d0p1_a0p5_m16_d128l4h2mlp512_700m_seed0_k1,H-R2-05-polar-ladder-capacity,dc80726a8c987e8c3a9171299dac00d03a074311,c385f5b3d254ec48eeab2b2777d0a6f2a32f2bc97491cf9cf538617819b17d3e,fixed,0.5,20,0.35,0.1,699924480,sphere_polar_c09_n_up_gamma_constant_d0p1_a0p5_m16,sphere_mess4,d128l4h2mlp512_700m_seed0_k1,0,1,128,4,trained,embedding_and_all_layers_single_token,physics,1.0,0.9876021841150948,640,30.7,0.9885676541891657
sphere_polar_c09_n_up_gamma_constant_d0p1_a0p5_m16_d128l4h2mlp512_700m_seed0_k1,H-R2-05-polar-ladder-capacity,dc80726a8c987e8c3a9171299dac00d03a074311,c385f5b3d254ec48eeab2b2777d0a6f2a32f2bc97491cf9cf538617819b17d3e,fixed,0.5,20,0.35,0.1,699924480,sphere_polar_c09_n_up_gamma_constant_d0p1_a0p5_m16,sphere_mess4,d128l4h2mlp512_700m_seed0_k1,0,1,128,4,trained,embedding_and_all_layers_single_token,belief,1.0,0.35900798869481776,640,30.7,0.3576904792413431
sphere_polar_c09_n_up_gamma_constant_d0p1_a0p5_m16_d128l4h2mlp512_700m_seed0_k1,H-R2-05-polar-ladder-capacity,dc80726a8c987e8c3a9171299dac00d03a074311,c385f5b3d254ec48eeab2b2777d0a6f2a32f2bc97491cf9cf538617819b17d3e,fixed,0.5,20,0.35,0.1,699924480,sphere_polar_c09_n_up_gamma_constant_d0p1_a0p5_m16,sphere_mess4,d128l4h2mlp512_700m_seed0_k1,0,1,128,4,random_init,single_layer_single_token,physics,10.0,0.757119158481056,128,153.5,0.7609339365810606
sphere_polar_c09_n_up_gamma_constant_d0p1_a0p5_m16_d128l4h2mlp512_700m_seed0_k1,H-R2-05-polar-ladder-capacity,dc80726a8c987e8c3a9171299dac00d03a074311,c385f5b3d254ec48eeab2b2777d0a6f2a32f2bc97491cf9cf538617819b17d3e,fixed,0.5,20,0.35,0.1,699924480,sphere_polar_c09_n_up_gamma_constant_d0p1_a0p5_m16,sphere_mess4,d128l4h2mlp512_700m_seed0_k1,0,1,128,4,random_init,single_layer_single_token,belief,10.0,0.1737022848752108,128,153.5,0.16304013652153287
sphere_polar_c09_n_up_gamma_constant_d0p1_a0p5_m16_d128l4h2mlp512_700m_seed0_k1,H-R2-05-polar-ladder-capacity,dc80726a8c987e8c3a9171299dac00d03a074311,c385f5b3d254ec48eeab2b2777d0a6f2a32f2bc97491cf9cf538617819b17d3e,fixed,0.5,20,0.35,0.1,699924480,sphere_polar_c09_n_up_gamma_constant_d0p1_a0p5_m16,sphere_mess4,d128l4h2mlp512_700m_seed0_k1,0,1,128,4,random_init,all_block_layers_single_token,physics,1.0,0.807673320743501,512,38.375,0.8087253040021279
sphere_polar_c09_n_up_gamma_constant_d0p1_a0p5_m16_d128l4h2mlp512_700m_seed0_k1,H-R2-05-polar-ladder-capacity,dc80726a8c987e8c3a9171299dac00d03a074311,c385f5b3d254ec48eeab2b2777d0a6f2a32f2bc97491cf9cf538617819b17d3e,fixed,0.5,20,0.35,0.1,699924480,sphere_polar_c09_n_up_gamma_constant_d0p1_a0p5_m16,sphere_mess4,d128l4h2mlp512_700m_seed0_k1,0,1,128,4,random_init,all_block_layers_single_token,belief,1.0,0.2541457191132054,512,38.375,0.2462223886747562
sphere_polar_c09_n_up_gamma_constant_d0p1_a0p5_m16_d128l4h2mlp512_700m_seed0_k1,H-R2-05-polar-ladder-capacity,dc80726a8c987e8c3a9171299dac00d03a074311,c385f5b3d254ec48eeab2b2777d0a6f2a32f2bc97491cf9cf538617819b17d3e,fixed,0.5,20,0.35,0.1,699924480,sphere_polar_c09_n_up_gamma_constant_d0p1_a0p5_m16,sphere_mess4,d128l4h2mlp512_700m_seed0_k1,0,1,128,4,random_init,embedding_and_all_layers_single_token,physics,1.0,0.8129877886675635,640,30.7,0.8129596965563479
sphere_polar_c09_n_up_gamma_constant_d0p1_a0p5_m16_d128l4h2mlp512_700m_seed0_k1,H-R2-05-polar-ladder-capacity,dc80726a8c987e8c3a9171299dac00d03a074311,c385f5b3d254ec48eeab2b2777d0a6f2a32f2bc97491cf9cf538617819b17d3e,fixed,0.5,20,0.35,0.1,699924480,sphere_polar_c09_n_up_gamma_constant_d0p1_a0p5_m16,sphere_mess4,d128l4h2mlp512_700m_seed0_k1,0,1,128,4,random_init,embedding_and_all_layers_single_token,belief,1.0,0.26259230772503844,640,30.7,0.2538774934210901
sphere_polar_c09_n_up_gamma_constant_d0p1_a0p5_m16_d128l4h2mlp512_700m_seed0_k10,H-R2-05-polar-ladder-capacity,dc80726a8c987e8c3a9171299dac00d03a074311,df8a8dd0c667a69dc0e5f19ad99b7061d7544f892bdd21aa33ad859f712add8b,half,0.5,20,0.35,0.1,699924480,sphere_polar_c09_n_up_gamma_constant_d0p1_a0p5_m16,sphere_mess4,d128l4h2mlp512_700m_seed0_k10,0,10,128,4,trained,single_layer_single_token,physics,10.0,0.9194873860737023,128,153.5,0.9186006487840683
sphere_polar_c09_n_up_gamma_constant_d0p1_a0p5_m16_d128l4h2mlp512_700m_seed0_k10,H-R2-05-polar-ladder-capacity,dc80726a8c987e8c3a9171299dac00d03a074311,df8a8dd0c667a69dc0e5f19ad99b7061d7544f892bdd21aa33ad859f712add8b,half,0.5,20,0.35,0.1,699924480,sphere_polar_c09_n_up_gamma_constant_d0p1_a0p5_m16,sphere_mess4,d128l4h2mlp512_700m_seed0_k10,0,10,128,4,trained,single_layer_single_token,belief,10.0,0.20845553040164047,128,153.5,0.20353311656166526
sphere_polar_c09_n_up_gamma_constant_d0p1_a0p5_m16_d128l4h2mlp512_700m_seed0_k10,H-R2-05-polar-ladder-capacity,dc80726a8c987e8c3a9171299dac00d03a074311,df8a8dd0c667a69dc0e5f19ad99b7061d7544f892bdd21aa33ad859f712add8b,half,0.5,20,0.35,0.1,699924480,sphere_polar_c09_n_up_gamma_constant_d0p1_a0p5_m16,sphere_mess4,d128l4h2mlp512_700m_seed0_k10,0,10,128,4,trained,all_block_layers_single_token,physics,1.0,0.9883705630447215,512,38.375,0.9885749856212702
sphere_polar_c09_n_up_gamma_constant_d0p1_a0p5_m16_d128l4h2mlp512_700m_seed0_k10,H-R2-05-polar-ladder-capacity,dc80726a8c987e8c3a9171299dac00d03a074311,df8a8dd0c667a69dc0e5f19ad99b7061d7544f892bdd21aa33ad859f712add8b,half,0.5,20,0.35,0.1,699924480,sphere_polar_c09_n_up_gamma_constant_d0p1_a0p5_m16,sphere_mess4,d128l4h2mlp512_700m_seed0_k10,0,10,128,4,trained,all_block_layers_single_token,belief,1.0,0.35931765536621596,512,38.375,0.35437983345594776
sphere_polar_c09_n_up_gamma_constant_d0p1_a0p5_m16_d128l4h2mlp512_700m_seed0_k10,H-R2-05-polar-ladder-capacity,dc80726a8c987e8c3a9171299dac00d03a074311,df8a8dd0c667a69dc0e5f19ad99b7061d7544f892bdd21aa33ad859f712add8b,half,0.5,20,0.35,0.1,699924480,sphere_polar_c09_n_up_gamma_constant_d0p1_a0p5_m16,sphere_mess4,d128l4h2mlp512_700m_seed0_k10,0,10,128,4,trained,embedding_and_all_layers_single_token,physics,1.0,0.990325841953152,640,30.7,0.9904158668993814
sphere_polar_c09_n_up_gamma_constant_d0p1_a0p5_m16_d128l4h2mlp512_700m_seed0_k10,H-R2-05-polar-ladder-capacity,dc80726a8c987e8c3a9171299dac00d03a074311,df8a8dd0c667a69dc0e5f19ad99b7061d7544f892bdd21aa33ad859f712add8b,half,0.5,20,0.35,0.1,699924480,sphere_polar_c09_n_up_gamma_constant_d0p1_a0p5_m16,sphere_mess4,d128l4h2mlp512_700m_seed0_k10,0,10,128,4,trained,embedding_and_all_layers_single_token,belief,1.0,0.36437585655433014,640,30.7,0.36364858070519834
sphere_polar_c09_n_up_gamma_constant_d0p1_a0p5_m16_d128l4h2mlp512_700m_seed0_k10,H-R2-05-polar-ladder-capacity,dc80726a8c987e8c3a9171299dac00d03a074311,df8a8dd0c667a69dc0e5f19ad99b7061d7544f892bdd21aa33ad859f712add8b,half,0.5,20,0.35,0.1,699924480,sphere_polar_c09_n_up_gamma_constant_d0p1_a0p5_m16,sphere_mess4,d128l4h2mlp512_700m_seed0_k10,0,10,128,4,random_init,single_layer_single_token,physics,10.0,0.757119158481056,128,153.5,0.7609339365810606
sphere_polar_c09_n_up_gamma_constant_d0p1_a0p5_m16_d128l4h2mlp512_700m_seed0_k10,H-R2-05-polar-ladder-capacity,dc80726a8c987e8c3a9171299dac00d03a074311,df8a8dd0c667a69dc0e5f19ad99b7061d7544f892bdd21aa33ad859f712add8b,half,0.5,20,0.35,0.1,699924480,sphere_polar_c09_n_up_gamma_constant_d0p1_a0p5_m16,sphere_mess4,d128l4h2mlp512_700m_seed0_k10,0,10,128,4,random_init,single_layer_single_token,belief,10.0,0.1737022848752108,128,153.5,0.16304013652153287
sphere_polar_c09_n_up_gamma_constant_d0p1_a0p5_m16_d128l4h2mlp512_700m_seed0_k10,H-R2-05-polar-ladder-capacity,dc80726a8c987e8c3a9171299dac00d03a074311,df8a8dd0c667a69dc0e5f19ad99b7061d7544f892bdd21aa33ad859f712add8b,half,0.5,20,0.35,0.1,699924480,sphere_polar_c09_n_up_gamma_constant_d0p1_a0p5_m16,sphere_mess4,d128l4h2mlp512_700m_seed0_k10,0,10,128,4,random_init,all_block_layers_single_token,physics,1.0,0.807673320743501,512,38.375,0.8087253040021279
sphere_polar_c09_n_up_gamma_constant_d0p1_a0p5_m16_d128l4h2mlp512_700m_seed0_k10,H-R2-05-polar-ladder-capacity,dc80726a8c987e8c3a9171299dac00d03a074311,df8a8dd0c667a69dc0e5f19ad99b7061d7544f892bdd21aa33ad859f712add8b,half,0.5,20,0.35,0.1,699924480,sphere_polar_c09_n_up_gamma_constant_d0p1_a0p5_m16,sphere_mess4,d128l4h2mlp512_700m_seed0_k10,0,10,128,4,random_init,all_block_layers_single_token,belief,1.0,0.2541457191132054,512,38.375,0.2462223886747562
sphere_polar_c09_n_up_gamma_constant_d0p1_a0p5_m16_d128l4h2mlp512_700m_seed0_k10,H-R2-05-polar-ladder-capacity,dc80726a8c987e8c3a9171299dac00d03a074311,df8a8dd0c667a69dc0e5f19ad99b7061d7544f892bdd21aa33ad859f712add8b,half,0.5,20,0.35,0.1,699924480,sphere_polar_c09_n_up_gamma_constant_d0p1_a0p5_m16,sphere_mess4,d128l4h2mlp512_700m_seed0_k10,0,10,128,4,random_init,embedding_and_all_layers_single_token,physics,1.0,0.8129877886675635,640,30.7,0.8129596965563479
sphere_polar_c09_n_up_gamma_constant_d0p1_a0p5_m16_d128l4h2mlp512_700m_seed0_k10,H-R2-05-polar-ladder-capacity,dc80726a8c987e8c3a9171299dac00d03a074311,df8a8dd0c667a69dc0e5f19ad99b7061d7544f892bdd21aa33ad859f712add8b,half,0.5,20,0.35,0.1,699924480,sphere_polar_c09_n_up_gamma_constant_d0p1_a0p5_m16,sphere_mess4,d128l4h2mlp512_700m_seed0_k10,0,10,128,4,random_init,embedding_and_all_layers_single_token,belief,1.0,0.26259230772503844,640,30.7,0.2538774934210901
sphere_polar_c09_n_up_gamma_constant_d0p1_a0p5_m16_d128l4h2mlp512_700m_seed0_k21,H-R2-05-polar-ladder-capacity,dc80726a8c987e8c3a9171299dac00d03a074311,94b97a267e3d4914e726bb681364ddb79e5d269ddb42d64fafca2d88071aeed6,n_plus_one,0.5,20,0.35,0.1,699924480,sphere_polar_c09_n_up_gamma_constant_d0p1_a0p5_m16,sphere_mess4,d128l4h2mlp512_700m_seed0_k21,0,21,128,4,trained,single_layer_single_token,physics,1.0,0.9424439236522419,128,153.5,0.9411325587085702
sphere_polar_c09_n_up_gamma_constant_d0p1_a0p5_m16_d128l4h2mlp512_700m_seed0_k21,H-R2-05-polar-ladder-capacity,dc80726a8c987e8c3a9171299dac00d03a074311,94b97a267e3d4914e726bb681364ddb79e5d269ddb42d64fafca2d88071aeed6,n_plus_one,0.5,20,0.35,0.1,699924480,sphere_polar_c09_n_up_gamma_constant_d0p1_a0p5_m16,sphere_mess4,d128l4h2mlp512_700m_seed0_k21,0,21,128,4,trained,single_layer_single_token,belief,10.0,0.20174720247618672,128,153.5,0.20394186888859345
sphere_polar_c09_n_up_gamma_constant_d0p1_a0p5_m16_d128l4h2mlp512_700m_seed0_k21,H-R2-05-polar-ladder-capacity,dc80726a8c987e8c3a9171299dac00d03a074311,94b97a267e3d4914e726bb681364ddb79e5d269ddb42d64fafca2d88071aeed6,n_plus_one,0.5,20,0.35,0.1,699924480,sphere_polar_c09_n_up_gamma_constant_d0p1_a0p5_m16,sphere_mess4,d128l4h2mlp512_700m_seed0_k21,0,21,128,4,trained,all_block_layers_single_token,physics,1.0,0.9834078376432775,512,38.375,0.9840614227821523
sphere_polar_c09_n_up_gamma_constant_d0p1_a0p5_m16_d128l4h2mlp512_700m_seed0_k21,H-R2-05-polar-ladder-capacity,dc80726a8c987e8c3a9171299dac00d03a074311,94b97a267e3d4914e726bb681364ddb79e5d269ddb42d64fafca2d88071aeed6,n_plus_one,0.5,20,0.35,0.1,699924480,sphere_polar_c09_n_up_gamma_constant_d0p1_a0p5_m16,sphere_mess4,d128l4h2mlp512_700m_seed0_k21,0,21,128,4,trained,all_block_layers_single_token,belief,1.0,0.33749862959650156,512,38.375,0.3341208609447748
sphere_polar_c09_n_up_gamma_constant_d0p1_a0p5_m16_d128l4h2mlp512_700m_seed0_k21,H-R2-05-polar-ladder-capacity,dc80726a8c987e8c3a9171299dac00d03a074311,94b97a267e3d4914e726bb681364ddb79e5d269ddb42d64fafca2d88071aeed6,n_plus_one,0.5,20,0.35,0.1,699924480,sphere_polar_c09_n_up_gamma_constant_d0p1_a0p5_m16,sphere_mess4,d128l4h2mlp512_700m_seed0_k21,0,21,128,4,trained,embedding_and_all_layers_single_token,physics,1.0,0.986669006868524,640,30.7,0.987131666714375
sphere_polar_c09_n_up_gamma_constant_d0p1_a0p5_m16_d128l4h2mlp512_700m_seed0_k21,H-R2-05-polar-ladder-capacity,dc80726a8c987e8c3a9171299dac00d03a074311,94b97a267e3d4914e726bb681364ddb79e5d269ddb42d64fafca2d88071aeed6,n_plus_one,0.5,20,0.35,0.1,699924480,sphere_polar_c09_n_up_gamma_constant_d0p1_a0p5_m16,sphere_mess4,d128l4h2mlp512_700m_seed0_k21,0,21,128,4,trained,embedding_and_all_layers_single_token,belief,1.0,0.34247609545171287,640,30.7,0.3430135557034658
sphere_polar_c09_n_up_gamma_constant_d0p1_a0p5_m16_d128l4h2mlp512_700m_seed0_k21,H-R2-05-polar-ladder-capacity,dc80726a8c987e8c3a9171299dac00d03a074311,94b97a267e3d4914e726bb681364ddb79e5d269ddb42d64fafca2d88071aeed6,n_plus_one,0.5,20,0.35,0.1,699924480,sphere_polar_c09_n_up_gamma_constant_d0p1_a0p5_m16,sphere_mess4,d128l4h2mlp512_700m_seed0_k21,0,21,128,4,random_init,single_layer_single_token,physics,10.0,0.757119158481056,128,153.5,0.7609339365810606
sphere_polar_c09_n_up_gamma_constant_d0p1_a0p5_m16_d128l4h2mlp512_700m_seed0_k21,H-R2-05-polar-ladder-capacity,dc80726a8c987e8c3a9171299dac00d03a074311,94b97a267e3d4914e726bb681364ddb79e5d269ddb42d64fafca2d88071aeed6,n_plus_one,0.5,20,0.35,0.1,699924480,sphere_polar_c09_n_up_gamma_constant_d0p1_a0p5_m16,sphere_mess4,d128l4h2mlp512_700m_seed0_k21,0,21,128,4,random_init,single_layer_single_token,belief,10.0,0.1737022848752108,128,153.5,0.16304013652153287
sphere_polar_c09_n_up_gamma_constant_d0p1_a0p5_m16_d128l4h2mlp512_700m_seed0_k21,H-R2-05-polar-ladder-capacity,dc80726a8c987e8c3a9171299dac00d03a074311,94b97a267e3d4914e726bb681364ddb79e5d269ddb42d64fafca2d88071aeed6,n_plus_one,0.5,20,0.35,0.1,699924480,sphere_polar_c09_n_up_gamma_constant_d0p1_a0p5_m16,sphere_mess4,d128l4h2mlp512_700m_seed0_k21,0,21,128,4,random_init,all_block_layers_single_token,physics,1.0,0.807673320743501,512,38.375,0.8087253040021279
sphere_polar_c09_n_up_gamma_constant_d0p1_a0p5_m16_d128l4h2mlp512_700m_seed0_k21,H-R2-05-polar-ladder-capacity,dc80726a8c987e8c3a9171299dac00d03a074311,94b97a267e3d4914e726bb681364ddb79e5d269ddb42d64fafca2d88071aeed6,n_plus_one,0.5,20,0.35,0.1,699924480,sphere_polar_c09_n_up_gamma_constant_d0p1_a0p5_m16,sphere_mess4,d128l4h2mlp512_700m_seed0_k21,0,21,128,4,random_init,all_block_layers_single_token,belief,1.0,0.2541457191132054,512,38.375,0.2462223886747562
sphere_polar_c09_n_up_gamma_constant_d0p1_a0p5_m16_d128l4h2mlp512_700m_seed0_k21,H-R2-05-polar-ladder-capacity,dc80726a8c987e8c3a9171299dac00d03a074311,94b97a267e3d4914e726bb681364ddb79e5d269ddb42d64fafca2d88071aeed6,n_plus_one,0.5,20,0.35,0.1,699924480,sphere_polar_c09_n_up_gamma_constant_d0p1_a0p5_m16,sphere_mess4,d128l4h2mlp512_700m_seed0_k21,0,21,128,4,random_init,embedding_and_all_layers_single_token,physics,1.0,0.8129877886675635,640,30.7,0.8129596965563479
sphere_polar_c09_n_up_gamma_constant_d0p1_a0p5_m16_d128l4h2mlp512_700m_seed0_k21,H-R2-05-polar-ladder-capacity,dc80726a8c987e8c3a9171299dac00d03a074311,94b97a267e3d4914e726bb681364ddb79e5d269ddb42d64fafca2d88071aeed6,n_plus_one,0.5,20,0.35,0.1,699924480,sphere_polar_c09_n_up_gamma_constant_d0p1_a0p5_m16,sphere_mess4,d128l4h2mlp512_700m_seed0_k21,0,21,128,4,random_init,embedding_and_all_layers_single_token,belief,1.0,0.26259230772503844,640,30.7,0.2538774934210901
sphere_polar_c09_n_up_gamma_constant_d0p1_a0p7_m16_d128l4h2mlp512_700m_seed0_k1,H-R2-05-polar-ladder-capacity,dc80726a8c987e8c3a9171299dac00d03a074311,da4754cc2e02430f74f39cdd8ef40e5155f92050c374ca0ad2181e9f4e6ad3e4,fixed,0.7,20,0.35,0.1,699924480,sphere_polar_c09_n_up_gamma_constant_d0p1_a0p7_m16,sphere_mess4,d128l4h2mlp512_700m_seed0_k1,0,1,128,4,trained,single_layer_single_token,physics,1.0,0.8992095086133548,128,153.5,0.905042513757776
sphere_polar_c09_n_up_gamma_constant_d0p1_a0p7_m16_d128l4h2mlp512_700m_seed0_k1,H-R2-05-polar-ladder-capacity,dc80726a8c987e8c3a9171299dac00d03a074311,da4754cc2e02430f74f39cdd8ef40e5155f92050c374ca0ad2181e9f4e6ad3e4,fixed,0.7,20,0.35,0.1,699924480,sphere_polar_c09_n_up_gamma_constant_d0p1_a0p7_m16,sphere_mess4,d128l4h2mlp512_700m_seed0_k1,0,1,128,4,trained,single_layer_single_token,belief,10.0,0.2501554116295609,128,153.5,0.2540261905341608
sphere_polar_c09_n_up_gamma_constant_d0p1_a0p7_m16_d128l4h2mlp512_700m_seed0_k1,H-R2-05-polar-ladder-capacity,dc80726a8c987e8c3a9171299dac00d03a074311,da4754cc2e02430f74f39cdd8ef40e5155f92050c374ca0ad2181e9f4e6ad3e4,fixed,0.7,20,0.35,0.1,699924480,sphere_polar_c09_n_up_gamma_constant_d0p1_a0p7_m16,sphere_mess4,d128l4h2mlp512_700m_seed0_k1,0,1,128,4,trained,all_block_layers_single_token,physics,1.0,0.9843497656917418,512,38.375,0.9862604611008978
sphere_polar_c09_n_up_gamma_constant_d0p1_a0p7_m16_d128l4h2mlp512_700m_seed0_k1,H-R2-05-polar-ladder-capacity,dc80726a8c987e8c3a9171299dac00d03a074311,da4754cc2e02430f74f39cdd8ef40e5155f92050c374ca0ad2181e9f4e6ad3e4,fixed,0.7,20,0.35,0.1,699924480,sphere_polar_c09_n_up_gamma_constant_d0p1_a0p7_m16,sphere_mess4,d128l4h2mlp512_700m_seed0_k1,0,1,128,4,trained,all_block_layers_single_token,belief,1.0,0.4005692390167958,512,38.375,0.40397996504314815
sphere_polar_c09_n_up_gamma_constant_d0p1_a0p7_m16_d128l4h2mlp512_700m_seed0_k1,H-R2-05-polar-ladder-capacity,dc80726a8c987e8c3a9171299dac00d03a074311,da4754cc2e02430f74f39cdd8ef40e5155f92050c374ca0ad2181e9f4e6ad3e4,fixed,0.7,20,0.35,0.1,699924480,sphere_polar_c09_n_up_gamma_constant_d0p1_a0p7_m16,sphere_mess4,d128l4h2mlp512_700m_seed0_k1,0,1,128,4,trained,embedding_and_all_layers_single_token,physics,1.0,0.9869681788099762,640,30.7,0.9884779515595559
sphere_polar_c09_n_up_gamma_constant_d0p1_a0p7_m16_d128l4h2mlp512_700m_seed0_k1,H-R2-05-polar-ladder-capacity,dc80726a8c987e8c3a9171299dac00d03a074311,da4754cc2e02430f74f39cdd8ef40e5155f92050c374ca0ad2181e9f4e6ad3e4,fixed,0.7,20,0.35,0.1,699924480,sphere_polar_c09_n_up_gamma_constant_d0p1_a0p7_m16,sphere_mess4,d128l4h2mlp512_700m_seed0_k1,0,1,128,4,trained,embedding_and_all_layers_single_token,belief,1.0,0.40969945199696334,640,30.7,0.4143175750100695
sphere_polar_c09_n_up_gamma_constant_d0p1_a0p7_m16_d128l4h2mlp512_700m_seed0_k1,H-R2-05-polar-ladder-capacity,dc80726a8c987e8c3a9171299dac00d03a074311,da4754cc2e02430f74f39cdd8ef40e5155f92050c374ca0ad2181e9f4e6ad3e4,fixed,0.7,20,0.35,0.1,699924480,sphere_polar_c09_n_up_gamma_constant_d0p1_a0p7_m16,sphere_mess4,d128l4h2mlp512_700m_seed0_k1,0,1,128,4,random_init,single_layer_single_token,physics,1.0,0.7630943980625169,128,153.5,0.7667395030352979
sphere_polar_c09_n_up_gamma_constant_d0p1_a0p7_m16_d128l4h2mlp512_700m_seed0_k1,H-R2-05-polar-ladder-capacity,dc80726a8c987e8c3a9171299dac00d03a074311,da4754cc2e02430f74f39cdd8ef40e5155f92050c374ca0ad2181e9f4e6ad3e4,fixed,0.7,20,0.35,0.1,699924480,sphere_polar_c09_n_up_gamma_constant_d0p1_a0p7_m16,sphere_mess4,d128l4h2mlp512_700m_seed0_k1,0,1,128,4,random_init,single_layer_single_token,belief,10.0,0.19750244139780876,128,153.5,0.20376525046545751
sphere_polar_c09_n_up_gamma_constant_d0p1_a0p7_m16_d128l4h2mlp512_700m_seed0_k1,H-R2-05-polar-ladder-capacity,dc80726a8c987e8c3a9171299dac00d03a074311,da4754cc2e02430f74f39cdd8ef40e5155f92050c374ca0ad2181e9f4e6ad3e4,fixed,0.7,20,0.35,0.1,699924480,sphere_polar_c09_n_up_gamma_constant_d0p1_a0p7_m16,sphere_mess4,d128l4h2mlp512_700m_seed0_k1,0,1,128,4,random_init,all_block_layers_single_token,physics,1.0,0.8160119902368159,512,38.375,0.8144637593178374
sphere_polar_c09_n_up_gamma_constant_d0p1_a0p7_m16_d128l4h2mlp512_700m_seed0_k1,H-R2-05-polar-ladder-capacity,dc80726a8c987e8c3a9171299dac00d03a074311,da4754cc2e02430f74f39cdd8ef40e5155f92050c374ca0ad2181e9f4e6ad3e4,fixed,0.7,20,0.35,0.1,699924480,sphere_polar_c09_n_up_gamma_constant_d0p1_a0p7_m16,sphere_mess4,d128l4h2mlp512_700m_seed0_k1,0,1,128,4,random_init,all_block_layers_single_token,belief,1.0,0.2889406516349172,512,38.375,0.29690755612298536
sphere_polar_c09_n_up_gamma_constant_d0p1_a0p7_m16_d128l4h2mlp512_700m_seed0_k1,H-R2-05-polar-ladder-capacity,dc80726a8c987e8c3a9171299dac00d03a074311,da4754cc2e02430f74f39cdd8ef40e5155f92050c374ca0ad2181e9f4e6ad3e4,fixed,0.7,20,0.35,0.1,699924480,sphere_polar_c09_n_up_gamma_constant_d0p1_a0p7_m16,sphere_mess4,d128l4h2mlp512_700m_seed0_k1,0,1,128,4,random_init,embedding_and_all_layers_single_token,physics,1.0,0.8185650657153222,640,30.7,0.8179574485495645
sphere_polar_c09_n_up_gamma_constant_d0p1_a0p7_m16_d128l4h2mlp512_700m_seed0_k1,H-R2-05-polar-ladder-capacity,dc80726a8c987e8c3a9171299dac00d03a074311,da4754cc2e02430f74f39cdd8ef40e5155f92050c374ca0ad2181e9f4e6ad3e4,fixed,0.7,20,0.35,0.1,699924480,sphere_polar_c09_n_up_gamma_constant_d0p1_a0p7_m16,sphere_mess4,d128l4h2mlp512_700m_seed0_k1,0,1,128,4,random_init,embedding_and_all_layers_single_token,belief,1.0,0.3006515045063488,640,30.7,0.30800541535157505
sphere_polar_c09_n_up_gamma_constant_d0p1_a0p7_m16_d128l4h2mlp512_700m_seed0_k10,H-R2-05-polar-ladder-capacity,dc80726a8c987e8c3a9171299dac00d03a074311,e923338e550f8fb429d90bd42d5a65fe6f46a52a4c418c4cb8cb7092e647ac90,half,0.7,20,0.35,0.1,699924480,sphere_polar_c09_n_up_gamma_constant_d0p1_a0p7_m16,sphere_mess4,d128l4h2mlp512_700m_seed0_k10,0,10,128,4,trained,single_layer_single_token,physics,1.0,0.9140015766201011,128,153.5,0.9166303367086958
sphere_polar_c09_n_up_gamma_constant_d0p1_a0p7_m16_d128l4h2mlp512_700m_seed0_k10,H-R2-05-polar-ladder-capacity,dc80726a8c987e8c3a9171299dac00d03a074311,e923338e550f8fb429d90bd42d5a65fe6f46a52a4c418c4cb8cb7092e647ac90,half,0.7,20,0.35,0.1,699924480,sphere_polar_c09_n_up_gamma_constant_d0p1_a0p7_m16,sphere_mess4,d128l4h2mlp512_700m_seed0_k10,0,10,128,4,trained,single_layer_single_token,belief,10.0,0.2715271115723123,128,153.5,0.27491677714468477
sphere_polar_c09_n_up_gamma_constant_d0p1_a0p7_m16_d128l4h2mlp512_700m_seed0_k10,H-R2-05-polar-ladder-capacity,dc80726a8c987e8c3a9171299dac00d03a074311,e923338e550f8fb429d90bd42d5a65fe6f46a52a4c418c4cb8cb7092e647ac90,half,0.7,20,0.35,0.1,699924480,sphere_polar_c09_n_up_gamma_constant_d0p1_a0p7_m16,sphere_mess4,d128l4h2mlp512_700m_seed0_k10,0,10,128,4,trained,all_block_layers_single_token,physics,1.0,0.9869624911798767,512,38.375,0.9865602424842552
sphere_polar_c09_n_up_gamma_constant_d0p1_a0p7_m16_d128l4h2mlp512_700m_seed0_k10,H-R2-05-polar-ladder-capacity,dc80726a8c987e8c3a9171299dac00d03a074311,e923338e550f8fb429d90bd42d5a65fe6f46a52a4c418c4cb8cb7092e647ac90,half,0.7,20,0.35,0.1,699924480,sphere_polar_c09_n_up_gamma_constant_d0p1_a0p7_m16,sphere_mess4,d128l4h2mlp512_700m_seed0_k10,0,10,128,4,trained,all_block_layers_single_token,belief,1.0,0.39613240492511076,512,38.375,0.39876283073120816
sphere_polar_c09_n_up_gamma_constant_d0p1_a0p7_m16_d128l4h2mlp512_700m_seed0_k10,H-R2-05-polar-ladder-capacity,dc80726a8c987e8c3a9171299dac00d03a074311,e923338e550f8fb429d90bd42d5a65fe6f46a52a4c418c4cb8cb7092e647ac90,half,0.7,20,0.35,0.1,699924480,sphere_polar_c09_n_up_gamma_constant_d0p1_a0p7_m16,sphere_mess4,d128l4h2mlp512_700m_seed0_k10,0,10,128,4,trained,embedding_and_all_layers_single_token,physics,1.0,0.9889416479854056,640,30.7,0.9891049915896128
sphere_polar_c09_n_up_gamma_constant_d0p1_a0p7_m16_d128l4h2mlp512_700m_seed0_k10,H-R2-05-polar-ladder-capacity,dc80726a8c987e8c3a9171299dac00d03a074311,e923338e550f8fb429d90bd42d5a65fe6f46a52a4c418c4cb8cb7092e647ac90,half,0.7,20,0.35,0.1,699924480,sphere_polar_c09_n_up_gamma_constant_d0p1_a0p7_m16,sphere_mess4,d128l4h2mlp512_700m_seed0_k10,0,10,128,4,trained,embedding_and_all_layers_single_token,belief,1.0,0.4040191499615308,640,30.7,0.4094341929460761
sphere_polar_c09_n_up_gamma_constant_d0p1_a0p7_m16_d128l4h2mlp512_700m_seed0_k10,H-R2-05-polar-ladder-capacity,dc80726a8c987e8c3a9171299dac00d03a074311,e923338e550f8fb429d90bd42d5a65fe6f46a52a4c418c4cb8cb7092e647ac90,half,0.7,20,0.35,0.1,699924480,sphere_polar_c09_n_up_gamma_constant_d0p1_a0p7_m16,sphere_mess4,d128l4h2mlp512_700m_seed0_k10,0,10,128,4,random_init,single_layer_single_token,physics,1.0,0.7630943980625169,128,153.5,0.7667395030352979
sphere_polar_c09_n_up_gamma_constant_d0p1_a0p7_m16_d128l4h2mlp512_700m_seed0_k10,H-R2-05-polar-ladder-capacity,dc80726a8c987e8c3a9171299dac00d03a074311,e923338e550f8fb429d90bd42d5a65fe6f46a52a4c418c4cb8cb7092e647ac90,half,0.7,20,0.35,0.1,699924480,sphere_polar_c09_n_up_gamma_constant_d0p1_a0p7_m16,sphere_mess4,d128l4h2mlp512_700m_seed0_k10,0,10,128,4,random_init,single_layer_single_token,belief,10.0,0.19750244139780876,128,153.5,0.20376525046545751
sphere_polar_c09_n_up_gamma_constant_d0p1_a0p7_m16_d128l4h2mlp512_700m_seed0_k10,H-R2-05-polar-ladder-capacity,dc80726a8c987e8c3a9171299dac00d03a074311,e923338e550f8fb429d90bd42d5a65fe6f46a52a4c418c4cb8cb7092e647ac90,half,0.7,20,0.35,0.1,699924480,sphere_polar_c09_n_up_gamma_constant_d0p1_a0p7_m16,sphere_mess4,d128l4h2mlp512_700m_seed0_k10,0,10,128,4,random_init,all_block_layers_single_token,physics,1.0,0.8160119902368159,512,38.375,0.8144637593178374
sphere_polar_c09_n_up_gamma_constant_d0p1_a0p7_m16_d128l4h2mlp512_700m_seed0_k10,H-R2-05-polar-ladder-capacity,dc80726a8c987e8c3a9171299dac00d03a074311,e923338e550f8fb429d90bd42d5a65fe6f46a52a4c418c4cb8cb7092e647ac90,half,0.7,20,0.35,0.1,699924480,sphere_polar_c09_n_up_gamma_constant_d0p1_a0p7_m16,sphere_mess4,d128l4h2mlp512_700m_seed0_k10,0,10,128,4,random_init,all_block_layers_single_token,belief,1.0,0.2889406516349172,512,38.375,0.29690755612298536
sphere_polar_c09_n_up_gamma_constant_d0p1_a0p7_m16_d128l4h2mlp512_700m_seed0_k10,H-R2-05-polar-ladder-capacity,dc80726a8c987e8c3a9171299dac00d03a074311,e923338e550f8fb429d90bd42d5a65fe6f46a52a4c418c4cb8cb7092e647ac90,half,0.7,20,0.35,0.1,699924480,sphere_polar_c09_n_up_gamma_constant_d0p1_a0p7_m16,sphere_mess4,d128l4h2mlp512_700m_seed0_k10,0,10,128,4,random_init,embedding_and_all_layers_single_token,physics,1.0,0.8185650657153222,640,30.7,0.8179574485495645
sphere_polar_c09_n_up_gamma_constant_d0p1_a0p7_m16_d128l4h2mlp512_700m_seed0_k10,H-R2-05-polar-ladder-capacity,dc80726a8c987e8c3a9171299dac00d03a074311,e923338e550f8fb429d90bd42d5a65fe6f46a52a4c418c4cb8cb7092e647ac90,half,0.7,20,0.35,0.1,699924480,sphere_polar_c09_n_up_gamma_constant_d0p1_a0p7_m16,sphere_mess4,d128l4h2mlp512_700m_seed0_k10,0,10,128,4,random_init,embedding_and_all_layers_single_token,belief,1.0,0.3006515045063488,640,30.7,0.30800541535157505
sphere_polar_c09_n_up_gamma_constant_d0p1_a0p7_m16_d128l4h2mlp512_700m_seed0_k21,H-R2-05-polar-ladder-capacity,dc80726a8c987e8c3a9171299dac00d03a074311,3b1f0d3b59e712f20f5411b3ccce4ba43b8f77dfcbe8f29ac90390867317251d,n_plus_one,0.7,20,0.35,0.1,699924480,sphere_polar_c09_n_up_gamma_constant_d0p1_a0p7_m16,sphere_mess4,d128l4h2mlp512_700m_seed0_k21,0,21,128,4,trained,single_layer_single_token,physics,1.0,0.9270192102782884,128,153.5,0.9205950559381699
sphere_polar_c09_n_up_gamma_constant_d0p1_a0p7_m16_d128l4h2mlp512_700m_seed0_k21,H-R2-05-polar-ladder-capacity,dc80726a8c987e8c3a9171299dac00d03a074311,3b1f0d3b59e712f20f5411b3ccce4ba43b8f77dfcbe8f29ac90390867317251d,n_plus_one,0.7,20,0.35,0.1,699924480,sphere_polar_c09_n_up_gamma_constant_d0p1_a0p7_m16,sphere_mess4,d128l4h2mlp512_700m_seed0_k21,0,21,128,4,trained,single_layer_single_token,belief,1.0,0.2683609854734039,128,153.5,0.27244360953183433
sphere_polar_c09_n_up_gamma_constant_d0p1_a0p7_m16_d128l4h2mlp512_700m_seed0_k21,H-R2-05-polar-ladder-capacity,dc80726a8c987e8c3a9171299dac00d03a074311,3b1f0d3b59e712f20f5411b3ccce4ba43b8f77dfcbe8f29ac90390867317251d,n_plus_one,0.7,20,0.35,0.1,699924480,sphere_polar_c09_n_up_gamma_constant_d0p1_a0p7_m16,sphere_mess4,d128l4h2mlp512_700m_seed0_k21,0,21,128,4,trained,all_block_layers_single_token,physics,1.0,0.980372906704754,512,38.375,0.9775412724280863
sphere_polar_c09_n_up_gamma_constant_d0p1_a0p7_m16_d128l4h2mlp512_700m_seed0_k21,H-R2-05-polar-ladder-capacity,dc80726a8c987e8c3a9171299dac00d03a074311,3b1f0d3b59e712f20f5411b3ccce4ba43b8f77dfcbe8f29ac90390867317251d,n_plus_one,0.7,20,0.35,0.1,699924480,sphere_polar_c09_n_up_gamma_constant_d0p1_a0p7_m16,sphere_mess4,d128l4h2mlp512_700m_seed0_k21,0,21,128,4,trained,all_block_layers_single_token,belief,1.0,0.4222785934100726,512,38.375,0.41607428935312046
sphere_polar_c09_n_up_gamma_constant_d0p1_a0p7_m16_d128l4h2mlp512_700m_seed0_k21,H-R2-05-polar-ladder-capacity,dc80726a8c987e8c3a9171299dac00d03a074311,3b1f0d3b59e712f20f5411b3ccce4ba43b8f77dfcbe8f29ac90390867317251d,n_plus_one,0.7,20,0.35,0.1,699924480,sphere_polar_c09_n_up_gamma_constant_d0p1_a0p7_m16,sphere_mess4,d128l4h2mlp512_700m_seed0_k21,0,21,128,4,trained,embedding_and_all_layers_single_token,physics,1.0,0.9830800049704689,640,30.7,0.9804040534436238
sphere_polar_c09_n_up_gamma_constant_d0p1_a0p7_m16_d128l4h2mlp512_700m_seed0_k21,H-R2-05-polar-ladder-capacity,dc80726a8c987e8c3a9171299dac00d03a074311,3b1f0d3b59e712f20f5411b3ccce4ba43b8f77dfcbe8f29ac90390867317251d,n_plus_one,0.7,20,0.35,0.1,699924480,sphere_polar_c09_n_up_gamma_constant_d0p1_a0p7_m16,sphere_mess4,d128l4h2mlp512_700m_seed0_k21,0,21,128,4,trained,embedding_and_all_layers_single_token,belief,1.0,0.4249033289364295,640,30.7,0.4201634756117776
sphere_polar_c09_n_up_gamma_constant_d0p1_a0p7_m16_d128l4h2mlp512_700m_seed0_k21,H-R2-05-polar-ladder-capacity,dc80726a8c987e8c3a9171299dac00d03a074311,3b1f0d3b59e712f20f5411b3ccce4ba43b8f77dfcbe8f29ac90390867317251d,n_plus_one,0.7,20,0.35,0.1,699924480,sphere_polar_c09_n_up_gamma_constant_d0p1_a0p7_m16,sphere_mess4,d128l4h2mlp512_700m_seed0_k21,0,21,128,4,random_init,single_layer_single_token,physics,1.0,0.7630943980625169,128,153.5,0.7667395030352979
sphere_polar_c09_n_up_gamma_constant_d0p1_a0p7_m16_d128l4h2mlp512_700m_seed0_k21,H-R2-05-polar-ladder-capacity,dc80726a8c987e8c3a9171299dac00d03a074311,3b1f0d3b59e712f20f5411b3ccce4ba43b8f77dfcbe8f29ac90390867317251d,n_plus_one,0.7,20,0.35,0.1,699924480,sphere_polar_c09_n_up_gamma_constant_d0p1_a0p7_m16,sphere_mess4,d128l4h2mlp512_700m_seed0_k21,0,21,128,4,random_init,single_layer_single_token,belief,10.0,0.19750244139780876,128,153.5,0.20376525046545751
sphere_polar_c09_n_up_gamma_constant_d0p1_a0p7_m16_d128l4h2mlp512_700m_seed0_k21,H-R2-05-polar-ladder-capacity,dc80726a8c987e8c3a9171299dac00d03a074311,3b1f0d3b59e712f20f5411b3ccce4ba43b8f77dfcbe8f29ac90390867317251d,n_plus_one,0.7,20,0.35,0.1,699924480,sphere_polar_c09_n_up_gamma_constant_d0p1_a0p7_m16,sphere_mess4,d128l4h2mlp512_700m_seed0_k21,0,21,128,4,random_init,all_block_layers_single_token,physics,1.0,0.8160119902368159,512,38.375,0.8144637593178374
sphere_polar_c09_n_up_gamma_constant_d0p1_a0p7_m16_d128l4h2mlp512_700m_seed0_k21,H-R2-05-polar-ladder-capacity,dc80726a8c987e8c3a9171299dac00d03a074311,3b1f0d3b59e712f20f5411b3ccce4ba43b8f77dfcbe8f29ac90390867317251d,n_plus_one,0.7,20,0.35,0.1,699924480,sphere_polar_c09_n_up_gamma_constant_d0p1_a0p7_m16,sphere_mess4,d128l4h2mlp512_700m_seed0_k21,0,21,128,4,random_init,all_block_layers_single_token,belief,1.0,0.2889406516349172,512,38.375,0.29690755612298536
sphere_polar_c09_n_up_gamma_constant_d0p1_a0p7_m16_d128l4h2mlp512_700m_seed0_k21,H-R2-05-polar-ladder-capacity,dc80726a8c987e8c3a9171299dac00d03a074311,3b1f0d3b59e712f20f5411b3ccce4ba43b8f77dfcbe8f29ac90390867317251d,n_plus_one,0.7,20,0.35,0.1,699924480,sphere_polar_c09_n_up_gamma_constant_d0p1_a0p7_m16,sphere_mess4,d128l4h2mlp512_700m_seed0_k21,0,21,128,4,random_init,embedding_and_all_layers_single_token,physics,1.0,0.8185650657153222,640,30.7,0.8179574485495645
sphere_polar_c09_n_up_gamma_constant_d0p1_a0p7_m16_d128l4h2mlp512_700m_seed0_k21,H-R2-05-polar-ladder-capacity,dc80726a8c987e8c3a9171299dac00d03a074311,3b1f0d3b59e712f20f5411b3ccce4ba43b8f77dfcbe8f29ac90390867317251d,n_plus_one,0.7,20,0.35,0.1,699924480,sphere_polar_c09_n_up_gamma_constant_d0p1_a0p7_m16,sphere_mess4,d128l4h2mlp512_700m_seed0_k21,0,21,128,4,random_init,embedding_and_all_layers_single_token,belief,1.0,0.3006515045063488,640,30.7,0.30800541535157505
sphere_polar_c09_n_up_gamma_constant_d0p1_a0p85_m16_d128l4h2mlp512_700m_seed0_k1,H-R2-05-polar-ladder-capacity,dc80726a8c987e8c3a9171299dac00d03a074311,c6ae9eace280348f40f6b373e8d6eaf8cc339b2bdcb84e606fa10156655967f6,fixed,0.85,20,0.35,0.1,699924480,sphere_polar_c09_n_up_gamma_constant_d0p1_a0p85_m16,sphere_mess4,d128l4h2mlp512_700m_seed0_k1,0,1,128,4,trained,single_layer_single_token,physics,1.0,0.8978075835477948,128,153.625,0.9030862475363749
sphere_polar_c09_n_up_gamma_constant_d0p1_a0p85_m16_d128l4h2mlp512_700m_seed0_k1,H-R2-05-polar-ladder-capacity,dc80726a8c987e8c3a9171299dac00d03a074311,c6ae9eace280348f40f6b373e8d6eaf8cc339b2bdcb84e606fa10156655967f6,fixed,0.85,20,0.35,0.1,699924480,sphere_polar_c09_n_up_gamma_constant_d0p1_a0p85_m16,sphere_mess4,d128l4h2mlp512_700m_seed0_k1,0,1,128,4,trained,single_layer_single_token,belief,10.0,0.28208701809479064,128,153.625,0.2856258653071687
sphere_polar_c09_n_up_gamma_constant_d0p1_a0p85_m16_d128l4h2mlp512_700m_seed0_k1,H-R2-05-polar-ladder-capacity,dc80726a8c987e8c3a9171299dac00d03a074311,c6ae9eace280348f40f6b373e8d6eaf8cc339b2bdcb84e606fa10156655967f6,fixed,0.85,20,0.35,0.1,699924480,sphere_polar_c09_n_up_gamma_constant_d0p1_a0p85_m16,sphere_mess4,d128l4h2mlp512_700m_seed0_k1,0,1,128,4,trained,all_block_layers_single_token,physics,1.0,0.9820258493075704,512,38.40625,0.9834215301860212
sphere_polar_c09_n_up_gamma_constant_d0p1_a0p85_m16_d128l4h2mlp512_700m_seed0_k1,H-R2-05-polar-ladder-capacity,dc80726a8c987e8c3a9171299dac00d03a074311,c6ae9eace280348f40f6b373e8d6eaf8cc339b2bdcb84e606fa10156655967f6,fixed,0.85,20,0.35,0.1,699924480,sphere_polar_c09_n_up_gamma_constant_d0p1_a0p85_m16,sphere_mess4,d128l4h2mlp512_700m_seed0_k1,0,1,128,4,trained,all_block_layers_single_token,belief,1.0,0.4558147306737774,512,38.40625,0.4598299280176987
sphere_polar_c09_n_up_gamma_constant_d0p1_a0p85_m16_d128l4h2mlp512_700m_seed0_k1,H-R2-05-polar-ladder-capacity,dc80726a8c987e8c3a9171299dac00d03a074311,c6ae9eace280348f40f6b373e8d6eaf8cc339b2bdcb84e606fa10156655967f6,fixed,0.85,20,0.35,0.1,699924480,sphere_polar_c09_n_up_gamma_constant_d0p1_a0p85_m16,sphere_mess4,d128l4h2mlp512_700m_seed0_k1,0,1,128,4,trained,embedding_and_all_layers_single_token,physics,1.0,0.9844507178723041,640,30.725,0.9860184210887266
sphere_polar_c09_n_up_gamma_constant_d0p1_a0p85_m16_d128l4h2mlp512_700m_seed0_k1,H-R2-05-polar-ladder-capacity,dc80726a8c987e8c3a9171299dac00d03a074311,c6ae9eace280348f40f6b373e8d6eaf8cc339b2bdcb84e606fa10156655967f6,fixed,0.85,20,0.35,0.1,699924480,sphere_polar_c09_n_up_gamma_constant_d0p1_a0p85_m16,sphere_mess4,d128l4h2mlp512_700m_seed0_k1,0,1,128,4,trained,embedding_and_all_layers_single_token,belief,1.0,0.4662544108443051,640,30.725,0.46874096449400354
sphere_polar_c09_n_up_gamma_constant_d0p1_a0p85_m16_d128l4h2mlp512_700m_seed0_k1,H-R2-05-polar-ladder-capacity,dc80726a8c987e8c3a9171299dac00d03a074311,c6ae9eace280348f40f6b373e8d6eaf8cc339b2bdcb84e606fa10156655967f6,fixed,0.85,20,0.35,0.1,699924480,sphere_polar_c09_n_up_gamma_constant_d0p1_a0p85_m16,sphere_mess4,d128l4h2mlp512_700m_seed0_k1,0,1,128,4,random_init,single_layer_single_token,physics,1.0,0.7693835133936553,128,153.625,0.7789667867442746
sphere_polar_c09_n_up_gamma_constant_d0p1_a0p85_m16_d128l4h2mlp512_700m_seed0_k1,H-R2-05-polar-ladder-capacity,dc80726a8c987e8c3a9171299dac00d03a074311,c6ae9eace280348f40f6b373e8d6eaf8cc339b2bdcb84e606fa10156655967f6,fixed,0.85,20,0.35,0.1,699924480,sphere_polar_c09_n_up_gamma_constant_d0p1_a0p85_m16,sphere_mess4,d128l4h2mlp512_700m_seed0_k1,0,1,128,4,random_init,single_layer_single_token,belief,10.0,0.23992114669445605,128,153.625,0.23466448963805522
sphere_polar_c09_n_up_gamma_constant_d0p1_a0p85_m16_d128l4h2mlp512_700m_seed0_k1,H-R2-05-polar-ladder-capacity,dc80726a8c987e8c3a9171299dac00d03a074311,c6ae9eace280348f40f6b373e8d6eaf8cc339b2bdcb84e606fa10156655967f6,fixed,0.85,20,0.35,0.1,699924480,sphere_polar_c09_n_up_gamma_constant_d0p1_a0p85_m16,sphere_mess4,d128l4h2mlp512_700m_seed0_k1,0,1,128,4,random_init,all_block_layers_single_token,physics,1.0,0.8224993514008376,512,38.40625,0.8253958622690922
sphere_polar_c09_n_up_gamma_constant_d0p1_a0p85_m16_d128l4h2mlp512_700m_seed0_k1,H-R2-05-polar-ladder-capacity,dc80726a8c987e8c3a9171299dac00d03a074311,c6ae9eace280348f40f6b373e8d6eaf8cc339b2bdcb84e606fa10156655967f6,fixed,0.85,20,0.35,0.1,699924480,sphere_polar_c09_n_up_gamma_constant_d0p1_a0p85_m16,sphere_mess4,d128l4h2mlp512_700m_seed0_k1,0,1,128,4,random_init,all_block_layers_single_token,belief,1.0,0.33445502572775004,512,38.40625,0.3373870340797992
sphere_polar_c09_n_up_gamma_constant_d0p1_a0p85_m16_d128l4h2mlp512_700m_seed0_k1,H-R2-05-polar-ladder-capacity,dc80726a8c987e8c3a9171299dac00d03a074311,c6ae9eace280348f40f6b373e8d6eaf8cc339b2bdcb84e606fa10156655967f6,fixed,0.85,20,0.35,0.1,699924480,sphere_polar_c09_n_up_gamma_constant_d0p1_a0p85_m16,sphere_mess4,d128l4h2mlp512_700m_seed0_k1,0,1,128,4,random_init,embedding_and_all_layers_single_token,physics,1.0,0.8259353800941897,640,30.725,0.8296277413711943
sphere_polar_c09_n_up_gamma_constant_d0p1_a0p85_m16_d128l4h2mlp512_700m_seed0_k1,H-R2-05-polar-ladder-capacity,dc80726a8c987e8c3a9171299dac00d03a074311,c6ae9eace280348f40f6b373e8d6eaf8cc339b2bdcb84e606fa10156655967f6,fixed,0.85,20,0.35,0.1,699924480,sphere_polar_c09_n_up_gamma_constant_d0p1_a0p85_m16,sphere_mess4,d128l4h2mlp512_700m_seed0_k1,0,1,128,4,random_init,embedding_and_all_layers_single_token,belief,1.0,0.3430825075106496,640,30.725,0.3480352515058971
sphere_polar_c09_n_up_gamma_constant_d0p1_a0p85_m16_d128l4h2mlp512_700m_seed0_k10,H-R2-05-polar-ladder-capacity,dc80726a8c987e8c3a9171299dac00d03a074311,4a0f6d81e53f22f4299112337db08fe2ad1f4bfeee6a359165585374fc518a59,half,0.85,20,0.35,0.1,699924480,sphere_polar_c09_n_up_gamma_constant_d0p1_a0p85_m16,sphere_mess4,d128l4h2mlp512_700m_seed0_k10,0,10,128,4,trained,single_layer_single_token,physics,10.0,0.9040226106736283,128,153.625,0.9080601418654097
sphere_polar_c09_n_up_gamma_constant_d0p1_a0p85_m16_d128l4h2mlp512_700m_seed0_k10,H-R2-05-polar-ladder-capacity,dc80726a8c987e8c3a9171299dac00d03a074311,4a0f6d81e53f22f4299112337db08fe2ad1f4bfeee6a359165585374fc518a59,half,0.85,20,0.35,0.1,699924480,sphere_polar_c09_n_up_gamma_constant_d0p1_a0p85_m16,sphere_mess4,d128l4h2mlp512_700m_seed0_k10,0,10,128,4,trained,single_layer_single_token,belief,10.0,0.36606175617475467,128,153.625,0.3573688807423993
sphere_polar_c09_n_up_gamma_constant_d0p1_a0p85_m16_d128l4h2mlp512_700m_seed0_k10,H-R2-05-polar-ladder-capacity,dc80726a8c987e8c3a9171299dac00d03a074311,4a0f6d81e53f22f4299112337db08fe2ad1f4bfeee6a359165585374fc518a59,half,0.85,20,0.35,0.1,699924480,sphere_polar_c09_n_up_gamma_constant_d0p1_a0p85_m16,sphere_mess4,d128l4h2mlp512_700m_seed0_k10,0,10,128,4,trained,all_block_layers_single_token,physics,1.0,0.9809079214105862,512,38.40625,0.9821879378343833
sphere_polar_c09_n_up_gamma_constant_d0p1_a0p85_m16_d128l4h2mlp512_700m_seed0_k10,H-R2-05-polar-ladder-capacity,dc80726a8c987e8c3a9171299dac00d03a074311,4a0f6d81e53f22f4299112337db08fe2ad1f4bfeee6a359165585374fc518a59,half,0.85,20,0.35,0.1,699924480,sphere_polar_c09_n_up_gamma_constant_d0p1_a0p85_m16,sphere_mess4,d128l4h2mlp512_700m_seed0_k10,0,10,128,4,trained,all_block_layers_single_token,belief,1.0,0.5209416188510535,512,38.40625,0.5223954323742778
sphere_polar_c09_n_up_gamma_constant_d0p1_a0p85_m16_d128l4h2mlp512_700m_seed0_k10,H-R2-05-polar-ladder-capacity,dc80726a8c987e8c3a9171299dac00d03a074311,4a0f6d81e53f22f4299112337db08fe2ad1f4bfeee6a359165585374fc518a59,half,0.85,20,0.35,0.1,699924480,sphere_polar_c09_n_up_gamma_constant_d0p1_a0p85_m16,sphere_mess4,d128l4h2mlp512_700m_seed0_k10,0,10,128,4,trained,embedding_and_all_layers_single_token,physics,1.0,0.9838181000036881,640,30.725,0.9847886975323417
sphere_polar_c09_n_up_gamma_constant_d0p1_a0p85_m16_d128l4h2mlp512_700m_seed0_k10,H-R2-05-polar-ladder-capacity,dc80726a8c987e8c3a9171299dac00d03a074311,4a0f6d81e53f22f4299112337db08fe2ad1f4bfeee6a359165585374fc518a59,half,0.85,20,0.35,0.1,699924480,sphere_polar_c09_n_up_gamma_constant_d0p1_a0p85_m16,sphere_mess4,d128l4h2mlp512_700m_seed0_k10,0,10,128,4,trained,embedding_and_all_layers_single_token,belief,1.0,0.5271768437971388,640,30.725,0.5301317483672523
sphere_polar_c09_n_up_gamma_constant_d0p1_a0p85_m16_d128l4h2mlp512_700m_seed0_k10,H-R2-05-polar-ladder-capacity,dc80726a8c987e8c3a9171299dac00d03a074311,4a0f6d81e53f22f4299112337db08fe2ad1f4bfeee6a359165585374fc518a59,half,0.85,20,0.35,0.1,699924480,sphere_polar_c09_n_up_gamma_constant_d0p1_a0p85_m16,sphere_mess4,d128l4h2mlp512_700m_seed0_k10,0,10,128,4,random_init,single_layer_single_token,physics,1.0,0.7693835133936553,128,153.625,0.7789667867442746
sphere_polar_c09_n_up_gamma_constant_d0p1_a0p85_m16_d128l4h2mlp512_700m_seed0_k10,H-R2-05-polar-ladder-capacity,dc80726a8c987e8c3a9171299dac00d03a074311,4a0f6d81e53f22f4299112337db08fe2ad1f4bfeee6a359165585374fc518a59,half,0.85,20,0.35,0.1,699924480,sphere_polar_c09_n_up_gamma_constant_d0p1_a0p85_m16,sphere_mess4,d128l4h2mlp512_700m_seed0_k10,0,10,128,4,random_init,single_layer_single_token,belief,10.0,0.23992114669445605,128,153.625,0.23466448963805522
sphere_polar_c09_n_up_gamma_constant_d0p1_a0p85_m16_d128l4h2mlp512_700m_seed0_k10,H-R2-05-polar-ladder-capacity,dc80726a8c987e8c3a9171299dac00d03a074311,4a0f6d81e53f22f4299112337db08fe2ad1f4bfeee6a359165585374fc518a59,half,0.85,20,0.35,0.1,699924480,sphere_polar_c09_n_up_gamma_constant_d0p1_a0p85_m16,sphere_mess4,d128l4h2mlp512_700m_seed0_k10,0,10,128,4,random_init,all_block_layers_single_token,physics,1.0,0.8224993514008376,512,38.40625,0.8253958622690922
sphere_polar_c09_n_up_gamma_constant_d0p1_a0p85_m16_d128l4h2mlp512_700m_seed0_k10,H-R2-05-polar-ladder-capacity,dc80726a8c987e8c3a9171299dac00d03a074311,4a0f6d81e53f22f4299112337db08fe2ad1f4bfeee6a359165585374fc518a59,half,0.85,20,0.35,0.1,699924480,sphere_polar_c09_n_up_gamma_constant_d0p1_a0p85_m16,sphere_mess4,d128l4h2mlp512_700m_seed0_k10,0,10,128,4,random_init,all_block_layers_single_token,belief,1.0,0.33445502572775004,512,38.40625,0.3373870340797992
sphere_polar_c09_n_up_gamma_constant_d0p1_a0p85_m16_d128l4h2mlp512_700m_seed0_k10,H-R2-05-polar-ladder-capacity,dc80726a8c987e8c3a9171299dac00d03a074311,4a0f6d81e53f22f4299112337db08fe2ad1f4bfeee6a359165585374fc518a59,half,0.85,20,0.35,0.1,699924480,sphere_polar_c09_n_up_gamma_constant_d0p1_a0p85_m16,sphere_mess4,d128l4h2mlp512_700m_seed0_k10,0,10,128,4,random_init,embedding_and_all_layers_single_token,physics,1.0,0.8259353800941897,640,30.725,0.8296277413711943
sphere_polar_c09_n_up_gamma_constant_d0p1_a0p85_m16_d128l4h2mlp512_700m_seed0_k10,H-R2-05-polar-ladder-capacity,dc80726a8c987e8c3a9171299dac00d03a074311,4a0f6d81e53f22f4299112337db08fe2ad1f4bfeee6a359165585374fc518a59,half,0.85,20,0.35,0.1,699924480,sphere_polar_c09_n_up_gamma_constant_d0p1_a0p85_m16,sphere_mess4,d128l4h2mlp512_700m_seed0_k10,0,10,128,4,random_init,embedding_and_all_layers_single_token,belief,1.0,0.3430825075106496,640,30.725,0.3480352515058971
sphere_polar_c09_n_up_gamma_constant_d0p1_a0p85_m16_d128l4h2mlp512_700m_seed0_k21,H-R2-05-polar-ladder-capacity,dc80726a8c987e8c3a9171299dac00d03a074311,8199623c37a9bb419168f6787ba65aa16ab74b548e283a0ad4287562d2e7d5d7,n_plus_one,0.85,20,0.35,0.1,699924480,sphere_polar_c09_n_up_gamma_constant_d0p1_a0p85_m16,sphere_mess4,d128l4h2mlp512_700m_seed0_k21,0,21,128,4,trained,single_layer_single_token,physics,1.0,0.9098777866481365,128,153.625,0.9121762690768563
sphere_polar_c09_n_up_gamma_constant_d0p1_a0p85_m16_d128l4h2mlp512_700m_seed0_k21,H-R2-05-polar-ladder-capacity,dc80726a8c987e8c3a9171299dac00d03a074311,8199623c37a9bb419168f6787ba65aa16ab74b548e283a0ad4287562d2e7d5d7,n_plus_one,0.85,20,0.35,0.1,699924480,sphere_polar_c09_n_up_gamma_constant_d0p1_a0p85_m16,sphere_mess4,d128l4h2mlp512_700m_seed0_k21,0,21,128,4,trained,single_layer_single_token,belief,10.0,0.37394522107805095,128,153.625,0.379844843878154
sphere_polar_c09_n_up_gamma_constant_d0p1_a0p85_m16_d128l4h2mlp512_700m_seed0_k21,H-R2-05-polar-ladder-capacity,dc80726a8c987e8c3a9171299dac00d03a074311,8199623c37a9bb419168f6787ba65aa16ab74b548e283a0ad4287562d2e7d5d7,n_plus_one,0.85,20,0.35,0.1,699924480,sphere_polar_c09_n_up_gamma_constant_d0p1_a0p85_m16,sphere_mess4,d128l4h2mlp512_700m_seed0_k21,0,21,128,4,trained,all_block_layers_single_token,physics,1.0,0.9754837245818826,512,38.40625,0.9763342621789544
sphere_polar_c09_n_up_gamma_constant_d0p1_a0p85_m16_d128l4h2mlp512_700m_seed0_k21,H-R2-05-polar-ladder-capacity,dc80726a8c987e8c3a9171299dac00d03a074311,8199623c37a9bb419168f6787ba65aa16ab74b548e283a0ad4287562d2e7d5d7,n_plus_one,0.85,20,0.35,0.1,699924480,sphere_polar_c09_n_up_gamma_constant_d0p1_a0p85_m16,sphere_mess4,d128l4h2mlp512_700m_seed0_k21,0,21,128,4,trained,all_block_layers_single_token,belief,1.0,0.5412961359827574,512,38.40625,0.5526161467996078
sphere_polar_c09_n_up_gamma_constant_d0p1_a0p85_m16_d128l4h2mlp512_700m_seed0_k21,H-R2-05-polar-ladder-capacity,dc80726a8c987e8c3a9171299dac00d03a074311,8199623c37a9bb419168f6787ba65aa16ab74b548e283a0ad4287562d2e7d5d7,n_plus_one,0.85,20,0.35,0.1,699924480,sphere_polar_c09_n_up_gamma_constant_d0p1_a0p85_m16,sphere_mess4,d128l4h2mlp512_700m_seed0_k21,0,21,128,4,trained,embedding_and_all_layers_single_token,physics,1.0,0.9775255777265377,640,30.725,0.9787350382459759
sphere_polar_c09_n_up_gamma_constant_d0p1_a0p85_m16_d128l4h2mlp512_700m_seed0_k21,H-R2-05-polar-ladder-capacity,dc80726a8c987e8c3a9171299dac00d03a074311,8199623c37a9bb419168f6787ba65aa16ab74b548e283a0ad4287562d2e7d5d7,n_plus_one,0.85,20,0.35,0.1,699924480,sphere_polar_c09_n_up_gamma_constant_d0p1_a0p85_m16,sphere_mess4,d128l4h2mlp512_700m_seed0_k21,0,21,128,4,trained,embedding_and_all_layers_single_token,belief,1.0,0.5443253714970542,640,30.725,0.557748357346202
sphere_polar_c09_n_up_gamma_constant_d0p1_a0p85_m16_d128l4h2mlp512_700m_seed0_k21,H-R2-05-polar-ladder-capacity,dc80726a8c987e8c3a9171299dac00d03a074311,8199623c37a9bb419168f6787ba65aa16ab74b548e283a0ad4287562d2e7d5d7,n_plus_one,0.85,20,0.35,0.1,699924480,sphere_polar_c09_n_up_gamma_constant_d0p1_a0p85_m16,sphere_mess4,d128l4h2mlp512_700m_seed0_k21,0,21,128,4,random_init,single_layer_single_token,physics,1.0,0.7693835133936553,128,153.625,0.7789667867442746
sphere_polar_c09_n_up_gamma_constant_d0p1_a0p85_m16_d128l4h2mlp512_700m_seed0_k21,H-R2-05-polar-ladder-capacity,dc80726a8c987e8c3a9171299dac00d03a074311,8199623c37a9bb419168f6787ba65aa16ab74b548e283a0ad4287562d2e7d5d7,n_plus_one,0.85,20,0.35,0.1,699924480,sphere_polar_c09_n_up_gamma_constant_d0p1_a0p85_m16,sphere_mess4,d128l4h2mlp512_700m_seed0_k21,0,21,128,4,random_init,single_layer_single_token,belief,10.0,0.23992114669445605,128,153.625,0.23466448963805522
sphere_polar_c09_n_up_gamma_constant_d0p1_a0p85_m16_d128l4h2mlp512_700m_seed0_k21,H-R2-05-polar-ladder-capacity,dc80726a8c987e8c3a9171299dac00d03a074311,8199623c37a9bb419168f6787ba65aa16ab74b548e283a0ad4287562d2e7d5d7,n_plus_one,0.85,20,0.35,0.1,699924480,sphere_polar_c09_n_up_gamma_constant_d0p1_a0p85_m16,sphere_mess4,d128l4h2mlp512_700m_seed0_k21,0,21,128,4,random_init,all_block_layers_single_token,physics,1.0,0.8224993514008376,512,38.40625,0.8253958622690922
sphere_polar_c09_n_up_gamma_constant_d0p1_a0p85_m16_d128l4h2mlp512_700m_seed0_k21,H-R2-05-polar-ladder-capacity,dc80726a8c987e8c3a9171299dac00d03a074311,8199623c37a9bb419168f6787ba65aa16ab74b548e283a0ad4287562d2e7d5d7,n_plus_one,0.85,20,0.35,0.1,699924480,sphere_polar_c09_n_up_gamma_constant_d0p1_a0p85_m16,sphere_mess4,d128l4h2mlp512_700m_seed0_k21,0,21,128,4,random_init,all_block_layers_single_token,belief,1.0,0.33445502572775004,512,38.40625,0.3373870340797992
sphere_polar_c09_n_up_gamma_constant_d0p1_a0p85_m16_d128l4h2mlp512_700m_seed0_k21,H-R2-05-polar-ladder-capacity,dc80726a8c987e8c3a9171299dac00d03a074311,8199623c37a9bb419168f6787ba65aa16ab74b548e283a0ad4287562d2e7d5d7,n_plus_one,0.85,20,0.35,0.1,699924480,sphere_polar_c09_n_up_gamma_constant_d0p1_a0p85_m16,sphere_mess4,d128l4h2mlp512_700m_seed0_k21,0,21,128,4,random_init,embedding_and_all_layers_single_token,physics,1.0,0.8259353800941897,640,30.725,0.8296277413711943
sphere_polar_c09_n_up_gamma_constant_d0p1_a0p85_m16_d128l4h2mlp512_700m_seed0_k21,H-R2-05-polar-ladder-capacity,dc80726a8c987e8c3a9171299dac00d03a074311,8199623c37a9bb419168f6787ba65aa16ab74b548e283a0ad4287562d2e7d5d7,n_plus_one,0.85,20,0.35,0.1,699924480,sphere_polar_c09_n_up_gamma_constant_d0p1_a0p85_m16,sphere_mess4,d128l4h2mlp512_700m_seed0_k21,0,21,128,4,random_init,embedding_and_all_layers_single_token,belief,1.0,0.3430825075106496,640,30.725,0.3480352515058971
sphere_polar_c09_n_up_gamma_constant_d0p1_a0p95_m16_d128l4h2mlp512_700m_seed0_k1,H-R2-05-polar-ladder-capacity,dc80726a8c987e8c3a9171299dac00d03a074311,591d7764ccc3d5c02d5d64dbc0306ebc2bc73f9d99eab4fd0054cc487353536f,fixed,0.95,20,0.35,0.1,699924480,sphere_polar_c09_n_up_gamma_constant_d0p1_a0p95_m16,sphere_mess4,d128l4h2mlp512_700m_seed0_k1,0,1,128,4,trained,single_layer_single_token,physics,1.0,0.8899800341709537,128,153.75,0.8938998177806932
sphere_polar_c09_n_up_gamma_constant_d0p1_a0p95_m16_d128l4h2mlp512_700m_seed0_k1,H-R2-05-polar-ladder-capacity,dc80726a8c987e8c3a9171299dac00d03a074311,591d7764ccc3d5c02d5d64dbc0306ebc2bc73f9d99eab4fd0054cc487353536f,fixed,0.95,20,0.35,0.1,699924480,sphere_polar_c09_n_up_gamma_constant_d0p1_a0p95_m16,sphere_mess4,d128l4h2mlp512_700m_seed0_k1,0,1,128,4,trained,single_layer_single_token,belief,10.0,0.31392632190630326,128,153.75,0.3216199280502786
sphere_polar_c09_n_up_gamma_constant_d0p1_a0p95_m16_d128l4h2mlp512_700m_seed0_k1,H-R2-05-polar-ladder-capacity,dc80726a8c987e8c3a9171299dac00d03a074311,591d7764ccc3d5c02d5d64dbc0306ebc2bc73f9d99eab4fd0054cc487353536f,fixed,0.95,20,0.35,0.1,699924480,sphere_polar_c09_n_up_gamma_constant_d0p1_a0p95_m16,sphere_mess4,d128l4h2mlp512_700m_seed0_k1,0,1,128,4,trained,all_block_layers_single_token,physics,1.0,0.9794507170276596,512,38.4375,0.9806339404329665
sphere_polar_c09_n_up_gamma_constant_d0p1_a0p95_m16_d128l4h2mlp512_700m_seed0_k1,H-R2-05-polar-ladder-capacity,dc80726a8c987e8c3a9171299dac00d03a074311,591d7764ccc3d5c02d5d64dbc0306ebc2bc73f9d99eab4fd0054cc487353536f,fixed,0.95,20,0.35,0.1,699924480,sphere_polar_c09_n_up_gamma_constant_d0p1_a0p95_m16,sphere_mess4,d128l4h2mlp512_700m_seed0_k1,0,1,128,4,trained,all_block_layers_single_token,belief,1.0,0.48685082421850784,512,38.4375,0.49810444071325777
sphere_polar_c09_n_up_gamma_constant_d0p1_a0p95_m16_d128l4h2mlp512_700m_seed0_k1,H-R2-05-polar-ladder-capacity,dc80726a8c987e8c3a9171299dac00d03a074311,591d7764ccc3d5c02d5d64dbc0306ebc2bc73f9d99eab4fd0054cc487353536f,fixed,0.95,20,0.35,0.1,699924480,sphere_polar_c09_n_up_gamma_constant_d0p1_a0p95_m16,sphere_mess4,d128l4h2mlp512_700m_seed0_k1,0,1,128,4,trained,embedding_and_all_layers_single_token,physics,1.0,0.9832065883254636,640,30.75,0.9840365093624146
sphere_polar_c09_n_up_gamma_constant_d0p1_a0p95_m16_d128l4h2mlp512_700m_seed0_k1,H-R2-05-polar-ladder-capacity,dc80726a8c987e8c3a9171299dac00d03a074311,591d7764ccc3d5c02d5d64dbc0306ebc2bc73f9d99eab4fd0054cc487353536f,fixed,0.95,20,0.35,0.1,699924480,sphere_polar_c09_n_up_gamma_constant_d0p1_a0p95_m16,sphere_mess4,d128l4h2mlp512_700m_seed0_k1,0,1,128,4,trained,embedding_and_all_layers_single_token,belief,1.0,0.49338894273109707,640,30.75,0.5074368729609731
sphere_polar_c09_n_up_gamma_constant_d0p1_a0p95_m16_d128l4h2mlp512_700m_seed0_k1,H-R2-05-polar-ladder-capacity,dc80726a8c987e8c3a9171299dac00d03a074311,591d7764ccc3d5c02d5d64dbc0306ebc2bc73f9d99eab4fd0054cc487353536f,fixed,0.95,20,0.35,0.1,699924480,sphere_polar_c09_n_up_gamma_constant_d0p1_a0p95_m16,sphere_mess4,d128l4h2mlp512_700m_seed0_k1,0,1,128,4,random_init,single_layer_single_token,physics,1.0,0.778326227943839,128,153.75,0.7908498371240127
sphere_polar_c09_n_up_gamma_constant_d0p1_a0p95_m16_d128l4h2mlp512_700m_seed0_k1,H-R2-05-polar-ladder-capacity,dc80726a8c987e8c3a9171299dac00d03a074311,591d7764ccc3d5c02d5d64dbc0306ebc2bc73f9d99eab4fd0054cc487353536f,fixed,0.95,20,0.35,0.1,699924480,sphere_polar_c09_n_up_gamma_constant_d0p1_a0p95_m16,sphere_mess4,d128l4h2mlp512_700m_seed0_k1,0,1,128,4,random_init,single_layer_single_token,belief,10.0,0.26578042337803864,128,153.75,0.2645180946761143
sphere_polar_c09_n_up_gamma_constant_d0p1_a0p95_m16_d128l4h2mlp512_700m_seed0_k1,H-R2-05-polar-ladder-capacity,dc80726a8c987e8c3a9171299dac00d03a074311,591d7764ccc3d5c02d5d64dbc0306ebc2bc73f9d99eab4fd0054cc487353536f,fixed,0.95,20,0.35,0.1,699924480,sphere_polar_c09_n_up_gamma_constant_d0p1_a0p95_m16,sphere_mess4,d128l4h2mlp512_700m_seed0_k1,0,1,128,4,random_init,all_block_layers_single_token,physics,1.0,0.8266884088247063,512,38.4375,0.8354555619050804
sphere_polar_c09_n_up_gamma_constant_d0p1_a0p95_m16_d128l4h2mlp512_700m_seed0_k1,H-R2-05-polar-ladder-capacity,dc80726a8c987e8c3a9171299dac00d03a074311,591d7764ccc3d5c02d5d64dbc0306ebc2bc73f9d99eab4fd0054cc487353536f,fixed,0.95,20,0.35,0.1,699924480,sphere_polar_c09_n_up_gamma_constant_d0p1_a0p95_m16,sphere_mess4,d128l4h2mlp512_700m_seed0_k1,0,1,128,4,random_init,all_block_layers_single_token,belief,1.0,0.3623884856812577,512,38.4375,0.3669551191682408
sphere_polar_c09_n_up_gamma_constant_d0p1_a0p95_m16_d128l4h2mlp512_700m_seed0_k1,H-R2-05-polar-ladder-capacity,dc80726a8c987e8c3a9171299dac00d03a074311,591d7764ccc3d5c02d5d64dbc0306ebc2bc73f9d99eab4fd0054cc487353536f,fixed,0.95,20,0.35,0.1,699924480,sphere_polar_c09_n_up_gamma_constant_d0p1_a0p95_m16,sphere_mess4,d128l4h2mlp512_700m_seed0_k1,0,1,128,4,random_init,embedding_and_all_layers_single_token,physics,1.0,0.8322194858475902,640,30.75,0.843084583303426
sphere_polar_c09_n_up_gamma_constant_d0p1_a0p95_m16_d128l4h2mlp512_700m_seed0_k1,H-R2-05-polar-ladder-capacity,dc80726a8c987e8c3a9171299dac00d03a074311,591d7764ccc3d5c02d5d64dbc0306ebc2bc73f9d99eab4fd0054cc487353536f,fixed,0.95,20,0.35,0.1,699924480,sphere_polar_c09_n_up_gamma_constant_d0p1_a0p95_m16,sphere_mess4,d128l4h2mlp512_700m_seed0_k1,0,1,128,4,random_init,embedding_and_all_layers_single_token,belief,1.0,0.3678126927832033,640,30.75,0.373355359828336
sphere_polar_c09_n_up_gamma_constant_d0p1_a0p95_m16_d128l4h2mlp512_700m_seed0_k10,H-R2-05-polar-ladder-capacity,dc80726a8c987e8c3a9171299dac00d03a074311,f8c2701c955f9cc539b7c460b36d1c1960dd351be0ebfa68b04cb32da6e10881,half,0.95,20,0.35,0.1,699924480,sphere_polar_c09_n_up_gamma_constant_d0p1_a0p95_m16,sphere_mess4,d128l4h2mlp512_700m_seed0_k10,0,10,128,4,trained,single_layer_single_token,physics,10.0,0.8859499134647004,128,153.75,0.8899969588040582
sphere_polar_c09_n_up_gamma_constant_d0p1_a0p95_m16_d128l4h2mlp512_700m_seed0_k10,H-R2-05-polar-ladder-capacity,dc80726a8c987e8c3a9171299dac00d03a074311,f8c2701c955f9cc539b7c460b36d1c1960dd351be0ebfa68b04cb32da6e10881,half,0.95,20,0.35,0.1,699924480,sphere_polar_c09_n_up_gamma_constant_d0p1_a0p95_m16,sphere_mess4,d128l4h2mlp512_700m_seed0_k10,0,10,128,4,trained,single_layer_single_token,belief,10.0,0.46517462042251134,128,153.75,0.472261360982769
sphere_polar_c09_n_up_gamma_constant_d0p1_a0p95_m16_d128l4h2mlp512_700m_seed0_k10,H-R2-05-polar-ladder-capacity,dc80726a8c987e8c3a9171299dac00d03a074311,f8c2701c955f9cc539b7c460b36d1c1960dd351be0ebfa68b04cb32da6e10881,half,0.95,20,0.35,0.1,699924480,sphere_polar_c09_n_up_gamma_constant_d0p1_a0p95_m16,sphere_mess4,d128l4h2mlp512_700m_seed0_k10,0,10,128,4,trained,all_block_layers_single_token,physics,1.0,0.9808682899933815,512,38.4375,0.981311236537395
sphere_polar_c09_n_up_gamma_constant_d0p1_a0p95_m16_d128l4h2mlp512_700m_seed0_k10,H-R2-05-polar-ladder-capacity,dc80726a8c987e8c3a9171299dac00d03a074311,f8c2701c955f9cc539b7c460b36d1c1960dd351be0ebfa68b04cb32da6e10881,half,0.95,20,0.35,0.1,699924480,sphere_polar_c09_n_up_gamma_constant_d0p1_a0p95_m16,sphere_mess4,d128l4h2mlp512_700m_seed0_k10,0,10,128,4,trained,all_block_layers_single_token,belief,1.0,0.6519054905076191,512,38.4375,0.6577224027307973
sphere_polar_c09_n_up_gamma_constant_d0p1_a0p95_m16_d128l4h2mlp512_700m_seed0_k10,H-R2-05-polar-ladder-capacity,dc80726a8c987e8c3a9171299dac00d03a074311,f8c2701c955f9cc539b7c460b36d1c1960dd351be0ebfa68b04cb32da6e10881,half,0.95,20,0.35,0.1,699924480,sphere_polar_c09_n_up_gamma_constant_d0p1_a0p95_m16,sphere_mess4,d128l4h2mlp512_700m_seed0_k10,0,10,128,4,trained,embedding_and_all_layers_single_token,physics,1.0,0.9841410268981283,640,30.75,0.9848049229538289
sphere_polar_c09_n_up_gamma_constant_d0p1_a0p95_m16_d128l4h2mlp512_700m_seed0_k10,H-R2-05-polar-ladder-capacity,dc80726a8c987e8c3a9171299dac00d03a074311,f8c2701c955f9cc539b7c460b36d1c1960dd351be0ebfa68b04cb32da6e10881,half,0.95,20,0.35,0.1,699924480,sphere_polar_c09_n_up_gamma_constant_d0p1_a0p95_m16,sphere_mess4,d128l4h2mlp512_700m_seed0_k10,0,10,128,4,trained,embedding_and_all_layers_single_token,belief,1.0,0.6580121077973499,640,30.75,0.6644112523788519
sphere_polar_c09_n_up_gamma_constant_d0p1_a0p95_m16_d128l4h2mlp512_700m_seed0_k10,H-R2-05-polar-ladder-capacity,dc80726a8c987e8c3a9171299dac00d03a074311,f8c2701c955f9cc539b7c460b36d1c1960dd351be0ebfa68b04cb32da6e10881,half,0.95,20,0.35,0.1,699924480,sphere_polar_c09_n_up_gamma_constant_d0p1_a0p95_m16,sphere_mess4,d128l4h2mlp512_700m_seed0_k10,0,10,128,4,random_init,single_layer_single_token,physics,1.0,0.778326227943839,128,153.75,0.7908498371240127
sphere_polar_c09_n_up_gamma_constant_d0p1_a0p95_m16_d128l4h2mlp512_700m_seed0_k10,H-R2-05-polar-ladder-capacity,dc80726a8c987e8c3a9171299dac00d03a074311,f8c2701c955f9cc539b7c460b36d1c1960dd351be0ebfa68b04cb32da6e10881,half,0.95,20,0.35,0.1,699924480,sphere_polar_c09_n_up_gamma_constant_d0p1_a0p95_m16,sphere_mess4,d128l4h2mlp512_700m_seed0_k10,0,10,128,4,random_init,single_layer_single_token,belief,10.0,0.26578042337803864,128,153.75,0.2645180946761143
sphere_polar_c09_n_up_gamma_constant_d0p1_a0p95_m16_d128l4h2mlp512_700m_seed0_k10,H-R2-05-polar-ladder-capacity,dc80726a8c987e8c3a9171299dac00d03a074311,f8c2701c955f9cc539b7c460b36d1c1960dd351be0ebfa68b04cb32da6e10881,half,0.95,20,0.35,0.1,699924480,sphere_polar_c09_n_up_gamma_constant_d0p1_a0p95_m16,sphere_mess4,d128l4h2mlp512_700m_seed0_k10,0,10,128,4,random_init,all_block_layers_single_token,physics,1.0,0.8266884088247063,512,38.4375,0.8354555619050804
sphere_polar_c09_n_up_gamma_constant_d0p1_a0p95_m16_d128l4h2mlp512_700m_seed0_k10,H-R2-05-polar-ladder-capacity,dc80726a8c987e8c3a9171299dac00d03a074311,f8c2701c955f9cc539b7c460b36d1c1960dd351be0ebfa68b04cb32da6e10881,half,0.95,20,0.35,0.1,699924480,sphere_polar_c09_n_up_gamma_constant_d0p1_a0p95_m16,sphere_mess4,d128l4h2mlp512_700m_seed0_k10,0,10,128,4,random_init,all_block_layers_single_token,belief,1.0,0.3623884856812577,512,38.4375,0.3669551191682408
sphere_polar_c09_n_up_gamma_constant_d0p1_a0p95_m16_d128l4h2mlp512_700m_seed0_k10,H-R2-05-polar-ladder-capacity,dc80726a8c987e8c3a9171299dac00d03a074311,f8c2701c955f9cc539b7c460b36d1c1960dd351be0ebfa68b04cb32da6e10881,half,0.95,20,0.35,0.1,699924480,sphere_polar_c09_n_up_gamma_constant_d0p1_a0p95_m16,sphere_mess4,d128l4h2mlp512_700m_seed0_k10,0,10,128,4,random_init,embedding_and_all_layers_single_token,physics,1.0,0.8322194858475902,640,30.75,0.843084583303426
sphere_polar_c09_n_up_gamma_constant_d0p1_a0p95_m16_d128l4h2mlp512_700m_seed0_k10,H-R2-05-polar-ladder-capacity,dc80726a8c987e8c3a9171299dac00d03a074311,f8c2701c955f9cc539b7c460b36d1c1960dd351be0ebfa68b04cb32da6e10881,half,0.95,20,0.35,0.1,699924480,sphere_polar_c09_n_up_gamma_constant_d0p1_a0p95_m16,sphere_mess4,d128l4h2mlp512_700m_seed0_k10,0,10,128,4,random_init,embedding_and_all_layers_single_token,belief,1.0,0.3678126927832033,640,30.75,0.373355359828336
sphere_polar_c09_n_up_gamma_constant_d0p1_a0p95_m16_d128l4h2mlp512_700m_seed0_k21,H-R2-05-polar-ladder-capacity,dc80726a8c987e8c3a9171299dac00d03a074311,9e7ce2b7177cfb8ea8e8e707a5a1ad9e309121678e09e2954273bcaf32a9a6be,n_plus_one,0.95,20,0.35,0.1,699924480,sphere_polar_c09_n_up_gamma_constant_d0p1_a0p95_m16,sphere_mess4,d128l4h2mlp512_700m_seed0_k21,0,21,128,4,trained,single_layer_single_token,physics,1.0,0.9099328076750695,128,153.75,0.9112109870418551
sphere_polar_c09_n_up_gamma_constant_d0p1_a0p95_m16_d128l4h2mlp512_700m_seed0_k21,H-R2-05-polar-ladder-capacity,dc80726a8c987e8c3a9171299dac00d03a074311,9e7ce2b7177cfb8ea8e8e707a5a1ad9e309121678e09e2954273bcaf32a9a6be,n_plus_one,0.95,20,0.35,0.1,699924480,sphere_polar_c09_n_up_gamma_constant_d0p1_a0p95_m16,sphere_mess4,d128l4h2mlp512_700m_seed0_k21,0,21,128,4,trained,single_layer_single_token,belief,10.0,0.4188562629886865,128,153.75,0.4225358144073231
sphere_polar_c09_n_up_gamma_constant_d0p1_a0p95_m16_d128l4h2mlp512_700m_seed0_k21,H-R2-05-polar-ladder-capacity,dc80726a8c987e8c3a9171299dac00d03a074311,9e7ce2b7177cfb8ea8e8e707a5a1ad9e309121678e09e2954273bcaf32a9a6be,n_plus_one,0.95,20,0.35,0.1,699924480,sphere_polar_c09_n_up_gamma_constant_d0p1_a0p95_m16,sphere_mess4,d128l4h2mlp512_700m_seed0_k21,0,21,128,4,trained,all_block_layers_single_token,physics,1.0,0.9788322524217516,512,38.4375,0.979170978770305
sphere_polar_c09_n_up_gamma_constant_d0p1_a0p95_m16_d128l4h2mlp512_700m_seed0_k21,H-R2-05-polar-ladder-capacity,dc80726a8c987e8c3a9171299dac00d03a074311,9e7ce2b7177cfb8ea8e8e707a5a1ad9e309121678e09e2954273bcaf32a9a6be,n_plus_one,0.95,20,0.35,0.1,699924480,sphere_polar_c09_n_up_gamma_constant_d0p1_a0p95_m16,sphere_mess4,d128l4h2mlp512_700m_seed0_k21,0,21,128,4,trained,all_block_layers_single_token,belief,1.0,0.6244516524598993,512,38.4375,0.6332148600652887
sphere_polar_c09_n_up_gamma_constant_d0p1_a0p95_m16_d128l4h2mlp512_700m_seed0_k21,H-R2-05-polar-ladder-capacity,dc80726a8c987e8c3a9171299dac00d03a074311,9e7ce2b7177cfb8ea8e8e707a5a1ad9e309121678e09e2954273bcaf32a9a6be,n_plus_one,0.95,20,0.35,0.1,699924480,sphere_polar_c09_n_up_gamma_constant_d0p1_a0p95_m16,sphere_mess4,d128l4h2mlp512_700m_seed0_k21,0,21,128,4,trained,embedding_and_all_layers_single_token,physics,1.0,0.9813323715546469,640,30.75,0.9818113180559215
sphere_polar_c09_n_up_gamma_constant_d0p1_a0p95_m16_d128l4h2mlp512_700m_seed0_k21,H-R2-05-polar-ladder-capacity,dc80726a8c987e8c3a9171299dac00d03a074311,9e7ce2b7177cfb8ea8e8e707a5a1ad9e309121678e09e2954273bcaf32a9a6be,n_plus_one,0.95,20,0.35,0.1,699924480,sphere_polar_c09_n_up_gamma_constant_d0p1_a0p95_m16,sphere_mess4,d128l4h2mlp512_700m_seed0_k21,0,21,128,4,trained,embedding_and_all_layers_single_token,belief,1.0,0.630762041344824,640,30.75,0.6399834336062645
sphere_polar_c09_n_up_gamma_constant_d0p1_a0p95_m16_d128l4h2mlp512_700m_seed0_k21,H-R2-05-polar-ladder-capacity,dc80726a8c987e8c3a9171299dac00d03a074311,9e7ce2b7177cfb8ea8e8e707a5a1ad9e309121678e09e2954273bcaf32a9a6be,n_plus_one,0.95,20,0.35,0.1,699924480,sphere_polar_c09_n_up_gamma_constant_d0p1_a0p95_m16,sphere_mess4,d128l4h2mlp512_700m_seed0_k21,0,21,128,4,random_init,single_layer_single_token,physics,1.0,0.778326227943839,128,153.75,0.7908498371240127
sphere_polar_c09_n_up_gamma_constant_d0p1_a0p95_m16_d128l4h2mlp512_700m_seed0_k21,H-R2-05-polar-ladder-capacity,dc80726a8c987e8c3a9171299dac00d03a074311,9e7ce2b7177cfb8ea8e8e707a5a1ad9e309121678e09e2954273bcaf32a9a6be,n_plus_one,0.95,20,0.35,0.1,699924480,sphere_polar_c09_n_up_gamma_constant_d0p1_a0p95_m16,sphere_mess4,d128l4h2mlp512_700m_seed0_k21,0,21,128,4,random_init,single_layer_single_token,belief,10.0,0.26578042337803864,128,153.75,0.2645180946761143
sphere_polar_c09_n_up_gamma_constant_d0p1_a0p95_m16_d128l4h2mlp512_700m_seed0_k21,H-R2-05-polar-ladder-capacity,dc80726a8c987e8c3a9171299dac00d03a074311,9e7ce2b7177cfb8ea8e8e707a5a1ad9e309121678e09e2954273bcaf32a9a6be,n_plus_one,0.95,20,0.35,0.1,699924480,sphere_polar_c09_n_up_gamma_constant_d0p1_a0p95_m16,sphere_mess4,d128l4h2mlp512_700m_seed0_k21,0,21,128,4,random_init,all_block_layers_single_token,physics,1.0,0.8266884088247063,512,38.4375,0.8354555619050804
sphere_polar_c09_n_up_gamma_constant_d0p1_a0p95_m16_d128l4h2mlp512_700m_seed0_k21,H-R2-05-polar-ladder-capacity,dc80726a8c987e8c3a9171299dac00d03a074311,9e7ce2b7177cfb8ea8e8e707a5a1ad9e309121678e09e2954273bcaf32a9a6be,n_plus_one,0.95,20,0.35,0.1,699924480,sphere_polar_c09_n_up_gamma_constant_d0p1_a0p95_m16,sphere_mess4,d128l4h2mlp512_700m_seed0_k21,0,21,128,4,random_init,all_block_layers_single_token,belief,1.0,0.3623884856812577,512,38.4375,0.3669551191682408
sphere_polar_c09_n_up_gamma_constant_d0p1_a0p95_m16_d128l4h2mlp512_700m_seed0_k21,H-R2-05-polar-ladder-capacity,dc80726a8c987e8c3a9171299dac00d03a074311,9e7ce2b7177cfb8ea8e8e707a5a1ad9e309121678e09e2954273bcaf32a9a6be,n_plus_one,0.95,20,0.35,0.1,699924480,sphere_polar_c09_n_up_gamma_constant_d0p1_a0p95_m16,sphere_mess4,d128l4h2mlp512_700m_seed0_k21,0,21,128,4,random_init,embedding_and_all_layers_single_token,physics,1.0,0.8322194858475902,640,30.75,0.843084583303426
sphere_polar_c09_n_up_gamma_constant_d0p1_a0p95_m16_d128l4h2mlp512_700m_seed0_k21,H-R2-05-polar-ladder-capacity,dc80726a8c987e8c3a9171299dac00d03a074311,9e7ce2b7177cfb8ea8e8e707a5a1ad9e309121678e09e2954273bcaf32a9a6be,n_plus_one,0.95,20,0.35,0.1,699924480,sphere_polar_c09_n_up_gamma_constant_d0p1_a0p95_m16,sphere_mess4,d128l4h2mlp512_700m_seed0_k21,0,21,128,4,random_init,embedding_and_all_layers_single_token,belief,1.0,0.3678126927832033,640,30.75,0.373355359828336
sphere_polar_c10_n_up_gamma_constant_d0p12_a0p5_m16_d128l4h2mlp512_700m_seed0_k1,H-R2-05-polar-ladder-capacity,dc80726a8c987e8c3a9171299dac00d03a074311,714847f469a75159dffd47893157edac30e77b3dd595e36278ea858d242e9080,fixed,0.5,20,0.35,0.12,699924480,sphere_polar_c10_n_up_gamma_constant_d0p12_a0p5_m16,sphere_mess4,d128l4h2mlp512_700m_seed0_k1,0,1,128,4,trained,single_layer_single_token,physics,1.0,0.8889611967836873,128,153.5,0.8889894966230647
sphere_polar_c10_n_up_gamma_constant_d0p12_a0p5_m16_d128l4h2mlp512_700m_seed0_k1,H-R2-05-polar-ladder-capacity,dc80726a8c987e8c3a9171299dac00d03a074311,714847f469a75159dffd47893157edac30e77b3dd595e36278ea858d242e9080,fixed,0.5,20,0.35,0.12,699924480,sphere_polar_c10_n_up_gamma_constant_d0p12_a0p5_m16,sphere_mess4,d128l4h2mlp512_700m_seed0_k1,0,1,128,4,trained,single_layer_single_token,belief,10.0,0.21067392045294778,128,153.5,0.20688557522063944
sphere_polar_c10_n_up_gamma_constant_d0p12_a0p5_m16_d128l4h2mlp512_700m_seed0_k1,H-R2-05-polar-ladder-capacity,dc80726a8c987e8c3a9171299dac00d03a074311,714847f469a75159dffd47893157edac30e77b3dd595e36278ea858d242e9080,fixed,0.5,20,0.35,0.12,699924480,sphere_polar_c10_n_up_gamma_constant_d0p12_a0p5_m16,sphere_mess4,d128l4h2mlp512_700m_seed0_k1,0,1,128,4,trained,all_block_layers_single_token,physics,1.0,0.9779823255004222,512,38.375,0.9807877166846781
sphere_polar_c10_n_up_gamma_constant_d0p12_a0p5_m16_d128l4h2mlp512_700m_seed0_k1,H-R2-05-polar-ladder-capacity,dc80726a8c987e8c3a9171299dac00d03a074311,714847f469a75159dffd47893157edac30e77b3dd595e36278ea858d242e9080,fixed,0.5,20,0.35,0.12,699924480,sphere_polar_c10_n_up_gamma_constant_d0p12_a0p5_m16,sphere_mess4,d128l4h2mlp512_700m_seed0_k1,0,1,128,4,trained,all_block_layers_single_token,belief,1.0,0.36193030847087787,512,38.375,0.3494707225466426
sphere_polar_c10_n_up_gamma_constant_d0p12_a0p5_m16_d128l4h2mlp512_700m_seed0_k1,H-R2-05-polar-ladder-capacity,dc80726a8c987e8c3a9171299dac00d03a074311,714847f469a75159dffd47893157edac30e77b3dd595e36278ea858d242e9080,fixed,0.5,20,0.35,0.12,699924480,sphere_polar_c10_n_up_gamma_constant_d0p12_a0p5_m16,sphere_mess4,d128l4h2mlp512_700m_seed0_k1,0,1,128,4,trained,embedding_and_all_layers_single_token,physics,1.0,0.9807902197791831,640,30.7,0.9835232851051482
sphere_polar_c10_n_up_gamma_constant_d0p12_a0p5_m16_d128l4h2mlp512_700m_seed0_k1,H-R2-05-polar-ladder-capacity,dc80726a8c987e8c3a9171299dac00d03a074311,714847f469a75159dffd47893157edac30e77b3dd595e36278ea858d242e9080,fixed,0.5,20,0.35,0.12,699924480,sphere_polar_c10_n_up_gamma_constant_d0p12_a0p5_m16,sphere_mess4,d128l4h2mlp512_700m_seed0_k1,0,1,128,4,trained,embedding_and_all_layers_single_token,belief,1.0,0.37341452182896406,640,30.7,0.3597917786105779
sphere_polar_c10_n_up_gamma_constant_d0p12_a0p5_m16_d128l4h2mlp512_700m_seed0_k1,H-R2-05-polar-ladder-capacity,dc80726a8c987e8c3a9171299dac00d03a074311,714847f469a75159dffd47893157edac30e77b3dd595e36278ea858d242e9080,fixed,0.5,20,0.35,0.12,699924480,sphere_polar_c10_n_up_gamma_constant_d0p12_a0p5_m16,sphere_mess4,d128l4h2mlp512_700m_seed0_k1,0,1,128,4,random_init,single_layer_single_token,physics,1.0,0.7138300265147548,128,153.5,0.7105871500708949
sphere_polar_c10_n_up_gamma_constant_d0p12_a0p5_m16_d128l4h2mlp512_700m_seed0_k1,H-R2-05-polar-ladder-capacity,dc80726a8c987e8c3a9171299dac00d03a074311,714847f469a75159dffd47893157edac30e77b3dd595e36278ea858d242e9080,fixed,0.5,20,0.35,0.12,699924480,sphere_polar_c10_n_up_gamma_constant_d0p12_a0p5_m16,sphere_mess4,d128l4h2mlp512_700m_seed0_k1,0,1,128,4,random_init,single_layer_single_token,belief,10.0,0.17068314822388883,128,153.5,0.16242682157862862
sphere_polar_c10_n_up_gamma_constant_d0p12_a0p5_m16_d128l4h2mlp512_700m_seed0_k1,H-R2-05-polar-ladder-capacity,dc80726a8c987e8c3a9171299dac00d03a074311,714847f469a75159dffd47893157edac30e77b3dd595e36278ea858d242e9080,fixed,0.5,20,0.35,0.12,699924480,sphere_polar_c10_n_up_gamma_constant_d0p12_a0p5_m16,sphere_mess4,d128l4h2mlp512_700m_seed0_k1,0,1,128,4,random_init,all_block_layers_single_token,physics,1.0,0.7625718401419777,512,38.375,0.7620225040834104
sphere_polar_c10_n_up_gamma_constant_d0p12_a0p5_m16_d128l4h2mlp512_700m_seed0_k1,H-R2-05-polar-ladder-capacity,dc80726a8c987e8c3a9171299dac00d03a074311,714847f469a75159dffd47893157edac30e77b3dd595e36278ea858d242e9080,fixed,0.5,20,0.35,0.12,699924480,sphere_polar_c10_n_up_gamma_constant_d0p12_a0p5_m16,sphere_mess4,d128l4h2mlp512_700m_seed0_k1,0,1,128,4,random_init,all_block_layers_single_token,belief,1.0,0.259174386191104,512,38.375,0.24408039705558052
sphere_polar_c10_n_up_gamma_constant_d0p12_a0p5_m16_d128l4h2mlp512_700m_seed0_k1,H-R2-05-polar-ladder-capacity,dc80726a8c987e8c3a9171299dac00d03a074311,714847f469a75159dffd47893157edac30e77b3dd595e36278ea858d242e9080,fixed,0.5,20,0.35,0.12,699924480,sphere_polar_c10_n_up_gamma_constant_d0p12_a0p5_m16,sphere_mess4,d128l4h2mlp512_700m_seed0_k1,0,1,128,4,random_init,embedding_and_all_layers_single_token,physics,1.0,0.7678420395893408,640,30.7,0.7680356376167624
sphere_polar_c10_n_up_gamma_constant_d0p12_a0p5_m16_d128l4h2mlp512_700m_seed0_k1,H-R2-05-polar-ladder-capacity,dc80726a8c987e8c3a9171299dac00d03a074311,714847f469a75159dffd47893157edac30e77b3dd595e36278ea858d242e9080,fixed,0.5,20,0.35,0.12,699924480,sphere_polar_c10_n_up_gamma_constant_d0p12_a0p5_m16,sphere_mess4,d128l4h2mlp512_700m_seed0_k1,0,1,128,4,random_init,embedding_and_all_layers_single_token,belief,1.0,0.27087102876981206,640,30.7,0.2534292768748555
sphere_polar_c10_n_up_gamma_constant_d0p12_a0p5_m16_d128l4h2mlp512_700m_seed0_k10,H-R2-05-polar-ladder-capacity,dc80726a8c987e8c3a9171299dac00d03a074311,937945122b4519d46d77acc8c41442086726fe0ccb23e28a3a015fb3000e6a05,half,0.5,20,0.35,0.12,699924480,sphere_polar_c10_n_up_gamma_constant_d0p12_a0p5_m16,sphere_mess4,d128l4h2mlp512_700m_seed0_k10,0,10,128,4,trained,single_layer_single_token,physics,1.0,0.9163462652040903,128,153.5,0.9160346361154653
sphere_polar_c10_n_up_gamma_constant_d0p12_a0p5_m16_d128l4h2mlp512_700m_seed0_k10,H-R2-05-polar-ladder-capacity,dc80726a8c987e8c3a9171299dac00d03a074311,937945122b4519d46d77acc8c41442086726fe0ccb23e28a3a015fb3000e6a05,half,0.5,20,0.35,0.12,699924480,sphere_polar_c10_n_up_gamma_constant_d0p12_a0p5_m16,sphere_mess4,d128l4h2mlp512_700m_seed0_k10,0,10,128,4,trained,single_layer_single_token,belief,10.0,0.22695081493213878,128,153.5,0.21963028715959257
sphere_polar_c10_n_up_gamma_constant_d0p12_a0p5_m16_d128l4h2mlp512_700m_seed0_k10,H-R2-05-polar-ladder-capacity,dc80726a8c987e8c3a9171299dac00d03a074311,937945122b4519d46d77acc8c41442086726fe0ccb23e28a3a015fb3000e6a05,half,0.5,20,0.35,0.12,699924480,sphere_polar_c10_n_up_gamma_constant_d0p12_a0p5_m16,sphere_mess4,d128l4h2mlp512_700m_seed0_k10,0,10,128,4,trained,all_block_layers_single_token,physics,1.0,0.9838760022679776,512,38.375,0.9840361044803436
sphere_polar_c10_n_up_gamma_constant_d0p12_a0p5_m16_d128l4h2mlp512_700m_seed0_k10,H-R2-05-polar-ladder-capacity,dc80726a8c987e8c3a9171299dac00d03a074311,937945122b4519d46d77acc8c41442086726fe0ccb23e28a3a015fb3000e6a05,half,0.5,20,0.35,0.12,699924480,sphere_polar_c10_n_up_gamma_constant_d0p12_a0p5_m16,sphere_mess4,d128l4h2mlp512_700m_seed0_k10,0,10,128,4,trained,all_block_layers_single_token,belief,1.0,0.3657338602137883,512,38.375,0.356736784219049
sphere_polar_c10_n_up_gamma_constant_d0p12_a0p5_m16_d128l4h2mlp512_700m_seed0_k10,H-R2-05-polar-ladder-capacity,dc80726a8c987e8c3a9171299dac00d03a074311,937945122b4519d46d77acc8c41442086726fe0ccb23e28a3a015fb3000e6a05,half,0.5,20,0.35,0.12,699924480,sphere_polar_c10_n_up_gamma_constant_d0p12_a0p5_m16,sphere_mess4,d128l4h2mlp512_700m_seed0_k10,0,10,128,4,trained,embedding_and_all_layers_single_token,physics,1.0,0.9859586772944118,640,30.7,0.9859188342468049
sphere_polar_c10_n_up_gamma_constant_d0p12_a0p5_m16_d128l4h2mlp512_700m_seed0_k10,H-R2-05-polar-ladder-capacity,dc80726a8c987e8c3a9171299dac00d03a074311,937945122b4519d46d77acc8c41442086726fe0ccb23e28a3a015fb3000e6a05,half,0.5,20,0.35,0.12,699924480,sphere_polar_c10_n_up_gamma_constant_d0p12_a0p5_m16,sphere_mess4,d128l4h2mlp512_700m_seed0_k10,0,10,128,4,trained,embedding_and_all_layers_single_token,belief,1.0,0.3713237142585118,640,30.7,0.3651688505603741
sphere_polar_c10_n_up_gamma_constant_d0p12_a0p5_m16_d128l4h2mlp512_700m_seed0_k10,H-R2-05-polar-ladder-capacity,dc80726a8c987e8c3a9171299dac00d03a074311,937945122b4519d46d77acc8c41442086726fe0ccb23e28a3a015fb3000e6a05,half,0.5,20,0.35,0.12,699924480,sphere_polar_c10_n_up_gamma_constant_d0p12_a0p5_m16,sphere_mess4,d128l4h2mlp512_700m_seed0_k10,0,10,128,4,random_init,single_layer_single_token,physics,1.0,0.7138300265147548,128,153.5,0.7105871500708949
sphere_polar_c10_n_up_gamma_constant_d0p12_a0p5_m16_d128l4h2mlp512_700m_seed0_k10,H-R2-05-polar-ladder-capacity,dc80726a8c987e8c3a9171299dac00d03a074311,937945122b4519d46d77acc8c41442086726fe0ccb23e28a3a015fb3000e6a05,half,0.5,20,0.35,0.12,699924480,sphere_polar_c10_n_up_gamma_constant_d0p12_a0p5_m16,sphere_mess4,d128l4h2mlp512_700m_seed0_k10,0,10,128,4,random_init,single_layer_single_token,belief,10.0,0.17068314822388883,128,153.5,0.16242682157862862
sphere_polar_c10_n_up_gamma_constant_d0p12_a0p5_m16_d128l4h2mlp512_700m_seed0_k10,H-R2-05-polar-ladder-capacity,dc80726a8c987e8c3a9171299dac00d03a074311,937945122b4519d46d77acc8c41442086726fe0ccb23e28a3a015fb3000e6a05,half,0.5,20,0.35,0.12,699924480,sphere_polar_c10_n_up_gamma_constant_d0p12_a0p5_m16,sphere_mess4,d128l4h2mlp512_700m_seed0_k10,0,10,128,4,random_init,all_block_layers_single_token,physics,1.0,0.7625718401419777,512,38.375,0.7620225040834104
sphere_polar_c10_n_up_gamma_constant_d0p12_a0p5_m16_d128l4h2mlp512_700m_seed0_k10,H-R2-05-polar-ladder-capacity,dc80726a8c987e8c3a9171299dac00d03a074311,937945122b4519d46d77acc8c41442086726fe0ccb23e28a3a015fb3000e6a05,half,0.5,20,0.35,0.12,699924480,sphere_polar_c10_n_up_gamma_constant_d0p12_a0p5_m16,sphere_mess4,d128l4h2mlp512_700m_seed0_k10,0,10,128,4,random_init,all_block_layers_single_token,belief,1.0,0.259174386191104,512,38.375,0.24408039705558052
sphere_polar_c10_n_up_gamma_constant_d0p12_a0p5_m16_d128l4h2mlp512_700m_seed0_k10,H-R2-05-polar-ladder-capacity,dc80726a8c987e8c3a9171299dac00d03a074311,937945122b4519d46d77acc8c41442086726fe0ccb23e28a3a015fb3000e6a05,half,0.5,20,0.35,0.12,699924480,sphere_polar_c10_n_up_gamma_constant_d0p12_a0p5_m16,sphere_mess4,d128l4h2mlp512_700m_seed0_k10,0,10,128,4,random_init,embedding_and_all_layers_single_token,physics,1.0,0.7678420395893408,640,30.7,0.7680356376167624
sphere_polar_c10_n_up_gamma_constant_d0p12_a0p5_m16_d128l4h2mlp512_700m_seed0_k10,H-R2-05-polar-ladder-capacity,dc80726a8c987e8c3a9171299dac00d03a074311,937945122b4519d46d77acc8c41442086726fe0ccb23e28a3a015fb3000e6a05,half,0.5,20,0.35,0.12,699924480,sphere_polar_c10_n_up_gamma_constant_d0p12_a0p5_m16,sphere_mess4,d128l4h2mlp512_700m_seed0_k10,0,10,128,4,random_init,embedding_and_all_layers_single_token,belief,1.0,0.27087102876981206,640,30.7,0.2534292768748555
sphere_polar_c10_n_up_gamma_constant_d0p12_a0p5_m16_d128l4h2mlp512_700m_seed0_k21,H-R2-05-polar-ladder-capacity,dc80726a8c987e8c3a9171299dac00d03a074311,7ed399e2b3242f0063d4fbfc9f2adc92465a307dc32c73756c4f22e755db8414,n_plus_one,0.5,20,0.35,0.12,699924480,sphere_polar_c10_n_up_gamma_constant_d0p12_a0p5_m16,sphere_mess4,d128l4h2mlp512_700m_seed0_k21,0,21,128,4,trained,single_layer_single_token,physics,1.0,0.9262059932555211,128,153.5,0.9238821285384222
sphere_polar_c10_n_up_gamma_constant_d0p12_a0p5_m16_d128l4h2mlp512_700m_seed0_k21,H-R2-05-polar-ladder-capacity,dc80726a8c987e8c3a9171299dac00d03a074311,7ed399e2b3242f0063d4fbfc9f2adc92465a307dc32c73756c4f22e755db8414,n_plus_one,0.5,20,0.35,0.12,699924480,sphere_polar_c10_n_up_gamma_constant_d0p12_a0p5_m16,sphere_mess4,d128l4h2mlp512_700m_seed0_k21,0,21,128,4,trained,single_layer_single_token,belief,10.0,0.2097914019007771,128,153.5,0.2064276881491904
sphere_polar_c10_n_up_gamma_constant_d0p12_a0p5_m16_d128l4h2mlp512_700m_seed0_k21,H-R2-05-polar-ladder-capacity,dc80726a8c987e8c3a9171299dac00d03a074311,7ed399e2b3242f0063d4fbfc9f2adc92465a307dc32c73756c4f22e755db8414,n_plus_one,0.5,20,0.35,0.12,699924480,sphere_polar_c10_n_up_gamma_constant_d0p12_a0p5_m16,sphere_mess4,d128l4h2mlp512_700m_seed0_k21,0,21,128,4,trained,all_block_layers_single_token,physics,1.0,0.9844636940507752,512,38.375,0.9845140645109143
sphere_polar_c10_n_up_gamma_constant_d0p12_a0p5_m16_d128l4h2mlp512_700m_seed0_k21,H-R2-05-polar-ladder-capacity,dc80726a8c987e8c3a9171299dac00d03a074311,7ed399e2b3242f0063d4fbfc9f2adc92465a307dc32c73756c4f22e755db8414,n_plus_one,0.5,20,0.35,0.12,699924480,sphere_polar_c10_n_up_gamma_constant_d0p12_a0p5_m16,sphere_mess4,d128l4h2mlp512_700m_seed0_k21,0,21,128,4,trained,all_block_layers_single_token,belief,1.0,0.361058834076394,512,38.375,0.3612942006075559
sphere_polar_c10_n_up_gamma_constant_d0p12_a0p5_m16_d128l4h2mlp512_700m_seed0_k21,H-R2-05-polar-ladder-capacity,dc80726a8c987e8c3a9171299dac00d03a074311,7ed399e2b3242f0063d4fbfc9f2adc92465a307dc32c73756c4f22e755db8414,n_plus_one,0.5,20,0.35,0.12,699924480,sphere_polar_c10_n_up_gamma_constant_d0p12_a0p5_m16,sphere_mess4,d128l4h2mlp512_700m_seed0_k21,0,21,128,4,trained,embedding_and_all_layers_single_token,physics,1.0,0.9876860012983253,640,30.7,0.9879398381898197
sphere_polar_c10_n_up_gamma_constant_d0p12_a0p5_m16_d128l4h2mlp512_700m_seed0_k21,H-R2-05-polar-ladder-capacity,dc80726a8c987e8c3a9171299dac00d03a074311,7ed399e2b3242f0063d4fbfc9f2adc92465a307dc32c73756c4f22e755db8414,n_plus_one,0.5,20,0.35,0.12,699924480,sphere_polar_c10_n_up_gamma_constant_d0p12_a0p5_m16,sphere_mess4,d128l4h2mlp512_700m_seed0_k21,0,21,128,4,trained,embedding_and_all_layers_single_token,belief,1.0,0.3689004426306095,640,30.7,0.3664947730671458
sphere_polar_c10_n_up_gamma_constant_d0p12_a0p5_m16_d128l4h2mlp512_700m_seed0_k21,H-R2-05-polar-ladder-capacity,dc80726a8c987e8c3a9171299dac00d03a074311,7ed399e2b3242f0063d4fbfc9f2adc92465a307dc32c73756c4f22e755db8414,n_plus_one,0.5,20,0.35,0.12,699924480,sphere_polar_c10_n_up_gamma_constant_d0p12_a0p5_m16,sphere_mess4,d128l4h2mlp512_700m_seed0_k21,0,21,128,4,random_init,single_layer_single_token,physics,1.0,0.7138300265147548,128,153.5,0.7105871500708949
sphere_polar_c10_n_up_gamma_constant_d0p12_a0p5_m16_d128l4h2mlp512_700m_seed0_k21,H-R2-05-polar-ladder-capacity,dc80726a8c987e8c3a9171299dac00d03a074311,7ed399e2b3242f0063d4fbfc9f2adc92465a307dc32c73756c4f22e755db8414,n_plus_one,0.5,20,0.35,0.12,699924480,sphere_polar_c10_n_up_gamma_constant_d0p12_a0p5_m16,sphere_mess4,d128l4h2mlp512_700m_seed0_k21,0,21,128,4,random_init,single_layer_single_token,belief,10.0,0.17068314822388883,128,153.5,0.16242682157862862
sphere_polar_c10_n_up_gamma_constant_d0p12_a0p5_m16_d128l4h2mlp512_700m_seed0_k21,H-R2-05-polar-ladder-capacity,dc80726a8c987e8c3a9171299dac00d03a074311,7ed399e2b3242f0063d4fbfc9f2adc92465a307dc32c73756c4f22e755db8414,n_plus_one,0.5,20,0.35,0.12,699924480,sphere_polar_c10_n_up_gamma_constant_d0p12_a0p5_m16,sphere_mess4,d128l4h2mlp512_700m_seed0_k21,0,21,128,4,random_init,all_block_layers_single_token,physics,1.0,0.7625718401419777,512,38.375,0.7620225040834104
sphere_polar_c10_n_up_gamma_constant_d0p12_a0p5_m16_d128l4h2mlp512_700m_seed0_k21,H-R2-05-polar-ladder-capacity,dc80726a8c987e8c3a9171299dac00d03a074311,7ed399e2b3242f0063d4fbfc9f2adc92465a307dc32c73756c4f22e755db8414,n_plus_one,0.5,20,0.35,0.12,699924480,sphere_polar_c10_n_up_gamma_constant_d0p12_a0p5_m16,sphere_mess4,d128l4h2mlp512_700m_seed0_k21,0,21,128,4,random_init,all_block_layers_single_token,belief,1.0,0.259174386191104,512,38.375,0.24408039705558052
sphere_polar_c10_n_up_gamma_constant_d0p12_a0p5_m16_d128l4h2mlp512_700m_seed0_k21,H-R2-05-polar-ladder-capacity,dc80726a8c987e8c3a9171299dac00d03a074311,7ed399e2b3242f0063d4fbfc9f2adc92465a307dc32c73756c4f22e755db8414,n_plus_one,0.5,20,0.35,0.12,699924480,sphere_polar_c10_n_up_gamma_constant_d0p12_a0p5_m16,sphere_mess4,d128l4h2mlp512_700m_seed0_k21,0,21,128,4,random_init,embedding_and_all_layers_single_token,physics,1.0,0.7678420395893408,640,30.7,0.7680356376167624
sphere_polar_c10_n_up_gamma_constant_d0p12_a0p5_m16_d128l4h2mlp512_700m_seed0_k21,H-R2-05-polar-ladder-capacity,dc80726a8c987e8c3a9171299dac00d03a074311,7ed399e2b3242f0063d4fbfc9f2adc92465a307dc32c73756c4f22e755db8414,n_plus_one,0.5,20,0.35,0.12,699924480,sphere_polar_c10_n_up_gamma_constant_d0p12_a0p5_m16,sphere_mess4,d128l4h2mlp512_700m_seed0_k21,0,21,128,4,random_init,embedding_and_all_layers_single_token,belief,1.0,0.27087102876981206,640,30.7,0.2534292768748555
sphere_polar_c10_n_up_gamma_constant_d0p12_a0p7_m16_d128l4h2mlp512_700m_seed0_k1,H-R2-05-polar-ladder-capacity,dc80726a8c987e8c3a9171299dac00d03a074311,f89b1eb1138aed4f369af6e3e78c767b6683b54220137ee8bba366ad34b2bbe2,fixed,0.7,20,0.35,0.12,699924480,sphere_polar_c10_n_up_gamma_constant_d0p12_a0p7_m16,sphere_mess4,d128l4h2mlp512_700m_seed0_k1,0,1,128,4,trained,single_layer_single_token,physics,1.0,0.8673349662781968,128,153.5,0.8706387126576542
sphere_polar_c10_n_up_gamma_constant_d0p12_a0p7_m16_d128l4h2mlp512_700m_seed0_k1,H-R2-05-polar-ladder-capacity,dc80726a8c987e8c3a9171299dac00d03a074311,f89b1eb1138aed4f369af6e3e78c767b6683b54220137ee8bba366ad34b2bbe2,fixed,0.7,20,0.35,0.12,699924480,sphere_polar_c10_n_up_gamma_constant_d0p12_a0p7_m16,sphere_mess4,d128l4h2mlp512_700m_seed0_k1,0,1,128,4,trained,single_layer_single_token,belief,1.0,0.2493567826454322,128,153.5,0.25320210200431337
sphere_polar_c10_n_up_gamma_constant_d0p12_a0p7_m16_d128l4h2mlp512_700m_seed0_k1,H-R2-05-polar-ladder-capacity,dc80726a8c987e8c3a9171299dac00d03a074311,f89b1eb1138aed4f369af6e3e78c767b6683b54220137ee8bba366ad34b2bbe2,fixed,0.7,20,0.35,0.12,699924480,sphere_polar_c10_n_up_gamma_constant_d0p12_a0p7_m16,sphere_mess4,d128l4h2mlp512_700m_seed0_k1,0,1,128,4,trained,all_block_layers_single_token,physics,1.0,0.9758866259056083,512,38.375,0.9772953752497902
sphere_polar_c10_n_up_gamma_constant_d0p12_a0p7_m16_d128l4h2mlp512_700m_seed0_k1,H-R2-05-polar-ladder-capacity,dc80726a8c987e8c3a9171299dac00d03a074311,f89b1eb1138aed4f369af6e3e78c767b6683b54220137ee8bba366ad34b2bbe2,fixed,0.7,20,0.35,0.12,699924480,sphere_polar_c10_n_up_gamma_constant_d0p12_a0p7_m16,sphere_mess4,d128l4h2mlp512_700m_seed0_k1,0,1,128,4,trained,all_block_layers_single_token,belief,1.0,0.41465815648274024,512,38.375,0.4131416874703863
sphere_polar_c10_n_up_gamma_constant_d0p12_a0p7_m16_d128l4h2mlp512_700m_seed0_k1,H-R2-05-polar-ladder-capacity,dc80726a8c987e8c3a9171299dac00d03a074311,f89b1eb1138aed4f369af6e3e78c767b6683b54220137ee8bba366ad34b2bbe2,fixed,0.7,20,0.35,0.12,699924480,sphere_polar_c10_n_up_gamma_constant_d0p12_a0p7_m16,sphere_mess4,d128l4h2mlp512_700m_seed0_k1,0,1,128,4,trained,embedding_and_all_layers_single_token,physics,1.0,0.97832200677074,640,30.7,0.9797400102449888
sphere_polar_c10_n_up_gamma_constant_d0p12_a0p7_m16_d128l4h2mlp512_700m_seed0_k1,H-R2-05-polar-ladder-capacity,dc80726a8c987e8c3a9171299dac00d03a074311,f89b1eb1138aed4f369af6e3e78c767b6683b54220137ee8bba366ad34b2bbe2,fixed,0.7,20,0.35,0.12,699924480,sphere_polar_c10_n_up_gamma_constant_d0p12_a0p7_m16,sphere_mess4,d128l4h2mlp512_700m_seed0_k1,0,1,128,4,trained,embedding_and_all_layers_single_token,belief,1.0,0.425314929175583,640,30.7,0.4263891031052883
sphere_polar_c10_n_up_gamma_constant_d0p12_a0p7_m16_d128l4h2mlp512_700m_seed0_k1,H-R2-05-polar-ladder-capacity,dc80726a8c987e8c3a9171299dac00d03a074311,f89b1eb1138aed4f369af6e3e78c767b6683b54220137ee8bba366ad34b2bbe2,fixed,0.7,20,0.35,0.12,699924480,sphere_polar_c10_n_up_gamma_constant_d0p12_a0p7_m16,sphere_mess4,d128l4h2mlp512_700m_seed0_k1,0,1,128,4,random_init,single_layer_single_token,physics,10.0,0.7131883564147461,128,153.5,0.718164052479913
sphere_polar_c10_n_up_gamma_constant_d0p12_a0p7_m16_d128l4h2mlp512_700m_seed0_k1,H-R2-05-polar-ladder-capacity,dc80726a8c987e8c3a9171299dac00d03a074311,f89b1eb1138aed4f369af6e3e78c767b6683b54220137ee8bba366ad34b2bbe2,fixed,0.7,20,0.35,0.12,699924480,sphere_polar_c10_n_up_gamma_constant_d0p12_a0p7_m16,sphere_mess4,d128l4h2mlp512_700m_seed0_k1,0,1,128,4,random_init,single_layer_single_token,belief,10.0,0.19677227000570963,128,153.5,0.20183357236843305
sphere_polar_c10_n_up_gamma_constant_d0p12_a0p7_m16_d128l4h2mlp512_700m_seed0_k1,H-R2-05-polar-ladder-capacity,dc80726a8c987e8c3a9171299dac00d03a074311,f89b1eb1138aed4f369af6e3e78c767b6683b54220137ee8bba366ad34b2bbe2,fixed,0.7,20,0.35,0.12,699924480,sphere_polar_c10_n_up_gamma_constant_d0p12_a0p7_m16,sphere_mess4,d128l4h2mlp512_700m_seed0_k1,0,1,128,4,random_init,all_block_layers_single_token,physics,1.0,0.7664108099556953,512,38.375,0.7712685594974521
sphere_polar_c10_n_up_gamma_constant_d0p12_a0p7_m16_d128l4h2mlp512_700m_seed0_k1,H-R2-05-polar-ladder-capacity,dc80726a8c987e8c3a9171299dac00d03a074311,f89b1eb1138aed4f369af6e3e78c767b6683b54220137ee8bba366ad34b2bbe2,fixed,0.7,20,0.35,0.12,699924480,sphere_polar_c10_n_up_gamma_constant_d0p12_a0p7_m16,sphere_mess4,d128l4h2mlp512_700m_seed0_k1,0,1,128,4,random_init,all_block_layers_single_token,belief,1.0,0.29408182400220645,512,38.375,0.29537750165535903
sphere_polar_c10_n_up_gamma_constant_d0p12_a0p7_m16_d128l4h2mlp512_700m_seed0_k1,H-R2-05-polar-ladder-capacity,dc80726a8c987e8c3a9171299dac00d03a074311,f89b1eb1138aed4f369af6e3e78c767b6683b54220137ee8bba366ad34b2bbe2,fixed,0.7,20,0.35,0.12,699924480,sphere_polar_c10_n_up_gamma_constant_d0p12_a0p7_m16,sphere_mess4,d128l4h2mlp512_700m_seed0_k1,0,1,128,4,random_init,embedding_and_all_layers_single_token,physics,1.0,0.7747272463749693,640,30.7,0.7808209650953704
sphere_polar_c10_n_up_gamma_constant_d0p12_a0p7_m16_d128l4h2mlp512_700m_seed0_k1,H-R2-05-polar-ladder-capacity,dc80726a8c987e8c3a9171299dac00d03a074311,f89b1eb1138aed4f369af6e3e78c767b6683b54220137ee8bba366ad34b2bbe2,fixed,0.7,20,0.35,0.12,699924480,sphere_polar_c10_n_up_gamma_constant_d0p12_a0p7_m16,sphere_mess4,d128l4h2mlp512_700m_seed0_k1,0,1,128,4,random_init,embedding_and_all_layers_single_token,belief,1.0,0.3044248415628331,640,30.7,0.30628263194201705
sphere_polar_c10_n_up_gamma_constant_d0p12_a0p7_m16_d128l4h2mlp512_700m_seed0_k10,H-R2-05-polar-ladder-capacity,dc80726a8c987e8c3a9171299dac00d03a074311,a67ffdd758ef71c742f590a8d8af5aeacadb903207c771df53a28badb9557c81,half,0.7,20,0.35,0.12,699924480,sphere_polar_c10_n_up_gamma_constant_d0p12_a0p7_m16,sphere_mess4,d128l4h2mlp512_700m_seed0_k10,0,10,128,4,trained,single_layer_single_token,physics,1.0,0.9028277213804856,128,153.5,0.9044498302229925
sphere_polar_c10_n_up_gamma_constant_d0p12_a0p7_m16_d128l4h2mlp512_700m_seed0_k10,H-R2-05-polar-ladder-capacity,dc80726a8c987e8c3a9171299dac00d03a074311,a67ffdd758ef71c742f590a8d8af5aeacadb903207c771df53a28badb9557c81,half,0.7,20,0.35,0.12,699924480,sphere_polar_c10_n_up_gamma_constant_d0p12_a0p7_m16,sphere_mess4,d128l4h2mlp512_700m_seed0_k10,0,10,128,4,trained,single_layer_single_token,belief,10.0,0.24994800044253165,128,153.5,0.254413692473084
sphere_polar_c10_n_up_gamma_constant_d0p12_a0p7_m16_d128l4h2mlp512_700m_seed0_k10,H-R2-05-polar-ladder-capacity,dc80726a8c987e8c3a9171299dac00d03a074311,a67ffdd758ef71c742f590a8d8af5aeacadb903207c771df53a28badb9557c81,half,0.7,20,0.35,0.12,699924480,sphere_polar_c10_n_up_gamma_constant_d0p12_a0p7_m16,sphere_mess4,d128l4h2mlp512_700m_seed0_k10,0,10,128,4,trained,all_block_layers_single_token,physics,1.0,0.9815119981257727,512,38.375,0.9819035850689235
sphere_polar_c10_n_up_gamma_constant_d0p12_a0p7_m16_d128l4h2mlp512_700m_seed0_k10,H-R2-05-polar-ladder-capacity,dc80726a8c987e8c3a9171299dac00d03a074311,a67ffdd758ef71c742f590a8d8af5aeacadb903207c771df53a28badb9557c81,half,0.7,20,0.35,0.12,699924480,sphere_polar_c10_n_up_gamma_constant_d0p12_a0p7_m16,sphere_mess4,d128l4h2mlp512_700m_seed0_k10,0,10,128,4,trained,all_block_layers_single_token,belief,1.0,0.4139138611072679,512,38.375,0.41671396586536524
sphere_polar_c10_n_up_gamma_constant_d0p12_a0p7_m16_d128l4h2mlp512_700m_seed0_k10,H-R2-05-polar-ladder-capacity,dc80726a8c987e8c3a9171299dac00d03a074311,a67ffdd758ef71c742f590a8d8af5aeacadb903207c771df53a28badb9557c81,half,0.7,20,0.35,0.12,699924480,sphere_polar_c10_n_up_gamma_constant_d0p12_a0p7_m16,sphere_mess4,d128l4h2mlp512_700m_seed0_k10,0,10,128,4,trained,embedding_and_all_layers_single_token,physics,1.0,0.9844079017652332,640,30.7,0.9853013837468523
sphere_polar_c10_n_up_gamma_constant_d0p12_a0p7_m16_d128l4h2mlp512_700m_seed0_k10,H-R2-05-polar-ladder-capacity,dc80726a8c987e8c3a9171299dac00d03a074311,a67ffdd758ef71c742f590a8d8af5aeacadb903207c771df53a28badb9557c81,half,0.7,20,0.35,0.12,699924480,sphere_polar_c10_n_up_gamma_constant_d0p12_a0p7_m16,sphere_mess4,d128l4h2mlp512_700m_seed0_k10,0,10,128,4,trained,embedding_and_all_layers_single_token,belief,1.0,0.42207609461009854,640,30.7,0.4278316568876913
sphere_polar_c10_n_up_gamma_constant_d0p12_a0p7_m16_d128l4h2mlp512_700m_seed0_k10,H-R2-05-polar-ladder-capacity,dc80726a8c987e8c3a9171299dac00d03a074311,a67ffdd758ef71c742f590a8d8af5aeacadb903207c771df53a28badb9557c81,half,0.7,20,0.35,0.12,699924480,sphere_polar_c10_n_up_gamma_constant_d0p12_a0p7_m16,sphere_mess4,d128l4h2mlp512_700m_seed0_k10,0,10,128,4,random_init,single_layer_single_token,physics,10.0,0.7131883564147461,128,153.5,0.718164052479913
sphere_polar_c10_n_up_gamma_constant_d0p12_a0p7_m16_d128l4h2mlp512_700m_seed0_k10,H-R2-05-polar-ladder-capacity,dc80726a8c987e8c3a9171299dac00d03a074311,a67ffdd758ef71c742f590a8d8af5aeacadb903207c771df53a28badb9557c81,half,0.7,20,0.35,0.12,699924480,sphere_polar_c10_n_up_gamma_constant_d0p12_a0p7_m16,sphere_mess4,d128l4h2mlp512_700m_seed0_k10,0,10,128,4,random_init,single_layer_single_token,belief,10.0,0.19677227000570963,128,153.5,0.20183357236843305
sphere_polar_c10_n_up_gamma_constant_d0p12_a0p7_m16_d128l4h2mlp512_700m_seed0_k10,H-R2-05-polar-ladder-capacity,dc80726a8c987e8c3a9171299dac00d03a074311,a67ffdd758ef71c742f590a8d8af5aeacadb903207c771df53a28badb9557c81,half,0.7,20,0.35,0.12,699924480,sphere_polar_c10_n_up_gamma_constant_d0p12_a0p7_m16,sphere_mess4,d128l4h2mlp512_700m_seed0_k10,0,10,128,4,random_init,all_block_layers_single_token,physics,1.0,0.7664108099556953,512,38.375,0.7712685594974521
sphere_polar_c10_n_up_gamma_constant_d0p12_a0p7_m16_d128l4h2mlp512_700m_seed0_k10,H-R2-05-polar-ladder-capacity,dc80726a8c987e8c3a9171299dac00d03a074311,a67ffdd758ef71c742f590a8d8af5aeacadb903207c771df53a28badb9557c81,half,0.7,20,0.35,0.12,699924480,sphere_polar_c10_n_up_gamma_constant_d0p12_a0p7_m16,sphere_mess4,d128l4h2mlp512_700m_seed0_k10,0,10,128,4,random_init,all_block_layers_single_token,belief,1.0,0.29408182400220645,512,38.375,0.29537750165535903
sphere_polar_c10_n_up_gamma_constant_d0p12_a0p7_m16_d128l4h2mlp512_700m_seed0_k10,H-R2-05-polar-ladder-capacity,dc80726a8c987e8c3a9171299dac00d03a074311,a67ffdd758ef71c742f590a8d8af5aeacadb903207c771df53a28badb9557c81,half,0.7,20,0.35,0.12,699924480,sphere_polar_c10_n_up_gamma_constant_d0p12_a0p7_m16,sphere_mess4,d128l4h2mlp512_700m_seed0_k10,0,10,128,4,random_init,embedding_and_all_layers_single_token,physics,1.0,0.7747272463749693,640,30.7,0.7808209650953704
sphere_polar_c10_n_up_gamma_constant_d0p12_a0p7_m16_d128l4h2mlp512_700m_seed0_k10,H-R2-05-polar-ladder-capacity,dc80726a8c987e8c3a9171299dac00d03a074311,a67ffdd758ef71c742f590a8d8af5aeacadb903207c771df53a28badb9557c81,half,0.7,20,0.35,0.12,699924480,sphere_polar_c10_n_up_gamma_constant_d0p12_a0p7_m16,sphere_mess4,d128l4h2mlp512_700m_seed0_k10,0,10,128,4,random_init,embedding_and_all_layers_single_token,belief,1.0,0.3044248415628331,640,30.7,0.30628263194201705
sphere_polar_c10_n_up_gamma_constant_d0p12_a0p7_m16_d128l4h2mlp512_700m_seed0_k21,H-R2-05-polar-ladder-capacity,dc80726a8c987e8c3a9171299dac00d03a074311,fa9bc09836a8ff88188cc335612a7a9c97ad30cb913bfcf00896ff958e037795,n_plus_one,0.7,20,0.35,0.12,699924480,sphere_polar_c10_n_up_gamma_constant_d0p12_a0p7_m16,sphere_mess4,d128l4h2mlp512_700m_seed0_k21,0,21,128,4,trained,single_layer_single_token,physics,1.0,0.9191732956945714,128,153.5,0.9164611156644626
sphere_polar_c10_n_up_gamma_constant_d0p12_a0p7_m16_d128l4h2mlp512_700m_seed0_k21,H-R2-05-polar-ladder-capacity,dc80726a8c987e8c3a9171299dac00d03a074311,fa9bc09836a8ff88188cc335612a7a9c97ad30cb913bfcf00896ff958e037795,n_plus_one,0.7,20,0.35,0.12,699924480,sphere_polar_c10_n_up_gamma_constant_d0p12_a0p7_m16,sphere_mess4,d128l4h2mlp512_700m_seed0_k21,0,21,128,4,trained,single_layer_single_token,belief,1.0,0.2585759536510098,128,153.5,0.2585487049370333
sphere_polar_c10_n_up_gamma_constant_d0p12_a0p7_m16_d128l4h2mlp512_700m_seed0_k21,H-R2-05-polar-ladder-capacity,dc80726a8c987e8c3a9171299dac00d03a074311,fa9bc09836a8ff88188cc335612a7a9c97ad30cb913bfcf00896ff958e037795,n_plus_one,0.7,20,0.35,0.12,699924480,sphere_polar_c10_n_up_gamma_constant_d0p12_a0p7_m16,sphere_mess4,d128l4h2mlp512_700m_seed0_k21,0,21,128,4,trained,all_block_layers_single_token,physics,1.0,0.9841290191472445,512,38.375,0.9833919437248297
sphere_polar_c10_n_up_gamma_constant_d0p12_a0p7_m16_d128l4h2mlp512_700m_seed0_k21,H-R2-05-polar-ladder-capacity,dc80726a8c987e8c3a9171299dac00d03a074311,fa9bc09836a8ff88188cc335612a7a9c97ad30cb913bfcf00896ff958e037795,n_plus_one,0.7,20,0.35,0.12,699924480,sphere_polar_c10_n_up_gamma_constant_d0p12_a0p7_m16,sphere_mess4,d128l4h2mlp512_700m_seed0_k21,0,21,128,4,trained,all_block_layers_single_token,belief,1.0,0.43662774211175304,512,38.375,0.4266837085791051
sphere_polar_c10_n_up_gamma_constant_d0p12_a0p7_m16_d128l4h2mlp512_700m_seed0_k21,H-R2-05-polar-ladder-capacity,dc80726a8c987e8c3a9171299dac00d03a074311,fa9bc09836a8ff88188cc335612a7a9c97ad30cb913bfcf00896ff958e037795,n_plus_one,0.7,20,0.35,0.12,699924480,sphere_polar_c10_n_up_gamma_constant_d0p12_a0p7_m16,sphere_mess4,d128l4h2mlp512_700m_seed0_k21,0,21,128,4,trained,embedding_and_all_layers_single_token,physics,1.0,0.987239222333361,640,30.7,0.9868228212526802
sphere_polar_c10_n_up_gamma_constant_d0p12_a0p7_m16_d128l4h2mlp512_700m_seed0_k21,H-R2-05-polar-ladder-capacity,dc80726a8c987e8c3a9171299dac00d03a074311,fa9bc09836a8ff88188cc335612a7a9c97ad30cb913bfcf00896ff958e037795,n_plus_one,0.7,20,0.35,0.12,699924480,sphere_polar_c10_n_up_gamma_constant_d0p12_a0p7_m16,sphere_mess4,d128l4h2mlp512_700m_seed0_k21,0,21,128,4,trained,embedding_and_all_layers_single_token,belief,1.0,0.44189041933856676,640,30.7,0.4326789258432169
sphere_polar_c10_n_up_gamma_constant_d0p12_a0p7_m16_d128l4h2mlp512_700m_seed0_k21,H-R2-05-polar-ladder-capacity,dc80726a8c987e8c3a9171299dac00d03a074311,fa9bc09836a8ff88188cc335612a7a9c97ad30cb913bfcf00896ff958e037795,n_plus_one,0.7,20,0.35,0.12,699924480,sphere_polar_c10_n_up_gamma_constant_d0p12_a0p7_m16,sphere_mess4,d128l4h2mlp512_700m_seed0_k21,0,21,128,4,random_init,single_layer_single_token,physics,10.0,0.7131883564147461,128,153.5,0.718164052479913
sphere_polar_c10_n_up_gamma_constant_d0p12_a0p7_m16_d128l4h2mlp512_700m_seed0_k21,H-R2-05-polar-ladder-capacity,dc80726a8c987e8c3a9171299dac00d03a074311,fa9bc09836a8ff88188cc335612a7a9c97ad30cb913bfcf00896ff958e037795,n_plus_one,0.7,20,0.35,0.12,699924480,sphere_polar_c10_n_up_gamma_constant_d0p12_a0p7_m16,sphere_mess4,d128l4h2mlp512_700m_seed0_k21,0,21,128,4,random_init,single_layer_single_token,belief,10.0,0.19677227000570963,128,153.5,0.20183357236843305
sphere_polar_c10_n_up_gamma_constant_d0p12_a0p7_m16_d128l4h2mlp512_700m_seed0_k21,H-R2-05-polar-ladder-capacity,dc80726a8c987e8c3a9171299dac00d03a074311,fa9bc09836a8ff88188cc335612a7a9c97ad30cb913bfcf00896ff958e037795,n_plus_one,0.7,20,0.35,0.12,699924480,sphere_polar_c10_n_up_gamma_constant_d0p12_a0p7_m16,sphere_mess4,d128l4h2mlp512_700m_seed0_k21,0,21,128,4,random_init,all_block_layers_single_token,physics,1.0,0.7664108099556953,512,38.375,0.7712685594974521
sphere_polar_c10_n_up_gamma_constant_d0p12_a0p7_m16_d128l4h2mlp512_700m_seed0_k21,H-R2-05-polar-ladder-capacity,dc80726a8c987e8c3a9171299dac00d03a074311,fa9bc09836a8ff88188cc335612a7a9c97ad30cb913bfcf00896ff958e037795,n_plus_one,0.7,20,0.35,0.12,699924480,sphere_polar_c10_n_up_gamma_constant_d0p12_a0p7_m16,sphere_mess4,d128l4h2mlp512_700m_seed0_k21,0,21,128,4,random_init,all_block_layers_single_token,belief,1.0,0.29408182400220645,512,38.375,0.29537750165535903
sphere_polar_c10_n_up_gamma_constant_d0p12_a0p7_m16_d128l4h2mlp512_700m_seed0_k21,H-R2-05-polar-ladder-capacity,dc80726a8c987e8c3a9171299dac00d03a074311,fa9bc09836a8ff88188cc335612a7a9c97ad30cb913bfcf00896ff958e037795,n_plus_one,0.7,20,0.35,0.12,699924480,sphere_polar_c10_n_up_gamma_constant_d0p12_a0p7_m16,sphere_mess4,d128l4h2mlp512_700m_seed0_k21,0,21,128,4,random_init,embedding_and_all_layers_single_token,physics,1.0,0.7747272463749693,640,30.7,0.7808209650953704
sphere_polar_c10_n_up_gamma_constant_d0p12_a0p7_m16_d128l4h2mlp512_700m_seed0_k21,H-R2-05-polar-ladder-capacity,dc80726a8c987e8c3a9171299dac00d03a074311,fa9bc09836a8ff88188cc335612a7a9c97ad30cb913bfcf00896ff958e037795,n_plus_one,0.7,20,0.35,0.12,699924480,sphere_polar_c10_n_up_gamma_constant_d0p12_a0p7_m16,sphere_mess4,d128l4h2mlp512_700m_seed0_k21,0,21,128,4,random_init,embedding_and_all_layers_single_token,belief,1.0,0.3044248415628331,640,30.7,0.30628263194201705
sphere_polar_c10_n_up_gamma_constant_d0p12_a0p85_m16_d128l4h2mlp512_700m_seed0_k1,H-R2-05-polar-ladder-capacity,dc80726a8c987e8c3a9171299dac00d03a074311,4f4854b447f69bafbccba9f0ff5522ea9e12a21650b2f0050bd3658328c40b05,fixed,0.85,20,0.35,0.12,699924480,sphere_polar_c10_n_up_gamma_constant_d0p12_a0p85_m16,sphere_mess4,d128l4h2mlp512_700m_seed0_k1,0,1,128,4,trained,single_layer_single_token,physics,1.0,0.8692104793855744,128,153.625,0.8690959905629988
sphere_polar_c10_n_up_gamma_constant_d0p12_a0p85_m16_d128l4h2mlp512_700m_seed0_k1,H-R2-05-polar-ladder-capacity,dc80726a8c987e8c3a9171299dac00d03a074311,4f4854b447f69bafbccba9f0ff5522ea9e12a21650b2f0050bd3658328c40b05,fixed,0.85,20,0.35,0.12,699924480,sphere_polar_c10_n_up_gamma_constant_d0p12_a0p85_m16,sphere_mess4,d128l4h2mlp512_700m_seed0_k1,0,1,128,4,trained,single_layer_single_token,belief,10.0,0.3047069261857678,128,153.625,0.3011942774881583
sphere_polar_c10_n_up_gamma_constant_d0p12_a0p85_m16_d128l4h2mlp512_700m_seed0_k1,H-R2-05-polar-ladder-capacity,dc80726a8c987e8c3a9171299dac00d03a074311,4f4854b447f69bafbccba9f0ff5522ea9e12a21650b2f0050bd3658328c40b05,fixed,0.85,20,0.35,0.12,699924480,sphere_polar_c10_n_up_gamma_constant_d0p12_a0p85_m16,sphere_mess4,d128l4h2mlp512_700m_seed0_k1,0,1,128,4,trained,all_block_layers_single_token,physics,1.0,0.9757894343652307,512,38.40625,0.9788745406817261
sphere_polar_c10_n_up_gamma_constant_d0p12_a0p85_m16_d128l4h2mlp512_700m_seed0_k1,H-R2-05-polar-ladder-capacity,dc80726a8c987e8c3a9171299dac00d03a074311,4f4854b447f69bafbccba9f0ff5522ea9e12a21650b2f0050bd3658328c40b05,fixed,0.85,20,0.35,0.12,699924480,sphere_polar_c10_n_up_gamma_constant_d0p12_a0p85_m16,sphere_mess4,d128l4h2mlp512_700m_seed0_k1,0,1,128,4,trained,all_block_layers_single_token,belief,1.0,0.4709969743305212,512,38.40625,0.47586984432504364
sphere_polar_c10_n_up_gamma_constant_d0p12_a0p85_m16_d128l4h2mlp512_700m_seed0_k1,H-R2-05-polar-ladder-capacity,dc80726a8c987e8c3a9171299dac00d03a074311,4f4854b447f69bafbccba9f0ff5522ea9e12a21650b2f0050bd3658328c40b05,fixed,0.85,20,0.35,0.12,699924480,sphere_polar_c10_n_up_gamma_constant_d0p12_a0p85_m16,sphere_mess4,d128l4h2mlp512_700m_seed0_k1,0,1,128,4,trained,embedding_and_all_layers_single_token,physics,1.0,0.9776005118917124,640,30.725,0.9807111931268038
sphere_polar_c10_n_up_gamma_constant_d0p12_a0p85_m16_d128l4h2mlp512_700m_seed0_k1,H-R2-05-polar-ladder-capacity,dc80726a8c987e8c3a9171299dac00d03a074311,4f4854b447f69bafbccba9f0ff5522ea9e12a21650b2f0050bd3658328c40b05,fixed,0.85,20,0.35,0.12,699924480,sphere_polar_c10_n_up_gamma_constant_d0p12_a0p85_m16,sphere_mess4,d128l4h2mlp512_700m_seed0_k1,0,1,128,4,trained,embedding_and_all_layers_single_token,belief,1.0,0.4808311349447111,640,30.725,0.48544333451816923
sphere_polar_c10_n_up_gamma_constant_d0p12_a0p85_m16_d128l4h2mlp512_700m_seed0_k1,H-R2-05-polar-ladder-capacity,dc80726a8c987e8c3a9171299dac00d03a074311,4f4854b447f69bafbccba9f0ff5522ea9e12a21650b2f0050bd3658328c40b05,fixed,0.85,20,0.35,0.12,699924480,sphere_polar_c10_n_up_gamma_constant_d0p12_a0p85_m16,sphere_mess4,d128l4h2mlp512_700m_seed0_k1,0,1,128,4,random_init,single_layer_single_token,physics,1.0,0.7131475425596531,128,153.625,0.7327704077694555
sphere_polar_c10_n_up_gamma_constant_d0p12_a0p85_m16_d128l4h2mlp512_700m_seed0_k1,H-R2-05-polar-ladder-capacity,dc80726a8c987e8c3a9171299dac00d03a074311,4f4854b447f69bafbccba9f0ff5522ea9e12a21650b2f0050bd3658328c40b05,fixed,0.85,20,0.35,0.12,699924480,sphere_polar_c10_n_up_gamma_constant_d0p12_a0p85_m16,sphere_mess4,d128l4h2mlp512_700m_seed0_k1,0,1,128,4,random_init,single_layer_single_token,belief,10.0,0.23739383925482954,128,153.625,0.23832118184845782
sphere_polar_c10_n_up_gamma_constant_d0p12_a0p85_m16_d128l4h2mlp512_700m_seed0_k1,H-R2-05-polar-ladder-capacity,dc80726a8c987e8c3a9171299dac00d03a074311,4f4854b447f69bafbccba9f0ff5522ea9e12a21650b2f0050bd3658328c40b05,fixed,0.85,20,0.35,0.12,699924480,sphere_polar_c10_n_up_gamma_constant_d0p12_a0p85_m16,sphere_mess4,d128l4h2mlp512_700m_seed0_k1,0,1,128,4,random_init,all_block_layers_single_token,physics,1.0,0.7611677144245816,512,38.40625,0.7865362542418248
sphere_polar_c10_n_up_gamma_constant_d0p12_a0p85_m16_d128l4h2mlp512_700m_seed0_k1,H-R2-05-polar-ladder-capacity,dc80726a8c987e8c3a9171299dac00d03a074311,4f4854b447f69bafbccba9f0ff5522ea9e12a21650b2f0050bd3658328c40b05,fixed,0.85,20,0.35,0.12,699924480,sphere_polar_c10_n_up_gamma_constant_d0p12_a0p85_m16,sphere_mess4,d128l4h2mlp512_700m_seed0_k1,0,1,128,4,random_init,all_block_layers_single_token,belief,1.0,0.3275293976744794,512,38.40625,0.33513199132412186
sphere_polar_c10_n_up_gamma_constant_d0p12_a0p85_m16_d128l4h2mlp512_700m_seed0_k1,H-R2-05-polar-ladder-capacity,dc80726a8c987e8c3a9171299dac00d03a074311,4f4854b447f69bafbccba9f0ff5522ea9e12a21650b2f0050bd3658328c40b05,fixed,0.85,20,0.35,0.12,699924480,sphere_polar_c10_n_up_gamma_constant_d0p12_a0p85_m16,sphere_mess4,d128l4h2mlp512_700m_seed0_k1,0,1,128,4,random_init,embedding_and_all_layers_single_token,physics,1.0,0.7677767674681473,640,30.725,0.7931519159042493
sphere_polar_c10_n_up_gamma_constant_d0p12_a0p85_m16_d128l4h2mlp512_700m_seed0_k1,H-R2-05-polar-ladder-capacity,dc80726a8c987e8c3a9171299dac00d03a074311,4f4854b447f69bafbccba9f0ff5522ea9e12a21650b2f0050bd3658328c40b05,fixed,0.85,20,0.35,0.12,699924480,sphere_polar_c10_n_up_gamma_constant_d0p12_a0p85_m16,sphere_mess4,d128l4h2mlp512_700m_seed0_k1,0,1,128,4,random_init,embedding_and_all_layers_single_token,belief,1.0,0.33559232157730823,640,30.725,0.3468800833640354
sphere_polar_c10_n_up_gamma_constant_d0p12_a0p85_m16_d128l4h2mlp512_700m_seed0_k10,H-R2-05-polar-ladder-capacity,dc80726a8c987e8c3a9171299dac00d03a074311,ccf4d28c9b19266d945c3fdc917ac157a0c9ab3f20e6ab03ef520423844cc5ee,half,0.85,20,0.35,0.12,699924480,sphere_polar_c10_n_up_gamma_constant_d0p12_a0p85_m16,sphere_mess4,d128l4h2mlp512_700m_seed0_k10,0,10,128,4,trained,single_layer_single_token,physics,10.0,0.8719982573715626,128,153.625,0.8818147501738326
sphere_polar_c10_n_up_gamma_constant_d0p12_a0p85_m16_d128l4h2mlp512_700m_seed0_k10,H-R2-05-polar-ladder-capacity,dc80726a8c987e8c3a9171299dac00d03a074311,ccf4d28c9b19266d945c3fdc917ac157a0c9ab3f20e6ab03ef520423844cc5ee,half,0.85,20,0.35,0.12,699924480,sphere_polar_c10_n_up_gamma_constant_d0p12_a0p85_m16,sphere_mess4,d128l4h2mlp512_700m_seed0_k10,0,10,128,4,trained,single_layer_single_token,belief,10.0,0.3635920405732006,128,153.625,0.36519264963486536
sphere_polar_c10_n_up_gamma_constant_d0p12_a0p85_m16_d128l4h2mlp512_700m_seed0_k10,H-R2-05-polar-ladder-capacity,dc80726a8c987e8c3a9171299dac00d03a074311,ccf4d28c9b19266d945c3fdc917ac157a0c9ab3f20e6ab03ef520423844cc5ee,half,0.85,20,0.35,0.12,699924480,sphere_polar_c10_n_up_gamma_constant_d0p12_a0p85_m16,sphere_mess4,d128l4h2mlp512_700m_seed0_k10,0,10,128,4,trained,all_block_layers_single_token,physics,1.0,0.9773691843155414,512,38.40625,0.9811538656519135
sphere_polar_c10_n_up_gamma_constant_d0p12_a0p85_m16_d128l4h2mlp512_700m_seed0_k10,H-R2-05-polar-ladder-capacity,dc80726a8c987e8c3a9171299dac00d03a074311,ccf4d28c9b19266d945c3fdc917ac157a0c9ab3f20e6ab03ef520423844cc5ee,half,0.85,20,0.35,0.12,699924480,sphere_polar_c10_n_up_gamma_constant_d0p12_a0p85_m16,sphere_mess4,d128l4h2mlp512_700m_seed0_k10,0,10,128,4,trained,all_block_layers_single_token,belief,1.0,0.5408010745724257,512,38.40625,0.5471286940073388
sphere_polar_c10_n_up_gamma_constant_d0p12_a0p85_m16_d128l4h2mlp512_700m_seed0_k10,H-R2-05-polar-ladder-capacity,dc80726a8c987e8c3a9171299dac00d03a074311,ccf4d28c9b19266d945c3fdc917ac157a0c9ab3f20e6ab03ef520423844cc5ee,half,0.85,20,0.35,0.12,699924480,sphere_polar_c10_n_up_gamma_constant_d0p12_a0p85_m16,sphere_mess4,d128l4h2mlp512_700m_seed0_k10,0,10,128,4,trained,embedding_and_all_layers_single_token,physics,1.0,0.9792455522129712,640,30.725,0.9839004085168395
sphere_polar_c10_n_up_gamma_constant_d0p12_a0p85_m16_d128l4h2mlp512_700m_seed0_k10,H-R2-05-polar-ladder-capacity,dc80726a8c987e8c3a9171299dac00d03a074311,ccf4d28c9b19266d945c3fdc917ac157a0c9ab3f20e6ab03ef520423844cc5ee,half,0.85,20,0.35,0.12,699924480,sphere_polar_c10_n_up_gamma_constant_d0p12_a0p85_m16,sphere_mess4,d128l4h2mlp512_700m_seed0_k10,0,10,128,4,trained,embedding_and_all_layers_single_token,belief,1.0,0.5502603515457645,640,30.725,0.5563229292833902
sphere_polar_c10_n_up_gamma_constant_d0p12_a0p85_m16_d128l4h2mlp512_700m_seed0_k10,H-R2-05-polar-ladder-capacity,dc80726a8c987e8c3a9171299dac00d03a074311,ccf4d28c9b19266d945c3fdc917ac157a0c9ab3f20e6ab03ef520423844cc5ee,half,0.85,20,0.35,0.12,699924480,sphere_polar_c10_n_up_gamma_constant_d0p12_a0p85_m16,sphere_mess4,d128l4h2mlp512_700m_seed0_k10,0,10,128,4,random_init,single_layer_single_token,physics,1.0,0.7131475425596531,128,153.625,0.7327704077694555
sphere_polar_c10_n_up_gamma_constant_d0p12_a0p85_m16_d128l4h2mlp512_700m_seed0_k10,H-R2-05-polar-ladder-capacity,dc80726a8c987e8c3a9171299dac00d03a074311,ccf4d28c9b19266d945c3fdc917ac157a0c9ab3f20e6ab03ef520423844cc5ee,half,0.85,20,0.35,0.12,699924480,sphere_polar_c10_n_up_gamma_constant_d0p12_a0p85_m16,sphere_mess4,d128l4h2mlp512_700m_seed0_k10,0,10,128,4,random_init,single_layer_single_token,belief,10.0,0.23739383925482954,128,153.625,0.23832118184845782
sphere_polar_c10_n_up_gamma_constant_d0p12_a0p85_m16_d128l4h2mlp512_700m_seed0_k10,H-R2-05-polar-ladder-capacity,dc80726a8c987e8c3a9171299dac00d03a074311,ccf4d28c9b19266d945c3fdc917ac157a0c9ab3f20e6ab03ef520423844cc5ee,half,0.85,20,0.35,0.12,699924480,sphere_polar_c10_n_up_gamma_constant_d0p12_a0p85_m16,sphere_mess4,d128l4h2mlp512_700m_seed0_k10,0,10,128,4,random_init,all_block_layers_single_token,physics,1.0,0.7611677144245816,512,38.40625,0.7865362542418248
sphere_polar_c10_n_up_gamma_constant_d0p12_a0p85_m16_d128l4h2mlp512_700m_seed0_k10,H-R2-05-polar-ladder-capacity,dc80726a8c987e8c3a9171299dac00d03a074311,ccf4d28c9b19266d945c3fdc917ac157a0c9ab3f20e6ab03ef520423844cc5ee,half,0.85,20,0.35,0.12,699924480,sphere_polar_c10_n_up_gamma_constant_d0p12_a0p85_m16,sphere_mess4,d128l4h2mlp512_700m_seed0_k10,0,10,128,4,random_init,all_block_layers_single_token,belief,1.0,0.3275293976744794,512,38.40625,0.33513199132412186
sphere_polar_c10_n_up_gamma_constant_d0p12_a0p85_m16_d128l4h2mlp512_700m_seed0_k10,H-R2-05-polar-ladder-capacity,dc80726a8c987e8c3a9171299dac00d03a074311,ccf4d28c9b19266d945c3fdc917ac157a0c9ab3f20e6ab03ef520423844cc5ee,half,0.85,20,0.35,0.12,699924480,sphere_polar_c10_n_up_gamma_constant_d0p12_a0p85_m16,sphere_mess4,d128l4h2mlp512_700m_seed0_k10,0,10,128,4,random_init,embedding_and_all_layers_single_token,physics,1.0,0.7677767674681473,640,30.725,0.7931519159042493
sphere_polar_c10_n_up_gamma_constant_d0p12_a0p85_m16_d128l4h2mlp512_700m_seed0_k10,H-R2-05-polar-ladder-capacity,dc80726a8c987e8c3a9171299dac00d03a074311,ccf4d28c9b19266d945c3fdc917ac157a0c9ab3f20e6ab03ef520423844cc5ee,half,0.85,20,0.35,0.12,699924480,sphere_polar_c10_n_up_gamma_constant_d0p12_a0p85_m16,sphere_mess4,d128l4h2mlp512_700m_seed0_k10,0,10,128,4,random_init,embedding_and_all_layers_single_token,belief,1.0,0.33559232157730823,640,30.725,0.3468800833640354
sphere_polar_c10_n_up_gamma_constant_d0p12_a0p85_m16_d128l4h2mlp512_700m_seed0_k21,H-R2-05-polar-ladder-capacity,dc80726a8c987e8c3a9171299dac00d03a074311,4cd7e2d0a675cf83b059c64dc6985706e0cc1fe4d7d256c6a040830e014b1b97,n_plus_one,0.85,20,0.35,0.12,699924480,sphere_polar_c10_n_up_gamma_constant_d0p12_a0p85_m16,sphere_mess4,d128l4h2mlp512_700m_seed0_k21,0,21,128,4,trained,single_layer_single_token,physics,1.0,0.9180651408894931,128,153.625,0.9202993379018352
sphere_polar_c10_n_up_gamma_constant_d0p12_a0p85_m16_d128l4h2mlp512_700m_seed0_k21,H-R2-05-polar-ladder-capacity,dc80726a8c987e8c3a9171299dac00d03a074311,4cd7e2d0a675cf83b059c64dc6985706e0cc1fe4d7d256c6a040830e014b1b97,n_plus_one,0.85,20,0.35,0.12,699924480,sphere_polar_c10_n_up_gamma_constant_d0p12_a0p85_m16,sphere_mess4,d128l4h2mlp512_700m_seed0_k21,0,21,128,4,trained,single_layer_single_token,belief,10.0,0.37460085050547665,128,153.625,0.37419827586482396
sphere_polar_c10_n_up_gamma_constant_d0p12_a0p85_m16_d128l4h2mlp512_700m_seed0_k21,H-R2-05-polar-ladder-capacity,dc80726a8c987e8c3a9171299dac00d03a074311,4cd7e2d0a675cf83b059c64dc6985706e0cc1fe4d7d256c6a040830e014b1b97,n_plus_one,0.85,20,0.35,0.12,699924480,sphere_polar_c10_n_up_gamma_constant_d0p12_a0p85_m16,sphere_mess4,d128l4h2mlp512_700m_seed0_k21,0,21,128,4,trained,all_block_layers_single_token,physics,1.0,0.9796080771060445,512,38.40625,0.9812278609743077
sphere_polar_c10_n_up_gamma_constant_d0p12_a0p85_m16_d128l4h2mlp512_700m_seed0_k21,H-R2-05-polar-ladder-capacity,dc80726a8c987e8c3a9171299dac00d03a074311,4cd7e2d0a675cf83b059c64dc6985706e0cc1fe4d7d256c6a040830e014b1b97,n_plus_one,0.85,20,0.35,0.12,699924480,sphere_polar_c10_n_up_gamma_constant_d0p12_a0p85_m16,sphere_mess4,d128l4h2mlp512_700m_seed0_k21,0,21,128,4,trained,all_block_layers_single_token,belief,1.0,0.5416976659966395,512,38.40625,0.5437273857654477
sphere_polar_c10_n_up_gamma_constant_d0p12_a0p85_m16_d128l4h2mlp512_700m_seed0_k21,H-R2-05-polar-ladder-capacity,dc80726a8c987e8c3a9171299dac00d03a074311,4cd7e2d0a675cf83b059c64dc6985706e0cc1fe4d7d256c6a040830e014b1b97,n_plus_one,0.85,20,0.35,0.12,699924480,sphere_polar_c10_n_up_gamma_constant_d0p12_a0p85_m16,sphere_mess4,d128l4h2mlp512_700m_seed0_k21,0,21,128,4,trained,embedding_and_all_layers_single_token,physics,1.0,0.9821332501204676,640,30.725,0.9835506395138478
sphere_polar_c10_n_up_gamma_constant_d0p12_a0p85_m16_d128l4h2mlp512_700m_seed0_k21,H-R2-05-polar-ladder-capacity,dc80726a8c987e8c3a9171299dac00d03a074311,4cd7e2d0a675cf83b059c64dc6985706e0cc1fe4d7d256c6a040830e014b1b97,n_plus_one,0.85,20,0.35,0.12,699924480,sphere_polar_c10_n_up_gamma_constant_d0p12_a0p85_m16,sphere_mess4,d128l4h2mlp512_700m_seed0_k21,0,21,128,4,trained,embedding_and_all_layers_single_token,belief,1.0,0.5471161211771689,640,30.725,0.5482449200560506
sphere_polar_c10_n_up_gamma_constant_d0p12_a0p85_m16_d128l4h2mlp512_700m_seed0_k21,H-R2-05-polar-ladder-capacity,dc80726a8c987e8c3a9171299dac00d03a074311,4cd7e2d0a675cf83b059c64dc6985706e0cc1fe4d7d256c6a040830e014b1b97,n_plus_one,0.85,20,0.35,0.12,699924480,sphere_polar_c10_n_up_gamma_constant_d0p12_a0p85_m16,sphere_mess4,d128l4h2mlp512_700m_seed0_k21,0,21,128,4,random_init,single_layer_single_token,physics,1.0,0.7131475425596531,128,153.625,0.7327704077694555
sphere_polar_c10_n_up_gamma_constant_d0p12_a0p85_m16_d128l4h2mlp512_700m_seed0_k21,H-R2-05-polar-ladder-capacity,dc80726a8c987e8c3a9171299dac00d03a074311,4cd7e2d0a675cf83b059c64dc6985706e0cc1fe4d7d256c6a040830e014b1b97,n_plus_one,0.85,20,0.35,0.12,699924480,sphere_polar_c10_n_up_gamma_constant_d0p12_a0p85_m16,sphere_mess4,d128l4h2mlp512_700m_seed0_k21,0,21,128,4,random_init,single_layer_single_token,belief,10.0,0.23739383925482954,128,153.625,0.23832118184845782
sphere_polar_c10_n_up_gamma_constant_d0p12_a0p85_m16_d128l4h2mlp512_700m_seed0_k21,H-R2-05-polar-ladder-capacity,dc80726a8c987e8c3a9171299dac00d03a074311,4cd7e2d0a675cf83b059c64dc6985706e0cc1fe4d7d256c6a040830e014b1b97,n_plus_one,0.85,20,0.35,0.12,699924480,sphere_polar_c10_n_up_gamma_constant_d0p12_a0p85_m16,sphere_mess4,d128l4h2mlp512_700m_seed0_k21,0,21,128,4,random_init,all_block_layers_single_token,physics,1.0,0.7611677144245816,512,38.40625,0.7865362542418248
sphere_polar_c10_n_up_gamma_constant_d0p12_a0p85_m16_d128l4h2mlp512_700m_seed0_k21,H-R2-05-polar-ladder-capacity,dc80726a8c987e8c3a9171299dac00d03a074311,4cd7e2d0a675cf83b059c64dc6985706e0cc1fe4d7d256c6a040830e014b1b97,n_plus_one,0.85,20,0.35,0.12,699924480,sphere_polar_c10_n_up_gamma_constant_d0p12_a0p85_m16,sphere_mess4,d128l4h2mlp512_700m_seed0_k21,0,21,128,4,random_init,all_block_layers_single_token,belief,1.0,0.3275293976744794,512,38.40625,0.33513199132412186
sphere_polar_c10_n_up_gamma_constant_d0p12_a0p85_m16_d128l4h2mlp512_700m_seed0_k21,H-R2-05-polar-ladder-capacity,dc80726a8c987e8c3a9171299dac00d03a074311,4cd7e2d0a675cf83b059c64dc6985706e0cc1fe4d7d256c6a040830e014b1b97,n_plus_one,0.85,20,0.35,0.12,699924480,sphere_polar_c10_n_up_gamma_constant_d0p12_a0p85_m16,sphere_mess4,d128l4h2mlp512_700m_seed0_k21,0,21,128,4,random_init,embedding_and_all_layers_single_token,physics,1.0,0.7677767674681473,640,30.725,0.7931519159042493
sphere_polar_c10_n_up_gamma_constant_d0p12_a0p85_m16_d128l4h2mlp512_700m_seed0_k21,H-R2-05-polar-ladder-capacity,dc80726a8c987e8c3a9171299dac00d03a074311,4cd7e2d0a675cf83b059c64dc6985706e0cc1fe4d7d256c6a040830e014b1b97,n_plus_one,0.85,20,0.35,0.12,699924480,sphere_polar_c10_n_up_gamma_constant_d0p12_a0p85_m16,sphere_mess4,d128l4h2mlp512_700m_seed0_k21,0,21,128,4,random_init,embedding_and_all_layers_single_token,belief,1.0,0.33559232157730823,640,30.725,0.3468800833640354
sphere_polar_c10_n_up_gamma_constant_d0p12_a0p95_m16_d128l4h2mlp512_700m_seed0_k1,H-R2-05-polar-ladder-capacity,dc80726a8c987e8c3a9171299dac00d03a074311,26c778c9ddb4a5e06cd952eb428c2f890a510a288c8a09d3952b61c739b04921,fixed,0.95,20,0.35,0.12,699924480,sphere_polar_c10_n_up_gamma_constant_d0p12_a0p95_m16,sphere_mess4,d128l4h2mlp512_700m_seed0_k1,0,1,128,4,trained,single_layer_single_token,physics,1.0,0.8541323274941841,128,153.75,0.8586665952621724
sphere_polar_c10_n_up_gamma_constant_d0p12_a0p95_m16_d128l4h2mlp512_700m_seed0_k1,H-R2-05-polar-ladder-capacity,dc80726a8c987e8c3a9171299dac00d03a074311,26c778c9ddb4a5e06cd952eb428c2f890a510a288c8a09d3952b61c739b04921,fixed,0.95,20,0.35,0.12,699924480,sphere_polar_c10_n_up_gamma_constant_d0p12_a0p95_m16,sphere_mess4,d128l4h2mlp512_700m_seed0_k1,0,1,128,4,trained,single_layer_single_token,belief,10.0,0.33350052410644004,128,153.75,0.331083503985228
sphere_polar_c10_n_up_gamma_constant_d0p12_a0p95_m16_d128l4h2mlp512_700m_seed0_k1,H-R2-05-polar-ladder-capacity,dc80726a8c987e8c3a9171299dac00d03a074311,26c778c9ddb4a5e06cd952eb428c2f890a510a288c8a09d3952b61c739b04921,fixed,0.95,20,0.35,0.12,699924480,sphere_polar_c10_n_up_gamma_constant_d0p12_a0p95_m16,sphere_mess4,d128l4h2mlp512_700m_seed0_k1,0,1,128,4,trained,all_block_layers_single_token,physics,1.0,0.9723249023413493,512,38.4375,0.9748835309751853
sphere_polar_c10_n_up_gamma_constant_d0p12_a0p95_m16_d128l4h2mlp512_700m_seed0_k1,H-R2-05-polar-ladder-capacity,dc80726a8c987e8c3a9171299dac00d03a074311,26c778c9ddb4a5e06cd952eb428c2f890a510a288c8a09d3952b61c739b04921,fixed,0.95,20,0.35,0.12,699924480,sphere_polar_c10_n_up_gamma_constant_d0p12_a0p95_m16,sphere_mess4,d128l4h2mlp512_700m_seed0_k1,0,1,128,4,trained,all_block_layers_single_token,belief,1.0,0.5220523441445017,512,38.4375,0.5298674703335973
sphere_polar_c10_n_up_gamma_constant_d0p12_a0p95_m16_d128l4h2mlp512_700m_seed0_k1,H-R2-05-polar-ladder-capacity,dc80726a8c987e8c3a9171299dac00d03a074311,26c778c9ddb4a5e06cd952eb428c2f890a510a288c8a09d3952b61c739b04921,fixed,0.95,20,0.35,0.12,699924480,sphere_polar_c10_n_up_gamma_constant_d0p12_a0p95_m16,sphere_mess4,d128l4h2mlp512_700m_seed0_k1,0,1,128,4,trained,embedding_and_all_layers_single_token,physics,1.0,0.9761993566890148,640,30.75,0.9780266766925774
sphere_polar_c10_n_up_gamma_constant_d0p12_a0p95_m16_d128l4h2mlp512_700m_seed0_k1,H-R2-05-polar-ladder-capacity,dc80726a8c987e8c3a9171299dac00d03a074311,26c778c9ddb4a5e06cd952eb428c2f890a510a288c8a09d3952b61c739b04921,fixed,0.95,20,0.35,0.12,699924480,sphere_polar_c10_n_up_gamma_constant_d0p12_a0p95_m16,sphere_mess4,d128l4h2mlp512_700m_seed0_k1,0,1,128,4,trained,embedding_and_all_layers_single_token,belief,1.0,0.5308335059307436,640,30.75,0.5363633079100051
sphere_polar_c10_n_up_gamma_constant_d0p12_a0p95_m16_d128l4h2mlp512_700m_seed0_k1,H-R2-05-polar-ladder-capacity,dc80726a8c987e8c3a9171299dac00d03a074311,26c778c9ddb4a5e06cd952eb428c2f890a510a288c8a09d3952b61c739b04921,fixed,0.95,20,0.35,0.12,699924480,sphere_polar_c10_n_up_gamma_constant_d0p12_a0p95_m16,sphere_mess4,d128l4h2mlp512_700m_seed0_k1,0,1,128,4,random_init,single_layer_single_token,physics,1.0,0.7284444342265584,128,153.75,0.7459700950059531
sphere_polar_c10_n_up_gamma_constant_d0p12_a0p95_m16_d128l4h2mlp512_700m_seed0_k1,H-R2-05-polar-ladder-capacity,dc80726a8c987e8c3a9171299dac00d03a074311,26c778c9ddb4a5e06cd952eb428c2f890a510a288c8a09d3952b61c739b04921,fixed,0.95,20,0.35,0.12,699924480,sphere_polar_c10_n_up_gamma_constant_d0p12_a0p95_m16,sphere_mess4,d128l4h2mlp512_700m_seed0_k1,0,1,128,4,random_init,single_layer_single_token,belief,10.0,0.2701147129097438,128,153.75,0.27041253625524847
sphere_polar_c10_n_up_gamma_constant_d0p12_a0p95_m16_d128l4h2mlp512_700m_seed0_k1,H-R2-05-polar-ladder-capacity,dc80726a8c987e8c3a9171299dac00d03a074311,26c778c9ddb4a5e06cd952eb428c2f890a510a288c8a09d3952b61c739b04921,fixed,0.95,20,0.35,0.12,699924480,sphere_polar_c10_n_up_gamma_constant_d0p12_a0p95_m16,sphere_mess4,d128l4h2mlp512_700m_seed0_k1,0,1,128,4,random_init,all_block_layers_single_token,physics,1.0,0.7819660186997409,512,38.4375,0.8044588346481776
sphere_polar_c10_n_up_gamma_constant_d0p12_a0p95_m16_d128l4h2mlp512_700m_seed0_k1,H-R2-05-polar-ladder-capacity,dc80726a8c987e8c3a9171299dac00d03a074311,26c778c9ddb4a5e06cd952eb428c2f890a510a288c8a09d3952b61c739b04921,fixed,0.95,20,0.35,0.12,699924480,sphere_polar_c10_n_up_gamma_constant_d0p12_a0p95_m16,sphere_mess4,d128l4h2mlp512_700m_seed0_k1,0,1,128,4,random_init,all_block_layers_single_token,belief,1.0,0.3655581006741591,512,38.4375,0.3774392529173066
sphere_polar_c10_n_up_gamma_constant_d0p12_a0p95_m16_d128l4h2mlp512_700m_seed0_k1,H-R2-05-polar-ladder-capacity,dc80726a8c987e8c3a9171299dac00d03a074311,26c778c9ddb4a5e06cd952eb428c2f890a510a288c8a09d3952b61c739b04921,fixed,0.95,20,0.35,0.12,699924480,sphere_polar_c10_n_up_gamma_constant_d0p12_a0p95_m16,sphere_mess4,d128l4h2mlp512_700m_seed0_k1,0,1,128,4,random_init,embedding_and_all_layers_single_token,physics,1.0,0.7853720743024826,640,30.75,0.8087278740723316
sphere_polar_c10_n_up_gamma_constant_d0p12_a0p95_m16_d128l4h2mlp512_700m_seed0_k1,H-R2-05-polar-ladder-capacity,dc80726a8c987e8c3a9171299dac00d03a074311,26c778c9ddb4a5e06cd952eb428c2f890a510a288c8a09d3952b61c739b04921,fixed,0.95,20,0.35,0.12,699924480,sphere_polar_c10_n_up_gamma_constant_d0p12_a0p95_m16,sphere_mess4,d128l4h2mlp512_700m_seed0_k1,0,1,128,4,random_init,embedding_and_all_layers_single_token,belief,1.0,0.3725680648376588,640,30.75,0.3859006802435494
sphere_polar_c10_n_up_gamma_constant_d0p12_a0p95_m16_d128l4h2mlp512_700m_seed0_k10,H-R2-05-polar-ladder-capacity,dc80726a8c987e8c3a9171299dac00d03a074311,17912667e65f9b62d42197536836fcf7a80872e7f81eec7c2881bec55550b831,half,0.95,20,0.35,0.12,699924480,sphere_polar_c10_n_up_gamma_constant_d0p12_a0p95_m16,sphere_mess4,d128l4h2mlp512_700m_seed0_k10,0,10,128,4,trained,single_layer_single_token,physics,1.0,0.8616603888042004,128,153.75,0.8680260186374708
sphere_polar_c10_n_up_gamma_constant_d0p12_a0p95_m16_d128l4h2mlp512_700m_seed0_k10,H-R2-05-polar-ladder-capacity,dc80726a8c987e8c3a9171299dac00d03a074311,17912667e65f9b62d42197536836fcf7a80872e7f81eec7c2881bec55550b831,half,0.95,20,0.35,0.12,699924480,sphere_polar_c10_n_up_gamma_constant_d0p12_a0p95_m16,sphere_mess4,d128l4h2mlp512_700m_seed0_k10,0,10,128,4,trained,single_layer_single_token,belief,10.0,0.415924169131951,128,153.75,0.42237176499196377
sphere_polar_c10_n_up_gamma_constant_d0p12_a0p95_m16_d128l4h2mlp512_700m_seed0_k10,H-R2-05-polar-ladder-capacity,dc80726a8c987e8c3a9171299dac00d03a074311,17912667e65f9b62d42197536836fcf7a80872e7f81eec7c2881bec55550b831,half,0.95,20,0.35,0.12,699924480,sphere_polar_c10_n_up_gamma_constant_d0p12_a0p95_m16,sphere_mess4,d128l4h2mlp512_700m_seed0_k10,0,10,128,4,trained,all_block_layers_single_token,physics,1.0,0.976159481776312,512,38.4375,0.979114059297415
sphere_polar_c10_n_up_gamma_constant_d0p12_a0p95_m16_d128l4h2mlp512_700m_seed0_k10,H-R2-05-polar-ladder-capacity,dc80726a8c987e8c3a9171299dac00d03a074311,17912667e65f9b62d42197536836fcf7a80872e7f81eec7c2881bec55550b831,half,0.95,20,0.35,0.12,699924480,sphere_polar_c10_n_up_gamma_constant_d0p12_a0p95_m16,sphere_mess4,d128l4h2mlp512_700m_seed0_k10,0,10,128,4,trained,all_block_layers_single_token,belief,1.0,0.6264302874959209,512,38.4375,0.632114423662115
sphere_polar_c10_n_up_gamma_constant_d0p12_a0p95_m16_d128l4h2mlp512_700m_seed0_k10,H-R2-05-polar-ladder-capacity,dc80726a8c987e8c3a9171299dac00d03a074311,17912667e65f9b62d42197536836fcf7a80872e7f81eec7c2881bec55550b831,half,0.95,20,0.35,0.12,699924480,sphere_polar_c10_n_up_gamma_constant_d0p12_a0p95_m16,sphere_mess4,d128l4h2mlp512_700m_seed0_k10,0,10,128,4,trained,embedding_and_all_layers_single_token,physics,1.0,0.9782154008395796,640,30.75,0.9824622005638253
sphere_polar_c10_n_up_gamma_constant_d0p12_a0p95_m16_d128l4h2mlp512_700m_seed0_k10,H-R2-05-polar-ladder-capacity,dc80726a8c987e8c3a9171299dac00d03a074311,17912667e65f9b62d42197536836fcf7a80872e7f81eec7c2881bec55550b831,half,0.95,20,0.35,0.12,699924480,sphere_polar_c10_n_up_gamma_constant_d0p12_a0p95_m16,sphere_mess4,d128l4h2mlp512_700m_seed0_k10,0,10,128,4,trained,embedding_and_all_layers_single_token,belief,10.0,0.6337437992388224,640,30.75,0.6384833318734271
sphere_polar_c10_n_up_gamma_constant_d0p12_a0p95_m16_d128l4h2mlp512_700m_seed0_k10,H-R2-05-polar-ladder-capacity,dc80726a8c987e8c3a9171299dac00d03a074311,17912667e65f9b62d42197536836fcf7a80872e7f81eec7c2881bec55550b831,half,0.95,20,0.35,0.12,699924480,sphere_polar_c10_n_up_gamma_constant_d0p12_a0p95_m16,sphere_mess4,d128l4h2mlp512_700m_seed0_k10,0,10,128,4,random_init,single_layer_single_token,physics,1.0,0.7284444342265584,128,153.75,0.7459700950059531
sphere_polar_c10_n_up_gamma_constant_d0p12_a0p95_m16_d128l4h2mlp512_700m_seed0_k10,H-R2-05-polar-ladder-capacity,dc80726a8c987e8c3a9171299dac00d03a074311,17912667e65f9b62d42197536836fcf7a80872e7f81eec7c2881bec55550b831,half,0.95,20,0.35,0.12,699924480,sphere_polar_c10_n_up_gamma_constant_d0p12_a0p95_m16,sphere_mess4,d128l4h2mlp512_700m_seed0_k10,0,10,128,4,random_init,single_layer_single_token,belief,10.0,0.2701147129097438,128,153.75,0.27041253625524847
sphere_polar_c10_n_up_gamma_constant_d0p12_a0p95_m16_d128l4h2mlp512_700m_seed0_k10,H-R2-05-polar-ladder-capacity,dc80726a8c987e8c3a9171299dac00d03a074311,17912667e65f9b62d42197536836fcf7a80872e7f81eec7c2881bec55550b831,half,0.95,20,0.35,0.12,699924480,sphere_polar_c10_n_up_gamma_constant_d0p12_a0p95_m16,sphere_mess4,d128l4h2mlp512_700m_seed0_k10,0,10,128,4,random_init,all_block_layers_single_token,physics,1.0,0.7819660186997409,512,38.4375,0.8044588346481776
sphere_polar_c10_n_up_gamma_constant_d0p12_a0p95_m16_d128l4h2mlp512_700m_seed0_k10,H-R2-05-polar-ladder-capacity,dc80726a8c987e8c3a9171299dac00d03a074311,17912667e65f9b62d42197536836fcf7a80872e7f81eec7c2881bec55550b831,half,0.95,20,0.35,0.12,699924480,sphere_polar_c10_n_up_gamma_constant_d0p12_a0p95_m16,sphere_mess4,d128l4h2mlp512_700m_seed0_k10,0,10,128,4,random_init,all_block_layers_single_token,belief,1.0,0.3655581006741591,512,38.4375,0.3774392529173066
sphere_polar_c10_n_up_gamma_constant_d0p12_a0p95_m16_d128l4h2mlp512_700m_seed0_k10,H-R2-05-polar-ladder-capacity,dc80726a8c987e8c3a9171299dac00d03a074311,17912667e65f9b62d42197536836fcf7a80872e7f81eec7c2881bec55550b831,half,0.95,20,0.35,0.12,699924480,sphere_polar_c10_n_up_gamma_constant_d0p12_a0p95_m16,sphere_mess4,d128l4h2mlp512_700m_seed0_k10,0,10,128,4,random_init,embedding_and_all_layers_single_token,physics,1.0,0.7853720743024826,640,30.75,0.8087278740723316
sphere_polar_c10_n_up_gamma_constant_d0p12_a0p95_m16_d128l4h2mlp512_700m_seed0_k10,H-R2-05-polar-ladder-capacity,dc80726a8c987e8c3a9171299dac00d03a074311,17912667e65f9b62d42197536836fcf7a80872e7f81eec7c2881bec55550b831,half,0.95,20,0.35,0.12,699924480,sphere_polar_c10_n_up_gamma_constant_d0p12_a0p95_m16,sphere_mess4,d128l4h2mlp512_700m_seed0_k10,0,10,128,4,random_init,embedding_and_all_layers_single_token,belief,1.0,0.3725680648376588,640,30.75,0.3859006802435494
sphere_polar_c10_n_up_gamma_constant_d0p12_a0p95_m16_d128l4h2mlp512_700m_seed0_k21,H-R2-05-polar-ladder-capacity,dc80726a8c987e8c3a9171299dac00d03a074311,44e7b8b05fd9da1a715c9dda4d3027d4f40c25afafae78fc8cde8b0253739fe4,n_plus_one,0.95,20,0.35,0.12,699924480,sphere_polar_c10_n_up_gamma_constant_d0p12_a0p95_m16,sphere_mess4,d128l4h2mlp512_700m_seed0_k21,0,21,128,4,trained,single_layer_single_token,physics,1.0,0.8687608985026305,128,153.75,0.8693004205035698
sphere_polar_c10_n_up_gamma_constant_d0p12_a0p95_m16_d128l4h2mlp512_700m_seed0_k21,H-R2-05-polar-ladder-capacity,dc80726a8c987e8c3a9171299dac00d03a074311,44e7b8b05fd9da1a715c9dda4d3027d4f40c25afafae78fc8cde8b0253739fe4,n_plus_one,0.95,20,0.35,0.12,699924480,sphere_polar_c10_n_up_gamma_constant_d0p12_a0p95_m16,sphere_mess4,d128l4h2mlp512_700m_seed0_k21,0,21,128,4,trained,single_layer_single_token,belief,10.0,0.41270183765183055,128,153.75,0.42212451745345225
sphere_polar_c10_n_up_gamma_constant_d0p12_a0p95_m16_d128l4h2mlp512_700m_seed0_k21,H-R2-05-polar-ladder-capacity,dc80726a8c987e8c3a9171299dac00d03a074311,44e7b8b05fd9da1a715c9dda4d3027d4f40c25afafae78fc8cde8b0253739fe4,n_plus_one,0.95,20,0.35,0.12,699924480,sphere_polar_c10_n_up_gamma_constant_d0p12_a0p95_m16,sphere_mess4,d128l4h2mlp512_700m_seed0_k21,0,21,128,4,trained,all_block_layers_single_token,physics,1.0,0.9704435988314202,512,38.4375,0.9722138221034236
sphere_polar_c10_n_up_gamma_constant_d0p12_a0p95_m16_d128l4h2mlp512_700m_seed0_k21,H-R2-05-polar-ladder-capacity,dc80726a8c987e8c3a9171299dac00d03a074311,44e7b8b05fd9da1a715c9dda4d3027d4f40c25afafae78fc8cde8b0253739fe4,n_plus_one,0.95,20,0.35,0.12,699924480,sphere_polar_c10_n_up_gamma_constant_d0p12_a0p95_m16,sphere_mess4,d128l4h2mlp512_700m_seed0_k21,0,21,128,4,trained,all_block_layers_single_token,belief,1.0,0.624080683861808,512,38.4375,0.6345115087854789
sphere_polar_c10_n_up_gamma_constant_d0p12_a0p95_m16_d128l4h2mlp512_700m_seed0_k21,H-R2-05-polar-ladder-capacity,dc80726a8c987e8c3a9171299dac00d03a074311,44e7b8b05fd9da1a715c9dda4d3027d4f40c25afafae78fc8cde8b0253739fe4,n_plus_one,0.95,20,0.35,0.12,699924480,sphere_polar_c10_n_up_gamma_constant_d0p12_a0p95_m16,sphere_mess4,d128l4h2mlp512_700m_seed0_k21,0,21,128,4,trained,embedding_and_all_layers_single_token,physics,1.0,0.9740188436731905,640,30.75,0.9760861692461418
sphere_polar_c10_n_up_gamma_constant_d0p12_a0p95_m16_d128l4h2mlp512_700m_seed0_k21,H-R2-05-polar-ladder-capacity,dc80726a8c987e8c3a9171299dac00d03a074311,44e7b8b05fd9da1a715c9dda4d3027d4f40c25afafae78fc8cde8b0253739fe4,n_plus_one,0.95,20,0.35,0.12,699924480,sphere_polar_c10_n_up_gamma_constant_d0p12_a0p95_m16,sphere_mess4,d128l4h2mlp512_700m_seed0_k21,0,21,128,4,trained,embedding_and_all_layers_single_token,belief,1.0,0.6333169470850123,640,30.75,0.6427638797884803
sphere_polar_c10_n_up_gamma_constant_d0p12_a0p95_m16_d128l4h2mlp512_700m_seed0_k21,H-R2-05-polar-ladder-capacity,dc80726a8c987e8c3a9171299dac00d03a074311,44e7b8b05fd9da1a715c9dda4d3027d4f40c25afafae78fc8cde8b0253739fe4,n_plus_one,0.95,20,0.35,0.12,699924480,sphere_polar_c10_n_up_gamma_constant_d0p12_a0p95_m16,sphere_mess4,d128l4h2mlp512_700m_seed0_k21,0,21,128,4,random_init,single_layer_single_token,physics,1.0,0.7284444342265584,128,153.75,0.7459700950059531
sphere_polar_c10_n_up_gamma_constant_d0p12_a0p95_m16_d128l4h2mlp512_700m_seed0_k21,H-R2-05-polar-ladder-capacity,dc80726a8c987e8c3a9171299dac00d03a074311,44e7b8b05fd9da1a715c9dda4d3027d4f40c25afafae78fc8cde8b0253739fe4,n_plus_one,0.95,20,0.35,0.12,699924480,sphere_polar_c10_n_up_gamma_constant_d0p12_a0p95_m16,sphere_mess4,d128l4h2mlp512_700m_seed0_k21,0,21,128,4,random_init,single_layer_single_token,belief,10.0,0.2701147129097438,128,153.75,0.27041253625524847
sphere_polar_c10_n_up_gamma_constant_d0p12_a0p95_m16_d128l4h2mlp512_700m_seed0_k21,H-R2-05-polar-ladder-capacity,dc80726a8c987e8c3a9171299dac00d03a074311,44e7b8b05fd9da1a715c9dda4d3027d4f40c25afafae78fc8cde8b0253739fe4,n_plus_one,0.95,20,0.35,0.12,699924480,sphere_polar_c10_n_up_gamma_constant_d0p12_a0p95_m16,sphere_mess4,d128l4h2mlp512_700m_seed0_k21,0,21,128,4,random_init,all_block_layers_single_token,physics,1.0,0.7819660186997409,512,38.4375,0.8044588346481776
sphere_polar_c10_n_up_gamma_constant_d0p12_a0p95_m16_d128l4h2mlp512_700m_seed0_k21,H-R2-05-polar-ladder-capacity,dc80726a8c987e8c3a9171299dac00d03a074311,44e7b8b05fd9da1a715c9dda4d3027d4f40c25afafae78fc8cde8b0253739fe4,n_plus_one,0.95,20,0.35,0.12,699924480,sphere_polar_c10_n_up_gamma_constant_d0p12_a0p95_m16,sphere_mess4,d128l4h2mlp512_700m_seed0_k21,0,21,128,4,random_init,all_block_layers_single_token,belief,1.0,0.3655581006741591,512,38.4375,0.3774392529173066
sphere_polar_c10_n_up_gamma_constant_d0p12_a0p95_m16_d128l4h2mlp512_700m_seed0_k21,H-R2-05-polar-ladder-capacity,dc80726a8c987e8c3a9171299dac00d03a074311,44e7b8b05fd9da1a715c9dda4d3027d4f40c25afafae78fc8cde8b0253739fe4,n_plus_one,0.95,20,0.35,0.12,699924480,sphere_polar_c10_n_up_gamma_constant_d0p12_a0p95_m16,sphere_mess4,d128l4h2mlp512_700m_seed0_k21,0,21,128,4,random_init,embedding_and_all_layers_single_token,physics,1.0,0.7853720743024826,640,30.75,0.8087278740723316
sphere_polar_c10_n_up_gamma_constant_d0p12_a0p95_m16_d128l4h2mlp512_700m_seed0_k21,H-R2-05-polar-ladder-capacity,dc80726a8c987e8c3a9171299dac00d03a074311,44e7b8b05fd9da1a715c9dda4d3027d4f40c25afafae78fc8cde8b0253739fe4,n_plus_one,0.95,20,0.35,0.12,699924480,sphere_polar_c10_n_up_gamma_constant_d0p12_a0p95_m16,sphere_mess4,d128l4h2mlp512_700m_seed0_k21,0,21,128,4,random_init,embedding_and_all_layers_single_token,belief,1.0,0.3725680648376588,640,30.75,0.3859006802435494
sphere_polar_c11_n_up_gamma_constant_d0p14_a0p5_m16_d128l4h2mlp512_700m_seed0_k1,H-R2-05-polar-ladder-capacity,dc80726a8c987e8c3a9171299dac00d03a074311,c511d9edd0bce58f50645072b0f0c7776af5a7142407f6aeb14eca91def7752a,fixed,0.5,20,0.35,0.14,699924480,sphere_polar_c11_n_up_gamma_constant_d0p14_a0p5_m16,sphere_mess4,d128l4h2mlp512_700m_seed0_k1,0,1,128,4,trained,single_layer_single_token,physics,1.0,0.8748596193166214,128,153.5,0.8789016166109928
sphere_polar_c11_n_up_gamma_constant_d0p14_a0p5_m16_d128l4h2mlp512_700m_seed0_k1,H-R2-05-polar-ladder-capacity,dc80726a8c987e8c3a9171299dac00d03a074311,c511d9edd0bce58f50645072b0f0c7776af5a7142407f6aeb14eca91def7752a,fixed,0.5,20,0.35,0.14,699924480,sphere_polar_c11_n_up_gamma_constant_d0p14_a0p5_m16,sphere_mess4,d128l4h2mlp512_700m_seed0_k1,0,1,128,4,trained,single_layer_single_token,belief,10.0,0.20856765371423683,128,153.5,0.2067663033549069
sphere_polar_c11_n_up_gamma_constant_d0p14_a0p5_m16_d128l4h2mlp512_700m_seed0_k1,H-R2-05-polar-ladder-capacity,dc80726a8c987e8c3a9171299dac00d03a074311,c511d9edd0bce58f50645072b0f0c7776af5a7142407f6aeb14eca91def7752a,fixed,0.5,20,0.35,0.14,699924480,sphere_polar_c11_n_up_gamma_constant_d0p14_a0p5_m16,sphere_mess4,d128l4h2mlp512_700m_seed0_k1,0,1,128,4,trained,all_block_layers_single_token,physics,1.0,0.9796160567026562,512,38.375,0.982050383030638
sphere_polar_c11_n_up_gamma_constant_d0p14_a0p5_m16_d128l4h2mlp512_700m_seed0_k1,H-R2-05-polar-ladder-capacity,dc80726a8c987e8c3a9171299dac00d03a074311,c511d9edd0bce58f50645072b0f0c7776af5a7142407f6aeb14eca91def7752a,fixed,0.5,20,0.35,0.14,699924480,sphere_polar_c11_n_up_gamma_constant_d0p14_a0p5_m16,sphere_mess4,d128l4h2mlp512_700m_seed0_k1,0,1,128,4,trained,all_block_layers_single_token,belief,1.0,0.35848227683920975,512,38.375,0.34788747888736343
sphere_polar_c11_n_up_gamma_constant_d0p14_a0p5_m16_d128l4h2mlp512_700m_seed0_k1,H-R2-05-polar-ladder-capacity,dc80726a8c987e8c3a9171299dac00d03a074311,c511d9edd0bce58f50645072b0f0c7776af5a7142407f6aeb14eca91def7752a,fixed,0.5,20,0.35,0.14,699924480,sphere_polar_c11_n_up_gamma_constant_d0p14_a0p5_m16,sphere_mess4,d128l4h2mlp512_700m_seed0_k1,0,1,128,4,trained,embedding_and_all_layers_single_token,physics,1.0,0.9815861023994532,640,30.7,0.9841130730743032
sphere_polar_c11_n_up_gamma_constant_d0p14_a0p5_m16_d128l4h2mlp512_700m_seed0_k1,H-R2-05-polar-ladder-capacity,dc80726a8c987e8c3a9171299dac00d03a074311,c511d9edd0bce58f50645072b0f0c7776af5a7142407f6aeb14eca91def7752a,fixed,0.5,20,0.35,0.14,699924480,sphere_polar_c11_n_up_gamma_constant_d0p14_a0p5_m16,sphere_mess4,d128l4h2mlp512_700m_seed0_k1,0,1,128,4,trained,embedding_and_all_layers_single_token,belief,1.0,0.36596967726706703,640,30.7,0.3583996063172967
sphere_polar_c11_n_up_gamma_constant_d0p14_a0p5_m16_d128l4h2mlp512_700m_seed0_k1,H-R2-05-polar-ladder-capacity,dc80726a8c987e8c3a9171299dac00d03a074311,c511d9edd0bce58f50645072b0f0c7776af5a7142407f6aeb14eca91def7752a,fixed,0.5,20,0.35,0.14,699924480,sphere_polar_c11_n_up_gamma_constant_d0p14_a0p5_m16,sphere_mess4,d128l4h2mlp512_700m_seed0_k1,0,1,128,4,random_init,single_layer_single_token,physics,10.0,0.6665191531845972,128,153.5,0.6740103197454991
sphere_polar_c11_n_up_gamma_constant_d0p14_a0p5_m16_d128l4h2mlp512_700m_seed0_k1,H-R2-05-polar-ladder-capacity,dc80726a8c987e8c3a9171299dac00d03a074311,c511d9edd0bce58f50645072b0f0c7776af5a7142407f6aeb14eca91def7752a,fixed,0.5,20,0.35,0.14,699924480,sphere_polar_c11_n_up_gamma_constant_d0p14_a0p5_m16,sphere_mess4,d128l4h2mlp512_700m_seed0_k1,0,1,128,4,random_init,single_layer_single_token,belief,10.0,0.16343746963343947,128,153.5,0.16571584996982955
sphere_polar_c11_n_up_gamma_constant_d0p14_a0p5_m16_d128l4h2mlp512_700m_seed0_k1,H-R2-05-polar-ladder-capacity,dc80726a8c987e8c3a9171299dac00d03a074311,c511d9edd0bce58f50645072b0f0c7776af5a7142407f6aeb14eca91def7752a,fixed,0.5,20,0.35,0.14,699924480,sphere_polar_c11_n_up_gamma_constant_d0p14_a0p5_m16,sphere_mess4,d128l4h2mlp512_700m_seed0_k1,0,1,128,4,random_init,all_block_layers_single_token,physics,1.0,0.7093277421610391,512,38.375,0.7302825377877654
sphere_polar_c11_n_up_gamma_constant_d0p14_a0p5_m16_d128l4h2mlp512_700m_seed0_k1,H-R2-05-polar-ladder-capacity,dc80726a8c987e8c3a9171299dac00d03a074311,c511d9edd0bce58f50645072b0f0c7776af5a7142407f6aeb14eca91def7752a,fixed,0.5,20,0.35,0.14,699924480,sphere_polar_c11_n_up_gamma_constant_d0p14_a0p5_m16,sphere_mess4,d128l4h2mlp512_700m_seed0_k1,0,1,128,4,random_init,all_block_layers_single_token,belief,1.0,0.2368967307383943,512,38.375,0.24636875443801115
sphere_polar_c11_n_up_gamma_constant_d0p14_a0p5_m16_d128l4h2mlp512_700m_seed0_k1,H-R2-05-polar-ladder-capacity,dc80726a8c987e8c3a9171299dac00d03a074311,c511d9edd0bce58f50645072b0f0c7776af5a7142407f6aeb14eca91def7752a,fixed,0.5,20,0.35,0.14,699924480,sphere_polar_c11_n_up_gamma_constant_d0p14_a0p5_m16,sphere_mess4,d128l4h2mlp512_700m_seed0_k1,0,1,128,4,random_init,embedding_and_all_layers_single_token,physics,1.0,0.7156716597529147,640,30.7,0.7379654559792203
sphere_polar_c11_n_up_gamma_constant_d0p14_a0p5_m16_d128l4h2mlp512_700m_seed0_k1,H-R2-05-polar-ladder-capacity,dc80726a8c987e8c3a9171299dac00d03a074311,c511d9edd0bce58f50645072b0f0c7776af5a7142407f6aeb14eca91def7752a,fixed,0.5,20,0.35,0.14,699924480,sphere_polar_c11_n_up_gamma_constant_d0p14_a0p5_m16,sphere_mess4,d128l4h2mlp512_700m_seed0_k1,0,1,128,4,random_init,embedding_and_all_layers_single_token,belief,1.0,0.24435643985040384,640,30.7,0.2573643555252462
sphere_polar_c11_n_up_gamma_constant_d0p14_a0p5_m16_d128l4h2mlp512_700m_seed0_k10,H-R2-05-polar-ladder-capacity,dc80726a8c987e8c3a9171299dac00d03a074311,a7cccdf9269b38c8889e30a5a59a7e832d38afb64c31309f459de402c46d100c,half,0.5,20,0.35,0.14,699924480,sphere_polar_c11_n_up_gamma_constant_d0p14_a0p5_m16,sphere_mess4,d128l4h2mlp512_700m_seed0_k10,0,10,128,4,trained,single_layer_single_token,physics,10.0,0.8933134720555728,128,153.5,0.8924270257381379
sphere_polar_c11_n_up_gamma_constant_d0p14_a0p5_m16_d128l4h2mlp512_700m_seed0_k10,H-R2-05-polar-ladder-capacity,dc80726a8c987e8c3a9171299dac00d03a074311,a7cccdf9269b38c8889e30a5a59a7e832d38afb64c31309f459de402c46d100c,half,0.5,20,0.35,0.14,699924480,sphere_polar_c11_n_up_gamma_constant_d0p14_a0p5_m16,sphere_mess4,d128l4h2mlp512_700m_seed0_k10,0,10,128,4,trained,single_layer_single_token,belief,10.0,0.20292168703306349,128,153.5,0.20035493743994162
sphere_polar_c11_n_up_gamma_constant_d0p14_a0p5_m16_d128l4h2mlp512_700m_seed0_k10,H-R2-05-polar-ladder-capacity,dc80726a8c987e8c3a9171299dac00d03a074311,a7cccdf9269b38c8889e30a5a59a7e832d38afb64c31309f459de402c46d100c,half,0.5,20,0.35,0.14,699924480,sphere_polar_c11_n_up_gamma_constant_d0p14_a0p5_m16,sphere_mess4,d128l4h2mlp512_700m_seed0_k10,0,10,128,4,trained,all_block_layers_single_token,physics,1.0,0.9795735089730373,512,38.375,0.980131913244361
sphere_polar_c11_n_up_gamma_constant_d0p14_a0p5_m16_d128l4h2mlp512_700m_seed0_k10,H-R2-05-polar-ladder-capacity,dc80726a8c987e8c3a9171299dac00d03a074311,a7cccdf9269b38c8889e30a5a59a7e832d38afb64c31309f459de402c46d100c,half,0.5,20,0.35,0.14,699924480,sphere_polar_c11_n_up_gamma_constant_d0p14_a0p5_m16,sphere_mess4,d128l4h2mlp512_700m_seed0_k10,0,10,128,4,trained,all_block_layers_single_token,belief,1.0,0.3525091020982507,512,38.375,0.34612574911790156
sphere_polar_c11_n_up_gamma_constant_d0p14_a0p5_m16_d128l4h2mlp512_700m_seed0_k10,H-R2-05-polar-ladder-capacity,dc80726a8c987e8c3a9171299dac00d03a074311,a7cccdf9269b38c8889e30a5a59a7e832d38afb64c31309f459de402c46d100c,half,0.5,20,0.35,0.14,699924480,sphere_polar_c11_n_up_gamma_constant_d0p14_a0p5_m16,sphere_mess4,d128l4h2mlp512_700m_seed0_k10,0,10,128,4,trained,embedding_and_all_layers_single_token,physics,1.0,0.9829048813799127,640,30.7,0.9829344210502516
sphere_polar_c11_n_up_gamma_constant_d0p14_a0p5_m16_d128l4h2mlp512_700m_seed0_k10,H-R2-05-polar-ladder-capacity,dc80726a8c987e8c3a9171299dac00d03a074311,a7cccdf9269b38c8889e30a5a59a7e832d38afb64c31309f459de402c46d100c,half,0.5,20,0.35,0.14,699924480,sphere_polar_c11_n_up_gamma_constant_d0p14_a0p5_m16,sphere_mess4,d128l4h2mlp512_700m_seed0_k10,0,10,128,4,trained,embedding_and_all_layers_single_token,belief,1.0,0.36142075143619423,640,30.7,0.35082807789601556
sphere_polar_c11_n_up_gamma_constant_d0p14_a0p5_m16_d128l4h2mlp512_700m_seed0_k10,H-R2-05-polar-ladder-capacity,dc80726a8c987e8c3a9171299dac00d03a074311,a7cccdf9269b38c8889e30a5a59a7e832d38afb64c31309f459de402c46d100c,half,0.5,20,0.35,0.14,699924480,sphere_polar_c11_n_up_gamma_constant_d0p14_a0p5_m16,sphere_mess4,d128l4h2mlp512_700m_seed0_k10,0,10,128,4,random_init,single_layer_single_token,physics,10.0,0.6665191531845972,128,153.5,0.6740103197454991
sphere_polar_c11_n_up_gamma_constant_d0p14_a0p5_m16_d128l4h2mlp512_700m_seed0_k10,H-R2-05-polar-ladder-capacity,dc80726a8c987e8c3a9171299dac00d03a074311,a7cccdf9269b38c8889e30a5a59a7e832d38afb64c31309f459de402c46d100c,half,0.5,20,0.35,0.14,699924480,sphere_polar_c11_n_up_gamma_constant_d0p14_a0p5_m16,sphere_mess4,d128l4h2mlp512_700m_seed0_k10,0,10,128,4,random_init,single_layer_single_token,belief,10.0,0.16343746963343947,128,153.5,0.16571584996982955
sphere_polar_c11_n_up_gamma_constant_d0p14_a0p5_m16_d128l4h2mlp512_700m_seed0_k10,H-R2-05-polar-ladder-capacity,dc80726a8c987e8c3a9171299dac00d03a074311,a7cccdf9269b38c8889e30a5a59a7e832d38afb64c31309f459de402c46d100c,half,0.5,20,0.35,0.14,699924480,sphere_polar_c11_n_up_gamma_constant_d0p14_a0p5_m16,sphere_mess4,d128l4h2mlp512_700m_seed0_k10,0,10,128,4,random_init,all_block_layers_single_token,physics,1.0,0.7093277421610391,512,38.375,0.7302825377877654
sphere_polar_c11_n_up_gamma_constant_d0p14_a0p5_m16_d128l4h2mlp512_700m_seed0_k10,H-R2-05-polar-ladder-capacity,dc80726a8c987e8c3a9171299dac00d03a074311,a7cccdf9269b38c8889e30a5a59a7e832d38afb64c31309f459de402c46d100c,half,0.5,20,0.35,0.14,699924480,sphere_polar_c11_n_up_gamma_constant_d0p14_a0p5_m16,sphere_mess4,d128l4h2mlp512_700m_seed0_k10,0,10,128,4,random_init,all_block_layers_single_token,belief,1.0,0.2368967307383943,512,38.375,0.24636875443801115
sphere_polar_c11_n_up_gamma_constant_d0p14_a0p5_m16_d128l4h2mlp512_700m_seed0_k10,H-R2-05-polar-ladder-capacity,dc80726a8c987e8c3a9171299dac00d03a074311,a7cccdf9269b38c8889e30a5a59a7e832d38afb64c31309f459de402c46d100c,half,0.5,20,0.35,0.14,699924480,sphere_polar_c11_n_up_gamma_constant_d0p14_a0p5_m16,sphere_mess4,d128l4h2mlp512_700m_seed0_k10,0,10,128,4,random_init,embedding_and_all_layers_single_token,physics,1.0,0.7156716597529147,640,30.7,0.7379654559792203
sphere_polar_c11_n_up_gamma_constant_d0p14_a0p5_m16_d128l4h2mlp512_700m_seed0_k10,H-R2-05-polar-ladder-capacity,dc80726a8c987e8c3a9171299dac00d03a074311,a7cccdf9269b38c8889e30a5a59a7e832d38afb64c31309f459de402c46d100c,half,0.5,20,0.35,0.14,699924480,sphere_polar_c11_n_up_gamma_constant_d0p14_a0p5_m16,sphere_mess4,d128l4h2mlp512_700m_seed0_k10,0,10,128,4,random_init,embedding_and_all_layers_single_token,belief,1.0,0.24435643985040384,640,30.7,0.2573643555252462
sphere_polar_c11_n_up_gamma_constant_d0p14_a0p5_m16_d128l4h2mlp512_700m_seed0_k21,H-R2-05-polar-ladder-capacity,dc80726a8c987e8c3a9171299dac00d03a074311,0d18bbb3788fd7a1389fce7d121fbe1672977c960324c0ef910085136539f60b,n_plus_one,0.5,20,0.35,0.14,699924480,sphere_polar_c11_n_up_gamma_constant_d0p14_a0p5_m16,sphere_mess4,d128l4h2mlp512_700m_seed0_k21,0,21,128,4,trained,single_layer_single_token,physics,10.0,0.9090267479979866,128,153.5,0.9080003973739617
sphere_polar_c11_n_up_gamma_constant_d0p14_a0p5_m16_d128l4h2mlp512_700m_seed0_k21,H-R2-05-polar-ladder-capacity,dc80726a8c987e8c3a9171299dac00d03a074311,0d18bbb3788fd7a1389fce7d121fbe1672977c960324c0ef910085136539f60b,n_plus_one,0.5,20,0.35,0.14,699924480,sphere_polar_c11_n_up_gamma_constant_d0p14_a0p5_m16,sphere_mess4,d128l4h2mlp512_700m_seed0_k21,0,21,128,4,trained,single_layer_single_token,belief,10.0,0.2382914656256774,128,153.5,0.2267998631386898
sphere_polar_c11_n_up_gamma_constant_d0p14_a0p5_m16_d128l4h2mlp512_700m_seed0_k21,H-R2-05-polar-ladder-capacity,dc80726a8c987e8c3a9171299dac00d03a074311,0d18bbb3788fd7a1389fce7d121fbe1672977c960324c0ef910085136539f60b,n_plus_one,0.5,20,0.35,0.14,699924480,sphere_polar_c11_n_up_gamma_constant_d0p14_a0p5_m16,sphere_mess4,d128l4h2mlp512_700m_seed0_k21,0,21,128,4,trained,all_block_layers_single_token,physics,1.0,0.9776119188378525,512,38.375,0.9774708027723071
sphere_polar_c11_n_up_gamma_constant_d0p14_a0p5_m16_d128l4h2mlp512_700m_seed0_k21,H-R2-05-polar-ladder-capacity,dc80726a8c987e8c3a9171299dac00d03a074311,0d18bbb3788fd7a1389fce7d121fbe1672977c960324c0ef910085136539f60b,n_plus_one,0.5,20,0.35,0.14,699924480,sphere_polar_c11_n_up_gamma_constant_d0p14_a0p5_m16,sphere_mess4,d128l4h2mlp512_700m_seed0_k21,0,21,128,4,trained,all_block_layers_single_token,belief,1.0,0.39204597438911104,512,38.375,0.3827791390088572
sphere_polar_c11_n_up_gamma_constant_d0p14_a0p5_m16_d128l4h2mlp512_700m_seed0_k21,H-R2-05-polar-ladder-capacity,dc80726a8c987e8c3a9171299dac00d03a074311,0d18bbb3788fd7a1389fce7d121fbe1672977c960324c0ef910085136539f60b,n_plus_one,0.5,20,0.35,0.14,699924480,sphere_polar_c11_n_up_gamma_constant_d0p14_a0p5_m16,sphere_mess4,d128l4h2mlp512_700m_seed0_k21,0,21,128,4,trained,embedding_and_all_layers_single_token,physics,1.0,0.9820936230435242,640,30.7,0.9824165485811831
sphere_polar_c11_n_up_gamma_constant_d0p14_a0p5_m16_d128l4h2mlp512_700m_seed0_k21,H-R2-05-polar-ladder-capacity,dc80726a8c987e8c3a9171299dac00d03a074311,0d18bbb3788fd7a1389fce7d121fbe1672977c960324c0ef910085136539f60b,n_plus_one,0.5,20,0.35,0.14,699924480,sphere_polar_c11_n_up_gamma_constant_d0p14_a0p5_m16,sphere_mess4,d128l4h2mlp512_700m_seed0_k21,0,21,128,4,trained,embedding_and_all_layers_single_token,belief,1.0,0.3964521081011206,640,30.7,0.38680262903160895
sphere_polar_c11_n_up_gamma_constant_d0p14_a0p5_m16_d128l4h2mlp512_700m_seed0_k21,H-R2-05-polar-ladder-capacity,dc80726a8c987e8c3a9171299dac00d03a074311,0d18bbb3788fd7a1389fce7d121fbe1672977c960324c0ef910085136539f60b,n_plus_one,0.5,20,0.35,0.14,699924480,sphere_polar_c11_n_up_gamma_constant_d0p14_a0p5_m16,sphere_mess4,d128l4h2mlp512_700m_seed0_k21,0,21,128,4,random_init,single_layer_single_token,physics,10.0,0.6665191531845972,128,153.5,0.6740103197454991
sphere_polar_c11_n_up_gamma_constant_d0p14_a0p5_m16_d128l4h2mlp512_700m_seed0_k21,H-R2-05-polar-ladder-capacity,dc80726a8c987e8c3a9171299dac00d03a074311,0d18bbb3788fd7a1389fce7d121fbe1672977c960324c0ef910085136539f60b,n_plus_one,0.5,20,0.35,0.14,699924480,sphere_polar_c11_n_up_gamma_constant_d0p14_a0p5_m16,sphere_mess4,d128l4h2mlp512_700m_seed0_k21,0,21,128,4,random_init,single_layer_single_token,belief,10.0,0.16343746963343947,128,153.5,0.16571584996982955
sphere_polar_c11_n_up_gamma_constant_d0p14_a0p5_m16_d128l4h2mlp512_700m_seed0_k21,H-R2-05-polar-ladder-capacity,dc80726a8c987e8c3a9171299dac00d03a074311,0d18bbb3788fd7a1389fce7d121fbe1672977c960324c0ef910085136539f60b,n_plus_one,0.5,20,0.35,0.14,699924480,sphere_polar_c11_n_up_gamma_constant_d0p14_a0p5_m16,sphere_mess4,d128l4h2mlp512_700m_seed0_k21,0,21,128,4,random_init,all_block_layers_single_token,physics,1.0,0.7093277421610391,512,38.375,0.7302825377877654
sphere_polar_c11_n_up_gamma_constant_d0p14_a0p5_m16_d128l4h2mlp512_700m_seed0_k21,H-R2-05-polar-ladder-capacity,dc80726a8c987e8c3a9171299dac00d03a074311,0d18bbb3788fd7a1389fce7d121fbe1672977c960324c0ef910085136539f60b,n_plus_one,0.5,20,0.35,0.14,699924480,sphere_polar_c11_n_up_gamma_constant_d0p14_a0p5_m16,sphere_mess4,d128l4h2mlp512_700m_seed0_k21,0,21,128,4,random_init,all_block_layers_single_token,belief,1.0,0.2368967307383943,512,38.375,0.24636875443801115
sphere_polar_c11_n_up_gamma_constant_d0p14_a0p5_m16_d128l4h2mlp512_700m_seed0_k21,H-R2-05-polar-ladder-capacity,dc80726a8c987e8c3a9171299dac00d03a074311,0d18bbb3788fd7a1389fce7d121fbe1672977c960324c0ef910085136539f60b,n_plus_one,0.5,20,0.35,0.14,699924480,sphere_polar_c11_n_up_gamma_constant_d0p14_a0p5_m16,sphere_mess4,d128l4h2mlp512_700m_seed0_k21,0,21,128,4,random_init,embedding_and_all_layers_single_token,physics,1.0,0.7156716597529147,640,30.7,0.7379654559792203
sphere_polar_c11_n_up_gamma_constant_d0p14_a0p5_m16_d128l4h2mlp512_700m_seed0_k21,H-R2-05-polar-ladder-capacity,dc80726a8c987e8c3a9171299dac00d03a074311,0d18bbb3788fd7a1389fce7d121fbe1672977c960324c0ef910085136539f60b,n_plus_one,0.5,20,0.35,0.14,699924480,sphere_polar_c11_n_up_gamma_constant_d0p14_a0p5_m16,sphere_mess4,d128l4h2mlp512_700m_seed0_k21,0,21,128,4,random_init,embedding_and_all_layers_single_token,belief,1.0,0.24435643985040384,640,30.7,0.2573643555252462
sphere_polar_c11_n_up_gamma_constant_d0p14_a0p7_m16_d128l4h2mlp512_700m_seed0_k1,H-R2-05-polar-ladder-capacity,dc80726a8c987e8c3a9171299dac00d03a074311,61cd07f21c90468a22ec2eab5ef5de875fa3d04e7268ac6c5a32f70efe394d26,fixed,0.7,20,0.35,0.14,699924480,sphere_polar_c11_n_up_gamma_constant_d0p14_a0p7_m16,sphere_mess4,d128l4h2mlp512_700m_seed0_k1,0,1,128,4,trained,single_layer_single_token,physics,1.0,0.850672148244755,128,153.5,0.8535488423546507
sphere_polar_c11_n_up_gamma_constant_d0p14_a0p7_m16_d128l4h2mlp512_700m_seed0_k1,H-R2-05-polar-ladder-capacity,dc80726a8c987e8c3a9171299dac00d03a074311,61cd07f21c90468a22ec2eab5ef5de875fa3d04e7268ac6c5a32f70efe394d26,fixed,0.7,20,0.35,0.14,699924480,sphere_polar_c11_n_up_gamma_constant_d0p14_a0p7_m16,sphere_mess4,d128l4h2mlp512_700m_seed0_k1,0,1,128,4,trained,single_layer_single_token,belief,10.0,0.23935281288880025,128,153.5,0.2525922230747625
sphere_polar_c11_n_up_gamma_constant_d0p14_a0p7_m16_d128l4h2mlp512_700m_seed0_k1,H-R2-05-polar-ladder-capacity,dc80726a8c987e8c3a9171299dac00d03a074311,61cd07f21c90468a22ec2eab5ef5de875fa3d04e7268ac6c5a32f70efe394d26,fixed,0.7,20,0.35,0.14,699924480,sphere_polar_c11_n_up_gamma_constant_d0p14_a0p7_m16,sphere_mess4,d128l4h2mlp512_700m_seed0_k1,0,1,128,4,trained,all_block_layers_single_token,physics,1.0,0.9772934815899138,512,38.375,0.9791463605112307
sphere_polar_c11_n_up_gamma_constant_d0p14_a0p7_m16_d128l4h2mlp512_700m_seed0_k1,H-R2-05-polar-ladder-capacity,dc80726a8c987e8c3a9171299dac00d03a074311,61cd07f21c90468a22ec2eab5ef5de875fa3d04e7268ac6c5a32f70efe394d26,fixed,0.7,20,0.35,0.14,699924480,sphere_polar_c11_n_up_gamma_constant_d0p14_a0p7_m16,sphere_mess4,d128l4h2mlp512_700m_seed0_k1,0,1,128,4,trained,all_block_layers_single_token,belief,1.0,0.3878239781485397,512,38.375,0.39170034303480966
sphere_polar_c11_n_up_gamma_constant_d0p14_a0p7_m16_d128l4h2mlp512_700m_seed0_k1,H-R2-05-polar-ladder-capacity,dc80726a8c987e8c3a9171299dac00d03a074311,61cd07f21c90468a22ec2eab5ef5de875fa3d04e7268ac6c5a32f70efe394d26,fixed,0.7,20,0.35,0.14,699924480,sphere_polar_c11_n_up_gamma_constant_d0p14_a0p7_m16,sphere_mess4,d128l4h2mlp512_700m_seed0_k1,0,1,128,4,trained,embedding_and_all_layers_single_token,physics,1.0,0.9792952689185059,640,30.7,0.9814521009321739
sphere_polar_c11_n_up_gamma_constant_d0p14_a0p7_m16_d128l4h2mlp512_700m_seed0_k1,H-R2-05-polar-ladder-capacity,dc80726a8c987e8c3a9171299dac00d03a074311,61cd07f21c90468a22ec2eab5ef5de875fa3d04e7268ac6c5a32f70efe394d26,fixed,0.7,20,0.35,0.14,699924480,sphere_polar_c11_n_up_gamma_constant_d0p14_a0p7_m16,sphere_mess4,d128l4h2mlp512_700m_seed0_k1,0,1,128,4,trained,embedding_and_all_layers_single_token,belief,1.0,0.39710341500474444,640,30.7,0.40186700619518667
sphere_polar_c11_n_up_gamma_constant_d0p14_a0p7_m16_d128l4h2mlp512_700m_seed0_k1,H-R2-05-polar-ladder-capacity,dc80726a8c987e8c3a9171299dac00d03a074311,61cd07f21c90468a22ec2eab5ef5de875fa3d04e7268ac6c5a32f70efe394d26,fixed,0.7,20,0.35,0.14,699924480,sphere_polar_c11_n_up_gamma_constant_d0p14_a0p7_m16,sphere_mess4,d128l4h2mlp512_700m_seed0_k1,0,1,128,4,random_init,single_layer_single_token,physics,1.0,0.6707917156743936,128,153.5,0.6771476531355266
sphere_polar_c11_n_up_gamma_constant_d0p14_a0p7_m16_d128l4h2mlp512_700m_seed0_k1,H-R2-05-polar-ladder-capacity,dc80726a8c987e8c3a9171299dac00d03a074311,61cd07f21c90468a22ec2eab5ef5de875fa3d04e7268ac6c5a32f70efe394d26,fixed,0.7,20,0.35,0.14,699924480,sphere_polar_c11_n_up_gamma_constant_d0p14_a0p7_m16,sphere_mess4,d128l4h2mlp512_700m_seed0_k1,0,1,128,4,random_init,single_layer_single_token,belief,10.0,0.1950562129789621,128,153.5,0.20166567287491216
sphere_polar_c11_n_up_gamma_constant_d0p14_a0p7_m16_d128l4h2mlp512_700m_seed0_k1,H-R2-05-polar-ladder-capacity,dc80726a8c987e8c3a9171299dac00d03a074311,61cd07f21c90468a22ec2eab5ef5de875fa3d04e7268ac6c5a32f70efe394d26,fixed,0.7,20,0.35,0.14,699924480,sphere_polar_c11_n_up_gamma_constant_d0p14_a0p7_m16,sphere_mess4,d128l4h2mlp512_700m_seed0_k1,0,1,128,4,random_init,all_block_layers_single_token,physics,1.0,0.7292047064838918,512,38.375,0.7360399514828515
sphere_polar_c11_n_up_gamma_constant_d0p14_a0p7_m16_d128l4h2mlp512_700m_seed0_k1,H-R2-05-polar-ladder-capacity,dc80726a8c987e8c3a9171299dac00d03a074311,61cd07f21c90468a22ec2eab5ef5de875fa3d04e7268ac6c5a32f70efe394d26,fixed,0.7,20,0.35,0.14,699924480,sphere_polar_c11_n_up_gamma_constant_d0p14_a0p7_m16,sphere_mess4,d128l4h2mlp512_700m_seed0_k1,0,1,128,4,random_init,all_block_layers_single_token,belief,1.0,0.2920184576973696,512,38.375,0.29126170661163786
sphere_polar_c11_n_up_gamma_constant_d0p14_a0p7_m16_d128l4h2mlp512_700m_seed0_k1,H-R2-05-polar-ladder-capacity,dc80726a8c987e8c3a9171299dac00d03a074311,61cd07f21c90468a22ec2eab5ef5de875fa3d04e7268ac6c5a32f70efe394d26,fixed,0.7,20,0.35,0.14,699924480,sphere_polar_c11_n_up_gamma_constant_d0p14_a0p7_m16,sphere_mess4,d128l4h2mlp512_700m_seed0_k1,0,1,128,4,random_init,embedding_and_all_layers_single_token,physics,1.0,0.7345953311579798,640,30.7,0.7428131321371223
sphere_polar_c11_n_up_gamma_constant_d0p14_a0p7_m16_d128l4h2mlp512_700m_seed0_k1,H-R2-05-polar-ladder-capacity,dc80726a8c987e8c3a9171299dac00d03a074311,61cd07f21c90468a22ec2eab5ef5de875fa3d04e7268ac6c5a32f70efe394d26,fixed,0.7,20,0.35,0.14,699924480,sphere_polar_c11_n_up_gamma_constant_d0p14_a0p7_m16,sphere_mess4,d128l4h2mlp512_700m_seed0_k1,0,1,128,4,random_init,embedding_and_all_layers_single_token,belief,1.0,0.3000018782828622,640,30.7,0.2977845995321664
sphere_polar_c11_n_up_gamma_constant_d0p14_a0p7_m16_d128l4h2mlp512_700m_seed0_k10,H-R2-05-polar-ladder-capacity,dc80726a8c987e8c3a9171299dac00d03a074311,332ff6829bf40008826c5ff1f47fed86a813ea69eef2db0b2e564d4105602c3b,half,0.7,20,0.35,0.14,699924480,sphere_polar_c11_n_up_gamma_constant_d0p14_a0p7_m16,sphere_mess4,d128l4h2mlp512_700m_seed0_k10,0,10,128,4,trained,single_layer_single_token,physics,10.0,0.9025518032183016,128,153.5,0.8999334479626637
sphere_polar_c11_n_up_gamma_constant_d0p14_a0p7_m16_d128l4h2mlp512_700m_seed0_k10,H-R2-05-polar-ladder-capacity,dc80726a8c987e8c3a9171299dac00d03a074311,332ff6829bf40008826c5ff1f47fed86a813ea69eef2db0b2e564d4105602c3b,half,0.7,20,0.35,0.14,699924480,sphere_polar_c11_n_up_gamma_constant_d0p14_a0p7_m16,sphere_mess4,d128l4h2mlp512_700m_seed0_k10,0,10,128,4,trained,single_layer_single_token,belief,10.0,0.27451572605009306,128,153.5,0.28092268221854155
sphere_polar_c11_n_up_gamma_constant_d0p14_a0p7_m16_d128l4h2mlp512_700m_seed0_k10,H-R2-05-polar-ladder-capacity,dc80726a8c987e8c3a9171299dac00d03a074311,332ff6829bf40008826c5ff1f47fed86a813ea69eef2db0b2e564d4105602c3b,half,0.7,20,0.35,0.14,699924480,sphere_polar_c11_n_up_gamma_constant_d0p14_a0p7_m16,sphere_mess4,d128l4h2mlp512_700m_seed0_k10,0,10,128,4,trained,all_block_layers_single_token,physics,1.0,0.9800214203175774,512,38.375,0.9794639113562722
sphere_polar_c11_n_up_gamma_constant_d0p14_a0p7_m16_d128l4h2mlp512_700m_seed0_k10,H-R2-05-polar-ladder-capacity,dc80726a8c987e8c3a9171299dac00d03a074311,332ff6829bf40008826c5ff1f47fed86a813ea69eef2db0b2e564d4105602c3b,half,0.7,20,0.35,0.14,699924480,sphere_polar_c11_n_up_gamma_constant_d0p14_a0p7_m16,sphere_mess4,d128l4h2mlp512_700m_seed0_k10,0,10,128,4,trained,all_block_layers_single_token,belief,1.0,0.4268375833490217,512,38.375,0.4237547904580585
sphere_polar_c11_n_up_gamma_constant_d0p14_a0p7_m16_d128l4h2mlp512_700m_seed0_k10,H-R2-05-polar-ladder-capacity,dc80726a8c987e8c3a9171299dac00d03a074311,332ff6829bf40008826c5ff1f47fed86a813ea69eef2db0b2e564d4105602c3b,half,0.7,20,0.35,0.14,699924480,sphere_polar_c11_n_up_gamma_constant_d0p14_a0p7_m16,sphere_mess4,d128l4h2mlp512_700m_seed0_k10,0,10,128,4,trained,embedding_and_all_layers_single_token,physics,1.0,0.9831209738121881,640,30.7,0.9828108328645655
sphere_polar_c11_n_up_gamma_constant_d0p14_a0p7_m16_d128l4h2mlp512_700m_seed0_k10,H-R2-05-polar-ladder-capacity,dc80726a8c987e8c3a9171299dac00d03a074311,332ff6829bf40008826c5ff1f47fed86a813ea69eef2db0b2e564d4105602c3b,half,0.7,20,0.35,0.14,699924480,sphere_polar_c11_n_up_gamma_constant_d0p14_a0p7_m16,sphere_mess4,d128l4h2mlp512_700m_seed0_k10,0,10,128,4,trained,embedding_and_all_layers_single_token,belief,10.0,0.4316142966869586,640,30.7,0.42806282431530124
sphere_polar_c11_n_up_gamma_constant_d0p14_a0p7_m16_d128l4h2mlp512_700m_seed0_k10,H-R2-05-polar-ladder-capacity,dc80726a8c987e8c3a9171299dac00d03a074311,332ff6829bf40008826c5ff1f47fed86a813ea69eef2db0b2e564d4105602c3b,half,0.7,20,0.35,0.14,699924480,sphere_polar_c11_n_up_gamma_constant_d0p14_a0p7_m16,sphere_mess4,d128l4h2mlp512_700m_seed0_k10,0,10,128,4,random_init,single_layer_single_token,physics,1.0,0.6707917156743936,128,153.5,0.6771476531355266
sphere_polar_c11_n_up_gamma_constant_d0p14_a0p7_m16_d128l4h2mlp512_700m_seed0_k10,H-R2-05-polar-ladder-capacity,dc80726a8c987e8c3a9171299dac00d03a074311,332ff6829bf40008826c5ff1f47fed86a813ea69eef2db0b2e564d4105602c3b,half,0.7,20,0.35,0.14,699924480,sphere_polar_c11_n_up_gamma_constant_d0p14_a0p7_m16,sphere_mess4,d128l4h2mlp512_700m_seed0_k10,0,10,128,4,random_init,single_layer_single_token,belief,10.0,0.1950562129789621,128,153.5,0.20166567287491216
sphere_polar_c11_n_up_gamma_constant_d0p14_a0p7_m16_d128l4h2mlp512_700m_seed0_k10,H-R2-05-polar-ladder-capacity,dc80726a8c987e8c3a9171299dac00d03a074311,332ff6829bf40008826c5ff1f47fed86a813ea69eef2db0b2e564d4105602c3b,half,0.7,20,0.35,0.14,699924480,sphere_polar_c11_n_up_gamma_constant_d0p14_a0p7_m16,sphere_mess4,d128l4h2mlp512_700m_seed0_k10,0,10,128,4,random_init,all_block_layers_single_token,physics,1.0,0.7292047064838918,512,38.375,0.7360399514828515
sphere_polar_c11_n_up_gamma_constant_d0p14_a0p7_m16_d128l4h2mlp512_700m_seed0_k10,H-R2-05-polar-ladder-capacity,dc80726a8c987e8c3a9171299dac00d03a074311,332ff6829bf40008826c5ff1f47fed86a813ea69eef2db0b2e564d4105602c3b,half,0.7,20,0.35,0.14,699924480,sphere_polar_c11_n_up_gamma_constant_d0p14_a0p7_m16,sphere_mess4,d128l4h2mlp512_700m_seed0_k10,0,10,128,4,random_init,all_block_layers_single_token,belief,1.0,0.2920184576973696,512,38.375,0.29126170661163786
sphere_polar_c11_n_up_gamma_constant_d0p14_a0p7_m16_d128l4h2mlp512_700m_seed0_k10,H-R2-05-polar-ladder-capacity,dc80726a8c987e8c3a9171299dac00d03a074311,332ff6829bf40008826c5ff1f47fed86a813ea69eef2db0b2e564d4105602c3b,half,0.7,20,0.35,0.14,699924480,sphere_polar_c11_n_up_gamma_constant_d0p14_a0p7_m16,sphere_mess4,d128l4h2mlp512_700m_seed0_k10,0,10,128,4,random_init,embedding_and_all_layers_single_token,physics,1.0,0.7345953311579798,640,30.7,0.7428131321371223
sphere_polar_c11_n_up_gamma_constant_d0p14_a0p7_m16_d128l4h2mlp512_700m_seed0_k10,H-R2-05-polar-ladder-capacity,dc80726a8c987e8c3a9171299dac00d03a074311,332ff6829bf40008826c5ff1f47fed86a813ea69eef2db0b2e564d4105602c3b,half,0.7,20,0.35,0.14,699924480,sphere_polar_c11_n_up_gamma_constant_d0p14_a0p7_m16,sphere_mess4,d128l4h2mlp512_700m_seed0_k10,0,10,128,4,random_init,embedding_and_all_layers_single_token,belief,1.0,0.3000018782828622,640,30.7,0.2977845995321664
sphere_polar_c11_n_up_gamma_constant_d0p14_a0p7_m16_d128l4h2mlp512_700m_seed0_k21,H-R2-05-polar-ladder-capacity,dc80726a8c987e8c3a9171299dac00d03a074311,ac2f81112879166892f2b2064f98662ade6c34dc4e7c51518bca354512ebaf0f,n_plus_one,0.7,20,0.35,0.14,699924480,sphere_polar_c11_n_up_gamma_constant_d0p14_a0p7_m16,sphere_mess4,d128l4h2mlp512_700m_seed0_k21,0,21,128,4,trained,single_layer_single_token,physics,1.0,0.9106888971113409,128,153.5,0.9024854704848129
sphere_polar_c11_n_up_gamma_constant_d0p14_a0p7_m16_d128l4h2mlp512_700m_seed0_k21,H-R2-05-polar-ladder-capacity,dc80726a8c987e8c3a9171299dac00d03a074311,ac2f81112879166892f2b2064f98662ade6c34dc4e7c51518bca354512ebaf0f,n_plus_one,0.7,20,0.35,0.14,699924480,sphere_polar_c11_n_up_gamma_constant_d0p14_a0p7_m16,sphere_mess4,d128l4h2mlp512_700m_seed0_k21,0,21,128,4,trained,single_layer_single_token,belief,10.0,0.27675275587757386,128,153.5,0.2809413501550382
sphere_polar_c11_n_up_gamma_constant_d0p14_a0p7_m16_d128l4h2mlp512_700m_seed0_k21,H-R2-05-polar-ladder-capacity,dc80726a8c987e8c3a9171299dac00d03a074311,ac2f81112879166892f2b2064f98662ade6c34dc4e7c51518bca354512ebaf0f,n_plus_one,0.7,20,0.35,0.14,699924480,sphere_polar_c11_n_up_gamma_constant_d0p14_a0p7_m16,sphere_mess4,d128l4h2mlp512_700m_seed0_k21,0,21,128,4,trained,all_block_layers_single_token,physics,1.0,0.9805451936046954,512,38.375,0.9783078291166727
sphere_polar_c11_n_up_gamma_constant_d0p14_a0p7_m16_d128l4h2mlp512_700m_seed0_k21,H-R2-05-polar-ladder-capacity,dc80726a8c987e8c3a9171299dac00d03a074311,ac2f81112879166892f2b2064f98662ade6c34dc4e7c51518bca354512ebaf0f,n_plus_one,0.7,20,0.35,0.14,699924480,sphere_polar_c11_n_up_gamma_constant_d0p14_a0p7_m16,sphere_mess4,d128l4h2mlp512_700m_seed0_k21,0,21,128,4,trained,all_block_layers_single_token,belief,1.0,0.4422057952971745,512,38.375,0.4399985742736567
sphere_polar_c11_n_up_gamma_constant_d0p14_a0p7_m16_d128l4h2mlp512_700m_seed0_k21,H-R2-05-polar-ladder-capacity,dc80726a8c987e8c3a9171299dac00d03a074311,ac2f81112879166892f2b2064f98662ade6c34dc4e7c51518bca354512ebaf0f,n_plus_one,0.7,20,0.35,0.14,699924480,sphere_polar_c11_n_up_gamma_constant_d0p14_a0p7_m16,sphere_mess4,d128l4h2mlp512_700m_seed0_k21,0,21,128,4,trained,embedding_and_all_layers_single_token,physics,1.0,0.9845179306585546,640,30.7,0.9830080419146652
sphere_polar_c11_n_up_gamma_constant_d0p14_a0p7_m16_d128l4h2mlp512_700m_seed0_k21,H-R2-05-polar-ladder-capacity,dc80726a8c987e8c3a9171299dac00d03a074311,ac2f81112879166892f2b2064f98662ade6c34dc4e7c51518bca354512ebaf0f,n_plus_one,0.7,20,0.35,0.14,699924480,sphere_polar_c11_n_up_gamma_constant_d0p14_a0p7_m16,sphere_mess4,d128l4h2mlp512_700m_seed0_k21,0,21,128,4,trained,embedding_and_all_layers_single_token,belief,1.0,0.44770196794876643,640,30.7,0.4461103646765723
sphere_polar_c11_n_up_gamma_constant_d0p14_a0p7_m16_d128l4h2mlp512_700m_seed0_k21,H-R2-05-polar-ladder-capacity,dc80726a8c987e8c3a9171299dac00d03a074311,ac2f81112879166892f2b2064f98662ade6c34dc4e7c51518bca354512ebaf0f,n_plus_one,0.7,20,0.35,0.14,699924480,sphere_polar_c11_n_up_gamma_constant_d0p14_a0p7_m16,sphere_mess4,d128l4h2mlp512_700m_seed0_k21,0,21,128,4,random_init,single_layer_single_token,physics,1.0,0.6707917156743936,128,153.5,0.6771476531355266
sphere_polar_c11_n_up_gamma_constant_d0p14_a0p7_m16_d128l4h2mlp512_700m_seed0_k21,H-R2-05-polar-ladder-capacity,dc80726a8c987e8c3a9171299dac00d03a074311,ac2f81112879166892f2b2064f98662ade6c34dc4e7c51518bca354512ebaf0f,n_plus_one,0.7,20,0.35,0.14,699924480,sphere_polar_c11_n_up_gamma_constant_d0p14_a0p7_m16,sphere_mess4,d128l4h2mlp512_700m_seed0_k21,0,21,128,4,random_init,single_layer_single_token,belief,10.0,0.1950562129789621,128,153.5,0.20166567287491216
sphere_polar_c11_n_up_gamma_constant_d0p14_a0p7_m16_d128l4h2mlp512_700m_seed0_k21,H-R2-05-polar-ladder-capacity,dc80726a8c987e8c3a9171299dac00d03a074311,ac2f81112879166892f2b2064f98662ade6c34dc4e7c51518bca354512ebaf0f,n_plus_one,0.7,20,0.35,0.14,699924480,sphere_polar_c11_n_up_gamma_constant_d0p14_a0p7_m16,sphere_mess4,d128l4h2mlp512_700m_seed0_k21,0,21,128,4,random_init,all_block_layers_single_token,physics,1.0,0.7292047064838918,512,38.375,0.7360399514828515
sphere_polar_c11_n_up_gamma_constant_d0p14_a0p7_m16_d128l4h2mlp512_700m_seed0_k21,H-R2-05-polar-ladder-capacity,dc80726a8c987e8c3a9171299dac00d03a074311,ac2f81112879166892f2b2064f98662ade6c34dc4e7c51518bca354512ebaf0f,n_plus_one,0.7,20,0.35,0.14,699924480,sphere_polar_c11_n_up_gamma_constant_d0p14_a0p7_m16,sphere_mess4,d128l4h2mlp512_700m_seed0_k21,0,21,128,4,random_init,all_block_layers_single_token,belief,1.0,0.2920184576973696,512,38.375,0.29126170661163786
sphere_polar_c11_n_up_gamma_constant_d0p14_a0p7_m16_d128l4h2mlp512_700m_seed0_k21,H-R2-05-polar-ladder-capacity,dc80726a8c987e8c3a9171299dac00d03a074311,ac2f81112879166892f2b2064f98662ade6c34dc4e7c51518bca354512ebaf0f,n_plus_one,0.7,20,0.35,0.14,699924480,sphere_polar_c11_n_up_gamma_constant_d0p14_a0p7_m16,sphere_mess4,d128l4h2mlp512_700m_seed0_k21,0,21,128,4,random_init,embedding_and_all_layers_single_token,physics,1.0,0.7345953311579798,640,30.7,0.7428131321371223
sphere_polar_c11_n_up_gamma_constant_d0p14_a0p7_m16_d128l4h2mlp512_700m_seed0_k21,H-R2-05-polar-ladder-capacity,dc80726a8c987e8c3a9171299dac00d03a074311,ac2f81112879166892f2b2064f98662ade6c34dc4e7c51518bca354512ebaf0f,n_plus_one,0.7,20,0.35,0.14,699924480,sphere_polar_c11_n_up_gamma_constant_d0p14_a0p7_m16,sphere_mess4,d128l4h2mlp512_700m_seed0_k21,0,21,128,4,random_init,embedding_and_all_layers_single_token,belief,1.0,0.3000018782828622,640,30.7,0.2977845995321664
sphere_polar_c11_n_up_gamma_constant_d0p14_a0p85_m16_d128l4h2mlp512_700m_seed0_k1,H-R2-05-polar-ladder-capacity,dc80726a8c987e8c3a9171299dac00d03a074311,d02e66e6e4c2b9949a6491b7d1109ca085061032663ddb6024346fab98d4b1d3,fixed,0.85,20,0.35,0.14,699924480,sphere_polar_c11_n_up_gamma_constant_d0p14_a0p85_m16,sphere_mess4,d128l4h2mlp512_700m_seed0_k1,0,1,128,4,trained,single_layer_single_token,physics,1.0,0.8448227577969649,128,153.625,0.8593314029996693
sphere_polar_c11_n_up_gamma_constant_d0p14_a0p85_m16_d128l4h2mlp512_700m_seed0_k1,H-R2-05-polar-ladder-capacity,dc80726a8c987e8c3a9171299dac00d03a074311,d02e66e6e4c2b9949a6491b7d1109ca085061032663ddb6024346fab98d4b1d3,fixed,0.85,20,0.35,0.14,699924480,sphere_polar_c11_n_up_gamma_constant_d0p14_a0p85_m16,sphere_mess4,d128l4h2mlp512_700m_seed0_k1,0,1,128,4,trained,single_layer_single_token,belief,10.0,0.2896404657961417,128,153.625,0.2898971552858863
sphere_polar_c11_n_up_gamma_constant_d0p14_a0p85_m16_d128l4h2mlp512_700m_seed0_k1,H-R2-05-polar-ladder-capacity,dc80726a8c987e8c3a9171299dac00d03a074311,d02e66e6e4c2b9949a6491b7d1109ca085061032663ddb6024346fab98d4b1d3,fixed,0.85,20,0.35,0.14,699924480,sphere_polar_c11_n_up_gamma_constant_d0p14_a0p85_m16,sphere_mess4,d128l4h2mlp512_700m_seed0_k1,0,1,128,4,trained,all_block_layers_single_token,physics,1.0,0.9725186981499316,512,38.40625,0.9752194056382273
sphere_polar_c11_n_up_gamma_constant_d0p14_a0p85_m16_d128l4h2mlp512_700m_seed0_k1,H-R2-05-polar-ladder-capacity,dc80726a8c987e8c3a9171299dac00d03a074311,d02e66e6e4c2b9949a6491b7d1109ca085061032663ddb6024346fab98d4b1d3,fixed,0.85,20,0.35,0.14,699924480,sphere_polar_c11_n_up_gamma_constant_d0p14_a0p85_m16,sphere_mess4,d128l4h2mlp512_700m_seed0_k1,0,1,128,4,trained,all_block_layers_single_token,belief,1.0,0.4413386266114455,512,38.40625,0.4477077814241116
sphere_polar_c11_n_up_gamma_constant_d0p14_a0p85_m16_d128l4h2mlp512_700m_seed0_k1,H-R2-05-polar-ladder-capacity,dc80726a8c987e8c3a9171299dac00d03a074311,d02e66e6e4c2b9949a6491b7d1109ca085061032663ddb6024346fab98d4b1d3,fixed,0.85,20,0.35,0.14,699924480,sphere_polar_c11_n_up_gamma_constant_d0p14_a0p85_m16,sphere_mess4,d128l4h2mlp512_700m_seed0_k1,0,1,128,4,trained,embedding_and_all_layers_single_token,physics,1.0,0.9746383908291494,640,30.725,0.9779465492654627
sphere_polar_c11_n_up_gamma_constant_d0p14_a0p85_m16_d128l4h2mlp512_700m_seed0_k1,H-R2-05-polar-ladder-capacity,dc80726a8c987e8c3a9171299dac00d03a074311,d02e66e6e4c2b9949a6491b7d1109ca085061032663ddb6024346fab98d4b1d3,fixed,0.85,20,0.35,0.14,699924480,sphere_polar_c11_n_up_gamma_constant_d0p14_a0p85_m16,sphere_mess4,d128l4h2mlp512_700m_seed0_k1,0,1,128,4,trained,embedding_and_all_layers_single_token,belief,1.0,0.4504641620823143,640,30.725,0.4554123081407195
sphere_polar_c11_n_up_gamma_constant_d0p14_a0p85_m16_d128l4h2mlp512_700m_seed0_k1,H-R2-05-polar-ladder-capacity,dc80726a8c987e8c3a9171299dac00d03a074311,d02e66e6e4c2b9949a6491b7d1109ca085061032663ddb6024346fab98d4b1d3,fixed,0.85,20,0.35,0.14,699924480,sphere_polar_c11_n_up_gamma_constant_d0p14_a0p85_m16,sphere_mess4,d128l4h2mlp512_700m_seed0_k1,0,1,128,4,random_init,single_layer_single_token,physics,1.0,0.673792416958436,128,153.625,0.6878792283973498
sphere_polar_c11_n_up_gamma_constant_d0p14_a0p85_m16_d128l4h2mlp512_700m_seed0_k1,H-R2-05-polar-ladder-capacity,dc80726a8c987e8c3a9171299dac00d03a074311,d02e66e6e4c2b9949a6491b7d1109ca085061032663ddb6024346fab98d4b1d3,fixed,0.85,20,0.35,0.14,699924480,sphere_polar_c11_n_up_gamma_constant_d0p14_a0p85_m16,sphere_mess4,d128l4h2mlp512_700m_seed0_k1,0,1,128,4,random_init,single_layer_single_token,belief,10.0,0.23853472732017064,128,153.625,0.23714495844069094
sphere_polar_c11_n_up_gamma_constant_d0p14_a0p85_m16_d128l4h2mlp512_700m_seed0_k1,H-R2-05-polar-ladder-capacity,dc80726a8c987e8c3a9171299dac00d03a074311,d02e66e6e4c2b9949a6491b7d1109ca085061032663ddb6024346fab98d4b1d3,fixed,0.85,20,0.35,0.14,699924480,sphere_polar_c11_n_up_gamma_constant_d0p14_a0p85_m16,sphere_mess4,d128l4h2mlp512_700m_seed0_k1,0,1,128,4,random_init,all_block_layers_single_token,physics,1.0,0.7408178192453565,512,38.40625,0.7445471756026236
sphere_polar_c11_n_up_gamma_constant_d0p14_a0p85_m16_d128l4h2mlp512_700m_seed0_k1,H-R2-05-polar-ladder-capacity,dc80726a8c987e8c3a9171299dac00d03a074311,d02e66e6e4c2b9949a6491b7d1109ca085061032663ddb6024346fab98d4b1d3,fixed,0.85,20,0.35,0.14,699924480,sphere_polar_c11_n_up_gamma_constant_d0p14_a0p85_m16,sphere_mess4,d128l4h2mlp512_700m_seed0_k1,0,1,128,4,random_init,all_block_layers_single_token,belief,1.0,0.3400319947145126,512,38.40625,0.32888601774538484
sphere_polar_c11_n_up_gamma_constant_d0p14_a0p85_m16_d128l4h2mlp512_700m_seed0_k1,H-R2-05-polar-ladder-capacity,dc80726a8c987e8c3a9171299dac00d03a074311,d02e66e6e4c2b9949a6491b7d1109ca085061032663ddb6024346fab98d4b1d3,fixed,0.85,20,0.35,0.14,699924480,sphere_polar_c11_n_up_gamma_constant_d0p14_a0p85_m16,sphere_mess4,d128l4h2mlp512_700m_seed0_k1,0,1,128,4,random_init,embedding_and_all_layers_single_token,physics,1.0,0.7498183646641402,640,30.725,0.7547529432957979
sphere_polar_c11_n_up_gamma_constant_d0p14_a0p85_m16_d128l4h2mlp512_700m_seed0_k1,H-R2-05-polar-ladder-capacity,dc80726a8c987e8c3a9171299dac00d03a074311,d02e66e6e4c2b9949a6491b7d1109ca085061032663ddb6024346fab98d4b1d3,fixed,0.85,20,0.35,0.14,699924480,sphere_polar_c11_n_up_gamma_constant_d0p14_a0p85_m16,sphere_mess4,d128l4h2mlp512_700m_seed0_k1,0,1,128,4,random_init,embedding_and_all_layers_single_token,belief,1.0,0.34845361162882893,640,30.725,0.33914906143338186
sphere_polar_c11_n_up_gamma_constant_d0p14_a0p85_m16_d128l4h2mlp512_700m_seed0_k10,H-R2-05-polar-ladder-capacity,dc80726a8c987e8c3a9171299dac00d03a074311,37f7016b5c1f9071013dab2d0cbfeaa3e9d8d54dd07900e4989407e283b9a3fd,half,0.85,20,0.35,0.14,699924480,sphere_polar_c11_n_up_gamma_constant_d0p14_a0p85_m16,sphere_mess4,d128l4h2mlp512_700m_seed0_k10,0,10,128,4,trained,single_layer_single_token,physics,1.0,0.8822646915098165,128,153.625,0.8839371713186199
sphere_polar_c11_n_up_gamma_constant_d0p14_a0p85_m16_d128l4h2mlp512_700m_seed0_k10,H-R2-05-polar-ladder-capacity,dc80726a8c987e8c3a9171299dac00d03a074311,37f7016b5c1f9071013dab2d0cbfeaa3e9d8d54dd07900e4989407e283b9a3fd,half,0.85,20,0.35,0.14,699924480,sphere_polar_c11_n_up_gamma_constant_d0p14_a0p85_m16,sphere_mess4,d128l4h2mlp512_700m_seed0_k10,0,10,128,4,trained,single_layer_single_token,belief,10.0,0.3449593578439277,128,153.625,0.35637470075828986
sphere_polar_c11_n_up_gamma_constant_d0p14_a0p85_m16_d128l4h2mlp512_700m_seed0_k10,H-R2-05-polar-ladder-capacity,dc80726a8c987e8c3a9171299dac00d03a074311,37f7016b5c1f9071013dab2d0cbfeaa3e9d8d54dd07900e4989407e283b9a3fd,half,0.85,20,0.35,0.14,699924480,sphere_polar_c11_n_up_gamma_constant_d0p14_a0p85_m16,sphere_mess4,d128l4h2mlp512_700m_seed0_k10,0,10,128,4,trained,all_block_layers_single_token,physics,1.0,0.9740802181575974,512,38.40625,0.9749223630695738
sphere_polar_c11_n_up_gamma_constant_d0p14_a0p85_m16_d128l4h2mlp512_700m_seed0_k10,H-R2-05-polar-ladder-capacity,dc80726a8c987e8c3a9171299dac00d03a074311,37f7016b5c1f9071013dab2d0cbfeaa3e9d8d54dd07900e4989407e283b9a3fd,half,0.85,20,0.35,0.14,699924480,sphere_polar_c11_n_up_gamma_constant_d0p14_a0p85_m16,sphere_mess4,d128l4h2mlp512_700m_seed0_k10,0,10,128,4,trained,all_block_layers_single_token,belief,1.0,0.5181596829672674,512,38.40625,0.5227464007866212
sphere_polar_c11_n_up_gamma_constant_d0p14_a0p85_m16_d128l4h2mlp512_700m_seed0_k10,H-R2-05-polar-ladder-capacity,dc80726a8c987e8c3a9171299dac00d03a074311,37f7016b5c1f9071013dab2d0cbfeaa3e9d8d54dd07900e4989407e283b9a3fd,half,0.85,20,0.35,0.14,699924480,sphere_polar_c11_n_up_gamma_constant_d0p14_a0p85_m16,sphere_mess4,d128l4h2mlp512_700m_seed0_k10,0,10,128,4,trained,embedding_and_all_layers_single_token,physics,1.0,0.9773989563768726,640,30.725,0.9786115543406437
sphere_polar_c11_n_up_gamma_constant_d0p14_a0p85_m16_d128l4h2mlp512_700m_seed0_k10,H-R2-05-polar-ladder-capacity,dc80726a8c987e8c3a9171299dac00d03a074311,37f7016b5c1f9071013dab2d0cbfeaa3e9d8d54dd07900e4989407e283b9a3fd,half,0.85,20,0.35,0.14,699924480,sphere_polar_c11_n_up_gamma_constant_d0p14_a0p85_m16,sphere_mess4,d128l4h2mlp512_700m_seed0_k10,0,10,128,4,trained,embedding_and_all_layers_single_token,belief,1.0,0.5272542255481133,640,30.725,0.5283037793349377
sphere_polar_c11_n_up_gamma_constant_d0p14_a0p85_m16_d128l4h2mlp512_700m_seed0_k10,H-R2-05-polar-ladder-capacity,dc80726a8c987e8c3a9171299dac00d03a074311,37f7016b5c1f9071013dab2d0cbfeaa3e9d8d54dd07900e4989407e283b9a3fd,half,0.85,20,0.35,0.14,699924480,sphere_polar_c11_n_up_gamma_constant_d0p14_a0p85_m16,sphere_mess4,d128l4h2mlp512_700m_seed0_k10,0,10,128,4,random_init,single_layer_single_token,physics,1.0,0.673792416958436,128,153.625,0.6878792283973498
sphere_polar_c11_n_up_gamma_constant_d0p14_a0p85_m16_d128l4h2mlp512_700m_seed0_k10,H-R2-05-polar-ladder-capacity,dc80726a8c987e8c3a9171299dac00d03a074311,37f7016b5c1f9071013dab2d0cbfeaa3e9d8d54dd07900e4989407e283b9a3fd,half,0.85,20,0.35,0.14,699924480,sphere_polar_c11_n_up_gamma_constant_d0p14_a0p85_m16,sphere_mess4,d128l4h2mlp512_700m_seed0_k10,0,10,128,4,random_init,single_layer_single_token,belief,10.0,0.23853472732017064,128,153.625,0.23714495844069094
sphere_polar_c11_n_up_gamma_constant_d0p14_a0p85_m16_d128l4h2mlp512_700m_seed0_k10,H-R2-05-polar-ladder-capacity,dc80726a8c987e8c3a9171299dac00d03a074311,37f7016b5c1f9071013dab2d0cbfeaa3e9d8d54dd07900e4989407e283b9a3fd,half,0.85,20,0.35,0.14,699924480,sphere_polar_c11_n_up_gamma_constant_d0p14_a0p85_m16,sphere_mess4,d128l4h2mlp512_700m_seed0_k10,0,10,128,4,random_init,all_block_layers_single_token,physics,1.0,0.7408178192453565,512,38.40625,0.7445471756026236
sphere_polar_c11_n_up_gamma_constant_d0p14_a0p85_m16_d128l4h2mlp512_700m_seed0_k10,H-R2-05-polar-ladder-capacity,dc80726a8c987e8c3a9171299dac00d03a074311,37f7016b5c1f9071013dab2d0cbfeaa3e9d8d54dd07900e4989407e283b9a3fd,half,0.85,20,0.35,0.14,699924480,sphere_polar_c11_n_up_gamma_constant_d0p14_a0p85_m16,sphere_mess4,d128l4h2mlp512_700m_seed0_k10,0,10,128,4,random_init,all_block_layers_single_token,belief,1.0,0.3400319947145126,512,38.40625,0.32888601774538484
sphere_polar_c11_n_up_gamma_constant_d0p14_a0p85_m16_d128l4h2mlp512_700m_seed0_k10,H-R2-05-polar-ladder-capacity,dc80726a8c987e8c3a9171299dac00d03a074311,37f7016b5c1f9071013dab2d0cbfeaa3e9d8d54dd07900e4989407e283b9a3fd,half,0.85,20,0.35,0.14,699924480,sphere_polar_c11_n_up_gamma_constant_d0p14_a0p85_m16,sphere_mess4,d128l4h2mlp512_700m_seed0_k10,0,10,128,4,random_init,embedding_and_all_layers_single_token,physics,1.0,0.7498183646641402,640,30.725,0.7547529432957979
sphere_polar_c11_n_up_gamma_constant_d0p14_a0p85_m16_d128l4h2mlp512_700m_seed0_k10,H-R2-05-polar-ladder-capacity,dc80726a8c987e8c3a9171299dac00d03a074311,37f7016b5c1f9071013dab2d0cbfeaa3e9d8d54dd07900e4989407e283b9a3fd,half,0.85,20,0.35,0.14,699924480,sphere_polar_c11_n_up_gamma_constant_d0p14_a0p85_m16,sphere_mess4,d128l4h2mlp512_700m_seed0_k10,0,10,128,4,random_init,embedding_and_all_layers_single_token,belief,1.0,0.34845361162882893,640,30.725,0.33914906143338186
sphere_polar_c11_n_up_gamma_constant_d0p14_a0p85_m16_d128l4h2mlp512_700m_seed0_k21,H-R2-05-polar-ladder-capacity,dc80726a8c987e8c3a9171299dac00d03a074311,984616d7db12168446eb385a0f00904822408a9d53fe175f456e9af32ae0521c,n_plus_one,0.85,20,0.35,0.14,699924480,sphere_polar_c11_n_up_gamma_constant_d0p14_a0p85_m16,sphere_mess4,d128l4h2mlp512_700m_seed0_k21,0,21,128,4,trained,single_layer_single_token,physics,1.0,0.898683973281881,128,153.625,0.9022351273879035
sphere_polar_c11_n_up_gamma_constant_d0p14_a0p85_m16_d128l4h2mlp512_700m_seed0_k21,H-R2-05-polar-ladder-capacity,dc80726a8c987e8c3a9171299dac00d03a074311,984616d7db12168446eb385a0f00904822408a9d53fe175f456e9af32ae0521c,n_plus_one,0.85,20,0.35,0.14,699924480,sphere_polar_c11_n_up_gamma_constant_d0p14_a0p85_m16,sphere_mess4,d128l4h2mlp512_700m_seed0_k21,0,21,128,4,trained,single_layer_single_token,belief,10.0,0.33700075330455115,128,153.625,0.3438623603227721
sphere_polar_c11_n_up_gamma_constant_d0p14_a0p85_m16_d128l4h2mlp512_700m_seed0_k21,H-R2-05-polar-ladder-capacity,dc80726a8c987e8c3a9171299dac00d03a074311,984616d7db12168446eb385a0f00904822408a9d53fe175f456e9af32ae0521c,n_plus_one,0.85,20,0.35,0.14,699924480,sphere_polar_c11_n_up_gamma_constant_d0p14_a0p85_m16,sphere_mess4,d128l4h2mlp512_700m_seed0_k21,0,21,128,4,trained,all_block_layers_single_token,physics,1.0,0.979828877429761,512,38.40625,0.9812794157544411
sphere_polar_c11_n_up_gamma_constant_d0p14_a0p85_m16_d128l4h2mlp512_700m_seed0_k21,H-R2-05-polar-ladder-capacity,dc80726a8c987e8c3a9171299dac00d03a074311,984616d7db12168446eb385a0f00904822408a9d53fe175f456e9af32ae0521c,n_plus_one,0.85,20,0.35,0.14,699924480,sphere_polar_c11_n_up_gamma_constant_d0p14_a0p85_m16,sphere_mess4,d128l4h2mlp512_700m_seed0_k21,0,21,128,4,trained,all_block_layers_single_token,belief,10.0,0.5041914972731962,512,38.40625,0.5094692552031268
sphere_polar_c11_n_up_gamma_constant_d0p14_a0p85_m16_d128l4h2mlp512_700m_seed0_k21,H-R2-05-polar-ladder-capacity,dc80726a8c987e8c3a9171299dac00d03a074311,984616d7db12168446eb385a0f00904822408a9d53fe175f456e9af32ae0521c,n_plus_one,0.85,20,0.35,0.14,699924480,sphere_polar_c11_n_up_gamma_constant_d0p14_a0p85_m16,sphere_mess4,d128l4h2mlp512_700m_seed0_k21,0,21,128,4,trained,embedding_and_all_layers_single_token,physics,1.0,0.9842234380363445,640,30.725,0.9858478512108049
sphere_polar_c11_n_up_gamma_constant_d0p14_a0p85_m16_d128l4h2mlp512_700m_seed0_k21,H-R2-05-polar-ladder-capacity,dc80726a8c987e8c3a9171299dac00d03a074311,984616d7db12168446eb385a0f00904822408a9d53fe175f456e9af32ae0521c,n_plus_one,0.85,20,0.35,0.14,699924480,sphere_polar_c11_n_up_gamma_constant_d0p14_a0p85_m16,sphere_mess4,d128l4h2mlp512_700m_seed0_k21,0,21,128,4,trained,embedding_and_all_layers_single_token,belief,1.0,0.51097489927901,640,30.725,0.5157830515995914
sphere_polar_c11_n_up_gamma_constant_d0p14_a0p85_m16_d128l4h2mlp512_700m_seed0_k21,H-R2-05-polar-ladder-capacity,dc80726a8c987e8c3a9171299dac00d03a074311,984616d7db12168446eb385a0f00904822408a9d53fe175f456e9af32ae0521c,n_plus_one,0.85,20,0.35,0.14,699924480,sphere_polar_c11_n_up_gamma_constant_d0p14_a0p85_m16,sphere_mess4,d128l4h2mlp512_700m_seed0_k21,0,21,128,4,random_init,single_layer_single_token,physics,1.0,0.673792416958436,128,153.625,0.6878792283973498
sphere_polar_c11_n_up_gamma_constant_d0p14_a0p85_m16_d128l4h2mlp512_700m_seed0_k21,H-R2-05-polar-ladder-capacity,dc80726a8c987e8c3a9171299dac00d03a074311,984616d7db12168446eb385a0f00904822408a9d53fe175f456e9af32ae0521c,n_plus_one,0.85,20,0.35,0.14,699924480,sphere_polar_c11_n_up_gamma_constant_d0p14_a0p85_m16,sphere_mess4,d128l4h2mlp512_700m_seed0_k21,0,21,128,4,random_init,single_layer_single_token,belief,10.0,0.23853472732017064,128,153.625,0.23714495844069094
sphere_polar_c11_n_up_gamma_constant_d0p14_a0p85_m16_d128l4h2mlp512_700m_seed0_k21,H-R2-05-polar-ladder-capacity,dc80726a8c987e8c3a9171299dac00d03a074311,984616d7db12168446eb385a0f00904822408a9d53fe175f456e9af32ae0521c,n_plus_one,0.85,20,0.35,0.14,699924480,sphere_polar_c11_n_up_gamma_constant_d0p14_a0p85_m16,sphere_mess4,d128l4h2mlp512_700m_seed0_k21,0,21,128,4,random_init,all_block_layers_single_token,physics,1.0,0.7408178192453565,512,38.40625,0.7445471756026236
sphere_polar_c11_n_up_gamma_constant_d0p14_a0p85_m16_d128l4h2mlp512_700m_seed0_k21,H-R2-05-polar-ladder-capacity,dc80726a8c987e8c3a9171299dac00d03a074311,984616d7db12168446eb385a0f00904822408a9d53fe175f456e9af32ae0521c,n_plus_one,0.85,20,0.35,0.14,699924480,sphere_polar_c11_n_up_gamma_constant_d0p14_a0p85_m16,sphere_mess4,d128l4h2mlp512_700m_seed0_k21,0,21,128,4,random_init,all_block_layers_single_token,belief,1.0,0.3400319947145126,512,38.40625,0.32888601774538484
sphere_polar_c11_n_up_gamma_constant_d0p14_a0p85_m16_d128l4h2mlp512_700m_seed0_k21,H-R2-05-polar-ladder-capacity,dc80726a8c987e8c3a9171299dac00d03a074311,984616d7db12168446eb385a0f00904822408a9d53fe175f456e9af32ae0521c,n_plus_one,0.85,20,0.35,0.14,699924480,sphere_polar_c11_n_up_gamma_constant_d0p14_a0p85_m16,sphere_mess4,d128l4h2mlp512_700m_seed0_k21,0,21,128,4,random_init,embedding_and_all_layers_single_token,physics,1.0,0.7498183646641402,640,30.725,0.7547529432957979
sphere_polar_c11_n_up_gamma_constant_d0p14_a0p85_m16_d128l4h2mlp512_700m_seed0_k21,H-R2-05-polar-ladder-capacity,dc80726a8c987e8c3a9171299dac00d03a074311,984616d7db12168446eb385a0f00904822408a9d53fe175f456e9af32ae0521c,n_plus_one,0.85,20,0.35,0.14,699924480,sphere_polar_c11_n_up_gamma_constant_d0p14_a0p85_m16,sphere_mess4,d128l4h2mlp512_700m_seed0_k21,0,21,128,4,random_init,embedding_and_all_layers_single_token,belief,1.0,0.34845361162882893,640,30.725,0.33914906143338186
sphere_polar_c11_n_up_gamma_constant_d0p14_a0p95_m16_d128l4h2mlp512_700m_seed0_k1,H-R2-05-polar-ladder-capacity,dc80726a8c987e8c3a9171299dac00d03a074311,4e75b08b0b7110e5d74d173c3a99180b7db022614c0e76fa272702e857806b86,fixed,0.95,20,0.35,0.14,699924480,sphere_polar_c11_n_up_gamma_constant_d0p14_a0p95_m16,sphere_mess4,d128l4h2mlp512_700m_seed0_k1,0,1,128,4,trained,single_layer_single_token,physics,1.0,0.8327941492309927,128,153.75,0.8466957213960467
sphere_polar_c11_n_up_gamma_constant_d0p14_a0p95_m16_d128l4h2mlp512_700m_seed0_k1,H-R2-05-polar-ladder-capacity,dc80726a8c987e8c3a9171299dac00d03a074311,4e75b08b0b7110e5d74d173c3a99180b7db022614c0e76fa272702e857806b86,fixed,0.95,20,0.35,0.14,699924480,sphere_polar_c11_n_up_gamma_constant_d0p14_a0p95_m16,sphere_mess4,d128l4h2mlp512_700m_seed0_k1,0,1,128,4,trained,single_layer_single_token,belief,10.0,0.3287555459946544,128,153.75,0.3304260410562869
sphere_polar_c11_n_up_gamma_constant_d0p14_a0p95_m16_d128l4h2mlp512_700m_seed0_k1,H-R2-05-polar-ladder-capacity,dc80726a8c987e8c3a9171299dac00d03a074311,4e75b08b0b7110e5d74d173c3a99180b7db022614c0e76fa272702e857806b86,fixed,0.95,20,0.35,0.14,699924480,sphere_polar_c11_n_up_gamma_constant_d0p14_a0p95_m16,sphere_mess4,d128l4h2mlp512_700m_seed0_k1,0,1,128,4,trained,all_block_layers_single_token,physics,1.0,0.9712521058870619,512,38.4375,0.9730696664244967
sphere_polar_c11_n_up_gamma_constant_d0p14_a0p95_m16_d128l4h2mlp512_700m_seed0_k1,H-R2-05-polar-ladder-capacity,dc80726a8c987e8c3a9171299dac00d03a074311,4e75b08b0b7110e5d74d173c3a99180b7db022614c0e76fa272702e857806b86,fixed,0.95,20,0.35,0.14,699924480,sphere_polar_c11_n_up_gamma_constant_d0p14_a0p95_m16,sphere_mess4,d128l4h2mlp512_700m_seed0_k1,0,1,128,4,trained,all_block_layers_single_token,belief,1.0,0.5108865130816472,512,38.4375,0.5216761877702472
sphere_polar_c11_n_up_gamma_constant_d0p14_a0p95_m16_d128l4h2mlp512_700m_seed0_k1,H-R2-05-polar-ladder-capacity,dc80726a8c987e8c3a9171299dac00d03a074311,4e75b08b0b7110e5d74d173c3a99180b7db022614c0e76fa272702e857806b86,fixed,0.95,20,0.35,0.14,699924480,sphere_polar_c11_n_up_gamma_constant_d0p14_a0p95_m16,sphere_mess4,d128l4h2mlp512_700m_seed0_k1,0,1,128,4,trained,embedding_and_all_layers_single_token,physics,1.0,0.9747332153598993,640,30.75,0.9760730395053286
sphere_polar_c11_n_up_gamma_constant_d0p14_a0p95_m16_d128l4h2mlp512_700m_seed0_k1,H-R2-05-polar-ladder-capacity,dc80726a8c987e8c3a9171299dac00d03a074311,4e75b08b0b7110e5d74d173c3a99180b7db022614c0e76fa272702e857806b86,fixed,0.95,20,0.35,0.14,699924480,sphere_polar_c11_n_up_gamma_constant_d0p14_a0p95_m16,sphere_mess4,d128l4h2mlp512_700m_seed0_k1,0,1,128,4,trained,embedding_and_all_layers_single_token,belief,1.0,0.518106840888636,640,30.75,0.5283876405423177
sphere_polar_c11_n_up_gamma_constant_d0p14_a0p95_m16_d128l4h2mlp512_700m_seed0_k1,H-R2-05-polar-ladder-capacity,dc80726a8c987e8c3a9171299dac00d03a074311,4e75b08b0b7110e5d74d173c3a99180b7db022614c0e76fa272702e857806b86,fixed,0.95,20,0.35,0.14,699924480,sphere_polar_c11_n_up_gamma_constant_d0p14_a0p95_m16,sphere_mess4,d128l4h2mlp512_700m_seed0_k1,0,1,128,4,random_init,single_layer_single_token,physics,10.0,0.6865148383550532,128,153.75,0.7030755436667885
sphere_polar_c11_n_up_gamma_constant_d0p14_a0p95_m16_d128l4h2mlp512_700m_seed0_k1,H-R2-05-polar-ladder-capacity,dc80726a8c987e8c3a9171299dac00d03a074311,4e75b08b0b7110e5d74d173c3a99180b7db022614c0e76fa272702e857806b86,fixed,0.95,20,0.35,0.14,699924480,sphere_polar_c11_n_up_gamma_constant_d0p14_a0p95_m16,sphere_mess4,d128l4h2mlp512_700m_seed0_k1,0,1,128,4,random_init,single_layer_single_token,belief,10.0,0.26455670239760737,128,153.75,0.2678349145221708
sphere_polar_c11_n_up_gamma_constant_d0p14_a0p95_m16_d128l4h2mlp512_700m_seed0_k1,H-R2-05-polar-ladder-capacity,dc80726a8c987e8c3a9171299dac00d03a074311,4e75b08b0b7110e5d74d173c3a99180b7db022614c0e76fa272702e857806b86,fixed,0.95,20,0.35,0.14,699924480,sphere_polar_c11_n_up_gamma_constant_d0p14_a0p95_m16,sphere_mess4,d128l4h2mlp512_700m_seed0_k1,0,1,128,4,random_init,all_block_layers_single_token,physics,1.0,0.7504193825661489,512,38.4375,0.763850121645657
sphere_polar_c11_n_up_gamma_constant_d0p14_a0p95_m16_d128l4h2mlp512_700m_seed0_k1,H-R2-05-polar-ladder-capacity,dc80726a8c987e8c3a9171299dac00d03a074311,4e75b08b0b7110e5d74d173c3a99180b7db022614c0e76fa272702e857806b86,fixed,0.95,20,0.35,0.14,699924480,sphere_polar_c11_n_up_gamma_constant_d0p14_a0p95_m16,sphere_mess4,d128l4h2mlp512_700m_seed0_k1,0,1,128,4,random_init,all_block_layers_single_token,belief,1.0,0.36461939155806544,512,38.4375,0.37071402982541146
sphere_polar_c11_n_up_gamma_constant_d0p14_a0p95_m16_d128l4h2mlp512_700m_seed0_k1,H-R2-05-polar-ladder-capacity,dc80726a8c987e8c3a9171299dac00d03a074311,4e75b08b0b7110e5d74d173c3a99180b7db022614c0e76fa272702e857806b86,fixed,0.95,20,0.35,0.14,699924480,sphere_polar_c11_n_up_gamma_constant_d0p14_a0p95_m16,sphere_mess4,d128l4h2mlp512_700m_seed0_k1,0,1,128,4,random_init,embedding_and_all_layers_single_token,physics,1.0,0.7587245610238273,640,30.75,0.7720118196849053
sphere_polar_c11_n_up_gamma_constant_d0p14_a0p95_m16_d128l4h2mlp512_700m_seed0_k1,H-R2-05-polar-ladder-capacity,dc80726a8c987e8c3a9171299dac00d03a074311,4e75b08b0b7110e5d74d173c3a99180b7db022614c0e76fa272702e857806b86,fixed,0.95,20,0.35,0.14,699924480,sphere_polar_c11_n_up_gamma_constant_d0p14_a0p95_m16,sphere_mess4,d128l4h2mlp512_700m_seed0_k1,0,1,128,4,random_init,embedding_and_all_layers_single_token,belief,1.0,0.37193608540702294,640,30.75,0.3811132341783823
sphere_polar_c11_n_up_gamma_constant_d0p14_a0p95_m16_d128l4h2mlp512_700m_seed0_k10,H-R2-05-polar-ladder-capacity,dc80726a8c987e8c3a9171299dac00d03a074311,67c444c07fc5e50be50ed982d06ec82e453fb3eba9f4c28f9ff73c320e2b3b08,half,0.95,20,0.35,0.14,699924480,sphere_polar_c11_n_up_gamma_constant_d0p14_a0p95_m16,sphere_mess4,d128l4h2mlp512_700m_seed0_k10,0,10,128,4,trained,single_layer_single_token,physics,1.0,0.848940116055425,128,153.75,0.8511259455766281
sphere_polar_c11_n_up_gamma_constant_d0p14_a0p95_m16_d128l4h2mlp512_700m_seed0_k10,H-R2-05-polar-ladder-capacity,dc80726a8c987e8c3a9171299dac00d03a074311,67c444c07fc5e50be50ed982d06ec82e453fb3eba9f4c28f9ff73c320e2b3b08,half,0.95,20,0.35,0.14,699924480,sphere_polar_c11_n_up_gamma_constant_d0p14_a0p95_m16,sphere_mess4,d128l4h2mlp512_700m_seed0_k10,0,10,128,4,trained,single_layer_single_token,belief,10.0,0.4264549298527758,128,153.75,0.4314527041141247
sphere_polar_c11_n_up_gamma_constant_d0p14_a0p95_m16_d128l4h2mlp512_700m_seed0_k10,H-R2-05-polar-ladder-capacity,dc80726a8c987e8c3a9171299dac00d03a074311,67c444c07fc5e50be50ed982d06ec82e453fb3eba9f4c28f9ff73c320e2b3b08,half,0.95,20,0.35,0.14,699924480,sphere_polar_c11_n_up_gamma_constant_d0p14_a0p95_m16,sphere_mess4,d128l4h2mlp512_700m_seed0_k10,0,10,128,4,trained,all_block_layers_single_token,physics,1.0,0.9678667055421291,512,38.4375,0.9732823392217533
sphere_polar_c11_n_up_gamma_constant_d0p14_a0p95_m16_d128l4h2mlp512_700m_seed0_k10,H-R2-05-polar-ladder-capacity,dc80726a8c987e8c3a9171299dac00d03a074311,67c444c07fc5e50be50ed982d06ec82e453fb3eba9f4c28f9ff73c320e2b3b08,half,0.95,20,0.35,0.14,699924480,sphere_polar_c11_n_up_gamma_constant_d0p14_a0p95_m16,sphere_mess4,d128l4h2mlp512_700m_seed0_k10,0,10,128,4,trained,all_block_layers_single_token,belief,1.0,0.6413662484589735,512,38.4375,0.6519392613370226
sphere_polar_c11_n_up_gamma_constant_d0p14_a0p95_m16_d128l4h2mlp512_700m_seed0_k10,H-R2-05-polar-ladder-capacity,dc80726a8c987e8c3a9171299dac00d03a074311,67c444c07fc5e50be50ed982d06ec82e453fb3eba9f4c28f9ff73c320e2b3b08,half,0.95,20,0.35,0.14,699924480,sphere_polar_c11_n_up_gamma_constant_d0p14_a0p95_m16,sphere_mess4,d128l4h2mlp512_700m_seed0_k10,0,10,128,4,trained,embedding_and_all_layers_single_token,physics,1.0,0.9719036411543888,640,30.75,0.97668026726755
sphere_polar_c11_n_up_gamma_constant_d0p14_a0p95_m16_d128l4h2mlp512_700m_seed0_k10,H-R2-05-polar-ladder-capacity,dc80726a8c987e8c3a9171299dac00d03a074311,67c444c07fc5e50be50ed982d06ec82e453fb3eba9f4c28f9ff73c320e2b3b08,half,0.95,20,0.35,0.14,699924480,sphere_polar_c11_n_up_gamma_constant_d0p14_a0p95_m16,sphere_mess4,d128l4h2mlp512_700m_seed0_k10,0,10,128,4,trained,embedding_and_all_layers_single_token,belief,1.0,0.6484882314208195,640,30.75,0.659849063151568
sphere_polar_c11_n_up_gamma_constant_d0p14_a0p95_m16_d128l4h2mlp512_700m_seed0_k10,H-R2-05-polar-ladder-capacity,dc80726a8c987e8c3a9171299dac00d03a074311,67c444c07fc5e50be50ed982d06ec82e453fb3eba9f4c28f9ff73c320e2b3b08,half,0.95,20,0.35,0.14,699924480,sphere_polar_c11_n_up_gamma_constant_d0p14_a0p95_m16,sphere_mess4,d128l4h2mlp512_700m_seed0_k10,0,10,128,4,random_init,single_layer_single_token,physics,10.0,0.6865148383550532,128,153.75,0.7030755436667885
sphere_polar_c11_n_up_gamma_constant_d0p14_a0p95_m16_d128l4h2mlp512_700m_seed0_k10,H-R2-05-polar-ladder-capacity,dc80726a8c987e8c3a9171299dac00d03a074311,67c444c07fc5e50be50ed982d06ec82e453fb3eba9f4c28f9ff73c320e2b3b08,half,0.95,20,0.35,0.14,699924480,sphere_polar_c11_n_up_gamma_constant_d0p14_a0p95_m16,sphere_mess4,d128l4h2mlp512_700m_seed0_k10,0,10,128,4,random_init,single_layer_single_token,belief,10.0,0.26455670239760737,128,153.75,0.2678349145221708
sphere_polar_c11_n_up_gamma_constant_d0p14_a0p95_m16_d128l4h2mlp512_700m_seed0_k10,H-R2-05-polar-ladder-capacity,dc80726a8c987e8c3a9171299dac00d03a074311,67c444c07fc5e50be50ed982d06ec82e453fb3eba9f4c28f9ff73c320e2b3b08,half,0.95,20,0.35,0.14,699924480,sphere_polar_c11_n_up_gamma_constant_d0p14_a0p95_m16,sphere_mess4,d128l4h2mlp512_700m_seed0_k10,0,10,128,4,random_init,all_block_layers_single_token,physics,1.0,0.7504193825661489,512,38.4375,0.763850121645657
sphere_polar_c11_n_up_gamma_constant_d0p14_a0p95_m16_d128l4h2mlp512_700m_seed0_k10,H-R2-05-polar-ladder-capacity,dc80726a8c987e8c3a9171299dac00d03a074311,67c444c07fc5e50be50ed982d06ec82e453fb3eba9f4c28f9ff73c320e2b3b08,half,0.95,20,0.35,0.14,699924480,sphere_polar_c11_n_up_gamma_constant_d0p14_a0p95_m16,sphere_mess4,d128l4h2mlp512_700m_seed0_k10,0,10,128,4,random_init,all_block_layers_single_token,belief,1.0,0.36461939155806544,512,38.4375,0.37071402982541146
sphere_polar_c11_n_up_gamma_constant_d0p14_a0p95_m16_d128l4h2mlp512_700m_seed0_k10,H-R2-05-polar-ladder-capacity,dc80726a8c987e8c3a9171299dac00d03a074311,67c444c07fc5e50be50ed982d06ec82e453fb3eba9f4c28f9ff73c320e2b3b08,half,0.95,20,0.35,0.14,699924480,sphere_polar_c11_n_up_gamma_constant_d0p14_a0p95_m16,sphere_mess4,d128l4h2mlp512_700m_seed0_k10,0,10,128,4,random_init,embedding_and_all_layers_single_token,physics,1.0,0.7587245610238273,640,30.75,0.7720118196849053
sphere_polar_c11_n_up_gamma_constant_d0p14_a0p95_m16_d128l4h2mlp512_700m_seed0_k10,H-R2-05-polar-ladder-capacity,dc80726a8c987e8c3a9171299dac00d03a074311,67c444c07fc5e50be50ed982d06ec82e453fb3eba9f4c28f9ff73c320e2b3b08,half,0.95,20,0.35,0.14,699924480,sphere_polar_c11_n_up_gamma_constant_d0p14_a0p95_m16,sphere_mess4,d128l4h2mlp512_700m_seed0_k10,0,10,128,4,random_init,embedding_and_all_layers_single_token,belief,1.0,0.37193608540702294,640,30.75,0.3811132341783823
sphere_polar_c11_n_up_gamma_constant_d0p14_a0p95_m16_d128l4h2mlp512_700m_seed0_k21,H-R2-05-polar-ladder-capacity,dc80726a8c987e8c3a9171299dac00d03a074311,4dfba5a2d8dedc70ab171640a62665784636c4f4ce8ce082ed0273351ec67407,n_plus_one,0.95,20,0.35,0.14,699924480,sphere_polar_c11_n_up_gamma_constant_d0p14_a0p95_m16,sphere_mess4,d128l4h2mlp512_700m_seed0_k21,0,21,128,4,trained,single_layer_single_token,physics,10.0,0.8685008875673146,128,153.75,0.8773353511035784
sphere_polar_c11_n_up_gamma_constant_d0p14_a0p95_m16_d128l4h2mlp512_700m_seed0_k21,H-R2-05-polar-ladder-capacity,dc80726a8c987e8c3a9171299dac00d03a074311,4dfba5a2d8dedc70ab171640a62665784636c4f4ce8ce082ed0273351ec67407,n_plus_one,0.95,20,0.35,0.14,699924480,sphere_polar_c11_n_up_gamma_constant_d0p14_a0p95_m16,sphere_mess4,d128l4h2mlp512_700m_seed0_k21,0,21,128,4,trained,single_layer_single_token,belief,10.0,0.41877132094390535,128,153.75,0.42708469912093094
sphere_polar_c11_n_up_gamma_constant_d0p14_a0p95_m16_d128l4h2mlp512_700m_seed0_k21,H-R2-05-polar-ladder-capacity,dc80726a8c987e8c3a9171299dac00d03a074311,4dfba5a2d8dedc70ab171640a62665784636c4f4ce8ce082ed0273351ec67407,n_plus_one,0.95,20,0.35,0.14,699924480,sphere_polar_c11_n_up_gamma_constant_d0p14_a0p95_m16,sphere_mess4,d128l4h2mlp512_700m_seed0_k21,0,21,128,4,trained,all_block_layers_single_token,physics,1.0,0.9670501873187989,512,38.4375,0.9717198073495864
sphere_polar_c11_n_up_gamma_constant_d0p14_a0p95_m16_d128l4h2mlp512_700m_seed0_k21,H-R2-05-polar-ladder-capacity,dc80726a8c987e8c3a9171299dac00d03a074311,4dfba5a2d8dedc70ab171640a62665784636c4f4ce8ce082ed0273351ec67407,n_plus_one,0.95,20,0.35,0.14,699924480,sphere_polar_c11_n_up_gamma_constant_d0p14_a0p95_m16,sphere_mess4,d128l4h2mlp512_700m_seed0_k21,0,21,128,4,trained,all_block_layers_single_token,belief,10.0,0.6217721495442079,512,38.4375,0.6341739805592883
sphere_polar_c11_n_up_gamma_constant_d0p14_a0p95_m16_d128l4h2mlp512_700m_seed0_k21,H-R2-05-polar-ladder-capacity,dc80726a8c987e8c3a9171299dac00d03a074311,4dfba5a2d8dedc70ab171640a62665784636c4f4ce8ce082ed0273351ec67407,n_plus_one,0.95,20,0.35,0.14,699924480,sphere_polar_c11_n_up_gamma_constant_d0p14_a0p95_m16,sphere_mess4,d128l4h2mlp512_700m_seed0_k21,0,21,128,4,trained,embedding_and_all_layers_single_token,physics,1.0,0.9714396676208712,640,30.75,0.975730363330075
sphere_polar_c11_n_up_gamma_constant_d0p14_a0p95_m16_d128l4h2mlp512_700m_seed0_k21,H-R2-05-polar-ladder-capacity,dc80726a8c987e8c3a9171299dac00d03a074311,4dfba5a2d8dedc70ab171640a62665784636c4f4ce8ce082ed0273351ec67407,n_plus_one,0.95,20,0.35,0.14,699924480,sphere_polar_c11_n_up_gamma_constant_d0p14_a0p95_m16,sphere_mess4,d128l4h2mlp512_700m_seed0_k21,0,21,128,4,trained,embedding_and_all_layers_single_token,belief,10.0,0.6278988277321498,640,30.75,0.6430315148028982
sphere_polar_c11_n_up_gamma_constant_d0p14_a0p95_m16_d128l4h2mlp512_700m_seed0_k21,H-R2-05-polar-ladder-capacity,dc80726a8c987e8c3a9171299dac00d03a074311,4dfba5a2d8dedc70ab171640a62665784636c4f4ce8ce082ed0273351ec67407,n_plus_one,0.95,20,0.35,0.14,699924480,sphere_polar_c11_n_up_gamma_constant_d0p14_a0p95_m16,sphere_mess4,d128l4h2mlp512_700m_seed0_k21,0,21,128,4,random_init,single_layer_single_token,physics,10.0,0.6865148383550532,128,153.75,0.7030755436667885
sphere_polar_c11_n_up_gamma_constant_d0p14_a0p95_m16_d128l4h2mlp512_700m_seed0_k21,H-R2-05-polar-ladder-capacity,dc80726a8c987e8c3a9171299dac00d03a074311,4dfba5a2d8dedc70ab171640a62665784636c4f4ce8ce082ed0273351ec67407,n_plus_one,0.95,20,0.35,0.14,699924480,sphere_polar_c11_n_up_gamma_constant_d0p14_a0p95_m16,sphere_mess4,d128l4h2mlp512_700m_seed0_k21,0,21,128,4,random_init,single_layer_single_token,belief,10.0,0.26455670239760737,128,153.75,0.2678349145221708
sphere_polar_c11_n_up_gamma_constant_d0p14_a0p95_m16_d128l4h2mlp512_700m_seed0_k21,H-R2-05-polar-ladder-capacity,dc80726a8c987e8c3a9171299dac00d03a074311,4dfba5a2d8dedc70ab171640a62665784636c4f4ce8ce082ed0273351ec67407,n_plus_one,0.95,20,0.35,0.14,699924480,sphere_polar_c11_n_up_gamma_constant_d0p14_a0p95_m16,sphere_mess4,d128l4h2mlp512_700m_seed0_k21,0,21,128,4,random_init,all_block_layers_single_token,physics,1.0,0.7504193825661489,512,38.4375,0.763850121645657
sphere_polar_c11_n_up_gamma_constant_d0p14_a0p95_m16_d128l4h2mlp512_700m_seed0_k21,H-R2-05-polar-ladder-capacity,dc80726a8c987e8c3a9171299dac00d03a074311,4dfba5a2d8dedc70ab171640a62665784636c4f4ce8ce082ed0273351ec67407,n_plus_one,0.95,20,0.35,0.14,699924480,sphere_polar_c11_n_up_gamma_constant_d0p14_a0p95_m16,sphere_mess4,d128l4h2mlp512_700m_seed0_k21,0,21,128,4,random_init,all_block_layers_single_token,belief,1.0,0.36461939155806544,512,38.4375,0.37071402982541146
sphere_polar_c11_n_up_gamma_constant_d0p14_a0p95_m16_d128l4h2mlp512_700m_seed0_k21,H-R2-05-polar-ladder-capacity,dc80726a8c987e8c3a9171299dac00d03a074311,4dfba5a2d8dedc70ab171640a62665784636c4f4ce8ce082ed0273351ec67407,n_plus_one,0.95,20,0.35,0.14,699924480,sphere_polar_c11_n_up_gamma_constant_d0p14_a0p95_m16,sphere_mess4,d128l4h2mlp512_700m_seed0_k21,0,21,128,4,random_init,embedding_and_all_layers_single_token,physics,1.0,0.7587245610238273,640,30.75,0.7720118196849053
sphere_polar_c11_n_up_gamma_constant_d0p14_a0p95_m16_d128l4h2mlp512_700m_seed0_k21,H-R2-05-polar-ladder-capacity,dc80726a8c987e8c3a9171299dac00d03a074311,4dfba5a2d8dedc70ab171640a62665784636c4f4ce8ce082ed0273351ec67407,n_plus_one,0.95,20,0.35,0.14,699924480,sphere_polar_c11_n_up_gamma_constant_d0p14_a0p95_m16,sphere_mess4,d128l4h2mlp512_700m_seed0_k21,0,21,128,4,random_init,embedding_and_all_layers_single_token,belief,1.0,0.37193608540702294,640,30.75,0.3811132341783823
sphere_polar_c12_n_down_gamma_constant_d0p1_a0p5_m16_d128l4h2mlp512_700m_seed0_k1,H-R2-05-polar-ladder-capacity,dc80726a8c987e8c3a9171299dac00d03a074311,ed6fb7b24a3cedbb02fdead258b9a60d0e1573189593ae1ab62e07c01eecac86,fixed,0.5,5,0.35,0.1,699924480,sphere_polar_c12_n_down_gamma_constant_d0p1_a0p5_m16,sphere_mess4,d128l4h2mlp512_700m_seed0_k1,0,1,128,4,trained,single_layer_single_token,physics,10.0,0.9150589738042392,128,153.5,0.9146225989057006
sphere_polar_c12_n_down_gamma_constant_d0p1_a0p5_m16_d128l4h2mlp512_700m_seed0_k1,H-R2-05-polar-ladder-capacity,dc80726a8c987e8c3a9171299dac00d03a074311,ed6fb7b24a3cedbb02fdead258b9a60d0e1573189593ae1ab62e07c01eecac86,fixed,0.5,5,0.35,0.1,699924480,sphere_polar_c12_n_down_gamma_constant_d0p1_a0p5_m16,sphere_mess4,d128l4h2mlp512_700m_seed0_k1,0,1,128,4,trained,single_layer_single_token,belief,1.0,0.1830853532566755,128,153.5,0.17245036122953258
sphere_polar_c12_n_down_gamma_constant_d0p1_a0p5_m16_d128l4h2mlp512_700m_seed0_k1,H-R2-05-polar-ladder-capacity,dc80726a8c987e8c3a9171299dac00d03a074311,ed6fb7b24a3cedbb02fdead258b9a60d0e1573189593ae1ab62e07c01eecac86,fixed,0.5,5,0.35,0.1,699924480,sphere_polar_c12_n_down_gamma_constant_d0p1_a0p5_m16,sphere_mess4,d128l4h2mlp512_700m_seed0_k1,0,1,128,4,trained,all_block_layers_single_token,physics,1.0,0.992856744585358,512,38.375,0.9928516050172151
sphere_polar_c12_n_down_gamma_constant_d0p1_a0p5_m16_d128l4h2mlp512_700m_seed0_k1,H-R2-05-polar-ladder-capacity,dc80726a8c987e8c3a9171299dac00d03a074311,ed6fb7b24a3cedbb02fdead258b9a60d0e1573189593ae1ab62e07c01eecac86,fixed,0.5,5,0.35,0.1,699924480,sphere_polar_c12_n_down_gamma_constant_d0p1_a0p5_m16,sphere_mess4,d128l4h2mlp512_700m_seed0_k1,0,1,128,4,trained,all_block_layers_single_token,belief,1.0,0.33218476655983165,512,38.375,0.3233034943992035
sphere_polar_c12_n_down_gamma_constant_d0p1_a0p5_m16_d128l4h2mlp512_700m_seed0_k1,H-R2-05-polar-ladder-capacity,dc80726a8c987e8c3a9171299dac00d03a074311,ed6fb7b24a3cedbb02fdead258b9a60d0e1573189593ae1ab62e07c01eecac86,fixed,0.5,5,0.35,0.1,699924480,sphere_polar_c12_n_down_gamma_constant_d0p1_a0p5_m16,sphere_mess4,d128l4h2mlp512_700m_seed0_k1,0,1,128,4,trained,embedding_and_all_layers_single_token,physics,1.0,0.9949265381748891,640,30.7,0.9948109580965347
sphere_polar_c12_n_down_gamma_constant_d0p1_a0p5_m16_d128l4h2mlp512_700m_seed0_k1,H-R2-05-polar-ladder-capacity,dc80726a8c987e8c3a9171299dac00d03a074311,ed6fb7b24a3cedbb02fdead258b9a60d0e1573189593ae1ab62e07c01eecac86,fixed,0.5,5,0.35,0.1,699924480,sphere_polar_c12_n_down_gamma_constant_d0p1_a0p5_m16,sphere_mess4,d128l4h2mlp512_700m_seed0_k1,0,1,128,4,trained,embedding_and_all_layers_single_token,belief,1.0,0.3415015898228808,640,30.7,0.3332842974960776
sphere_polar_c12_n_down_gamma_constant_d0p1_a0p5_m16_d128l4h2mlp512_700m_seed0_k1,H-R2-05-polar-ladder-capacity,dc80726a8c987e8c3a9171299dac00d03a074311,ed6fb7b24a3cedbb02fdead258b9a60d0e1573189593ae1ab62e07c01eecac86,fixed,0.5,5,0.35,0.1,699924480,sphere_polar_c12_n_down_gamma_constant_d0p1_a0p5_m16,sphere_mess4,d128l4h2mlp512_700m_seed0_k1,0,1,128,4,random_init,single_layer_single_token,physics,10.0,0.7346449855450903,128,153.5,0.7378776384312622
sphere_polar_c12_n_down_gamma_constant_d0p1_a0p5_m16_d128l4h2mlp512_700m_seed0_k1,H-R2-05-polar-ladder-capacity,dc80726a8c987e8c3a9171299dac00d03a074311,ed6fb7b24a3cedbb02fdead258b9a60d0e1573189593ae1ab62e07c01eecac86,fixed,0.5,5,0.35,0.1,699924480,sphere_polar_c12_n_down_gamma_constant_d0p1_a0p5_m16,sphere_mess4,d128l4h2mlp512_700m_seed0_k1,0,1,128,4,random_init,single_layer_single_token,belief,10.0,0.13384888296060607,128,153.5,0.12785701629753127
sphere_polar_c12_n_down_gamma_constant_d0p1_a0p5_m16_d128l4h2mlp512_700m_seed0_k1,H-R2-05-polar-ladder-capacity,dc80726a8c987e8c3a9171299dac00d03a074311,ed6fb7b24a3cedbb02fdead258b9a60d0e1573189593ae1ab62e07c01eecac86,fixed,0.5,5,0.35,0.1,699924480,sphere_polar_c12_n_down_gamma_constant_d0p1_a0p5_m16,sphere_mess4,d128l4h2mlp512_700m_seed0_k1,0,1,128,4,random_init,all_block_layers_single_token,physics,1.0,0.7987437259357898,512,38.375,0.7984387048321071
sphere_polar_c12_n_down_gamma_constant_d0p1_a0p5_m16_d128l4h2mlp512_700m_seed0_k1,H-R2-05-polar-ladder-capacity,dc80726a8c987e8c3a9171299dac00d03a074311,ed6fb7b24a3cedbb02fdead258b9a60d0e1573189593ae1ab62e07c01eecac86,fixed,0.5,5,0.35,0.1,699924480,sphere_polar_c12_n_down_gamma_constant_d0p1_a0p5_m16,sphere_mess4,d128l4h2mlp512_700m_seed0_k1,0,1,128,4,random_init,all_block_layers_single_token,belief,1.0,0.22266307140496888,512,38.375,0.21785202419747515
sphere_polar_c12_n_down_gamma_constant_d0p1_a0p5_m16_d128l4h2mlp512_700m_seed0_k1,H-R2-05-polar-ladder-capacity,dc80726a8c987e8c3a9171299dac00d03a074311,ed6fb7b24a3cedbb02fdead258b9a60d0e1573189593ae1ab62e07c01eecac86,fixed,0.5,5,0.35,0.1,699924480,sphere_polar_c12_n_down_gamma_constant_d0p1_a0p5_m16,sphere_mess4,d128l4h2mlp512_700m_seed0_k1,0,1,128,4,random_init,embedding_and_all_layers_single_token,physics,1.0,0.811105513434837,640,30.7,0.8121722620504204
sphere_polar_c12_n_down_gamma_constant_d0p1_a0p5_m16_d128l4h2mlp512_700m_seed0_k1,H-R2-05-polar-ladder-capacity,dc80726a8c987e8c3a9171299dac00d03a074311,ed6fb7b24a3cedbb02fdead258b9a60d0e1573189593ae1ab62e07c01eecac86,fixed,0.5,5,0.35,0.1,699924480,sphere_polar_c12_n_down_gamma_constant_d0p1_a0p5_m16,sphere_mess4,d128l4h2mlp512_700m_seed0_k1,0,1,128,4,random_init,embedding_and_all_layers_single_token,belief,1.0,0.2336722836811545,640,30.7,0.22948324636589532
sphere_polar_c12_n_down_gamma_constant_d0p1_a0p5_m16_d128l4h2mlp512_700m_seed0_k2,H-R2-05-polar-ladder-capacity,dc80726a8c987e8c3a9171299dac00d03a074311,3dc3e6a9e46d03a4c33e8332891450c9910a14150b89503aa4edbbae1cbad359,half,0.5,5,0.35,0.1,699924480,sphere_polar_c12_n_down_gamma_constant_d0p1_a0p5_m16,sphere_mess4,d128l4h2mlp512_700m_seed0_k2,0,2,128,4,trained,single_layer_single_token,physics,1.0,0.9092343917924776,128,153.5,0.9089573506665479
sphere_polar_c12_n_down_gamma_constant_d0p1_a0p5_m16_d128l4h2mlp512_700m_seed0_k2,H-R2-05-polar-ladder-capacity,dc80726a8c987e8c3a9171299dac00d03a074311,3dc3e6a9e46d03a4c33e8332891450c9910a14150b89503aa4edbbae1cbad359,half,0.5,5,0.35,0.1,699924480,sphere_polar_c12_n_down_gamma_constant_d0p1_a0p5_m16,sphere_mess4,d128l4h2mlp512_700m_seed0_k2,0,2,128,4,trained,single_layer_single_token,belief,1.0,0.18099385503044307,128,153.5,0.16845999121497912
sphere_polar_c12_n_down_gamma_constant_d0p1_a0p5_m16_d128l4h2mlp512_700m_seed0_k2,H-R2-05-polar-ladder-capacity,dc80726a8c987e8c3a9171299dac00d03a074311,3dc3e6a9e46d03a4c33e8332891450c9910a14150b89503aa4edbbae1cbad359,half,0.5,5,0.35,0.1,699924480,sphere_polar_c12_n_down_gamma_constant_d0p1_a0p5_m16,sphere_mess4,d128l4h2mlp512_700m_seed0_k2,0,2,128,4,trained,all_block_layers_single_token,physics,1.0,0.9953277098802455,512,38.375,0.9946421106066534
sphere_polar_c12_n_down_gamma_constant_d0p1_a0p5_m16_d128l4h2mlp512_700m_seed0_k2,H-R2-05-polar-ladder-capacity,dc80726a8c987e8c3a9171299dac00d03a074311,3dc3e6a9e46d03a4c33e8332891450c9910a14150b89503aa4edbbae1cbad359,half,0.5,5,0.35,0.1,699924480,sphere_polar_c12_n_down_gamma_constant_d0p1_a0p5_m16,sphere_mess4,d128l4h2mlp512_700m_seed0_k2,0,2,128,4,trained,all_block_layers_single_token,belief,1.0,0.34795816673015806,512,38.375,0.34639860212966506
sphere_polar_c12_n_down_gamma_constant_d0p1_a0p5_m16_d128l4h2mlp512_700m_seed0_k2,H-R2-05-polar-ladder-capacity,dc80726a8c987e8c3a9171299dac00d03a074311,3dc3e6a9e46d03a4c33e8332891450c9910a14150b89503aa4edbbae1cbad359,half,0.5,5,0.35,0.1,699924480,sphere_polar_c12_n_down_gamma_constant_d0p1_a0p5_m16,sphere_mess4,d128l4h2mlp512_700m_seed0_k2,0,2,128,4,trained,embedding_and_all_layers_single_token,physics,1.0,0.9968271569759387,640,30.7,0.9960434126973339
sphere_polar_c12_n_down_gamma_constant_d0p1_a0p5_m16_d128l4h2mlp512_700m_seed0_k2,H-R2-05-polar-ladder-capacity,dc80726a8c987e8c3a9171299dac00d03a074311,3dc3e6a9e46d03a4c33e8332891450c9910a14150b89503aa4edbbae1cbad359,half,0.5,5,0.35,0.1,699924480,sphere_polar_c12_n_down_gamma_constant_d0p1_a0p5_m16,sphere_mess4,d128l4h2mlp512_700m_seed0_k2,0,2,128,4,trained,embedding_and_all_layers_single_token,belief,1.0,0.36042824639642573,640,30.7,0.35710408450863484
sphere_polar_c12_n_down_gamma_constant_d0p1_a0p5_m16_d128l4h2mlp512_700m_seed0_k2,H-R2-05-polar-ladder-capacity,dc80726a8c987e8c3a9171299dac00d03a074311,3dc3e6a9e46d03a4c33e8332891450c9910a14150b89503aa4edbbae1cbad359,half,0.5,5,0.35,0.1,699924480,sphere_polar_c12_n_down_gamma_constant_d0p1_a0p5_m16,sphere_mess4,d128l4h2mlp512_700m_seed0_k2,0,2,128,4,random_init,single_layer_single_token,physics,10.0,0.7346449855450903,128,153.5,0.7378776384312622
sphere_polar_c12_n_down_gamma_constant_d0p1_a0p5_m16_d128l4h2mlp512_700m_seed0_k2,H-R2-05-polar-ladder-capacity,dc80726a8c987e8c3a9171299dac00d03a074311,3dc3e6a9e46d03a4c33e8332891450c9910a14150b89503aa4edbbae1cbad359,half,0.5,5,0.35,0.1,699924480,sphere_polar_c12_n_down_gamma_constant_d0p1_a0p5_m16,sphere_mess4,d128l4h2mlp512_700m_seed0_k2,0,2,128,4,random_init,single_layer_single_token,belief,10.0,0.13384888296060607,128,153.5,0.12785701629753127
sphere_polar_c12_n_down_gamma_constant_d0p1_a0p5_m16_d128l4h2mlp512_700m_seed0_k2,H-R2-05-polar-ladder-capacity,dc80726a8c987e8c3a9171299dac00d03a074311,3dc3e6a9e46d03a4c33e8332891450c9910a14150b89503aa4edbbae1cbad359,half,0.5,5,0.35,0.1,699924480,sphere_polar_c12_n_down_gamma_constant_d0p1_a0p5_m16,sphere_mess4,d128l4h2mlp512_700m_seed0_k2,0,2,128,4,random_init,all_block_layers_single_token,physics,1.0,0.7987437259357898,512,38.375,0.7984387048321071
sphere_polar_c12_n_down_gamma_constant_d0p1_a0p5_m16_d128l4h2mlp512_700m_seed0_k2,H-R2-05-polar-ladder-capacity,dc80726a8c987e8c3a9171299dac00d03a074311,3dc3e6a9e46d03a4c33e8332891450c9910a14150b89503aa4edbbae1cbad359,half,0.5,5,0.35,0.1,699924480,sphere_polar_c12_n_down_gamma_constant_d0p1_a0p5_m16,sphere_mess4,d128l4h2mlp512_700m_seed0_k2,0,2,128,4,random_init,all_block_layers_single_token,belief,1.0,0.22266307140496888,512,38.375,0.21785202419747515
sphere_polar_c12_n_down_gamma_constant_d0p1_a0p5_m16_d128l4h2mlp512_700m_seed0_k2,H-R2-05-polar-ladder-capacity,dc80726a8c987e8c3a9171299dac00d03a074311,3dc3e6a9e46d03a4c33e8332891450c9910a14150b89503aa4edbbae1cbad359,half,0.5,5,0.35,0.1,699924480,sphere_polar_c12_n_down_gamma_constant_d0p1_a0p5_m16,sphere_mess4,d128l4h2mlp512_700m_seed0_k2,0,2,128,4,random_init,embedding_and_all_layers_single_token,physics,1.0,0.811105513434837,640,30.7,0.8121722620504204
sphere_polar_c12_n_down_gamma_constant_d0p1_a0p5_m16_d128l4h2mlp512_700m_seed0_k2,H-R2-05-polar-ladder-capacity,dc80726a8c987e8c3a9171299dac00d03a074311,3dc3e6a9e46d03a4c33e8332891450c9910a14150b89503aa4edbbae1cbad359,half,0.5,5,0.35,0.1,699924480,sphere_polar_c12_n_down_gamma_constant_d0p1_a0p5_m16,sphere_mess4,d128l4h2mlp512_700m_seed0_k2,0,2,128,4,random_init,embedding_and_all_layers_single_token,belief,1.0,0.2336722836811545,640,30.7,0.22948324636589532
sphere_polar_c12_n_down_gamma_constant_d0p1_a0p5_m16_d128l4h2mlp512_700m_seed0_k6,H-R2-05-polar-ladder-capacity,dc80726a8c987e8c3a9171299dac00d03a074311,b56da616f757c49fbdde215f6c9b893e198a12b954927b198a0499bbad7ba3b9,n_plus_one,0.5,5,0.35,0.1,699924480,sphere_polar_c12_n_down_gamma_constant_d0p1_a0p5_m16,sphere_mess4,d128l4h2mlp512_700m_seed0_k6,0,6,128,4,trained,single_layer_single_token,physics,10.0,0.9050011737975674,128,153.5,0.9042106030762953
sphere_polar_c12_n_down_gamma_constant_d0p1_a0p5_m16_d128l4h2mlp512_700m_seed0_k6,H-R2-05-polar-ladder-capacity,dc80726a8c987e8c3a9171299dac00d03a074311,b56da616f757c49fbdde215f6c9b893e198a12b954927b198a0499bbad7ba3b9,n_plus_one,0.5,5,0.35,0.1,699924480,sphere_polar_c12_n_down_gamma_constant_d0p1_a0p5_m16,sphere_mess4,d128l4h2mlp512_700m_seed0_k6,0,6,128,4,trained,single_layer_single_token,belief,1.0,0.1787354316154144,128,153.5,0.17384511855175852
sphere_polar_c12_n_down_gamma_constant_d0p1_a0p5_m16_d128l4h2mlp512_700m_seed0_k6,H-R2-05-polar-ladder-capacity,dc80726a8c987e8c3a9171299dac00d03a074311,b56da616f757c49fbdde215f6c9b893e198a12b954927b198a0499bbad7ba3b9,n_plus_one,0.5,5,0.35,0.1,699924480,sphere_polar_c12_n_down_gamma_constant_d0p1_a0p5_m16,sphere_mess4,d128l4h2mlp512_700m_seed0_k6,0,6,128,4,trained,all_block_layers_single_token,physics,1.0,0.9758167427630389,512,38.375,0.9773592163110418
sphere_polar_c12_n_down_gamma_constant_d0p1_a0p5_m16_d128l4h2mlp512_700m_seed0_k6,H-R2-05-polar-ladder-capacity,dc80726a8c987e8c3a9171299dac00d03a074311,b56da616f757c49fbdde215f6c9b893e198a12b954927b198a0499bbad7ba3b9,n_plus_one,0.5,5,0.35,0.1,699924480,sphere_polar_c12_n_down_gamma_constant_d0p1_a0p5_m16,sphere_mess4,d128l4h2mlp512_700m_seed0_k6,0,6,128,4,trained,all_block_layers_single_token,belief,10.0,0.3254996734546439,512,38.375,0.3255742322830122
sphere_polar_c12_n_down_gamma_constant_d0p1_a0p5_m16_d128l4h2mlp512_700m_seed0_k6,H-R2-05-polar-ladder-capacity,dc80726a8c987e8c3a9171299dac00d03a074311,b56da616f757c49fbdde215f6c9b893e198a12b954927b198a0499bbad7ba3b9,n_plus_one,0.5,5,0.35,0.1,699924480,sphere_polar_c12_n_down_gamma_constant_d0p1_a0p5_m16,sphere_mess4,d128l4h2mlp512_700m_seed0_k6,0,6,128,4,trained,embedding_and_all_layers_single_token,physics,1.0,0.9783639319168298,640,30.7,0.9802287046081238
sphere_polar_c12_n_down_gamma_constant_d0p1_a0p5_m16_d128l4h2mlp512_700m_seed0_k6,H-R2-05-polar-ladder-capacity,dc80726a8c987e8c3a9171299dac00d03a074311,b56da616f757c49fbdde215f6c9b893e198a12b954927b198a0499bbad7ba3b9,n_plus_one,0.5,5,0.35,0.1,699924480,sphere_polar_c12_n_down_gamma_constant_d0p1_a0p5_m16,sphere_mess4,d128l4h2mlp512_700m_seed0_k6,0,6,128,4,trained,embedding_and_all_layers_single_token,belief,10.0,0.33330496632570694,640,30.7,0.3353008463862961
sphere_polar_c12_n_down_gamma_constant_d0p1_a0p5_m16_d128l4h2mlp512_700m_seed0_k6,H-R2-05-polar-ladder-capacity,dc80726a8c987e8c3a9171299dac00d03a074311,b56da616f757c49fbdde215f6c9b893e198a12b954927b198a0499bbad7ba3b9,n_plus_one,0.5,5,0.35,0.1,699924480,sphere_polar_c12_n_down_gamma_constant_d0p1_a0p5_m16,sphere_mess4,d128l4h2mlp512_700m_seed0_k6,0,6,128,4,random_init,single_layer_single_token,physics,10.0,0.7346449855450903,128,153.5,0.7378776384312622
sphere_polar_c12_n_down_gamma_constant_d0p1_a0p5_m16_d128l4h2mlp512_700m_seed0_k6,H-R2-05-polar-ladder-capacity,dc80726a8c987e8c3a9171299dac00d03a074311,b56da616f757c49fbdde215f6c9b893e198a12b954927b198a0499bbad7ba3b9,n_plus_one,0.5,5,0.35,0.1,699924480,sphere_polar_c12_n_down_gamma_constant_d0p1_a0p5_m16,sphere_mess4,d128l4h2mlp512_700m_seed0_k6,0,6,128,4,random_init,single_layer_single_token,belief,10.0,0.13384888296060607,128,153.5,0.12785701629753127
sphere_polar_c12_n_down_gamma_constant_d0p1_a0p5_m16_d128l4h2mlp512_700m_seed0_k6,H-R2-05-polar-ladder-capacity,dc80726a8c987e8c3a9171299dac00d03a074311,b56da616f757c49fbdde215f6c9b893e198a12b954927b198a0499bbad7ba3b9,n_plus_one,0.5,5,0.35,0.1,699924480,sphere_polar_c12_n_down_gamma_constant_d0p1_a0p5_m16,sphere_mess4,d128l4h2mlp512_700m_seed0_k6,0,6,128,4,random_init,all_block_layers_single_token,physics,1.0,0.7987437259357898,512,38.375,0.7984387048321071
sphere_polar_c12_n_down_gamma_constant_d0p1_a0p5_m16_d128l4h2mlp512_700m_seed0_k6,H-R2-05-polar-ladder-capacity,dc80726a8c987e8c3a9171299dac00d03a074311,b56da616f757c49fbdde215f6c9b893e198a12b954927b198a0499bbad7ba3b9,n_plus_one,0.5,5,0.35,0.1,699924480,sphere_polar_c12_n_down_gamma_constant_d0p1_a0p5_m16,sphere_mess4,d128l4h2mlp512_700m_seed0_k6,0,6,128,4,random_init,all_block_layers_single_token,belief,1.0,0.22266307140496888,512,38.375,0.21785202419747515
sphere_polar_c12_n_down_gamma_constant_d0p1_a0p5_m16_d128l4h2mlp512_700m_seed0_k6,H-R2-05-polar-ladder-capacity,dc80726a8c987e8c3a9171299dac00d03a074311,b56da616f757c49fbdde215f6c9b893e198a12b954927b198a0499bbad7ba3b9,n_plus_one,0.5,5,0.35,0.1,699924480,sphere_polar_c12_n_down_gamma_constant_d0p1_a0p5_m16,sphere_mess4,d128l4h2mlp512_700m_seed0_k6,0,6,128,4,random_init,embedding_and_all_layers_single_token,physics,1.0,0.811105513434837,640,30.7,0.8121722620504204
sphere_polar_c12_n_down_gamma_constant_d0p1_a0p5_m16_d128l4h2mlp512_700m_seed0_k6,H-R2-05-polar-ladder-capacity,dc80726a8c987e8c3a9171299dac00d03a074311,b56da616f757c49fbdde215f6c9b893e198a12b954927b198a0499bbad7ba3b9,n_plus_one,0.5,5,0.35,0.1,699924480,sphere_polar_c12_n_down_gamma_constant_d0p1_a0p5_m16,sphere_mess4,d128l4h2mlp512_700m_seed0_k6,0,6,128,4,random_init,embedding_and_all_layers_single_token,belief,1.0,0.2336722836811545,640,30.7,0.22948324636589532
sphere_polar_c12_n_down_gamma_constant_d0p1_a0p7_m16_d128l4h2mlp512_700m_seed0_k1,H-R2-05-polar-ladder-capacity,dc80726a8c987e8c3a9171299dac00d03a074311,7eb565455485c74ae2993b54804c278a8325e35f36ab59e178e13f8a922aa811,fixed,0.7,5,0.35,0.1,699924480,sphere_polar_c12_n_down_gamma_constant_d0p1_a0p7_m16,sphere_mess4,d128l4h2mlp512_700m_seed0_k1,0,1,128,4,trained,single_layer_single_token,physics,10.0,0.8894300538087831,128,153.5,0.8939740478869471
sphere_polar_c12_n_down_gamma_constant_d0p1_a0p7_m16_d128l4h2mlp512_700m_seed0_k1,H-R2-05-polar-ladder-capacity,dc80726a8c987e8c3a9171299dac00d03a074311,7eb565455485c74ae2993b54804c278a8325e35f36ab59e178e13f8a922aa811,fixed,0.7,5,0.35,0.1,699924480,sphere_polar_c12_n_down_gamma_constant_d0p1_a0p7_m16,sphere_mess4,d128l4h2mlp512_700m_seed0_k1,0,1,128,4,trained,single_layer_single_token,belief,10.0,0.24046970251879624,128,153.5,0.25040480348406174
sphere_polar_c12_n_down_gamma_constant_d0p1_a0p7_m16_d128l4h2mlp512_700m_seed0_k1,H-R2-05-polar-ladder-capacity,dc80726a8c987e8c3a9171299dac00d03a074311,7eb565455485c74ae2993b54804c278a8325e35f36ab59e178e13f8a922aa811,fixed,0.7,5,0.35,0.1,699924480,sphere_polar_c12_n_down_gamma_constant_d0p1_a0p7_m16,sphere_mess4,d128l4h2mlp512_700m_seed0_k1,0,1,128,4,trained,all_block_layers_single_token,physics,1.0,0.9906651690963586,512,38.375,0.9914010027288738
sphere_polar_c12_n_down_gamma_constant_d0p1_a0p7_m16_d128l4h2mlp512_700m_seed0_k1,H-R2-05-polar-ladder-capacity,dc80726a8c987e8c3a9171299dac00d03a074311,7eb565455485c74ae2993b54804c278a8325e35f36ab59e178e13f8a922aa811,fixed,0.7,5,0.35,0.1,699924480,sphere_polar_c12_n_down_gamma_constant_d0p1_a0p7_m16,sphere_mess4,d128l4h2mlp512_700m_seed0_k1,0,1,128,4,trained,all_block_layers_single_token,belief,10.0,0.38526668863973046,512,38.375,0.38175792830904987
sphere_polar_c12_n_down_gamma_constant_d0p1_a0p7_m16_d128l4h2mlp512_700m_seed0_k1,H-R2-05-polar-ladder-capacity,dc80726a8c987e8c3a9171299dac00d03a074311,7eb565455485c74ae2993b54804c278a8325e35f36ab59e178e13f8a922aa811,fixed,0.7,5,0.35,0.1,699924480,sphere_polar_c12_n_down_gamma_constant_d0p1_a0p7_m16,sphere_mess4,d128l4h2mlp512_700m_seed0_k1,0,1,128,4,trained,embedding_and_all_layers_single_token,physics,10.0,0.9928251365781194,640,30.7,0.9939307451237915
sphere_polar_c12_n_down_gamma_constant_d0p1_a0p7_m16_d128l4h2mlp512_700m_seed0_k1,H-R2-05-polar-ladder-capacity,dc80726a8c987e8c3a9171299dac00d03a074311,7eb565455485c74ae2993b54804c278a8325e35f36ab59e178e13f8a922aa811,fixed,0.7,5,0.35,0.1,699924480,sphere_polar_c12_n_down_gamma_constant_d0p1_a0p7_m16,sphere_mess4,d128l4h2mlp512_700m_seed0_k1,0,1,128,4,trained,embedding_and_all_layers_single_token,belief,10.0,0.39398763229601497,640,30.7,0.3933113177199162
sphere_polar_c12_n_down_gamma_constant_d0p1_a0p7_m16_d128l4h2mlp512_700m_seed0_k1,H-R2-05-polar-ladder-capacity,dc80726a8c987e8c3a9171299dac00d03a074311,7eb565455485c74ae2993b54804c278a8325e35f36ab59e178e13f8a922aa811,fixed,0.7,5,0.35,0.1,699924480,sphere_polar_c12_n_down_gamma_constant_d0p1_a0p7_m16,sphere_mess4,d128l4h2mlp512_700m_seed0_k1,0,1,128,4,random_init,single_layer_single_token,physics,1.0,0.7299941421690812,128,153.5,0.7296276058674815
sphere_polar_c12_n_down_gamma_constant_d0p1_a0p7_m16_d128l4h2mlp512_700m_seed0_k1,H-R2-05-polar-ladder-capacity,dc80726a8c987e8c3a9171299dac00d03a074311,7eb565455485c74ae2993b54804c278a8325e35f36ab59e178e13f8a922aa811,fixed,0.7,5,0.35,0.1,699924480,sphere_polar_c12_n_down_gamma_constant_d0p1_a0p7_m16,sphere_mess4,d128l4h2mlp512_700m_seed0_k1,0,1,128,4,random_init,single_layer_single_token,belief,10.0,0.15400495054010085,128,153.5,0.1489982371732872
sphere_polar_c12_n_down_gamma_constant_d0p1_a0p7_m16_d128l4h2mlp512_700m_seed0_k1,H-R2-05-polar-ladder-capacity,dc80726a8c987e8c3a9171299dac00d03a074311,7eb565455485c74ae2993b54804c278a8325e35f36ab59e178e13f8a922aa811,fixed,0.7,5,0.35,0.1,699924480,sphere_polar_c12_n_down_gamma_constant_d0p1_a0p7_m16,sphere_mess4,d128l4h2mlp512_700m_seed0_k1,0,1,128,4,random_init,all_block_layers_single_token,physics,1.0,0.7924812657415476,512,38.375,0.7966733368025761
sphere_polar_c12_n_down_gamma_constant_d0p1_a0p7_m16_d128l4h2mlp512_700m_seed0_k1,H-R2-05-polar-ladder-capacity,dc80726a8c987e8c3a9171299dac00d03a074311,7eb565455485c74ae2993b54804c278a8325e35f36ab59e178e13f8a922aa811,fixed,0.7,5,0.35,0.1,699924480,sphere_polar_c12_n_down_gamma_constant_d0p1_a0p7_m16,sphere_mess4,d128l4h2mlp512_700m_seed0_k1,0,1,128,4,random_init,all_block_layers_single_token,belief,1.0,0.24709261351097692,512,38.375,0.24964619530043228
sphere_polar_c12_n_down_gamma_constant_d0p1_a0p7_m16_d128l4h2mlp512_700m_seed0_k1,H-R2-05-polar-ladder-capacity,dc80726a8c987e8c3a9171299dac00d03a074311,7eb565455485c74ae2993b54804c278a8325e35f36ab59e178e13f8a922aa811,fixed,0.7,5,0.35,0.1,699924480,sphere_polar_c12_n_down_gamma_constant_d0p1_a0p7_m16,sphere_mess4,d128l4h2mlp512_700m_seed0_k1,0,1,128,4,random_init,embedding_and_all_layers_single_token,physics,1.0,0.8053638409871735,640,30.7,0.8100373930949523
sphere_polar_c12_n_down_gamma_constant_d0p1_a0p7_m16_d128l4h2mlp512_700m_seed0_k1,H-R2-05-polar-ladder-capacity,dc80726a8c987e8c3a9171299dac00d03a074311,7eb565455485c74ae2993b54804c278a8325e35f36ab59e178e13f8a922aa811,fixed,0.7,5,0.35,0.1,699924480,sphere_polar_c12_n_down_gamma_constant_d0p1_a0p7_m16,sphere_mess4,d128l4h2mlp512_700m_seed0_k1,0,1,128,4,random_init,embedding_and_all_layers_single_token,belief,1.0,0.25752292805516075,640,30.7,0.2597032288200617
sphere_polar_c12_n_down_gamma_constant_d0p1_a0p7_m16_d128l4h2mlp512_700m_seed0_k2,H-R2-05-polar-ladder-capacity,dc80726a8c987e8c3a9171299dac00d03a074311,63d6eadc6dbe7d2cabdd088006fbe2bb63611b364ad5325ce758db4ff09a9a7f,half,0.7,5,0.35,0.1,699924480,sphere_polar_c12_n_down_gamma_constant_d0p1_a0p7_m16,sphere_mess4,d128l4h2mlp512_700m_seed0_k2,0,2,128,4,trained,single_layer_single_token,physics,10.0,0.912227814088463,128,153.5,0.9107212667904998
sphere_polar_c12_n_down_gamma_constant_d0p1_a0p7_m16_d128l4h2mlp512_700m_seed0_k2,H-R2-05-polar-ladder-capacity,dc80726a8c987e8c3a9171299dac00d03a074311,63d6eadc6dbe7d2cabdd088006fbe2bb63611b364ad5325ce758db4ff09a9a7f,half,0.7,5,0.35,0.1,699924480,sphere_polar_c12_n_down_gamma_constant_d0p1_a0p7_m16,sphere_mess4,d128l4h2mlp512_700m_seed0_k2,0,2,128,4,trained,single_layer_single_token,belief,10.0,0.27134671336804483,128,153.5,0.2836845338710653
sphere_polar_c12_n_down_gamma_constant_d0p1_a0p7_m16_d128l4h2mlp512_700m_seed0_k2,H-R2-05-polar-ladder-capacity,dc80726a8c987e8c3a9171299dac00d03a074311,63d6eadc6dbe7d2cabdd088006fbe2bb63611b364ad5325ce758db4ff09a9a7f,half,0.7,5,0.35,0.1,699924480,sphere_polar_c12_n_down_gamma_constant_d0p1_a0p7_m16,sphere_mess4,d128l4h2mlp512_700m_seed0_k2,0,2,128,4,trained,all_block_layers_single_token,physics,1.0,0.994211305841986,512,38.375,0.9942692915238516
sphere_polar_c12_n_down_gamma_constant_d0p1_a0p7_m16_d128l4h2mlp512_700m_seed0_k2,H-R2-05-polar-ladder-capacity,dc80726a8c987e8c3a9171299dac00d03a074311,63d6eadc6dbe7d2cabdd088006fbe2bb63611b364ad5325ce758db4ff09a9a7f,half,0.7,5,0.35,0.1,699924480,sphere_polar_c12_n_down_gamma_constant_d0p1_a0p7_m16,sphere_mess4,d128l4h2mlp512_700m_seed0_k2,0,2,128,4,trained,all_block_layers_single_token,belief,1.0,0.409570130897821,512,38.375,0.4187020537211815
sphere_polar_c12_n_down_gamma_constant_d0p1_a0p7_m16_d128l4h2mlp512_700m_seed0_k2,H-R2-05-polar-ladder-capacity,dc80726a8c987e8c3a9171299dac00d03a074311,63d6eadc6dbe7d2cabdd088006fbe2bb63611b364ad5325ce758db4ff09a9a7f,half,0.7,5,0.35,0.1,699924480,sphere_polar_c12_n_down_gamma_constant_d0p1_a0p7_m16,sphere_mess4,d128l4h2mlp512_700m_seed0_k2,0,2,128,4,trained,embedding_and_all_layers_single_token,physics,1.0,0.995984006517342,640,30.7,0.995961196112134
sphere_polar_c12_n_down_gamma_constant_d0p1_a0p7_m16_d128l4h2mlp512_700m_seed0_k2,H-R2-05-polar-ladder-capacity,dc80726a8c987e8c3a9171299dac00d03a074311,63d6eadc6dbe7d2cabdd088006fbe2bb63611b364ad5325ce758db4ff09a9a7f,half,0.7,5,0.35,0.1,699924480,sphere_polar_c12_n_down_gamma_constant_d0p1_a0p7_m16,sphere_mess4,d128l4h2mlp512_700m_seed0_k2,0,2,128,4,trained,embedding_and_all_layers_single_token,belief,1.0,0.41391018476721625,640,30.7,0.42758100477136707
sphere_polar_c12_n_down_gamma_constant_d0p1_a0p7_m16_d128l4h2mlp512_700m_seed0_k2,H-R2-05-polar-ladder-capacity,dc80726a8c987e8c3a9171299dac00d03a074311,63d6eadc6dbe7d2cabdd088006fbe2bb63611b364ad5325ce758db4ff09a9a7f,half,0.7,5,0.35,0.1,699924480,sphere_polar_c12_n_down_gamma_constant_d0p1_a0p7_m16,sphere_mess4,d128l4h2mlp512_700m_seed0_k2,0,2,128,4,random_init,single_layer_single_token,physics,1.0,0.7299941421690812,128,153.5,0.7296276058674815
sphere_polar_c12_n_down_gamma_constant_d0p1_a0p7_m16_d128l4h2mlp512_700m_seed0_k2,H-R2-05-polar-ladder-capacity,dc80726a8c987e8c3a9171299dac00d03a074311,63d6eadc6dbe7d2cabdd088006fbe2bb63611b364ad5325ce758db4ff09a9a7f,half,0.7,5,0.35,0.1,699924480,sphere_polar_c12_n_down_gamma_constant_d0p1_a0p7_m16,sphere_mess4,d128l4h2mlp512_700m_seed0_k2,0,2,128,4,random_init,single_layer_single_token,belief,10.0,0.15400495054010085,128,153.5,0.1489982371732872
sphere_polar_c12_n_down_gamma_constant_d0p1_a0p7_m16_d128l4h2mlp512_700m_seed0_k2,H-R2-05-polar-ladder-capacity,dc80726a8c987e8c3a9171299dac00d03a074311,63d6eadc6dbe7d2cabdd088006fbe2bb63611b364ad5325ce758db4ff09a9a7f,half,0.7,5,0.35,0.1,699924480,sphere_polar_c12_n_down_gamma_constant_d0p1_a0p7_m16,sphere_mess4,d128l4h2mlp512_700m_seed0_k2,0,2,128,4,random_init,all_block_layers_single_token,physics,1.0,0.7924812657415476,512,38.375,0.7966733368025761
sphere_polar_c12_n_down_gamma_constant_d0p1_a0p7_m16_d128l4h2mlp512_700m_seed0_k2,H-R2-05-polar-ladder-capacity,dc80726a8c987e8c3a9171299dac00d03a074311,63d6eadc6dbe7d2cabdd088006fbe2bb63611b364ad5325ce758db4ff09a9a7f,half,0.7,5,0.35,0.1,699924480,sphere_polar_c12_n_down_gamma_constant_d0p1_a0p7_m16,sphere_mess4,d128l4h2mlp512_700m_seed0_k2,0,2,128,4,random_init,all_block_layers_single_token,belief,1.0,0.24709261351097692,512,38.375,0.24964619530043228
sphere_polar_c12_n_down_gamma_constant_d0p1_a0p7_m16_d128l4h2mlp512_700m_seed0_k2,H-R2-05-polar-ladder-capacity,dc80726a8c987e8c3a9171299dac00d03a074311,63d6eadc6dbe7d2cabdd088006fbe2bb63611b364ad5325ce758db4ff09a9a7f,half,0.7,5,0.35,0.1,699924480,sphere_polar_c12_n_down_gamma_constant_d0p1_a0p7_m16,sphere_mess4,d128l4h2mlp512_700m_seed0_k2,0,2,128,4,random_init,embedding_and_all_layers_single_token,physics,1.0,0.8053638409871735,640,30.7,0.8100373930949523
sphere_polar_c12_n_down_gamma_constant_d0p1_a0p7_m16_d128l4h2mlp512_700m_seed0_k2,H-R2-05-polar-ladder-capacity,dc80726a8c987e8c3a9171299dac00d03a074311,63d6eadc6dbe7d2cabdd088006fbe2bb63611b364ad5325ce758db4ff09a9a7f,half,0.7,5,0.35,0.1,699924480,sphere_polar_c12_n_down_gamma_constant_d0p1_a0p7_m16,sphere_mess4,d128l4h2mlp512_700m_seed0_k2,0,2,128,4,random_init,embedding_and_all_layers_single_token,belief,1.0,0.25752292805516075,640,30.7,0.2597032288200617
sphere_polar_c12_n_down_gamma_constant_d0p1_a0p7_m16_d128l4h2mlp512_700m_seed0_k6,H-R2-05-polar-ladder-capacity,dc80726a8c987e8c3a9171299dac00d03a074311,ccb6c25228d568cb4f5e078e411568193a189e1c9ef88bb67c5d0b5f2789fb6f,n_plus_one,0.7,5,0.35,0.1,699924480,sphere_polar_c12_n_down_gamma_constant_d0p1_a0p7_m16,sphere_mess4,d128l4h2mlp512_700m_seed0_k6,0,6,128,4,trained,single_layer_single_token,physics,10.0,0.8925566103344269,128,153.5,0.8958496513882312
sphere_polar_c12_n_down_gamma_constant_d0p1_a0p7_m16_d128l4h2mlp512_700m_seed0_k6,H-R2-05-polar-ladder-capacity,dc80726a8c987e8c3a9171299dac00d03a074311,ccb6c25228d568cb4f5e078e411568193a189e1c9ef88bb67c5d0b5f2789fb6f,n_plus_one,0.7,5,0.35,0.1,699924480,sphere_polar_c12_n_down_gamma_constant_d0p1_a0p7_m16,sphere_mess4,d128l4h2mlp512_700m_seed0_k6,0,6,128,4,trained,single_layer_single_token,belief,100.0,0.3033463978098926,128,153.5,0.30347054447676525
sphere_polar_c12_n_down_gamma_constant_d0p1_a0p7_m16_d128l4h2mlp512_700m_seed0_k6,H-R2-05-polar-ladder-capacity,dc80726a8c987e8c3a9171299dac00d03a074311,ccb6c25228d568cb4f5e078e411568193a189e1c9ef88bb67c5d0b5f2789fb6f,n_plus_one,0.7,5,0.35,0.1,699924480,sphere_polar_c12_n_down_gamma_constant_d0p1_a0p7_m16,sphere_mess4,d128l4h2mlp512_700m_seed0_k6,0,6,128,4,trained,all_block_layers_single_token,physics,1.0,0.9793454120571758,512,38.375,0.9797498283899357
sphere_polar_c12_n_down_gamma_constant_d0p1_a0p7_m16_d128l4h2mlp512_700m_seed0_k6,H-R2-05-polar-ladder-capacity,dc80726a8c987e8c3a9171299dac00d03a074311,ccb6c25228d568cb4f5e078e411568193a189e1c9ef88bb67c5d0b5f2789fb6f,n_plus_one,0.7,5,0.35,0.1,699924480,sphere_polar_c12_n_down_gamma_constant_d0p1_a0p7_m16,sphere_mess4,d128l4h2mlp512_700m_seed0_k6,0,6,128,4,trained,all_block_layers_single_token,belief,1.0,0.4717419199960406,512,38.375,0.46937370944205103
sphere_polar_c12_n_down_gamma_constant_d0p1_a0p7_m16_d128l4h2mlp512_700m_seed0_k6,H-R2-05-polar-ladder-capacity,dc80726a8c987e8c3a9171299dac00d03a074311,ccb6c25228d568cb4f5e078e411568193a189e1c9ef88bb67c5d0b5f2789fb6f,n_plus_one,0.7,5,0.35,0.1,699924480,sphere_polar_c12_n_down_gamma_constant_d0p1_a0p7_m16,sphere_mess4,d128l4h2mlp512_700m_seed0_k6,0,6,128,4,trained,embedding_and_all_layers_single_token,physics,1.0,0.9824952379792371,640,30.7,0.9822865575770281
sphere_polar_c12_n_down_gamma_constant_d0p1_a0p7_m16_d128l4h2mlp512_700m_seed0_k6,H-R2-05-polar-ladder-capacity,dc80726a8c987e8c3a9171299dac00d03a074311,ccb6c25228d568cb4f5e078e411568193a189e1c9ef88bb67c5d0b5f2789fb6f,n_plus_one,0.7,5,0.35,0.1,699924480,sphere_polar_c12_n_down_gamma_constant_d0p1_a0p7_m16,sphere_mess4,d128l4h2mlp512_700m_seed0_k6,0,6,128,4,trained,embedding_and_all_layers_single_token,belief,10.0,0.4779154608572304,640,30.7,0.4751577347524021
sphere_polar_c12_n_down_gamma_constant_d0p1_a0p7_m16_d128l4h2mlp512_700m_seed0_k6,H-R2-05-polar-ladder-capacity,dc80726a8c987e8c3a9171299dac00d03a074311,ccb6c25228d568cb4f5e078e411568193a189e1c9ef88bb67c5d0b5f2789fb6f,n_plus_one,0.7,5,0.35,0.1,699924480,sphere_polar_c12_n_down_gamma_constant_d0p1_a0p7_m16,sphere_mess4,d128l4h2mlp512_700m_seed0_k6,0,6,128,4,random_init,single_layer_single_token,physics,1.0,0.7299941421690812,128,153.5,0.7296276058674815
sphere_polar_c12_n_down_gamma_constant_d0p1_a0p7_m16_d128l4h2mlp512_700m_seed0_k6,H-R2-05-polar-ladder-capacity,dc80726a8c987e8c3a9171299dac00d03a074311,ccb6c25228d568cb4f5e078e411568193a189e1c9ef88bb67c5d0b5f2789fb6f,n_plus_one,0.7,5,0.35,0.1,699924480,sphere_polar_c12_n_down_gamma_constant_d0p1_a0p7_m16,sphere_mess4,d128l4h2mlp512_700m_seed0_k6,0,6,128,4,random_init,single_layer_single_token,belief,10.0,0.15400495054010085,128,153.5,0.1489982371732872
sphere_polar_c12_n_down_gamma_constant_d0p1_a0p7_m16_d128l4h2mlp512_700m_seed0_k6,H-R2-05-polar-ladder-capacity,dc80726a8c987e8c3a9171299dac00d03a074311,ccb6c25228d568cb4f5e078e411568193a189e1c9ef88bb67c5d0b5f2789fb6f,n_plus_one,0.7,5,0.35,0.1,699924480,sphere_polar_c12_n_down_gamma_constant_d0p1_a0p7_m16,sphere_mess4,d128l4h2mlp512_700m_seed0_k6,0,6,128,4,random_init,all_block_layers_single_token,physics,1.0,0.7924812657415476,512,38.375,0.7966733368025761
sphere_polar_c12_n_down_gamma_constant_d0p1_a0p7_m16_d128l4h2mlp512_700m_seed0_k6,H-R2-05-polar-ladder-capacity,dc80726a8c987e8c3a9171299dac00d03a074311,ccb6c25228d568cb4f5e078e411568193a189e1c9ef88bb67c5d0b5f2789fb6f,n_plus_one,0.7,5,0.35,0.1,699924480,sphere_polar_c12_n_down_gamma_constant_d0p1_a0p7_m16,sphere_mess4,d128l4h2mlp512_700m_seed0_k6,0,6,128,4,random_init,all_block_layers_single_token,belief,1.0,0.24709261351097692,512,38.375,0.24964619530043228
sphere_polar_c12_n_down_gamma_constant_d0p1_a0p7_m16_d128l4h2mlp512_700m_seed0_k6,H-R2-05-polar-ladder-capacity,dc80726a8c987e8c3a9171299dac00d03a074311,ccb6c25228d568cb4f5e078e411568193a189e1c9ef88bb67c5d0b5f2789fb6f,n_plus_one,0.7,5,0.35,0.1,699924480,sphere_polar_c12_n_down_gamma_constant_d0p1_a0p7_m16,sphere_mess4,d128l4h2mlp512_700m_seed0_k6,0,6,128,4,random_init,embedding_and_all_layers_single_token,physics,1.0,0.8053638409871735,640,30.7,0.8100373930949523
sphere_polar_c12_n_down_gamma_constant_d0p1_a0p7_m16_d128l4h2mlp512_700m_seed0_k6,H-R2-05-polar-ladder-capacity,dc80726a8c987e8c3a9171299dac00d03a074311,ccb6c25228d568cb4f5e078e411568193a189e1c9ef88bb67c5d0b5f2789fb6f,n_plus_one,0.7,5,0.35,0.1,699924480,sphere_polar_c12_n_down_gamma_constant_d0p1_a0p7_m16,sphere_mess4,d128l4h2mlp512_700m_seed0_k6,0,6,128,4,random_init,embedding_and_all_layers_single_token,belief,1.0,0.25752292805516075,640,30.7,0.2597032288200617
sphere_polar_c12_n_down_gamma_constant_d0p1_a0p85_m16_d128l4h2mlp512_700m_seed0_k1,H-R2-05-polar-ladder-capacity,dc80726a8c987e8c3a9171299dac00d03a074311,09166e03ddd9ed68dc7a176d4d89e228f22f33e33a839368e9a16ee768059c8e,fixed,0.85,5,0.35,0.1,699924480,sphere_polar_c12_n_down_gamma_constant_d0p1_a0p85_m16,sphere_mess4,d128l4h2mlp512_700m_seed0_k1,0,1,128,4,trained,single_layer_single_token,physics,1.0,0.8660906390555871,128,153.625,0.8674324993070353
sphere_polar_c12_n_down_gamma_constant_d0p1_a0p85_m16_d128l4h2mlp512_700m_seed0_k1,H-R2-05-polar-ladder-capacity,dc80726a8c987e8c3a9171299dac00d03a074311,09166e03ddd9ed68dc7a176d4d89e228f22f33e33a839368e9a16ee768059c8e,fixed,0.85,5,0.35,0.1,699924480,sphere_polar_c12_n_down_gamma_constant_d0p1_a0p85_m16,sphere_mess4,d128l4h2mlp512_700m_seed0_k1,0,1,128,4,trained,single_layer_single_token,belief,10.0,0.30636097829657694,128,153.625,0.29772413883397153
sphere_polar_c12_n_down_gamma_constant_d0p1_a0p85_m16_d128l4h2mlp512_700m_seed0_k1,H-R2-05-polar-ladder-capacity,dc80726a8c987e8c3a9171299dac00d03a074311,09166e03ddd9ed68dc7a176d4d89e228f22f33e33a839368e9a16ee768059c8e,fixed,0.85,5,0.35,0.1,699924480,sphere_polar_c12_n_down_gamma_constant_d0p1_a0p85_m16,sphere_mess4,d128l4h2mlp512_700m_seed0_k1,0,1,128,4,trained,all_block_layers_single_token,physics,1.0,0.9916183046849454,512,38.40625,0.9909755806185345
sphere_polar_c12_n_down_gamma_constant_d0p1_a0p85_m16_d128l4h2mlp512_700m_seed0_k1,H-R2-05-polar-ladder-capacity,dc80726a8c987e8c3a9171299dac00d03a074311,09166e03ddd9ed68dc7a176d4d89e228f22f33e33a839368e9a16ee768059c8e,fixed,0.85,5,0.35,0.1,699924480,sphere_polar_c12_n_down_gamma_constant_d0p1_a0p85_m16,sphere_mess4,d128l4h2mlp512_700m_seed0_k1,0,1,128,4,trained,all_block_layers_single_token,belief,10.0,0.4538662578402832,512,38.40625,0.4541999694875313
sphere_polar_c12_n_down_gamma_constant_d0p1_a0p85_m16_d128l4h2mlp512_700m_seed0_k1,H-R2-05-polar-ladder-capacity,dc80726a8c987e8c3a9171299dac00d03a074311,09166e03ddd9ed68dc7a176d4d89e228f22f33e33a839368e9a16ee768059c8e,fixed,0.85,5,0.35,0.1,699924480,sphere_polar_c12_n_down_gamma_constant_d0p1_a0p85_m16,sphere_mess4,d128l4h2mlp512_700m_seed0_k1,0,1,128,4,trained,embedding_and_all_layers_single_token,physics,1.0,0.9938963568374475,640,30.725,0.9932643287833557
sphere_polar_c12_n_down_gamma_constant_d0p1_a0p85_m16_d128l4h2mlp512_700m_seed0_k1,H-R2-05-polar-ladder-capacity,dc80726a8c987e8c3a9171299dac00d03a074311,09166e03ddd9ed68dc7a176d4d89e228f22f33e33a839368e9a16ee768059c8e,fixed,0.85,5,0.35,0.1,699924480,sphere_polar_c12_n_down_gamma_constant_d0p1_a0p85_m16,sphere_mess4,d128l4h2mlp512_700m_seed0_k1,0,1,128,4,trained,embedding_and_all_layers_single_token,belief,10.0,0.4624588923820949,640,30.725,0.46422246748858875
sphere_polar_c12_n_down_gamma_constant_d0p1_a0p85_m16_d128l4h2mlp512_700m_seed0_k1,H-R2-05-polar-ladder-capacity,dc80726a8c987e8c3a9171299dac00d03a074311,09166e03ddd9ed68dc7a176d4d89e228f22f33e33a839368e9a16ee768059c8e,fixed,0.85,5,0.35,0.1,699924480,sphere_polar_c12_n_down_gamma_constant_d0p1_a0p85_m16,sphere_mess4,d128l4h2mlp512_700m_seed0_k1,0,1,128,4,random_init,single_layer_single_token,physics,1.0,0.724575125108003,128,153.625,0.7398640157423438
sphere_polar_c12_n_down_gamma_constant_d0p1_a0p85_m16_d128l4h2mlp512_700m_seed0_k1,H-R2-05-polar-ladder-capacity,dc80726a8c987e8c3a9171299dac00d03a074311,09166e03ddd9ed68dc7a176d4d89e228f22f33e33a839368e9a16ee768059c8e,fixed,0.85,5,0.35,0.1,699924480,sphere_polar_c12_n_down_gamma_constant_d0p1_a0p85_m16,sphere_mess4,d128l4h2mlp512_700m_seed0_k1,0,1,128,4,random_init,single_layer_single_token,belief,10.0,0.17152247673168622,128,153.625,0.16608886190795327
sphere_polar_c12_n_down_gamma_constant_d0p1_a0p85_m16_d128l4h2mlp512_700m_seed0_k1,H-R2-05-polar-ladder-capacity,dc80726a8c987e8c3a9171299dac00d03a074311,09166e03ddd9ed68dc7a176d4d89e228f22f33e33a839368e9a16ee768059c8e,fixed,0.85,5,0.35,0.1,699924480,sphere_polar_c12_n_down_gamma_constant_d0p1_a0p85_m16,sphere_mess4,d128l4h2mlp512_700m_seed0_k1,0,1,128,4,random_init,all_block_layers_single_token,physics,1.0,0.7908059184984588,512,38.40625,0.7988347325517693
sphere_polar_c12_n_down_gamma_constant_d0p1_a0p85_m16_d128l4h2mlp512_700m_seed0_k1,H-R2-05-polar-ladder-capacity,dc80726a8c987e8c3a9171299dac00d03a074311,09166e03ddd9ed68dc7a176d4d89e228f22f33e33a839368e9a16ee768059c8e,fixed,0.85,5,0.35,0.1,699924480,sphere_polar_c12_n_down_gamma_constant_d0p1_a0p85_m16,sphere_mess4,d128l4h2mlp512_700m_seed0_k1,0,1,128,4,random_init,all_block_layers_single_token,belief,1.0,0.26833696316727274,512,38.40625,0.2725134996819766
sphere_polar_c12_n_down_gamma_constant_d0p1_a0p85_m16_d128l4h2mlp512_700m_seed0_k1,H-R2-05-polar-ladder-capacity,dc80726a8c987e8c3a9171299dac00d03a074311,09166e03ddd9ed68dc7a176d4d89e228f22f33e33a839368e9a16ee768059c8e,fixed,0.85,5,0.35,0.1,699924480,sphere_polar_c12_n_down_gamma_constant_d0p1_a0p85_m16,sphere_mess4,d128l4h2mlp512_700m_seed0_k1,0,1,128,4,random_init,embedding_and_all_layers_single_token,physics,1.0,0.8054688811850866,640,30.725,0.8126869037256201
sphere_polar_c12_n_down_gamma_constant_d0p1_a0p85_m16_d128l4h2mlp512_700m_seed0_k1,H-R2-05-polar-ladder-capacity,dc80726a8c987e8c3a9171299dac00d03a074311,09166e03ddd9ed68dc7a176d4d89e228f22f33e33a839368e9a16ee768059c8e,fixed,0.85,5,0.35,0.1,699924480,sphere_polar_c12_n_down_gamma_constant_d0p1_a0p85_m16,sphere_mess4,d128l4h2mlp512_700m_seed0_k1,0,1,128,4,random_init,embedding_and_all_layers_single_token,belief,1.0,0.2812261793769051,640,30.725,0.284962849764299
sphere_polar_c12_n_down_gamma_constant_d0p1_a0p85_m16_d128l4h2mlp512_700m_seed0_k2,H-R2-05-polar-ladder-capacity,dc80726a8c987e8c3a9171299dac00d03a074311,1e5f7c765f9b3fc4ff221abfa4b8f34e2805f915a16115a493a1095f588d1fc7,half,0.85,5,0.35,0.1,699924480,sphere_polar_c12_n_down_gamma_constant_d0p1_a0p85_m16,sphere_mess4,d128l4h2mlp512_700m_seed0_k2,0,2,128,4,trained,single_layer_single_token,physics,1.0,0.8740108419050729,128,153.625,0.8731774765523166
sphere_polar_c12_n_down_gamma_constant_d0p1_a0p85_m16_d128l4h2mlp512_700m_seed0_k2,H-R2-05-polar-ladder-capacity,dc80726a8c987e8c3a9171299dac00d03a074311,1e5f7c765f9b3fc4ff221abfa4b8f34e2805f915a16115a493a1095f588d1fc7,half,0.85,5,0.35,0.1,699924480,sphere_polar_c12_n_down_gamma_constant_d0p1_a0p85_m16,sphere_mess4,d128l4h2mlp512_700m_seed0_k2,0,2,128,4,trained,single_layer_single_token,belief,10.0,0.34167087548615616,128,153.625,0.34161781676613545
sphere_polar_c12_n_down_gamma_constant_d0p1_a0p85_m16_d128l4h2mlp512_700m_seed0_k2,H-R2-05-polar-ladder-capacity,dc80726a8c987e8c3a9171299dac00d03a074311,1e5f7c765f9b3fc4ff221abfa4b8f34e2805f915a16115a493a1095f588d1fc7,half,0.85,5,0.35,0.1,699924480,sphere_polar_c12_n_down_gamma_constant_d0p1_a0p85_m16,sphere_mess4,d128l4h2mlp512_700m_seed0_k2,0,2,128,4,trained,all_block_layers_single_token,physics,1.0,0.9933108229428773,512,38.40625,0.9926957094665436
sphere_polar_c12_n_down_gamma_constant_d0p1_a0p85_m16_d128l4h2mlp512_700m_seed0_k2,H-R2-05-polar-ladder-capacity,dc80726a8c987e8c3a9171299dac00d03a074311,1e5f7c765f9b3fc4ff221abfa4b8f34e2805f915a16115a493a1095f588d1fc7,half,0.85,5,0.35,0.1,699924480,sphere_polar_c12_n_down_gamma_constant_d0p1_a0p85_m16,sphere_mess4,d128l4h2mlp512_700m_seed0_k2,0,2,128,4,trained,all_block_layers_single_token,belief,1.0,0.4997883333962051,512,38.40625,0.5004364788176591
sphere_polar_c12_n_down_gamma_constant_d0p1_a0p85_m16_d128l4h2mlp512_700m_seed0_k2,H-R2-05-polar-ladder-capacity,dc80726a8c987e8c3a9171299dac00d03a074311,1e5f7c765f9b3fc4ff221abfa4b8f34e2805f915a16115a493a1095f588d1fc7,half,0.85,5,0.35,0.1,699924480,sphere_polar_c12_n_down_gamma_constant_d0p1_a0p85_m16,sphere_mess4,d128l4h2mlp512_700m_seed0_k2,0,2,128,4,trained,embedding_and_all_layers_single_token,physics,1.0,0.9954757092927448,640,30.725,0.9952415715977214
sphere_polar_c12_n_down_gamma_constant_d0p1_a0p85_m16_d128l4h2mlp512_700m_seed0_k2,H-R2-05-polar-ladder-capacity,dc80726a8c987e8c3a9171299dac00d03a074311,1e5f7c765f9b3fc4ff221abfa4b8f34e2805f915a16115a493a1095f588d1fc7,half,0.85,5,0.35,0.1,699924480,sphere_polar_c12_n_down_gamma_constant_d0p1_a0p85_m16,sphere_mess4,d128l4h2mlp512_700m_seed0_k2,0,2,128,4,trained,embedding_and_all_layers_single_token,belief,1.0,0.5049405882895202,640,30.725,0.5074834045219692
sphere_polar_c12_n_down_gamma_constant_d0p1_a0p85_m16_d128l4h2mlp512_700m_seed0_k2,H-R2-05-polar-ladder-capacity,dc80726a8c987e8c3a9171299dac00d03a074311,1e5f7c765f9b3fc4ff221abfa4b8f34e2805f915a16115a493a1095f588d1fc7,half,0.85,5,0.35,0.1,699924480,sphere_polar_c12_n_down_gamma_constant_d0p1_a0p85_m16,sphere_mess4,d128l4h2mlp512_700m_seed0_k2,0,2,128,4,random_init,single_layer_single_token,physics,1.0,0.724575125108003,128,153.625,0.7398640157423438
sphere_polar_c12_n_down_gamma_constant_d0p1_a0p85_m16_d128l4h2mlp512_700m_seed0_k2,H-R2-05-polar-ladder-capacity,dc80726a8c987e8c3a9171299dac00d03a074311,1e5f7c765f9b3fc4ff221abfa4b8f34e2805f915a16115a493a1095f588d1fc7,half,0.85,5,0.35,0.1,699924480,sphere_polar_c12_n_down_gamma_constant_d0p1_a0p85_m16,sphere_mess4,d128l4h2mlp512_700m_seed0_k2,0,2,128,4,random_init,single_layer_single_token,belief,10.0,0.17152247673168622,128,153.625,0.16608886190795327
sphere_polar_c12_n_down_gamma_constant_d0p1_a0p85_m16_d128l4h2mlp512_700m_seed0_k2,H-R2-05-polar-ladder-capacity,dc80726a8c987e8c3a9171299dac00d03a074311,1e5f7c765f9b3fc4ff221abfa4b8f34e2805f915a16115a493a1095f588d1fc7,half,0.85,5,0.35,0.1,699924480,sphere_polar_c12_n_down_gamma_constant_d0p1_a0p85_m16,sphere_mess4,d128l4h2mlp512_700m_seed0_k2,0,2,128,4,random_init,all_block_layers_single_token,physics,1.0,0.7908059184984588,512,38.40625,0.7988347325517693
sphere_polar_c12_n_down_gamma_constant_d0p1_a0p85_m16_d128l4h2mlp512_700m_seed0_k2,H-R2-05-polar-ladder-capacity,dc80726a8c987e8c3a9171299dac00d03a074311,1e5f7c765f9b3fc4ff221abfa4b8f34e2805f915a16115a493a1095f588d1fc7,half,0.85,5,0.35,0.1,699924480,sphere_polar_c12_n_down_gamma_constant_d0p1_a0p85_m16,sphere_mess4,d128l4h2mlp512_700m_seed0_k2,0,2,128,4,random_init,all_block_layers_single_token,belief,1.0,0.26833696316727274,512,38.40625,0.2725134996819766
sphere_polar_c12_n_down_gamma_constant_d0p1_a0p85_m16_d128l4h2mlp512_700m_seed0_k2,H-R2-05-polar-ladder-capacity,dc80726a8c987e8c3a9171299dac00d03a074311,1e5f7c765f9b3fc4ff221abfa4b8f34e2805f915a16115a493a1095f588d1fc7,half,0.85,5,0.35,0.1,699924480,sphere_polar_c12_n_down_gamma_constant_d0p1_a0p85_m16,sphere_mess4,d128l4h2mlp512_700m_seed0_k2,0,2,128,4,random_init,embedding_and_all_layers_single_token,physics,1.0,0.8054688811850866,640,30.725,0.8126869037256201
sphere_polar_c12_n_down_gamma_constant_d0p1_a0p85_m16_d128l4h2mlp512_700m_seed0_k2,H-R2-05-polar-ladder-capacity,dc80726a8c987e8c3a9171299dac00d03a074311,1e5f7c765f9b3fc4ff221abfa4b8f34e2805f915a16115a493a1095f588d1fc7,half,0.85,5,0.35,0.1,699924480,sphere_polar_c12_n_down_gamma_constant_d0p1_a0p85_m16,sphere_mess4,d128l4h2mlp512_700m_seed0_k2,0,2,128,4,random_init,embedding_and_all_layers_single_token,belief,1.0,0.2812261793769051,640,30.725,0.284962849764299
sphere_polar_c12_n_down_gamma_constant_d0p1_a0p85_m16_d128l4h2mlp512_700m_seed0_k6,H-R2-05-polar-ladder-capacity,dc80726a8c987e8c3a9171299dac00d03a074311,eb23f8563614ce86b92ecfbfd1374641864cc0820cd4afee40923352b0559473,n_plus_one,0.85,5,0.35,0.1,699924480,sphere_polar_c12_n_down_gamma_constant_d0p1_a0p85_m16,sphere_mess4,d128l4h2mlp512_700m_seed0_k6,0,6,128,4,trained,single_layer_single_token,physics,1.0,0.8870305084484353,128,153.625,0.883933702958827
sphere_polar_c12_n_down_gamma_constant_d0p1_a0p85_m16_d128l4h2mlp512_700m_seed0_k6,H-R2-05-polar-ladder-capacity,dc80726a8c987e8c3a9171299dac00d03a074311,eb23f8563614ce86b92ecfbfd1374641864cc0820cd4afee40923352b0559473,n_plus_one,0.85,5,0.35,0.1,699924480,sphere_polar_c12_n_down_gamma_constant_d0p1_a0p85_m16,sphere_mess4,d128l4h2mlp512_700m_seed0_k6,0,6,128,4,trained,single_layer_single_token,belief,10.0,0.40496423113976576,128,153.625,0.41396172870555104
sphere_polar_c12_n_down_gamma_constant_d0p1_a0p85_m16_d128l4h2mlp512_700m_seed0_k6,H-R2-05-polar-ladder-capacity,dc80726a8c987e8c3a9171299dac00d03a074311,eb23f8563614ce86b92ecfbfd1374641864cc0820cd4afee40923352b0559473,n_plus_one,0.85,5,0.35,0.1,699924480,sphere_polar_c12_n_down_gamma_constant_d0p1_a0p85_m16,sphere_mess4,d128l4h2mlp512_700m_seed0_k6,0,6,128,4,trained,all_block_layers_single_token,physics,10.0,0.9777993205909725,512,38.40625,0.9785769714251689
sphere_polar_c12_n_down_gamma_constant_d0p1_a0p85_m16_d128l4h2mlp512_700m_seed0_k6,H-R2-05-polar-ladder-capacity,dc80726a8c987e8c3a9171299dac00d03a074311,eb23f8563614ce86b92ecfbfd1374641864cc0820cd4afee40923352b0559473,n_plus_one,0.85,5,0.35,0.1,699924480,sphere_polar_c12_n_down_gamma_constant_d0p1_a0p85_m16,sphere_mess4,d128l4h2mlp512_700m_seed0_k6,0,6,128,4,trained,all_block_layers_single_token,belief,10.0,0.5849850129465058,512,38.40625,0.5864613254588641
sphere_polar_c12_n_down_gamma_constant_d0p1_a0p85_m16_d128l4h2mlp512_700m_seed0_k6,H-R2-05-polar-ladder-capacity,dc80726a8c987e8c3a9171299dac00d03a074311,eb23f8563614ce86b92ecfbfd1374641864cc0820cd4afee40923352b0559473,n_plus_one,0.85,5,0.35,0.1,699924480,sphere_polar_c12_n_down_gamma_constant_d0p1_a0p85_m16,sphere_mess4,d128l4h2mlp512_700m_seed0_k6,0,6,128,4,trained,embedding_and_all_layers_single_token,physics,1.0,0.9805237549438361,640,30.725,0.9808467513500689
sphere_polar_c12_n_down_gamma_constant_d0p1_a0p85_m16_d128l4h2mlp512_700m_seed0_k6,H-R2-05-polar-ladder-capacity,dc80726a8c987e8c3a9171299dac00d03a074311,eb23f8563614ce86b92ecfbfd1374641864cc0820cd4afee40923352b0559473,n_plus_one,0.85,5,0.35,0.1,699924480,sphere_polar_c12_n_down_gamma_constant_d0p1_a0p85_m16,sphere_mess4,d128l4h2mlp512_700m_seed0_k6,0,6,128,4,trained,embedding_and_all_layers_single_token,belief,10.0,0.5913381113426472,640,30.725,0.5921751346533172
sphere_polar_c12_n_down_gamma_constant_d0p1_a0p85_m16_d128l4h2mlp512_700m_seed0_k6,H-R2-05-polar-ladder-capacity,dc80726a8c987e8c3a9171299dac00d03a074311,eb23f8563614ce86b92ecfbfd1374641864cc0820cd4afee40923352b0559473,n_plus_one,0.85,5,0.35,0.1,699924480,sphere_polar_c12_n_down_gamma_constant_d0p1_a0p85_m16,sphere_mess4,d128l4h2mlp512_700m_seed0_k6,0,6,128,4,random_init,single_layer_single_token,physics,1.0,0.724575125108003,128,153.625,0.7398640157423438
sphere_polar_c12_n_down_gamma_constant_d0p1_a0p85_m16_d128l4h2mlp512_700m_seed0_k6,H-R2-05-polar-ladder-capacity,dc80726a8c987e8c3a9171299dac00d03a074311,eb23f8563614ce86b92ecfbfd1374641864cc0820cd4afee40923352b0559473,n_plus_one,0.85,5,0.35,0.1,699924480,sphere_polar_c12_n_down_gamma_constant_d0p1_a0p85_m16,sphere_mess4,d128l4h2mlp512_700m_seed0_k6,0,6,128,4,random_init,single_layer_single_token,belief,10.0,0.17152247673168622,128,153.625,0.16608886190795327
sphere_polar_c12_n_down_gamma_constant_d0p1_a0p85_m16_d128l4h2mlp512_700m_seed0_k6,H-R2-05-polar-ladder-capacity,dc80726a8c987e8c3a9171299dac00d03a074311,eb23f8563614ce86b92ecfbfd1374641864cc0820cd4afee40923352b0559473,n_plus_one,0.85,5,0.35,0.1,699924480,sphere_polar_c12_n_down_gamma_constant_d0p1_a0p85_m16,sphere_mess4,d128l4h2mlp512_700m_seed0_k6,0,6,128,4,random_init,all_block_layers_single_token,physics,1.0,0.7908059184984588,512,38.40625,0.7988347325517693
sphere_polar_c12_n_down_gamma_constant_d0p1_a0p85_m16_d128l4h2mlp512_700m_seed0_k6,H-R2-05-polar-ladder-capacity,dc80726a8c987e8c3a9171299dac00d03a074311,eb23f8563614ce86b92ecfbfd1374641864cc0820cd4afee40923352b0559473,n_plus_one,0.85,5,0.35,0.1,699924480,sphere_polar_c12_n_down_gamma_constant_d0p1_a0p85_m16,sphere_mess4,d128l4h2mlp512_700m_seed0_k6,0,6,128,4,random_init,all_block_layers_single_token,belief,1.0,0.26833696316727274,512,38.40625,0.2725134996819766
sphere_polar_c12_n_down_gamma_constant_d0p1_a0p85_m16_d128l4h2mlp512_700m_seed0_k6,H-R2-05-polar-ladder-capacity,dc80726a8c987e8c3a9171299dac00d03a074311,eb23f8563614ce86b92ecfbfd1374641864cc0820cd4afee40923352b0559473,n_plus_one,0.85,5,0.35,0.1,699924480,sphere_polar_c12_n_down_gamma_constant_d0p1_a0p85_m16,sphere_mess4,d128l4h2mlp512_700m_seed0_k6,0,6,128,4,random_init,embedding_and_all_layers_single_token,physics,1.0,0.8054688811850866,640,30.725,0.8126869037256201
sphere_polar_c12_n_down_gamma_constant_d0p1_a0p85_m16_d128l4h2mlp512_700m_seed0_k6,H-R2-05-polar-ladder-capacity,dc80726a8c987e8c3a9171299dac00d03a074311,eb23f8563614ce86b92ecfbfd1374641864cc0820cd4afee40923352b0559473,n_plus_one,0.85,5,0.35,0.1,699924480,sphere_polar_c12_n_down_gamma_constant_d0p1_a0p85_m16,sphere_mess4,d128l4h2mlp512_700m_seed0_k6,0,6,128,4,random_init,embedding_and_all_layers_single_token,belief,1.0,0.2812261793769051,640,30.725,0.284962849764299
sphere_polar_c12_n_down_gamma_constant_d0p1_a0p95_m16_d128l4h2mlp512_700m_seed0_k1,H-R2-05-polar-ladder-capacity,dc80726a8c987e8c3a9171299dac00d03a074311,6bdd73101f224c9489819be4e4a10eefb9d46395ad0a43cdfaa8963b717c2ec7,fixed,0.95,5,0.35,0.1,699924480,sphere_polar_c12_n_down_gamma_constant_d0p1_a0p95_m16,sphere_mess4,d128l4h2mlp512_700m_seed0_k1,0,1,128,4,trained,single_layer_single_token,physics,1.0,0.834768508261585,128,153.75,0.8286036289905785
sphere_polar_c12_n_down_gamma_constant_d0p1_a0p95_m16_d128l4h2mlp512_700m_seed0_k1,H-R2-05-polar-ladder-capacity,dc80726a8c987e8c3a9171299dac00d03a074311,6bdd73101f224c9489819be4e4a10eefb9d46395ad0a43cdfaa8963b717c2ec7,fixed,0.95,5,0.35,0.1,699924480,sphere_polar_c12_n_down_gamma_constant_d0p1_a0p95_m16,sphere_mess4,d128l4h2mlp512_700m_seed0_k1,0,1,128,4,trained,single_layer_single_token,belief,10.0,0.3236157205030661,128,153.75,0.3285240348607102
sphere_polar_c12_n_down_gamma_constant_d0p1_a0p95_m16_d128l4h2mlp512_700m_seed0_k1,H-R2-05-polar-ladder-capacity,dc80726a8c987e8c3a9171299dac00d03a074311,6bdd73101f224c9489819be4e4a10eefb9d46395ad0a43cdfaa8963b717c2ec7,fixed,0.95,5,0.35,0.1,699924480,sphere_polar_c12_n_down_gamma_constant_d0p1_a0p95_m16,sphere_mess4,d128l4h2mlp512_700m_seed0_k1,0,1,128,4,trained,all_block_layers_single_token,physics,1.0,0.9898377540456165,512,38.4375,0.9891367713436985
sphere_polar_c12_n_down_gamma_constant_d0p1_a0p95_m16_d128l4h2mlp512_700m_seed0_k1,H-R2-05-polar-ladder-capacity,dc80726a8c987e8c3a9171299dac00d03a074311,6bdd73101f224c9489819be4e4a10eefb9d46395ad0a43cdfaa8963b717c2ec7,fixed,0.95,5,0.35,0.1,699924480,sphere_polar_c12_n_down_gamma_constant_d0p1_a0p95_m16,sphere_mess4,d128l4h2mlp512_700m_seed0_k1,0,1,128,4,trained,all_block_layers_single_token,belief,10.0,0.5016486377694633,512,38.4375,0.5022362691220655
sphere_polar_c12_n_down_gamma_constant_d0p1_a0p95_m16_d128l4h2mlp512_700m_seed0_k1,H-R2-05-polar-ladder-capacity,dc80726a8c987e8c3a9171299dac00d03a074311,6bdd73101f224c9489819be4e4a10eefb9d46395ad0a43cdfaa8963b717c2ec7,fixed,0.95,5,0.35,0.1,699924480,sphere_polar_c12_n_down_gamma_constant_d0p1_a0p95_m16,sphere_mess4,d128l4h2mlp512_700m_seed0_k1,0,1,128,4,trained,embedding_and_all_layers_single_token,physics,10.0,0.9921682446060449,640,30.75,0.992115451354491
sphere_polar_c12_n_down_gamma_constant_d0p1_a0p95_m16_d128l4h2mlp512_700m_seed0_k1,H-R2-05-polar-ladder-capacity,dc80726a8c987e8c3a9171299dac00d03a074311,6bdd73101f224c9489819be4e4a10eefb9d46395ad0a43cdfaa8963b717c2ec7,fixed,0.95,5,0.35,0.1,699924480,sphere_polar_c12_n_down_gamma_constant_d0p1_a0p95_m16,sphere_mess4,d128l4h2mlp512_700m_seed0_k1,0,1,128,4,trained,embedding_and_all_layers_single_token,belief,10.0,0.5118627145759159,640,30.75,0.5136078773147408
sphere_polar_c12_n_down_gamma_constant_d0p1_a0p95_m16_d128l4h2mlp512_700m_seed0_k1,H-R2-05-polar-ladder-capacity,dc80726a8c987e8c3a9171299dac00d03a074311,6bdd73101f224c9489819be4e4a10eefb9d46395ad0a43cdfaa8963b717c2ec7,fixed,0.95,5,0.35,0.1,699924480,sphere_polar_c12_n_down_gamma_constant_d0p1_a0p95_m16,sphere_mess4,d128l4h2mlp512_700m_seed0_k1,0,1,128,4,random_init,single_layer_single_token,physics,1.0,0.7250223701104033,128,153.75,0.7436363593655835
sphere_polar_c12_n_down_gamma_constant_d0p1_a0p95_m16_d128l4h2mlp512_700m_seed0_k1,H-R2-05-polar-ladder-capacity,dc80726a8c987e8c3a9171299dac00d03a074311,6bdd73101f224c9489819be4e4a10eefb9d46395ad0a43cdfaa8963b717c2ec7,fixed,0.95,5,0.35,0.1,699924480,sphere_polar_c12_n_down_gamma_constant_d0p1_a0p95_m16,sphere_mess4,d128l4h2mlp512_700m_seed0_k1,0,1,128,4,random_init,single_layer_single_token,belief,10.0,0.18969405112740811,128,153.75,0.1843533990473403
sphere_polar_c12_n_down_gamma_constant_d0p1_a0p95_m16_d128l4h2mlp512_700m_seed0_k1,H-R2-05-polar-ladder-capacity,dc80726a8c987e8c3a9171299dac00d03a074311,6bdd73101f224c9489819be4e4a10eefb9d46395ad0a43cdfaa8963b717c2ec7,fixed,0.95,5,0.35,0.1,699924480,sphere_polar_c12_n_down_gamma_constant_d0p1_a0p95_m16,sphere_mess4,d128l4h2mlp512_700m_seed0_k1,0,1,128,4,random_init,all_block_layers_single_token,physics,1.0,0.7881648902258007,512,38.4375,0.8031996480676207
sphere_polar_c12_n_down_gamma_constant_d0p1_a0p95_m16_d128l4h2mlp512_700m_seed0_k1,H-R2-05-polar-ladder-capacity,dc80726a8c987e8c3a9171299dac00d03a074311,6bdd73101f224c9489819be4e4a10eefb9d46395ad0a43cdfaa8963b717c2ec7,fixed,0.95,5,0.35,0.1,699924480,sphere_polar_c12_n_down_gamma_constant_d0p1_a0p95_m16,sphere_mess4,d128l4h2mlp512_700m_seed0_k1,0,1,128,4,random_init,all_block_layers_single_token,belief,1.0,0.29379872492640435,512,38.4375,0.294349260967661
sphere_polar_c12_n_down_gamma_constant_d0p1_a0p95_m16_d128l4h2mlp512_700m_seed0_k1,H-R2-05-polar-ladder-capacity,dc80726a8c987e8c3a9171299dac00d03a074311,6bdd73101f224c9489819be4e4a10eefb9d46395ad0a43cdfaa8963b717c2ec7,fixed,0.95,5,0.35,0.1,699924480,sphere_polar_c12_n_down_gamma_constant_d0p1_a0p95_m16,sphere_mess4,d128l4h2mlp512_700m_seed0_k1,0,1,128,4,random_init,embedding_and_all_layers_single_token,physics,1.0,0.7986219471698229,640,30.75,0.8154569934172693
sphere_polar_c12_n_down_gamma_constant_d0p1_a0p95_m16_d128l4h2mlp512_700m_seed0_k1,H-R2-05-polar-ladder-capacity,dc80726a8c987e8c3a9171299dac00d03a074311,6bdd73101f224c9489819be4e4a10eefb9d46395ad0a43cdfaa8963b717c2ec7,fixed,0.95,5,0.35,0.1,699924480,sphere_polar_c12_n_down_gamma_constant_d0p1_a0p95_m16,sphere_mess4,d128l4h2mlp512_700m_seed0_k1,0,1,128,4,random_init,embedding_and_all_layers_single_token,belief,1.0,0.30495008203006435,640,30.75,0.30574946041776174
sphere_polar_c12_n_down_gamma_constant_d0p1_a0p95_m16_d128l4h2mlp512_700m_seed0_k2,H-R2-05-polar-ladder-capacity,dc80726a8c987e8c3a9171299dac00d03a074311,03763ed4a498b5aec699aa0cc606eb81f0767e3c17a4ddcb3340078cdba07633,half,0.95,5,0.35,0.1,699924480,sphere_polar_c12_n_down_gamma_constant_d0p1_a0p95_m16,sphere_mess4,d128l4h2mlp512_700m_seed0_k2,0,2,128,4,trained,single_layer_single_token,physics,1.0,0.7940735191269702,128,153.75,0.7982577357647839
sphere_polar_c12_n_down_gamma_constant_d0p1_a0p95_m16_d128l4h2mlp512_700m_seed0_k2,H-R2-05-polar-ladder-capacity,dc80726a8c987e8c3a9171299dac00d03a074311,03763ed4a498b5aec699aa0cc606eb81f0767e3c17a4ddcb3340078cdba07633,half,0.95,5,0.35,0.1,699924480,sphere_polar_c12_n_down_gamma_constant_d0p1_a0p95_m16,sphere_mess4,d128l4h2mlp512_700m_seed0_k2,0,2,128,4,trained,single_layer_single_token,belief,10.0,0.3822105732619214,128,153.75,0.37821963556503346
sphere_polar_c12_n_down_gamma_constant_d0p1_a0p95_m16_d128l4h2mlp512_700m_seed0_k2,H-R2-05-polar-ladder-capacity,dc80726a8c987e8c3a9171299dac00d03a074311,03763ed4a498b5aec699aa0cc606eb81f0767e3c17a4ddcb3340078cdba07633,half,0.95,5,0.35,0.1,699924480,sphere_polar_c12_n_down_gamma_constant_d0p1_a0p95_m16,sphere_mess4,d128l4h2mlp512_700m_seed0_k2,0,2,128,4,trained,all_block_layers_single_token,physics,1.0,0.9925458649429062,512,38.4375,0.9918328655071453
sphere_polar_c12_n_down_gamma_constant_d0p1_a0p95_m16_d128l4h2mlp512_700m_seed0_k2,H-R2-05-polar-ladder-capacity,dc80726a8c987e8c3a9171299dac00d03a074311,03763ed4a498b5aec699aa0cc606eb81f0767e3c17a4ddcb3340078cdba07633,half,0.95,5,0.35,0.1,699924480,sphere_polar_c12_n_down_gamma_constant_d0p1_a0p95_m16,sphere_mess4,d128l4h2mlp512_700m_seed0_k2,0,2,128,4,trained,all_block_layers_single_token,belief,10.0,0.5830990418167581,512,38.4375,0.591175911453572
sphere_polar_c12_n_down_gamma_constant_d0p1_a0p95_m16_d128l4h2mlp512_700m_seed0_k2,H-R2-05-polar-ladder-capacity,dc80726a8c987e8c3a9171299dac00d03a074311,03763ed4a498b5aec699aa0cc606eb81f0767e3c17a4ddcb3340078cdba07633,half,0.95,5,0.35,0.1,699924480,sphere_polar_c12_n_down_gamma_constant_d0p1_a0p95_m16,sphere_mess4,d128l4h2mlp512_700m_seed0_k2,0,2,128,4,trained,embedding_and_all_layers_single_token,physics,1.0,0.9942851218242887,640,30.75,0.9945260519303154
sphere_polar_c12_n_down_gamma_constant_d0p1_a0p95_m16_d128l4h2mlp512_700m_seed0_k2,H-R2-05-polar-ladder-capacity,dc80726a8c987e8c3a9171299dac00d03a074311,03763ed4a498b5aec699aa0cc606eb81f0767e3c17a4ddcb3340078cdba07633,half,0.95,5,0.35,0.1,699924480,sphere_polar_c12_n_down_gamma_constant_d0p1_a0p95_m16,sphere_mess4,d128l4h2mlp512_700m_seed0_k2,0,2,128,4,trained,embedding_and_all_layers_single_token,belief,10.0,0.5906637036715418,640,30.75,0.600602332615809
sphere_polar_c12_n_down_gamma_constant_d0p1_a0p95_m16_d128l4h2mlp512_700m_seed0_k2,H-R2-05-polar-ladder-capacity,dc80726a8c987e8c3a9171299dac00d03a074311,03763ed4a498b5aec699aa0cc606eb81f0767e3c17a4ddcb3340078cdba07633,half,0.95,5,0.35,0.1,699924480,sphere_polar_c12_n_down_gamma_constant_d0p1_a0p95_m16,sphere_mess4,d128l4h2mlp512_700m_seed0_k2,0,2,128,4,random_init,single_layer_single_token,physics,1.0,0.7250223701104033,128,153.75,0.7436363593655835
sphere_polar_c12_n_down_gamma_constant_d0p1_a0p95_m16_d128l4h2mlp512_700m_seed0_k2,H-R2-05-polar-ladder-capacity,dc80726a8c987e8c3a9171299dac00d03a074311,03763ed4a498b5aec699aa0cc606eb81f0767e3c17a4ddcb3340078cdba07633,half,0.95,5,0.35,0.1,699924480,sphere_polar_c12_n_down_gamma_constant_d0p1_a0p95_m16,sphere_mess4,d128l4h2mlp512_700m_seed0_k2,0,2,128,4,random_init,single_layer_single_token,belief,10.0,0.18969405112740811,128,153.75,0.1843533990473403
sphere_polar_c12_n_down_gamma_constant_d0p1_a0p95_m16_d128l4h2mlp512_700m_seed0_k2,H-R2-05-polar-ladder-capacity,dc80726a8c987e8c3a9171299dac00d03a074311,03763ed4a498b5aec699aa0cc606eb81f0767e3c17a4ddcb3340078cdba07633,half,0.95,5,0.35,0.1,699924480,sphere_polar_c12_n_down_gamma_constant_d0p1_a0p95_m16,sphere_mess4,d128l4h2mlp512_700m_seed0_k2,0,2,128,4,random_init,all_block_layers_single_token,physics,1.0,0.7881648902258007,512,38.4375,0.8031996480676207
sphere_polar_c12_n_down_gamma_constant_d0p1_a0p95_m16_d128l4h2mlp512_700m_seed0_k2,H-R2-05-polar-ladder-capacity,dc80726a8c987e8c3a9171299dac00d03a074311,03763ed4a498b5aec699aa0cc606eb81f0767e3c17a4ddcb3340078cdba07633,half,0.95,5,0.35,0.1,699924480,sphere_polar_c12_n_down_gamma_constant_d0p1_a0p95_m16,sphere_mess4,d128l4h2mlp512_700m_seed0_k2,0,2,128,4,random_init,all_block_layers_single_token,belief,1.0,0.29379872492640435,512,38.4375,0.294349260967661
sphere_polar_c12_n_down_gamma_constant_d0p1_a0p95_m16_d128l4h2mlp512_700m_seed0_k2,H-R2-05-polar-ladder-capacity,dc80726a8c987e8c3a9171299dac00d03a074311,03763ed4a498b5aec699aa0cc606eb81f0767e3c17a4ddcb3340078cdba07633,half,0.95,5,0.35,0.1,699924480,sphere_polar_c12_n_down_gamma_constant_d0p1_a0p95_m16,sphere_mess4,d128l4h2mlp512_700m_seed0_k2,0,2,128,4,random_init,embedding_and_all_layers_single_token,physics,1.0,0.7986219471698229,640,30.75,0.8154569934172693
sphere_polar_c12_n_down_gamma_constant_d0p1_a0p95_m16_d128l4h2mlp512_700m_seed0_k2,H-R2-05-polar-ladder-capacity,dc80726a8c987e8c3a9171299dac00d03a074311,03763ed4a498b5aec699aa0cc606eb81f0767e3c17a4ddcb3340078cdba07633,half,0.95,5,0.35,0.1,699924480,sphere_polar_c12_n_down_gamma_constant_d0p1_a0p95_m16,sphere_mess4,d128l4h2mlp512_700m_seed0_k2,0,2,128,4,random_init,embedding_and_all_layers_single_token,belief,1.0,0.30495008203006435,640,30.75,0.30574946041776174
sphere_polar_c12_n_down_gamma_constant_d0p1_a0p95_m16_d128l4h2mlp512_700m_seed0_k6,H-R2-05-polar-ladder-capacity,dc80726a8c987e8c3a9171299dac00d03a074311,3476a30becc81611a5646974061384507df7ec22a75efa7a34d1797f4f868cb3,n_plus_one,0.95,5,0.35,0.1,699924480,sphere_polar_c12_n_down_gamma_constant_d0p1_a0p95_m16,sphere_mess4,d128l4h2mlp512_700m_seed0_k6,0,6,128,4,trained,single_layer_single_token,physics,1.0,0.8755306070137066,128,153.75,0.8750568250683302
sphere_polar_c12_n_down_gamma_constant_d0p1_a0p95_m16_d128l4h2mlp512_700m_seed0_k6,H-R2-05-polar-ladder-capacity,dc80726a8c987e8c3a9171299dac00d03a074311,3476a30becc81611a5646974061384507df7ec22a75efa7a34d1797f4f868cb3,n_plus_one,0.95,5,0.35,0.1,699924480,sphere_polar_c12_n_down_gamma_constant_d0p1_a0p95_m16,sphere_mess4,d128l4h2mlp512_700m_seed0_k6,0,6,128,4,trained,single_layer_single_token,belief,100.0,0.3685341665103269,128,153.75,0.36654941466338187
sphere_polar_c12_n_down_gamma_constant_d0p1_a0p95_m16_d128l4h2mlp512_700m_seed0_k6,H-R2-05-polar-ladder-capacity,dc80726a8c987e8c3a9171299dac00d03a074311,3476a30becc81611a5646974061384507df7ec22a75efa7a34d1797f4f868cb3,n_plus_one,0.95,5,0.35,0.1,699924480,sphere_polar_c12_n_down_gamma_constant_d0p1_a0p95_m16,sphere_mess4,d128l4h2mlp512_700m_seed0_k6,0,6,128,4,trained,all_block_layers_single_token,physics,10.0,0.9799052489781055,512,38.4375,0.9795648169852842
sphere_polar_c12_n_down_gamma_constant_d0p1_a0p95_m16_d128l4h2mlp512_700m_seed0_k6,H-R2-05-polar-ladder-capacity,dc80726a8c987e8c3a9171299dac00d03a074311,3476a30becc81611a5646974061384507df7ec22a75efa7a34d1797f4f868cb3,n_plus_one,0.95,5,0.35,0.1,699924480,sphere_polar_c12_n_down_gamma_constant_d0p1_a0p95_m16,sphere_mess4,d128l4h2mlp512_700m_seed0_k6,0,6,128,4,trained,all_block_layers_single_token,belief,10.0,0.5429479456759144,512,38.4375,0.5518583934482275
sphere_polar_c12_n_down_gamma_constant_d0p1_a0p95_m16_d128l4h2mlp512_700m_seed0_k6,H-R2-05-polar-ladder-capacity,dc80726a8c987e8c3a9171299dac00d03a074311,3476a30becc81611a5646974061384507df7ec22a75efa7a34d1797f4f868cb3,n_plus_one,0.95,5,0.35,0.1,699924480,sphere_polar_c12_n_down_gamma_constant_d0p1_a0p95_m16,sphere_mess4,d128l4h2mlp512_700m_seed0_k6,0,6,128,4,trained,embedding_and_all_layers_single_token,physics,1.0,0.9826338339971741,640,30.75,0.9817346439216056
sphere_polar_c12_n_down_gamma_constant_d0p1_a0p95_m16_d128l4h2mlp512_700m_seed0_k6,H-R2-05-polar-ladder-capacity,dc80726a8c987e8c3a9171299dac00d03a074311,3476a30becc81611a5646974061384507df7ec22a75efa7a34d1797f4f868cb3,n_plus_one,0.95,5,0.35,0.1,699924480,sphere_polar_c12_n_down_gamma_constant_d0p1_a0p95_m16,sphere_mess4,d128l4h2mlp512_700m_seed0_k6,0,6,128,4,trained,embedding_and_all_layers_single_token,belief,10.0,0.5531466136619748,640,30.75,0.5602557189063256
sphere_polar_c12_n_down_gamma_constant_d0p1_a0p95_m16_d128l4h2mlp512_700m_seed0_k6,H-R2-05-polar-ladder-capacity,dc80726a8c987e8c3a9171299dac00d03a074311,3476a30becc81611a5646974061384507df7ec22a75efa7a34d1797f4f868cb3,n_plus_one,0.95,5,0.35,0.1,699924480,sphere_polar_c12_n_down_gamma_constant_d0p1_a0p95_m16,sphere_mess4,d128l4h2mlp512_700m_seed0_k6,0,6,128,4,random_init,single_layer_single_token,physics,1.0,0.7250223701104033,128,153.75,0.7436363593655835
sphere_polar_c12_n_down_gamma_constant_d0p1_a0p95_m16_d128l4h2mlp512_700m_seed0_k6,H-R2-05-polar-ladder-capacity,dc80726a8c987e8c3a9171299dac00d03a074311,3476a30becc81611a5646974061384507df7ec22a75efa7a34d1797f4f868cb3,n_plus_one,0.95,5,0.35,0.1,699924480,sphere_polar_c12_n_down_gamma_constant_d0p1_a0p95_m16,sphere_mess4,d128l4h2mlp512_700m_seed0_k6,0,6,128,4,random_init,single_layer_single_token,belief,10.0,0.18969405112740811,128,153.75,0.1843533990473403
sphere_polar_c12_n_down_gamma_constant_d0p1_a0p95_m16_d128l4h2mlp512_700m_seed0_k6,H-R2-05-polar-ladder-capacity,dc80726a8c987e8c3a9171299dac00d03a074311,3476a30becc81611a5646974061384507df7ec22a75efa7a34d1797f4f868cb3,n_plus_one,0.95,5,0.35,0.1,699924480,sphere_polar_c12_n_down_gamma_constant_d0p1_a0p95_m16,sphere_mess4,d128l4h2mlp512_700m_seed0_k6,0,6,128,4,random_init,all_block_layers_single_token,physics,1.0,0.7881648902258007,512,38.4375,0.8031996480676207
sphere_polar_c12_n_down_gamma_constant_d0p1_a0p95_m16_d128l4h2mlp512_700m_seed0_k6,H-R2-05-polar-ladder-capacity,dc80726a8c987e8c3a9171299dac00d03a074311,3476a30becc81611a5646974061384507df7ec22a75efa7a34d1797f4f868cb3,n_plus_one,0.95,5,0.35,0.1,699924480,sphere_polar_c12_n_down_gamma_constant_d0p1_a0p95_m16,sphere_mess4,d128l4h2mlp512_700m_seed0_k6,0,6,128,4,random_init,all_block_layers_single_token,belief,1.0,0.29379872492640435,512,38.4375,0.294349260967661
sphere_polar_c12_n_down_gamma_constant_d0p1_a0p95_m16_d128l4h2mlp512_700m_seed0_k6,H-R2-05-polar-ladder-capacity,dc80726a8c987e8c3a9171299dac00d03a074311,3476a30becc81611a5646974061384507df7ec22a75efa7a34d1797f4f868cb3,n_plus_one,0.95,5,0.35,0.1,699924480,sphere_polar_c12_n_down_gamma_constant_d0p1_a0p95_m16,sphere_mess4,d128l4h2mlp512_700m_seed0_k6,0,6,128,4,random_init,embedding_and_all_layers_single_token,physics,1.0,0.7986219471698229,640,30.75,0.8154569934172693
sphere_polar_c12_n_down_gamma_constant_d0p1_a0p95_m16_d128l4h2mlp512_700m_seed0_k6,H-R2-05-polar-ladder-capacity,dc80726a8c987e8c3a9171299dac00d03a074311,3476a30becc81611a5646974061384507df7ec22a75efa7a34d1797f4f868cb3,n_plus_one,0.95,5,0.35,0.1,699924480,sphere_polar_c12_n_down_gamma_constant_d0p1_a0p95_m16,sphere_mess4,d128l4h2mlp512_700m_seed0_k6,0,6,128,4,random_init,embedding_and_all_layers_single_token,belief,1.0,0.30495008203006435,640,30.75,0.30574946041776174
sphere_polar_c13_n_down_gamma_constant_d0p12_a0p5_m16_d128l4h2mlp512_700m_seed0_k1,H-R2-05-polar-ladder-capacity,dc80726a8c987e8c3a9171299dac00d03a074311,355da5d90ba2e57c3c17f72f19f63b2452bc1f6d9e7d2ffb3b2087ce8ce4056c,fixed,0.5,5,0.35,0.12,699924480,sphere_polar_c13_n_down_gamma_constant_d0p12_a0p5_m16,sphere_mess4,d128l4h2mlp512_700m_seed0_k1,0,1,128,4,trained,single_layer_single_token,physics,10.0,0.8970899147548247,128,153.5,0.8933885941692925
sphere_polar_c13_n_down_gamma_constant_d0p12_a0p5_m16_d128l4h2mlp512_700m_seed0_k1,H-R2-05-polar-ladder-capacity,dc80726a8c987e8c3a9171299dac00d03a074311,355da5d90ba2e57c3c17f72f19f63b2452bc1f6d9e7d2ffb3b2087ce8ce4056c,fixed,0.5,5,0.35,0.12,699924480,sphere_polar_c13_n_down_gamma_constant_d0p12_a0p5_m16,sphere_mess4,d128l4h2mlp512_700m_seed0_k1,0,1,128,4,trained,single_layer_single_token,belief,1.0,0.17822673046075468,128,153.5,0.17223342418120818
sphere_polar_c13_n_down_gamma_constant_d0p12_a0p5_m16_d128l4h2mlp512_700m_seed0_k1,H-R2-05-polar-ladder-capacity,dc80726a8c987e8c3a9171299dac00d03a074311,355da5d90ba2e57c3c17f72f19f63b2452bc1f6d9e7d2ffb3b2087ce8ce4056c,fixed,0.5,5,0.35,0.12,699924480,sphere_polar_c13_n_down_gamma_constant_d0p12_a0p5_m16,sphere_mess4,d128l4h2mlp512_700m_seed0_k1,0,1,128,4,trained,all_block_layers_single_token,physics,10.0,0.9903881673546789,512,38.375,0.9893675059015351
sphere_polar_c13_n_down_gamma_constant_d0p12_a0p5_m16_d128l4h2mlp512_700m_seed0_k1,H-R2-05-polar-ladder-capacity,dc80726a8c987e8c3a9171299dac00d03a074311,355da5d90ba2e57c3c17f72f19f63b2452bc1f6d9e7d2ffb3b2087ce8ce4056c,fixed,0.5,5,0.35,0.12,699924480,sphere_polar_c13_n_down_gamma_constant_d0p12_a0p5_m16,sphere_mess4,d128l4h2mlp512_700m_seed0_k1,0,1,128,4,trained,all_block_layers_single_token,belief,1.0,0.3222534716105563,512,38.375,0.3112693802458928
sphere_polar_c13_n_down_gamma_constant_d0p12_a0p5_m16_d128l4h2mlp512_700m_seed0_k1,H-R2-05-polar-ladder-capacity,dc80726a8c987e8c3a9171299dac00d03a074311,355da5d90ba2e57c3c17f72f19f63b2452bc1f6d9e7d2ffb3b2087ce8ce4056c,fixed,0.5,5,0.35,0.12,699924480,sphere_polar_c13_n_down_gamma_constant_d0p12_a0p5_m16,sphere_mess4,d128l4h2mlp512_700m_seed0_k1,0,1,128,4,trained,embedding_and_all_layers_single_token,physics,1.0,0.9931146640718177,640,30.7,0.9921020221991981
sphere_polar_c13_n_down_gamma_constant_d0p12_a0p5_m16_d128l4h2mlp512_700m_seed0_k1,H-R2-05-polar-ladder-capacity,dc80726a8c987e8c3a9171299dac00d03a074311,355da5d90ba2e57c3c17f72f19f63b2452bc1f6d9e7d2ffb3b2087ce8ce4056c,fixed,0.5,5,0.35,0.12,699924480,sphere_polar_c13_n_down_gamma_constant_d0p12_a0p5_m16,sphere_mess4,d128l4h2mlp512_700m_seed0_k1,0,1,128,4,trained,embedding_and_all_layers_single_token,belief,1.0,0.3327342849003199,640,30.7,0.32365961346950006
sphere_polar_c13_n_down_gamma_constant_d0p12_a0p5_m16_d128l4h2mlp512_700m_seed0_k1,H-R2-05-polar-ladder-capacity,dc80726a8c987e8c3a9171299dac00d03a074311,355da5d90ba2e57c3c17f72f19f63b2452bc1f6d9e7d2ffb3b2087ce8ce4056c,fixed,0.5,5,0.35,0.12,699924480,sphere_polar_c13_n_down_gamma_constant_d0p12_a0p5_m16,sphere_mess4,d128l4h2mlp512_700m_seed0_k1,0,1,128,4,random_init,single_layer_single_token,physics,1.0,0.6769709041025023,128,153.5,0.6812147538565578
sphere_polar_c13_n_down_gamma_constant_d0p12_a0p5_m16_d128l4h2mlp512_700m_seed0_k1,H-R2-05-polar-ladder-capacity,dc80726a8c987e8c3a9171299dac00d03a074311,355da5d90ba2e57c3c17f72f19f63b2452bc1f6d9e7d2ffb3b2087ce8ce4056c,fixed,0.5,5,0.35,0.12,699924480,sphere_polar_c13_n_down_gamma_constant_d0p12_a0p5_m16,sphere_mess4,d128l4h2mlp512_700m_seed0_k1,0,1,128,4,random_init,single_layer_single_token,belief,10.0,0.12483720022600747,128,153.5,0.11955219978482154
sphere_polar_c13_n_down_gamma_constant_d0p12_a0p5_m16_d128l4h2mlp512_700m_seed0_k1,H-R2-05-polar-ladder-capacity,dc80726a8c987e8c3a9171299dac00d03a074311,355da5d90ba2e57c3c17f72f19f63b2452bc1f6d9e7d2ffb3b2087ce8ce4056c,fixed,0.5,5,0.35,0.12,699924480,sphere_polar_c13_n_down_gamma_constant_d0p12_a0p5_m16,sphere_mess4,d128l4h2mlp512_700m_seed0_k1,0,1,128,4,random_init,all_block_layers_single_token,physics,1.0,0.7495131801153372,512,38.375,0.7504267291295679
sphere_polar_c13_n_down_gamma_constant_d0p12_a0p5_m16_d128l4h2mlp512_700m_seed0_k1,H-R2-05-polar-ladder-capacity,dc80726a8c987e8c3a9171299dac00d03a074311,355da5d90ba2e57c3c17f72f19f63b2452bc1f6d9e7d2ffb3b2087ce8ce4056c,fixed,0.5,5,0.35,0.12,699924480,sphere_polar_c13_n_down_gamma_constant_d0p12_a0p5_m16,sphere_mess4,d128l4h2mlp512_700m_seed0_k1,0,1,128,4,random_init,all_block_layers_single_token,belief,1.0,0.21717885867422052,512,38.375,0.21097954395327226
sphere_polar_c13_n_down_gamma_constant_d0p12_a0p5_m16_d128l4h2mlp512_700m_seed0_k1,H-R2-05-polar-ladder-capacity,dc80726a8c987e8c3a9171299dac00d03a074311,355da5d90ba2e57c3c17f72f19f63b2452bc1f6d9e7d2ffb3b2087ce8ce4056c,fixed,0.5,5,0.35,0.12,699924480,sphere_polar_c13_n_down_gamma_constant_d0p12_a0p5_m16,sphere_mess4,d128l4h2mlp512_700m_seed0_k1,0,1,128,4,random_init,embedding_and_all_layers_single_token,physics,1.0,0.7648466098833657,640,30.7,0.7680339962520351
sphere_polar_c13_n_down_gamma_constant_d0p12_a0p5_m16_d128l4h2mlp512_700m_seed0_k1,H-R2-05-polar-ladder-capacity,dc80726a8c987e8c3a9171299dac00d03a074311,355da5d90ba2e57c3c17f72f19f63b2452bc1f6d9e7d2ffb3b2087ce8ce4056c,fixed,0.5,5,0.35,0.12,699924480,sphere_polar_c13_n_down_gamma_constant_d0p12_a0p5_m16,sphere_mess4,d128l4h2mlp512_700m_seed0_k1,0,1,128,4,random_init,embedding_and_all_layers_single_token,belief,1.0,0.22894705797848514,640,30.7,0.22430088714426666
sphere_polar_c13_n_down_gamma_constant_d0p12_a0p5_m16_d128l4h2mlp512_700m_seed0_k2,H-R2-05-polar-ladder-capacity,dc80726a8c987e8c3a9171299dac00d03a074311,ece5b4a8d7ff6ad8a7da7df655531e4aeca6c47273ee6dc948e9085fdeb09d99,half,0.5,5,0.35,0.12,699924480,sphere_polar_c13_n_down_gamma_constant_d0p12_a0p5_m16,sphere_mess4,d128l4h2mlp512_700m_seed0_k2,0,2,128,4,trained,single_layer_single_token,physics,1.0,0.9025853983807974,128,153.5,0.9056397096248638
sphere_polar_c13_n_down_gamma_constant_d0p12_a0p5_m16_d128l4h2mlp512_700m_seed0_k2,H-R2-05-polar-ladder-capacity,dc80726a8c987e8c3a9171299dac00d03a074311,ece5b4a8d7ff6ad8a7da7df655531e4aeca6c47273ee6dc948e9085fdeb09d99,half,0.5,5,0.35,0.12,699924480,sphere_polar_c13_n_down_gamma_constant_d0p12_a0p5_m16,sphere_mess4,d128l4h2mlp512_700m_seed0_k2,0,2,128,4,trained,single_layer_single_token,belief,10.0,0.1913536681326982,128,153.5,0.1904983204888022
sphere_polar_c13_n_down_gamma_constant_d0p12_a0p5_m16_d128l4h2mlp512_700m_seed0_k2,H-R2-05-polar-ladder-capacity,dc80726a8c987e8c3a9171299dac00d03a074311,ece5b4a8d7ff6ad8a7da7df655531e4aeca6c47273ee6dc948e9085fdeb09d99,half,0.5,5,0.35,0.12,699924480,sphere_polar_c13_n_down_gamma_constant_d0p12_a0p5_m16,sphere_mess4,d128l4h2mlp512_700m_seed0_k2,0,2,128,4,trained,all_block_layers_single_token,physics,1.0,0.9937014120585431,512,38.375,0.9933685266649905
sphere_polar_c13_n_down_gamma_constant_d0p12_a0p5_m16_d128l4h2mlp512_700m_seed0_k2,H-R2-05-polar-ladder-capacity,dc80726a8c987e8c3a9171299dac00d03a074311,ece5b4a8d7ff6ad8a7da7df655531e4aeca6c47273ee6dc948e9085fdeb09d99,half,0.5,5,0.35,0.12,699924480,sphere_polar_c13_n_down_gamma_constant_d0p12_a0p5_m16,sphere_mess4,d128l4h2mlp512_700m_seed0_k2,0,2,128,4,trained,all_block_layers_single_token,belief,1.0,0.3636096487261359,512,38.375,0.36452491560313505
sphere_polar_c13_n_down_gamma_constant_d0p12_a0p5_m16_d128l4h2mlp512_700m_seed0_k2,H-R2-05-polar-ladder-capacity,dc80726a8c987e8c3a9171299dac00d03a074311,ece5b4a8d7ff6ad8a7da7df655531e4aeca6c47273ee6dc948e9085fdeb09d99,half,0.5,5,0.35,0.12,699924480,sphere_polar_c13_n_down_gamma_constant_d0p12_a0p5_m16,sphere_mess4,d128l4h2mlp512_700m_seed0_k2,0,2,128,4,trained,embedding_and_all_layers_single_token,physics,1.0,0.9956110195282799,640,30.7,0.9947677538564488
sphere_polar_c13_n_down_gamma_constant_d0p12_a0p5_m16_d128l4h2mlp512_700m_seed0_k2,H-R2-05-polar-ladder-capacity,dc80726a8c987e8c3a9171299dac00d03a074311,ece5b4a8d7ff6ad8a7da7df655531e4aeca6c47273ee6dc948e9085fdeb09d99,half,0.5,5,0.35,0.12,699924480,sphere_polar_c13_n_down_gamma_constant_d0p12_a0p5_m16,sphere_mess4,d128l4h2mlp512_700m_seed0_k2,0,2,128,4,trained,embedding_and_all_layers_single_token,belief,1.0,0.37256573057103876,640,30.7,0.3711435583158425
sphere_polar_c13_n_down_gamma_constant_d0p12_a0p5_m16_d128l4h2mlp512_700m_seed0_k2,H-R2-05-polar-ladder-capacity,dc80726a8c987e8c3a9171299dac00d03a074311,ece5b4a8d7ff6ad8a7da7df655531e4aeca6c47273ee6dc948e9085fdeb09d99,half,0.5,5,0.35,0.12,699924480,sphere_polar_c13_n_down_gamma_constant_d0p12_a0p5_m16,sphere_mess4,d128l4h2mlp512_700m_seed0_k2,0,2,128,4,random_init,single_layer_single_token,physics,1.0,0.6769709041025023,128,153.5,0.6812147538565578
sphere_polar_c13_n_down_gamma_constant_d0p12_a0p5_m16_d128l4h2mlp512_700m_seed0_k2,H-R2-05-polar-ladder-capacity,dc80726a8c987e8c3a9171299dac00d03a074311,ece5b4a8d7ff6ad8a7da7df655531e4aeca6c47273ee6dc948e9085fdeb09d99,half,0.5,5,0.35,0.12,699924480,sphere_polar_c13_n_down_gamma_constant_d0p12_a0p5_m16,sphere_mess4,d128l4h2mlp512_700m_seed0_k2,0,2,128,4,random_init,single_layer_single_token,belief,10.0,0.12483720022600747,128,153.5,0.11955219978482154
sphere_polar_c13_n_down_gamma_constant_d0p12_a0p5_m16_d128l4h2mlp512_700m_seed0_k2,H-R2-05-polar-ladder-capacity,dc80726a8c987e8c3a9171299dac00d03a074311,ece5b4a8d7ff6ad8a7da7df655531e4aeca6c47273ee6dc948e9085fdeb09d99,half,0.5,5,0.35,0.12,699924480,sphere_polar_c13_n_down_gamma_constant_d0p12_a0p5_m16,sphere_mess4,d128l4h2mlp512_700m_seed0_k2,0,2,128,4,random_init,all_block_layers_single_token,physics,1.0,0.7495131801153372,512,38.375,0.7504267291295679
sphere_polar_c13_n_down_gamma_constant_d0p12_a0p5_m16_d128l4h2mlp512_700m_seed0_k2,H-R2-05-polar-ladder-capacity,dc80726a8c987e8c3a9171299dac00d03a074311,ece5b4a8d7ff6ad8a7da7df655531e4aeca6c47273ee6dc948e9085fdeb09d99,half,0.5,5,0.35,0.12,699924480,sphere_polar_c13_n_down_gamma_constant_d0p12_a0p5_m16,sphere_mess4,d128l4h2mlp512_700m_seed0_k2,0,2,128,4,random_init,all_block_layers_single_token,belief,1.0,0.21717885867422052,512,38.375,0.21097954395327226
sphere_polar_c13_n_down_gamma_constant_d0p12_a0p5_m16_d128l4h2mlp512_700m_seed0_k2,H-R2-05-polar-ladder-capacity,dc80726a8c987e8c3a9171299dac00d03a074311,ece5b4a8d7ff6ad8a7da7df655531e4aeca6c47273ee6dc948e9085fdeb09d99,half,0.5,5,0.35,0.12,699924480,sphere_polar_c13_n_down_gamma_constant_d0p12_a0p5_m16,sphere_mess4,d128l4h2mlp512_700m_seed0_k2,0,2,128,4,random_init,embedding_and_all_layers_single_token,physics,1.0,0.7648466098833657,640,30.7,0.7680339962520351
sphere_polar_c13_n_down_gamma_constant_d0p12_a0p5_m16_d128l4h2mlp512_700m_seed0_k2,H-R2-05-polar-ladder-capacity,dc80726a8c987e8c3a9171299dac00d03a074311,ece5b4a8d7ff6ad8a7da7df655531e4aeca6c47273ee6dc948e9085fdeb09d99,half,0.5,5,0.35,0.12,699924480,sphere_polar_c13_n_down_gamma_constant_d0p12_a0p5_m16,sphere_mess4,d128l4h2mlp512_700m_seed0_k2,0,2,128,4,random_init,embedding_and_all_layers_single_token,belief,1.0,0.22894705797848514,640,30.7,0.22430088714426666
sphere_polar_c13_n_down_gamma_constant_d0p12_a0p5_m16_d128l4h2mlp512_700m_seed0_k6,H-R2-05-polar-ladder-capacity,dc80726a8c987e8c3a9171299dac00d03a074311,3a545e37757bf6775082d67dbb9a8119a3191b9efb5cf2df288f644e59693272,n_plus_one,0.5,5,0.35,0.12,699924480,sphere_polar_c13_n_down_gamma_constant_d0p12_a0p5_m16,sphere_mess4,d128l4h2mlp512_700m_seed0_k6,0,6,128,4,trained,single_layer_single_token,physics,10.0,0.9143812797491937,128,153.5,0.9247871597262882
sphere_polar_c13_n_down_gamma_constant_d0p12_a0p5_m16_d128l4h2mlp512_700m_seed0_k6,H-R2-05-polar-ladder-capacity,dc80726a8c987e8c3a9171299dac00d03a074311,3a545e37757bf6775082d67dbb9a8119a3191b9efb5cf2df288f644e59693272,n_plus_one,0.5,5,0.35,0.12,699924480,sphere_polar_c13_n_down_gamma_constant_d0p12_a0p5_m16,sphere_mess4,d128l4h2mlp512_700m_seed0_k6,0,6,128,4,trained,single_layer_single_token,belief,10.0,0.17575836330036843,128,153.5,0.1763392694186857
sphere_polar_c13_n_down_gamma_constant_d0p12_a0p5_m16_d128l4h2mlp512_700m_seed0_k6,H-R2-05-polar-ladder-capacity,dc80726a8c987e8c3a9171299dac00d03a074311,3a545e37757bf6775082d67dbb9a8119a3191b9efb5cf2df288f644e59693272,n_plus_one,0.5,5,0.35,0.12,699924480,sphere_polar_c13_n_down_gamma_constant_d0p12_a0p5_m16,sphere_mess4,d128l4h2mlp512_700m_seed0_k6,0,6,128,4,trained,all_block_layers_single_token,physics,1.0,0.9791806695599861,512,38.375,0.9812981828130272
sphere_polar_c13_n_down_gamma_constant_d0p12_a0p5_m16_d128l4h2mlp512_700m_seed0_k6,H-R2-05-polar-ladder-capacity,dc80726a8c987e8c3a9171299dac00d03a074311,3a545e37757bf6775082d67dbb9a8119a3191b9efb5cf2df288f644e59693272,n_plus_one,0.5,5,0.35,0.12,699924480,sphere_polar_c13_n_down_gamma_constant_d0p12_a0p5_m16,sphere_mess4,d128l4h2mlp512_700m_seed0_k6,0,6,128,4,trained,all_block_layers_single_token,belief,10.0,0.3389626352793912,512,38.375,0.3384304384744722
sphere_polar_c13_n_down_gamma_constant_d0p12_a0p5_m16_d128l4h2mlp512_700m_seed0_k6,H-R2-05-polar-ladder-capacity,dc80726a8c987e8c3a9171299dac00d03a074311,3a545e37757bf6775082d67dbb9a8119a3191b9efb5cf2df288f644e59693272,n_plus_one,0.5,5,0.35,0.12,699924480,sphere_polar_c13_n_down_gamma_constant_d0p12_a0p5_m16,sphere_mess4,d128l4h2mlp512_700m_seed0_k6,0,6,128,4,trained,embedding_and_all_layers_single_token,physics,1.0,0.9814825567021058,640,30.7,0.9826281464967785
sphere_polar_c13_n_down_gamma_constant_d0p12_a0p5_m16_d128l4h2mlp512_700m_seed0_k6,H-R2-05-polar-ladder-capacity,dc80726a8c987e8c3a9171299dac00d03a074311,3a545e37757bf6775082d67dbb9a8119a3191b9efb5cf2df288f644e59693272,n_plus_one,0.5,5,0.35,0.12,699924480,sphere_polar_c13_n_down_gamma_constant_d0p12_a0p5_m16,sphere_mess4,d128l4h2mlp512_700m_seed0_k6,0,6,128,4,trained,embedding_and_all_layers_single_token,belief,10.0,0.34677221366268385,640,30.7,0.3430495385561353
sphere_polar_c13_n_down_gamma_constant_d0p12_a0p5_m16_d128l4h2mlp512_700m_seed0_k6,H-R2-05-polar-ladder-capacity,dc80726a8c987e8c3a9171299dac00d03a074311,3a545e37757bf6775082d67dbb9a8119a3191b9efb5cf2df288f644e59693272,n_plus_one,0.5,5,0.35,0.12,699924480,sphere_polar_c13_n_down_gamma_constant_d0p12_a0p5_m16,sphere_mess4,d128l4h2mlp512_700m_seed0_k6,0,6,128,4,random_init,single_layer_single_token,physics,1.0,0.6769709041025023,128,153.5,0.6812147538565578
sphere_polar_c13_n_down_gamma_constant_d0p12_a0p5_m16_d128l4h2mlp512_700m_seed0_k6,H-R2-05-polar-ladder-capacity,dc80726a8c987e8c3a9171299dac00d03a074311,3a545e37757bf6775082d67dbb9a8119a3191b9efb5cf2df288f644e59693272,n_plus_one,0.5,5,0.35,0.12,699924480,sphere_polar_c13_n_down_gamma_constant_d0p12_a0p5_m16,sphere_mess4,d128l4h2mlp512_700m_seed0_k6,0,6,128,4,random_init,single_layer_single_token,belief,10.0,0.12483720022600747,128,153.5,0.11955219978482154
sphere_polar_c13_n_down_gamma_constant_d0p12_a0p5_m16_d128l4h2mlp512_700m_seed0_k6,H-R2-05-polar-ladder-capacity,dc80726a8c987e8c3a9171299dac00d03a074311,3a545e37757bf6775082d67dbb9a8119a3191b9efb5cf2df288f644e59693272,n_plus_one,0.5,5,0.35,0.12,699924480,sphere_polar_c13_n_down_gamma_constant_d0p12_a0p5_m16,sphere_mess4,d128l4h2mlp512_700m_seed0_k6,0,6,128,4,random_init,all_block_layers_single_token,physics,1.0,0.7495131801153372,512,38.375,0.7504267291295679
sphere_polar_c13_n_down_gamma_constant_d0p12_a0p5_m16_d128l4h2mlp512_700m_seed0_k6,H-R2-05-polar-ladder-capacity,dc80726a8c987e8c3a9171299dac00d03a074311,3a545e37757bf6775082d67dbb9a8119a3191b9efb5cf2df288f644e59693272,n_plus_one,0.5,5,0.35,0.12,699924480,sphere_polar_c13_n_down_gamma_constant_d0p12_a0p5_m16,sphere_mess4,d128l4h2mlp512_700m_seed0_k6,0,6,128,4,random_init,all_block_layers_single_token,belief,1.0,0.21717885867422052,512,38.375,0.21097954395327226
sphere_polar_c13_n_down_gamma_constant_d0p12_a0p5_m16_d128l4h2mlp512_700m_seed0_k6,H-R2-05-polar-ladder-capacity,dc80726a8c987e8c3a9171299dac00d03a074311,3a545e37757bf6775082d67dbb9a8119a3191b9efb5cf2df288f644e59693272,n_plus_one,0.5,5,0.35,0.12,699924480,sphere_polar_c13_n_down_gamma_constant_d0p12_a0p5_m16,sphere_mess4,d128l4h2mlp512_700m_seed0_k6,0,6,128,4,random_init,embedding_and_all_layers_single_token,physics,1.0,0.7648466098833657,640,30.7,0.7680339962520351
sphere_polar_c13_n_down_gamma_constant_d0p12_a0p5_m16_d128l4h2mlp512_700m_seed0_k6,H-R2-05-polar-ladder-capacity,dc80726a8c987e8c3a9171299dac00d03a074311,3a545e37757bf6775082d67dbb9a8119a3191b9efb5cf2df288f644e59693272,n_plus_one,0.5,5,0.35,0.12,699924480,sphere_polar_c13_n_down_gamma_constant_d0p12_a0p5_m16,sphere_mess4,d128l4h2mlp512_700m_seed0_k6,0,6,128,4,random_init,embedding_and_all_layers_single_token,belief,1.0,0.22894705797848514,640,30.7,0.22430088714426666
sphere_polar_c13_n_down_gamma_constant_d0p12_a0p7_m16_d128l4h2mlp512_700m_seed0_k1,H-R2-05-polar-ladder-capacity,dc80726a8c987e8c3a9171299dac00d03a074311,feef26f2c04a2e48459c9319287f00000d4eeefd4da984b0ca9aa2b0276357be,fixed,0.7,5,0.35,0.12,699924480,sphere_polar_c13_n_down_gamma_constant_d0p12_a0p7_m16,sphere_mess4,d128l4h2mlp512_700m_seed0_k1,0,1,128,4,trained,single_layer_single_token,physics,1.0,0.8830032408314812,128,153.5,0.8825901218028066
sphere_polar_c13_n_down_gamma_constant_d0p12_a0p7_m16_d128l4h2mlp512_700m_seed0_k1,H-R2-05-polar-ladder-capacity,dc80726a8c987e8c3a9171299dac00d03a074311,feef26f2c04a2e48459c9319287f00000d4eeefd4da984b0ca9aa2b0276357be,fixed,0.7,5,0.35,0.12,699924480,sphere_polar_c13_n_down_gamma_constant_d0p12_a0p7_m16,sphere_mess4,d128l4h2mlp512_700m_seed0_k1,0,1,128,4,trained,single_layer_single_token,belief,10.0,0.23730888073118708,128,153.5,0.23918838968322317
sphere_polar_c13_n_down_gamma_constant_d0p12_a0p7_m16_d128l4h2mlp512_700m_seed0_k1,H-R2-05-polar-ladder-capacity,dc80726a8c987e8c3a9171299dac00d03a074311,feef26f2c04a2e48459c9319287f00000d4eeefd4da984b0ca9aa2b0276357be,fixed,0.7,5,0.35,0.12,699924480,sphere_polar_c13_n_down_gamma_constant_d0p12_a0p7_m16,sphere_mess4,d128l4h2mlp512_700m_seed0_k1,0,1,128,4,trained,all_block_layers_single_token,physics,1.0,0.989667729188465,512,38.375,0.9900409276092081
sphere_polar_c13_n_down_gamma_constant_d0p12_a0p7_m16_d128l4h2mlp512_700m_seed0_k1,H-R2-05-polar-ladder-capacity,dc80726a8c987e8c3a9171299dac00d03a074311,feef26f2c04a2e48459c9319287f00000d4eeefd4da984b0ca9aa2b0276357be,fixed,0.7,5,0.35,0.12,699924480,sphere_polar_c13_n_down_gamma_constant_d0p12_a0p7_m16,sphere_mess4,d128l4h2mlp512_700m_seed0_k1,0,1,128,4,trained,all_block_layers_single_token,belief,10.0,0.38568544211170575,512,38.375,0.39400457063877514
sphere_polar_c13_n_down_gamma_constant_d0p12_a0p7_m16_d128l4h2mlp512_700m_seed0_k1,H-R2-05-polar-ladder-capacity,dc80726a8c987e8c3a9171299dac00d03a074311,feef26f2c04a2e48459c9319287f00000d4eeefd4da984b0ca9aa2b0276357be,fixed,0.7,5,0.35,0.12,699924480,sphere_polar_c13_n_down_gamma_constant_d0p12_a0p7_m16,sphere_mess4,d128l4h2mlp512_700m_seed0_k1,0,1,128,4,trained,embedding_and_all_layers_single_token,physics,1.0,0.9932138615005437,640,30.7,0.9909869361631919
sphere_polar_c13_n_down_gamma_constant_d0p12_a0p7_m16_d128l4h2mlp512_700m_seed0_k1,H-R2-05-polar-ladder-capacity,dc80726a8c987e8c3a9171299dac00d03a074311,feef26f2c04a2e48459c9319287f00000d4eeefd4da984b0ca9aa2b0276357be,fixed,0.7,5,0.35,0.12,699924480,sphere_polar_c13_n_down_gamma_constant_d0p12_a0p7_m16,sphere_mess4,d128l4h2mlp512_700m_seed0_k1,0,1,128,4,trained,embedding_and_all_layers_single_token,belief,1.0,0.39931773886494276,640,30.7,0.4016890803870054
sphere_polar_c13_n_down_gamma_constant_d0p12_a0p7_m16_d128l4h2mlp512_700m_seed0_k1,H-R2-05-polar-ladder-capacity,dc80726a8c987e8c3a9171299dac00d03a074311,feef26f2c04a2e48459c9319287f00000d4eeefd4da984b0ca9aa2b0276357be,fixed,0.7,5,0.35,0.12,699924480,sphere_polar_c13_n_down_gamma_constant_d0p12_a0p7_m16,sphere_mess4,d128l4h2mlp512_700m_seed0_k1,0,1,128,4,random_init,single_layer_single_token,physics,1.0,0.6701113528252205,128,153.5,0.67593902475968
sphere_polar_c13_n_down_gamma_constant_d0p12_a0p7_m16_d128l4h2mlp512_700m_seed0_k1,H-R2-05-polar-ladder-capacity,dc80726a8c987e8c3a9171299dac00d03a074311,feef26f2c04a2e48459c9319287f00000d4eeefd4da984b0ca9aa2b0276357be,fixed,0.7,5,0.35,0.12,699924480,sphere_polar_c13_n_down_gamma_constant_d0p12_a0p7_m16,sphere_mess4,d128l4h2mlp512_700m_seed0_k1,0,1,128,4,random_init,single_layer_single_token,belief,10.0,0.14773578574064805,128,153.5,0.14811242584485082
sphere_polar_c13_n_down_gamma_constant_d0p12_a0p7_m16_d128l4h2mlp512_700m_seed0_k1,H-R2-05-polar-ladder-capacity,dc80726a8c987e8c3a9171299dac00d03a074311,feef26f2c04a2e48459c9319287f00000d4eeefd4da984b0ca9aa2b0276357be,fixed,0.7,5,0.35,0.12,699924480,sphere_polar_c13_n_down_gamma_constant_d0p12_a0p7_m16,sphere_mess4,d128l4h2mlp512_700m_seed0_k1,0,1,128,4,random_init,all_block_layers_single_token,physics,1.0,0.7520855161082611,512,38.375,0.7411989699890822
sphere_polar_c13_n_down_gamma_constant_d0p12_a0p7_m16_d128l4h2mlp512_700m_seed0_k1,H-R2-05-polar-ladder-capacity,dc80726a8c987e8c3a9171299dac00d03a074311,feef26f2c04a2e48459c9319287f00000d4eeefd4da984b0ca9aa2b0276357be,fixed,0.7,5,0.35,0.12,699924480,sphere_polar_c13_n_down_gamma_constant_d0p12_a0p7_m16,sphere_mess4,d128l4h2mlp512_700m_seed0_k1,0,1,128,4,random_init,all_block_layers_single_token,belief,1.0,0.23895784392507796,512,38.375,0.23726450367440433
sphere_polar_c13_n_down_gamma_constant_d0p12_a0p7_m16_d128l4h2mlp512_700m_seed0_k1,H-R2-05-polar-ladder-capacity,dc80726a8c987e8c3a9171299dac00d03a074311,feef26f2c04a2e48459c9319287f00000d4eeefd4da984b0ca9aa2b0276357be,fixed,0.7,5,0.35,0.12,699924480,sphere_polar_c13_n_down_gamma_constant_d0p12_a0p7_m16,sphere_mess4,d128l4h2mlp512_700m_seed0_k1,0,1,128,4,random_init,embedding_and_all_layers_single_token,physics,1.0,0.7674299357034786,640,30.7,0.7416771346857225
sphere_polar_c13_n_down_gamma_constant_d0p12_a0p7_m16_d128l4h2mlp512_700m_seed0_k1,H-R2-05-polar-ladder-capacity,dc80726a8c987e8c3a9171299dac00d03a074311,feef26f2c04a2e48459c9319287f00000d4eeefd4da984b0ca9aa2b0276357be,fixed,0.7,5,0.35,0.12,699924480,sphere_polar_c13_n_down_gamma_constant_d0p12_a0p7_m16,sphere_mess4,d128l4h2mlp512_700m_seed0_k1,0,1,128,4,random_init,embedding_and_all_layers_single_token,belief,1.0,0.25291813979292765,640,30.7,0.25299959837501285
sphere_polar_c13_n_down_gamma_constant_d0p12_a0p7_m16_d128l4h2mlp512_700m_seed0_k2,H-R2-05-polar-ladder-capacity,dc80726a8c987e8c3a9171299dac00d03a074311,c18f8dd2ce1e4fd712ee14629ecce81c3fe9c2c6d2ad4c88da34cbc2f90b064a,half,0.7,5,0.35,0.12,699924480,sphere_polar_c13_n_down_gamma_constant_d0p12_a0p7_m16,sphere_mess4,d128l4h2mlp512_700m_seed0_k2,0,2,128,4,trained,single_layer_single_token,physics,10.0,0.880329288803096,128,153.5,0.8781584802183606
sphere_polar_c13_n_down_gamma_constant_d0p12_a0p7_m16_d128l4h2mlp512_700m_seed0_k2,H-R2-05-polar-ladder-capacity,dc80726a8c987e8c3a9171299dac00d03a074311,c18f8dd2ce1e4fd712ee14629ecce81c3fe9c2c6d2ad4c88da34cbc2f90b064a,half,0.7,5,0.35,0.12,699924480,sphere_polar_c13_n_down_gamma_constant_d0p12_a0p7_m16,sphere_mess4,d128l4h2mlp512_700m_seed0_k2,0,2,128,4,trained,single_layer_single_token,belief,10.0,0.2850750949536653,128,153.5,0.28390306686251987
sphere_polar_c13_n_down_gamma_constant_d0p12_a0p7_m16_d128l4h2mlp512_700m_seed0_k2,H-R2-05-polar-ladder-capacity,dc80726a8c987e8c3a9171299dac00d03a074311,c18f8dd2ce1e4fd712ee14629ecce81c3fe9c2c6d2ad4c88da34cbc2f90b064a,half,0.7,5,0.35,0.12,699924480,sphere_polar_c13_n_down_gamma_constant_d0p12_a0p7_m16,sphere_mess4,d128l4h2mlp512_700m_seed0_k2,0,2,128,4,trained,all_block_layers_single_token,physics,1.0,0.9932668448040174,512,38.375,0.9933046738171043
sphere_polar_c13_n_down_gamma_constant_d0p12_a0p7_m16_d128l4h2mlp512_700m_seed0_k2,H-R2-05-polar-ladder-capacity,dc80726a8c987e8c3a9171299dac00d03a074311,c18f8dd2ce1e4fd712ee14629ecce81c3fe9c2c6d2ad4c88da34cbc2f90b064a,half,0.7,5,0.35,0.12,699924480,sphere_polar_c13_n_down_gamma_constant_d0p12_a0p7_m16,sphere_mess4,d128l4h2mlp512_700m_seed0_k2,0,2,128,4,trained,all_block_layers_single_token,belief,1.0,0.43494176535271445,512,38.375,0.4334435379973677
sphere_polar_c13_n_down_gamma_constant_d0p12_a0p7_m16_d128l4h2mlp512_700m_seed0_k2,H-R2-05-polar-ladder-capacity,dc80726a8c987e8c3a9171299dac00d03a074311,c18f8dd2ce1e4fd712ee14629ecce81c3fe9c2c6d2ad4c88da34cbc2f90b064a,half,0.7,5,0.35,0.12,699924480,sphere_polar_c13_n_down_gamma_constant_d0p12_a0p7_m16,sphere_mess4,d128l4h2mlp512_700m_seed0_k2,0,2,128,4,trained,embedding_and_all_layers_single_token,physics,1.0,0.9952344633792032,640,30.7,0.9942781394356357
sphere_polar_c13_n_down_gamma_constant_d0p12_a0p7_m16_d128l4h2mlp512_700m_seed0_k2,H-R2-05-polar-ladder-capacity,dc80726a8c987e8c3a9171299dac00d03a074311,c18f8dd2ce1e4fd712ee14629ecce81c3fe9c2c6d2ad4c88da34cbc2f90b064a,half,0.7,5,0.35,0.12,699924480,sphere_polar_c13_n_down_gamma_constant_d0p12_a0p7_m16,sphere_mess4,d128l4h2mlp512_700m_seed0_k2,0,2,128,4,trained,embedding_and_all_layers_single_token,belief,10.0,0.4413011902387368,640,30.7,0.4376914854366831
sphere_polar_c13_n_down_gamma_constant_d0p12_a0p7_m16_d128l4h2mlp512_700m_seed0_k2,H-R2-05-polar-ladder-capacity,dc80726a8c987e8c3a9171299dac00d03a074311,c18f8dd2ce1e4fd712ee14629ecce81c3fe9c2c6d2ad4c88da34cbc2f90b064a,half,0.7,5,0.35,0.12,699924480,sphere_polar_c13_n_down_gamma_constant_d0p12_a0p7_m16,sphere_mess4,d128l4h2mlp512_700m_seed0_k2,0,2,128,4,random_init,single_layer_single_token,physics,1.0,0.6701113528252205,128,153.5,0.67593902475968
sphere_polar_c13_n_down_gamma_constant_d0p12_a0p7_m16_d128l4h2mlp512_700m_seed0_k2,H-R2-05-polar-ladder-capacity,dc80726a8c987e8c3a9171299dac00d03a074311,c18f8dd2ce1e4fd712ee14629ecce81c3fe9c2c6d2ad4c88da34cbc2f90b064a,half,0.7,5,0.35,0.12,699924480,sphere_polar_c13_n_down_gamma_constant_d0p12_a0p7_m16,sphere_mess4,d128l4h2mlp512_700m_seed0_k2,0,2,128,4,random_init,single_layer_single_token,belief,10.0,0.14773578574064805,128,153.5,0.14811242584485082
sphere_polar_c13_n_down_gamma_constant_d0p12_a0p7_m16_d128l4h2mlp512_700m_seed0_k2,H-R2-05-polar-ladder-capacity,dc80726a8c987e8c3a9171299dac00d03a074311,c18f8dd2ce1e4fd712ee14629ecce81c3fe9c2c6d2ad4c88da34cbc2f90b064a,half,0.7,5,0.35,0.12,699924480,sphere_polar_c13_n_down_gamma_constant_d0p12_a0p7_m16,sphere_mess4,d128l4h2mlp512_700m_seed0_k2,0,2,128,4,random_init,all_block_layers_single_token,physics,1.0,0.7520855161082611,512,38.375,0.7411989699890822
sphere_polar_c13_n_down_gamma_constant_d0p12_a0p7_m16_d128l4h2mlp512_700m_seed0_k2,H-R2-05-polar-ladder-capacity,dc80726a8c987e8c3a9171299dac00d03a074311,c18f8dd2ce1e4fd712ee14629ecce81c3fe9c2c6d2ad4c88da34cbc2f90b064a,half,0.7,5,0.35,0.12,699924480,sphere_polar_c13_n_down_gamma_constant_d0p12_a0p7_m16,sphere_mess4,d128l4h2mlp512_700m_seed0_k2,0,2,128,4,random_init,all_block_layers_single_token,belief,1.0,0.23895784392507796,512,38.375,0.23726450367440433
sphere_polar_c13_n_down_gamma_constant_d0p12_a0p7_m16_d128l4h2mlp512_700m_seed0_k2,H-R2-05-polar-ladder-capacity,dc80726a8c987e8c3a9171299dac00d03a074311,c18f8dd2ce1e4fd712ee14629ecce81c3fe9c2c6d2ad4c88da34cbc2f90b064a,half,0.7,5,0.35,0.12,699924480,sphere_polar_c13_n_down_gamma_constant_d0p12_a0p7_m16,sphere_mess4,d128l4h2mlp512_700m_seed0_k2,0,2,128,4,random_init,embedding_and_all_layers_single_token,physics,1.0,0.7674299357034786,640,30.7,0.7416771346857225
sphere_polar_c13_n_down_gamma_constant_d0p12_a0p7_m16_d128l4h2mlp512_700m_seed0_k2,H-R2-05-polar-ladder-capacity,dc80726a8c987e8c3a9171299dac00d03a074311,c18f8dd2ce1e4fd712ee14629ecce81c3fe9c2c6d2ad4c88da34cbc2f90b064a,half,0.7,5,0.35,0.12,699924480,sphere_polar_c13_n_down_gamma_constant_d0p12_a0p7_m16,sphere_mess4,d128l4h2mlp512_700m_seed0_k2,0,2,128,4,random_init,embedding_and_all_layers_single_token,belief,1.0,0.25291813979292765,640,30.7,0.25299959837501285
sphere_polar_c13_n_down_gamma_constant_d0p12_a0p7_m16_d128l4h2mlp512_700m_seed0_k6,H-R2-05-polar-ladder-capacity,dc80726a8c987e8c3a9171299dac00d03a074311,901d229f770191764ac9ab02f352a32858914c9eea1344efcc1ce41f03c2caad,n_plus_one,0.7,5,0.35,0.12,699924480,sphere_polar_c13_n_down_gamma_constant_d0p12_a0p7_m16,sphere_mess4,d128l4h2mlp512_700m_seed0_k6,0,6,128,4,trained,single_layer_single_token,physics,10.0,0.8971030051733933,128,153.5,0.8994988170473306
sphere_polar_c13_n_down_gamma_constant_d0p12_a0p7_m16_d128l4h2mlp512_700m_seed0_k6,H-R2-05-polar-ladder-capacity,dc80726a8c987e8c3a9171299dac00d03a074311,901d229f770191764ac9ab02f352a32858914c9eea1344efcc1ce41f03c2caad,n_plus_one,0.7,5,0.35,0.12,699924480,sphere_polar_c13_n_down_gamma_constant_d0p12_a0p7_m16,sphere_mess4,d128l4h2mlp512_700m_seed0_k6,0,6,128,4,trained,single_layer_single_token,belief,10.0,0.3294539615804339,128,153.5,0.32795905290149563
sphere_polar_c13_n_down_gamma_constant_d0p12_a0p7_m16_d128l4h2mlp512_700m_seed0_k6,H-R2-05-polar-ladder-capacity,dc80726a8c987e8c3a9171299dac00d03a074311,901d229f770191764ac9ab02f352a32858914c9eea1344efcc1ce41f03c2caad,n_plus_one,0.7,5,0.35,0.12,699924480,sphere_polar_c13_n_down_gamma_constant_d0p12_a0p7_m16,sphere_mess4,d128l4h2mlp512_700m_seed0_k6,0,6,128,4,trained,all_block_layers_single_token,physics,10.0,0.9793943128056521,512,38.375,0.9796828331874754
sphere_polar_c13_n_down_gamma_constant_d0p12_a0p7_m16_d128l4h2mlp512_700m_seed0_k6,H-R2-05-polar-ladder-capacity,dc80726a8c987e8c3a9171299dac00d03a074311,901d229f770191764ac9ab02f352a32858914c9eea1344efcc1ce41f03c2caad,n_plus_one,0.7,5,0.35,0.12,699924480,sphere_polar_c13_n_down_gamma_constant_d0p12_a0p7_m16,sphere_mess4,d128l4h2mlp512_700m_seed0_k6,0,6,128,4,trained,all_block_layers_single_token,belief,10.0,0.48630571357578634,512,38.375,0.4920776357135872
sphere_polar_c13_n_down_gamma_constant_d0p12_a0p7_m16_d128l4h2mlp512_700m_seed0_k6,H-R2-05-polar-ladder-capacity,dc80726a8c987e8c3a9171299dac00d03a074311,901d229f770191764ac9ab02f352a32858914c9eea1344efcc1ce41f03c2caad,n_plus_one,0.7,5,0.35,0.12,699924480,sphere_polar_c13_n_down_gamma_constant_d0p12_a0p7_m16,sphere_mess4,d128l4h2mlp512_700m_seed0_k6,0,6,128,4,trained,embedding_and_all_layers_single_token,physics,1.0,0.982065237446598,640,30.7,0.9815747042095886
sphere_polar_c13_n_down_gamma_constant_d0p12_a0p7_m16_d128l4h2mlp512_700m_seed0_k6,H-R2-05-polar-ladder-capacity,dc80726a8c987e8c3a9171299dac00d03a074311,901d229f770191764ac9ab02f352a32858914c9eea1344efcc1ce41f03c2caad,n_plus_one,0.7,5,0.35,0.12,699924480,sphere_polar_c13_n_down_gamma_constant_d0p12_a0p7_m16,sphere_mess4,d128l4h2mlp512_700m_seed0_k6,0,6,128,4,trained,embedding_and_all_layers_single_token,belief,10.0,0.49301708477291,640,30.7,0.4980037189320362
sphere_polar_c13_n_down_gamma_constant_d0p12_a0p7_m16_d128l4h2mlp512_700m_seed0_k6,H-R2-05-polar-ladder-capacity,dc80726a8c987e8c3a9171299dac00d03a074311,901d229f770191764ac9ab02f352a32858914c9eea1344efcc1ce41f03c2caad,n_plus_one,0.7,5,0.35,0.12,699924480,sphere_polar_c13_n_down_gamma_constant_d0p12_a0p7_m16,sphere_mess4,d128l4h2mlp512_700m_seed0_k6,0,6,128,4,random_init,single_layer_single_token,physics,1.0,0.6701113528252205,128,153.5,0.67593902475968
sphere_polar_c13_n_down_gamma_constant_d0p12_a0p7_m16_d128l4h2mlp512_700m_seed0_k6,H-R2-05-polar-ladder-capacity,dc80726a8c987e8c3a9171299dac00d03a074311,901d229f770191764ac9ab02f352a32858914c9eea1344efcc1ce41f03c2caad,n_plus_one,0.7,5,0.35,0.12,699924480,sphere_polar_c13_n_down_gamma_constant_d0p12_a0p7_m16,sphere_mess4,d128l4h2mlp512_700m_seed0_k6,0,6,128,4,random_init,single_layer_single_token,belief,10.0,0.14773578574064805,128,153.5,0.14811242584485082
sphere_polar_c13_n_down_gamma_constant_d0p12_a0p7_m16_d128l4h2mlp512_700m_seed0_k6,H-R2-05-polar-ladder-capacity,dc80726a8c987e8c3a9171299dac00d03a074311,901d229f770191764ac9ab02f352a32858914c9eea1344efcc1ce41f03c2caad,n_plus_one,0.7,5,0.35,0.12,699924480,sphere_polar_c13_n_down_gamma_constant_d0p12_a0p7_m16,sphere_mess4,d128l4h2mlp512_700m_seed0_k6,0,6,128,4,random_init,all_block_layers_single_token,physics,1.0,0.7520855161082611,512,38.375,0.7411989699890822
sphere_polar_c13_n_down_gamma_constant_d0p12_a0p7_m16_d128l4h2mlp512_700m_seed0_k6,H-R2-05-polar-ladder-capacity,dc80726a8c987e8c3a9171299dac00d03a074311,901d229f770191764ac9ab02f352a32858914c9eea1344efcc1ce41f03c2caad,n_plus_one,0.7,5,0.35,0.12,699924480,sphere_polar_c13_n_down_gamma_constant_d0p12_a0p7_m16,sphere_mess4,d128l4h2mlp512_700m_seed0_k6,0,6,128,4,random_init,all_block_layers_single_token,belief,1.0,0.23895784392507796,512,38.375,0.23726450367440433
sphere_polar_c13_n_down_gamma_constant_d0p12_a0p7_m16_d128l4h2mlp512_700m_seed0_k6,H-R2-05-polar-ladder-capacity,dc80726a8c987e8c3a9171299dac00d03a074311,901d229f770191764ac9ab02f352a32858914c9eea1344efcc1ce41f03c2caad,n_plus_one,0.7,5,0.35,0.12,699924480,sphere_polar_c13_n_down_gamma_constant_d0p12_a0p7_m16,sphere_mess4,d128l4h2mlp512_700m_seed0_k6,0,6,128,4,random_init,embedding_and_all_layers_single_token,physics,1.0,0.7674299357034786,640,30.7,0.7416771346857225
sphere_polar_c13_n_down_gamma_constant_d0p12_a0p7_m16_d128l4h2mlp512_700m_seed0_k6,H-R2-05-polar-ladder-capacity,dc80726a8c987e8c3a9171299dac00d03a074311,901d229f770191764ac9ab02f352a32858914c9eea1344efcc1ce41f03c2caad,n_plus_one,0.7,5,0.35,0.12,699924480,sphere_polar_c13_n_down_gamma_constant_d0p12_a0p7_m16,sphere_mess4,d128l4h2mlp512_700m_seed0_k6,0,6,128,4,random_init,embedding_and_all_layers_single_token,belief,1.0,0.25291813979292765,640,30.7,0.25299959837501285
sphere_polar_c13_n_down_gamma_constant_d0p12_a0p85_m16_d128l4h2mlp512_700m_seed0_k1,H-R2-05-polar-ladder-capacity,dc80726a8c987e8c3a9171299dac00d03a074311,da47eff2a1b53740638c7ba87e9de69d6b4072e16f49a605e0fe9f9fd3feb075,fixed,0.85,5,0.35,0.12,699924480,sphere_polar_c13_n_down_gamma_constant_d0p12_a0p85_m16,sphere_mess4,d128l4h2mlp512_700m_seed0_k1,0,1,128,4,trained,single_layer_single_token,physics,1.0,0.8516645634619977,128,153.625,0.8430596617777031
sphere_polar_c13_n_down_gamma_constant_d0p12_a0p85_m16_d128l4h2mlp512_700m_seed0_k1,H-R2-05-polar-ladder-capacity,dc80726a8c987e8c3a9171299dac00d03a074311,da47eff2a1b53740638c7ba87e9de69d6b4072e16f49a605e0fe9f9fd3feb075,fixed,0.85,5,0.35,0.12,699924480,sphere_polar_c13_n_down_gamma_constant_d0p12_a0p85_m16,sphere_mess4,d128l4h2mlp512_700m_seed0_k1,0,1,128,4,trained,single_layer_single_token,belief,10.0,0.3177485865182843,128,153.625,0.31782291533689133
sphere_polar_c13_n_down_gamma_constant_d0p12_a0p85_m16_d128l4h2mlp512_700m_seed0_k1,H-R2-05-polar-ladder-capacity,dc80726a8c987e8c3a9171299dac00d03a074311,da47eff2a1b53740638c7ba87e9de69d6b4072e16f49a605e0fe9f9fd3feb075,fixed,0.85,5,0.35,0.12,699924480,sphere_polar_c13_n_down_gamma_constant_d0p12_a0p85_m16,sphere_mess4,d128l4h2mlp512_700m_seed0_k1,0,1,128,4,trained,all_block_layers_single_token,physics,1.0,0.9882023567399831,512,38.40625,0.9877061120019656
sphere_polar_c13_n_down_gamma_constant_d0p12_a0p85_m16_d128l4h2mlp512_700m_seed0_k1,H-R2-05-polar-ladder-capacity,dc80726a8c987e8c3a9171299dac00d03a074311,da47eff2a1b53740638c7ba87e9de69d6b4072e16f49a605e0fe9f9fd3feb075,fixed,0.85,5,0.35,0.12,699924480,sphere_polar_c13_n_down_gamma_constant_d0p12_a0p85_m16,sphere_mess4,d128l4h2mlp512_700m_seed0_k1,0,1,128,4,trained,all_block_layers_single_token,belief,10.0,0.4534011615210599,512,38.40625,0.459271524650475
sphere_polar_c13_n_down_gamma_constant_d0p12_a0p85_m16_d128l4h2mlp512_700m_seed0_k1,H-R2-05-polar-ladder-capacity,dc80726a8c987e8c3a9171299dac00d03a074311,da47eff2a1b53740638c7ba87e9de69d6b4072e16f49a605e0fe9f9fd3feb075,fixed,0.85,5,0.35,0.12,699924480,sphere_polar_c13_n_down_gamma_constant_d0p12_a0p85_m16,sphere_mess4,d128l4h2mlp512_700m_seed0_k1,0,1,128,4,trained,embedding_and_all_layers_single_token,physics,10.0,0.99042807943015,640,30.725,0.9900446710482061
sphere_polar_c13_n_down_gamma_constant_d0p12_a0p85_m16_d128l4h2mlp512_700m_seed0_k1,H-R2-05-polar-ladder-capacity,dc80726a8c987e8c3a9171299dac00d03a074311,da47eff2a1b53740638c7ba87e9de69d6b4072e16f49a605e0fe9f9fd3feb075,fixed,0.85,5,0.35,0.12,699924480,sphere_polar_c13_n_down_gamma_constant_d0p12_a0p85_m16,sphere_mess4,d128l4h2mlp512_700m_seed0_k1,0,1,128,4,trained,embedding_and_all_layers_single_token,belief,10.0,0.46321348256722367,640,30.725,0.4682237115132023
sphere_polar_c13_n_down_gamma_constant_d0p12_a0p85_m16_d128l4h2mlp512_700m_seed0_k1,H-R2-05-polar-ladder-capacity,dc80726a8c987e8c3a9171299dac00d03a074311,da47eff2a1b53740638c7ba87e9de69d6b4072e16f49a605e0fe9f9fd3feb075,fixed,0.85,5,0.35,0.12,699924480,sphere_polar_c13_n_down_gamma_constant_d0p12_a0p85_m16,sphere_mess4,d128l4h2mlp512_700m_seed0_k1,0,1,128,4,random_init,single_layer_single_token,physics,10.0,0.6643300135999703,128,153.625,0.6808686754792681
sphere_polar_c13_n_down_gamma_constant_d0p12_a0p85_m16_d128l4h2mlp512_700m_seed0_k1,H-R2-05-polar-ladder-capacity,dc80726a8c987e8c3a9171299dac00d03a074311,da47eff2a1b53740638c7ba87e9de69d6b4072e16f49a605e0fe9f9fd3feb075,fixed,0.85,5,0.35,0.12,699924480,sphere_polar_c13_n_down_gamma_constant_d0p12_a0p85_m16,sphere_mess4,d128l4h2mlp512_700m_seed0_k1,0,1,128,4,random_init,single_layer_single_token,belief,100.0,0.16378166477386782,128,153.625,0.16552312025415544
sphere_polar_c13_n_down_gamma_constant_d0p12_a0p85_m16_d128l4h2mlp512_700m_seed0_k1,H-R2-05-polar-ladder-capacity,dc80726a8c987e8c3a9171299dac00d03a074311,da47eff2a1b53740638c7ba87e9de69d6b4072e16f49a605e0fe9f9fd3feb075,fixed,0.85,5,0.35,0.12,699924480,sphere_polar_c13_n_down_gamma_constant_d0p12_a0p85_m16,sphere_mess4,d128l4h2mlp512_700m_seed0_k1,0,1,128,4,random_init,all_block_layers_single_token,physics,1.0,0.7452380666401821,512,38.40625,0.7541682821670177
sphere_polar_c13_n_down_gamma_constant_d0p12_a0p85_m16_d128l4h2mlp512_700m_seed0_k1,H-R2-05-polar-ladder-capacity,dc80726a8c987e8c3a9171299dac00d03a074311,da47eff2a1b53740638c7ba87e9de69d6b4072e16f49a605e0fe9f9fd3feb075,fixed,0.85,5,0.35,0.12,699924480,sphere_polar_c13_n_down_gamma_constant_d0p12_a0p85_m16,sphere_mess4,d128l4h2mlp512_700m_seed0_k1,0,1,128,4,random_init,all_block_layers_single_token,belief,1.0,0.2616557797284599,512,38.40625,0.2604223178905337
sphere_polar_c13_n_down_gamma_constant_d0p12_a0p85_m16_d128l4h2mlp512_700m_seed0_k1,H-R2-05-polar-ladder-capacity,dc80726a8c987e8c3a9171299dac00d03a074311,da47eff2a1b53740638c7ba87e9de69d6b4072e16f49a605e0fe9f9fd3feb075,fixed,0.85,5,0.35,0.12,699924480,sphere_polar_c13_n_down_gamma_constant_d0p12_a0p85_m16,sphere_mess4,d128l4h2mlp512_700m_seed0_k1,0,1,128,4,random_init,embedding_and_all_layers_single_token,physics,1.0,0.760060352492562,640,30.725,0.7686956433182763
sphere_polar_c13_n_down_gamma_constant_d0p12_a0p85_m16_d128l4h2mlp512_700m_seed0_k1,H-R2-05-polar-ladder-capacity,dc80726a8c987e8c3a9171299dac00d03a074311,da47eff2a1b53740638c7ba87e9de69d6b4072e16f49a605e0fe9f9fd3feb075,fixed,0.85,5,0.35,0.12,699924480,sphere_polar_c13_n_down_gamma_constant_d0p12_a0p85_m16,sphere_mess4,d128l4h2mlp512_700m_seed0_k1,0,1,128,4,random_init,embedding_and_all_layers_single_token,belief,1.0,0.27520237743657106,640,30.725,0.27519451211563495
sphere_polar_c13_n_down_gamma_constant_d0p12_a0p85_m16_d128l4h2mlp512_700m_seed0_k2,H-R2-05-polar-ladder-capacity,dc80726a8c987e8c3a9171299dac00d03a074311,7ed26d93575d1a1d833c730c27855d3a45b04af750ad60cc72754572a285b9c7,half,0.85,5,0.35,0.12,699924480,sphere_polar_c13_n_down_gamma_constant_d0p12_a0p85_m16,sphere_mess4,d128l4h2mlp512_700m_seed0_k2,0,2,128,4,trained,single_layer_single_token,physics,10.0,0.8467804281861838,128,153.625,0.837410245707749
sphere_polar_c13_n_down_gamma_constant_d0p12_a0p85_m16_d128l4h2mlp512_700m_seed0_k2,H-R2-05-polar-ladder-capacity,dc80726a8c987e8c3a9171299dac00d03a074311,7ed26d93575d1a1d833c730c27855d3a45b04af750ad60cc72754572a285b9c7,half,0.85,5,0.35,0.12,699924480,sphere_polar_c13_n_down_gamma_constant_d0p12_a0p85_m16,sphere_mess4,d128l4h2mlp512_700m_seed0_k2,0,2,128,4,trained,single_layer_single_token,belief,100.0,0.34860783090624015,128,153.625,0.3487261137702657
sphere_polar_c13_n_down_gamma_constant_d0p12_a0p85_m16_d128l4h2mlp512_700m_seed0_k2,H-R2-05-polar-ladder-capacity,dc80726a8c987e8c3a9171299dac00d03a074311,7ed26d93575d1a1d833c730c27855d3a45b04af750ad60cc72754572a285b9c7,half,0.85,5,0.35,0.12,699924480,sphere_polar_c13_n_down_gamma_constant_d0p12_a0p85_m16,sphere_mess4,d128l4h2mlp512_700m_seed0_k2,0,2,128,4,trained,all_block_layers_single_token,physics,1.0,0.9917128214499773,512,38.40625,0.991612397277956
sphere_polar_c13_n_down_gamma_constant_d0p12_a0p85_m16_d128l4h2mlp512_700m_seed0_k2,H-R2-05-polar-ladder-capacity,dc80726a8c987e8c3a9171299dac00d03a074311,7ed26d93575d1a1d833c730c27855d3a45b04af750ad60cc72754572a285b9c7,half,0.85,5,0.35,0.12,699924480,sphere_polar_c13_n_down_gamma_constant_d0p12_a0p85_m16,sphere_mess4,d128l4h2mlp512_700m_seed0_k2,0,2,128,4,trained,all_block_layers_single_token,belief,10.0,0.48842361653535193,512,38.40625,0.49376506836711326
sphere_polar_c13_n_down_gamma_constant_d0p12_a0p85_m16_d128l4h2mlp512_700m_seed0_k2,H-R2-05-polar-ladder-capacity,dc80726a8c987e8c3a9171299dac00d03a074311,7ed26d93575d1a1d833c730c27855d3a45b04af750ad60cc72754572a285b9c7,half,0.85,5,0.35,0.12,699924480,sphere_polar_c13_n_down_gamma_constant_d0p12_a0p85_m16,sphere_mess4,d128l4h2mlp512_700m_seed0_k2,0,2,128,4,trained,embedding_and_all_layers_single_token,physics,1.0,0.9939473810480368,640,30.725,0.993886682018543
sphere_polar_c13_n_down_gamma_constant_d0p12_a0p85_m16_d128l4h2mlp512_700m_seed0_k2,H-R2-05-polar-ladder-capacity,dc80726a8c987e8c3a9171299dac00d03a074311,7ed26d93575d1a1d833c730c27855d3a45b04af750ad60cc72754572a285b9c7,half,0.85,5,0.35,0.12,699924480,sphere_polar_c13_n_down_gamma_constant_d0p12_a0p85_m16,sphere_mess4,d128l4h2mlp512_700m_seed0_k2,0,2,128,4,trained,embedding_and_all_layers_single_token,belief,10.0,0.49855929875852645,640,30.725,0.5018827805049162
sphere_polar_c13_n_down_gamma_constant_d0p12_a0p85_m16_d128l4h2mlp512_700m_seed0_k2,H-R2-05-polar-ladder-capacity,dc80726a8c987e8c3a9171299dac00d03a074311,7ed26d93575d1a1d833c730c27855d3a45b04af750ad60cc72754572a285b9c7,half,0.85,5,0.35,0.12,699924480,sphere_polar_c13_n_down_gamma_constant_d0p12_a0p85_m16,sphere_mess4,d128l4h2mlp512_700m_seed0_k2,0,2,128,4,random_init,single_layer_single_token,physics,10.0,0.6643300135999703,128,153.625,0.6808686754792681
sphere_polar_c13_n_down_gamma_constant_d0p12_a0p85_m16_d128l4h2mlp512_700m_seed0_k2,H-R2-05-polar-ladder-capacity,dc80726a8c987e8c3a9171299dac00d03a074311,7ed26d93575d1a1d833c730c27855d3a45b04af750ad60cc72754572a285b9c7,half,0.85,5,0.35,0.12,699924480,sphere_polar_c13_n_down_gamma_constant_d0p12_a0p85_m16,sphere_mess4,d128l4h2mlp512_700m_seed0_k2,0,2,128,4,random_init,single_layer_single_token,belief,100.0,0.16378166477386782,128,153.625,0.16552312025415544
sphere_polar_c13_n_down_gamma_constant_d0p12_a0p85_m16_d128l4h2mlp512_700m_seed0_k2,H-R2-05-polar-ladder-capacity,dc80726a8c987e8c3a9171299dac00d03a074311,7ed26d93575d1a1d833c730c27855d3a45b04af750ad60cc72754572a285b9c7,half,0.85,5,0.35,0.12,699924480,sphere_polar_c13_n_down_gamma_constant_d0p12_a0p85_m16,sphere_mess4,d128l4h2mlp512_700m_seed0_k2,0,2,128,4,random_init,all_block_layers_single_token,physics,1.0,0.7452380666401821,512,38.40625,0.7541682821670177
sphere_polar_c13_n_down_gamma_constant_d0p12_a0p85_m16_d128l4h2mlp512_700m_seed0_k2,H-R2-05-polar-ladder-capacity,dc80726a8c987e8c3a9171299dac00d03a074311,7ed26d93575d1a1d833c730c27855d3a45b04af750ad60cc72754572a285b9c7,half,0.85,5,0.35,0.12,699924480,sphere_polar_c13_n_down_gamma_constant_d0p12_a0p85_m16,sphere_mess4,d128l4h2mlp512_700m_seed0_k2,0,2,128,4,random_init,all_block_layers_single_token,belief,1.0,0.2616557797284599,512,38.40625,0.2604223178905337
sphere_polar_c13_n_down_gamma_constant_d0p12_a0p85_m16_d128l4h2mlp512_700m_seed0_k2,H-R2-05-polar-ladder-capacity,dc80726a8c987e8c3a9171299dac00d03a074311,7ed26d93575d1a1d833c730c27855d3a45b04af750ad60cc72754572a285b9c7,half,0.85,5,0.35,0.12,699924480,sphere_polar_c13_n_down_gamma_constant_d0p12_a0p85_m16,sphere_mess4,d128l4h2mlp512_700m_seed0_k2,0,2,128,4,random_init,embedding_and_all_layers_single_token,physics,1.0,0.760060352492562,640,30.725,0.7686956433182763
sphere_polar_c13_n_down_gamma_constant_d0p12_a0p85_m16_d128l4h2mlp512_700m_seed0_k2,H-R2-05-polar-ladder-capacity,dc80726a8c987e8c3a9171299dac00d03a074311,7ed26d93575d1a1d833c730c27855d3a45b04af750ad60cc72754572a285b9c7,half,0.85,5,0.35,0.12,699924480,sphere_polar_c13_n_down_gamma_constant_d0p12_a0p85_m16,sphere_mess4,d128l4h2mlp512_700m_seed0_k2,0,2,128,4,random_init,embedding_and_all_layers_single_token,belief,1.0,0.27520237743657106,640,30.725,0.27519451211563495
sphere_polar_c13_n_down_gamma_constant_d0p12_a0p85_m16_d128l4h2mlp512_700m_seed0_k6,H-R2-05-polar-ladder-capacity,dc80726a8c987e8c3a9171299dac00d03a074311,03b9771361af2b04736ece5dfa667c6464778649d0706b114c13322eb32713ad,n_plus_one,0.85,5,0.35,0.12,699924480,sphere_polar_c13_n_down_gamma_constant_d0p12_a0p85_m16,sphere_mess4,d128l4h2mlp512_700m_seed0_k6,0,6,128,4,trained,single_layer_single_token,physics,1.0,0.8764925944908124,128,153.625,0.8754010011481068
sphere_polar_c13_n_down_gamma_constant_d0p12_a0p85_m16_d128l4h2mlp512_700m_seed0_k6,H-R2-05-polar-ladder-capacity,dc80726a8c987e8c3a9171299dac00d03a074311,03b9771361af2b04736ece5dfa667c6464778649d0706b114c13322eb32713ad,n_plus_one,0.85,5,0.35,0.12,699924480,sphere_polar_c13_n_down_gamma_constant_d0p12_a0p85_m16,sphere_mess4,d128l4h2mlp512_700m_seed0_k6,0,6,128,4,trained,single_layer_single_token,belief,1.0,0.37477330386903895,128,153.625,0.3732279852561632
sphere_polar_c13_n_down_gamma_constant_d0p12_a0p85_m16_d128l4h2mlp512_700m_seed0_k6,H-R2-05-polar-ladder-capacity,dc80726a8c987e8c3a9171299dac00d03a074311,03b9771361af2b04736ece5dfa667c6464778649d0706b114c13322eb32713ad,n_plus_one,0.85,5,0.35,0.12,699924480,sphere_polar_c13_n_down_gamma_constant_d0p12_a0p85_m16,sphere_mess4,d128l4h2mlp512_700m_seed0_k6,0,6,128,4,trained,all_block_layers_single_token,physics,10.0,0.9803095636718882,512,38.40625,0.98135381607051
sphere_polar_c13_n_down_gamma_constant_d0p12_a0p85_m16_d128l4h2mlp512_700m_seed0_k6,H-R2-05-polar-ladder-capacity,dc80726a8c987e8c3a9171299dac00d03a074311,03b9771361af2b04736ece5dfa667c6464778649d0706b114c13322eb32713ad,n_plus_one,0.85,5,0.35,0.12,699924480,sphere_polar_c13_n_down_gamma_constant_d0p12_a0p85_m16,sphere_mess4,d128l4h2mlp512_700m_seed0_k6,0,6,128,4,trained,all_block_layers_single_token,belief,10.0,0.5838091365533788,512,38.40625,0.5931095908724107
sphere_polar_c13_n_down_gamma_constant_d0p12_a0p85_m16_d128l4h2mlp512_700m_seed0_k6,H-R2-05-polar-ladder-capacity,dc80726a8c987e8c3a9171299dac00d03a074311,03b9771361af2b04736ece5dfa667c6464778649d0706b114c13322eb32713ad,n_plus_one,0.85,5,0.35,0.12,699924480,sphere_polar_c13_n_down_gamma_constant_d0p12_a0p85_m16,sphere_mess4,d128l4h2mlp512_700m_seed0_k6,0,6,128,4,trained,embedding_and_all_layers_single_token,physics,10.0,0.9826802622871649,640,30.725,0.984198120272877
sphere_polar_c13_n_down_gamma_constant_d0p12_a0p85_m16_d128l4h2mlp512_700m_seed0_k6,H-R2-05-polar-ladder-capacity,dc80726a8c987e8c3a9171299dac00d03a074311,03b9771361af2b04736ece5dfa667c6464778649d0706b114c13322eb32713ad,n_plus_one,0.85,5,0.35,0.12,699924480,sphere_polar_c13_n_down_gamma_constant_d0p12_a0p85_m16,sphere_mess4,d128l4h2mlp512_700m_seed0_k6,0,6,128,4,trained,embedding_and_all_layers_single_token,belief,10.0,0.5922798079050648,640,30.725,0.6016766642896196
sphere_polar_c13_n_down_gamma_constant_d0p12_a0p85_m16_d128l4h2mlp512_700m_seed0_k6,H-R2-05-polar-ladder-capacity,dc80726a8c987e8c3a9171299dac00d03a074311,03b9771361af2b04736ece5dfa667c6464778649d0706b114c13322eb32713ad,n_plus_one,0.85,5,0.35,0.12,699924480,sphere_polar_c13_n_down_gamma_constant_d0p12_a0p85_m16,sphere_mess4,d128l4h2mlp512_700m_seed0_k6,0,6,128,4,random_init,single_layer_single_token,physics,10.0,0.6643300135999703,128,153.625,0.6808686754792681
sphere_polar_c13_n_down_gamma_constant_d0p12_a0p85_m16_d128l4h2mlp512_700m_seed0_k6,H-R2-05-polar-ladder-capacity,dc80726a8c987e8c3a9171299dac00d03a074311,03b9771361af2b04736ece5dfa667c6464778649d0706b114c13322eb32713ad,n_plus_one,0.85,5,0.35,0.12,699924480,sphere_polar_c13_n_down_gamma_constant_d0p12_a0p85_m16,sphere_mess4,d128l4h2mlp512_700m_seed0_k6,0,6,128,4,random_init,single_layer_single_token,belief,100.0,0.16378166477386782,128,153.625,0.16552312025415544
sphere_polar_c13_n_down_gamma_constant_d0p12_a0p85_m16_d128l4h2mlp512_700m_seed0_k6,H-R2-05-polar-ladder-capacity,dc80726a8c987e8c3a9171299dac00d03a074311,03b9771361af2b04736ece5dfa667c6464778649d0706b114c13322eb32713ad,n_plus_one,0.85,5,0.35,0.12,699924480,sphere_polar_c13_n_down_gamma_constant_d0p12_a0p85_m16,sphere_mess4,d128l4h2mlp512_700m_seed0_k6,0,6,128,4,random_init,all_block_layers_single_token,physics,1.0,0.7452380666401821,512,38.40625,0.7541682821670177
sphere_polar_c13_n_down_gamma_constant_d0p12_a0p85_m16_d128l4h2mlp512_700m_seed0_k6,H-R2-05-polar-ladder-capacity,dc80726a8c987e8c3a9171299dac00d03a074311,03b9771361af2b04736ece5dfa667c6464778649d0706b114c13322eb32713ad,n_plus_one,0.85,5,0.35,0.12,699924480,sphere_polar_c13_n_down_gamma_constant_d0p12_a0p85_m16,sphere_mess4,d128l4h2mlp512_700m_seed0_k6,0,6,128,4,random_init,all_block_layers_single_token,belief,1.0,0.2616557797284599,512,38.40625,0.2604223178905337
sphere_polar_c13_n_down_gamma_constant_d0p12_a0p85_m16_d128l4h2mlp512_700m_seed0_k6,H-R2-05-polar-ladder-capacity,dc80726a8c987e8c3a9171299dac00d03a074311,03b9771361af2b04736ece5dfa667c6464778649d0706b114c13322eb32713ad,n_plus_one,0.85,5,0.35,0.12,699924480,sphere_polar_c13_n_down_gamma_constant_d0p12_a0p85_m16,sphere_mess4,d128l4h2mlp512_700m_seed0_k6,0,6,128,4,random_init,embedding_and_all_layers_single_token,physics,1.0,0.760060352492562,640,30.725,0.7686956433182763
sphere_polar_c13_n_down_gamma_constant_d0p12_a0p85_m16_d128l4h2mlp512_700m_seed0_k6,H-R2-05-polar-ladder-capacity,dc80726a8c987e8c3a9171299dac00d03a074311,03b9771361af2b04736ece5dfa667c6464778649d0706b114c13322eb32713ad,n_plus_one,0.85,5,0.35,0.12,699924480,sphere_polar_c13_n_down_gamma_constant_d0p12_a0p85_m16,sphere_mess4,d128l4h2mlp512_700m_seed0_k6,0,6,128,4,random_init,embedding_and_all_layers_single_token,belief,1.0,0.27520237743657106,640,30.725,0.27519451211563495
sphere_polar_c13_n_down_gamma_constant_d0p12_a0p95_m16_d128l4h2mlp512_700m_seed0_k1,H-R2-05-polar-ladder-capacity,dc80726a8c987e8c3a9171299dac00d03a074311,ee1358bc7bf1346b2cd0a492eda80f388ce0e5b1f0e79811e9f5159c0b3d2340,fixed,0.95,5,0.35,0.12,699924480,sphere_polar_c13_n_down_gamma_constant_d0p12_a0p95_m16,sphere_mess4,d128l4h2mlp512_700m_seed0_k1,0,1,128,4,trained,single_layer_single_token,physics,1.0,0.7794818428316072,128,153.75,0.774488823360006
sphere_polar_c13_n_down_gamma_constant_d0p12_a0p95_m16_d128l4h2mlp512_700m_seed0_k1,H-R2-05-polar-ladder-capacity,dc80726a8c987e8c3a9171299dac00d03a074311,ee1358bc7bf1346b2cd0a492eda80f388ce0e5b1f0e79811e9f5159c0b3d2340,fixed,0.95,5,0.35,0.12,699924480,sphere_polar_c13_n_down_gamma_constant_d0p12_a0p95_m16,sphere_mess4,d128l4h2mlp512_700m_seed0_k1,0,1,128,4,trained,single_layer_single_token,belief,100.0,0.34271974559524526,128,153.75,0.3638709346669769
sphere_polar_c13_n_down_gamma_constant_d0p12_a0p95_m16_d128l4h2mlp512_700m_seed0_k1,H-R2-05-polar-ladder-capacity,dc80726a8c987e8c3a9171299dac00d03a074311,ee1358bc7bf1346b2cd0a492eda80f388ce0e5b1f0e79811e9f5159c0b3d2340,fixed,0.95,5,0.35,0.12,699924480,sphere_polar_c13_n_down_gamma_constant_d0p12_a0p95_m16,sphere_mess4,d128l4h2mlp512_700m_seed0_k1,0,1,128,4,trained,all_block_layers_single_token,physics,1.0,0.9846204678309614,512,38.4375,0.9837134825954008
sphere_polar_c13_n_down_gamma_constant_d0p12_a0p95_m16_d128l4h2mlp512_700m_seed0_k1,H-R2-05-polar-ladder-capacity,dc80726a8c987e8c3a9171299dac00d03a074311,ee1358bc7bf1346b2cd0a492eda80f388ce0e5b1f0e79811e9f5159c0b3d2340,fixed,0.95,5,0.35,0.12,699924480,sphere_polar_c13_n_down_gamma_constant_d0p12_a0p95_m16,sphere_mess4,d128l4h2mlp512_700m_seed0_k1,0,1,128,4,trained,all_block_layers_single_token,belief,10.0,0.5110768505975462,512,38.4375,0.5224986756712366
sphere_polar_c13_n_down_gamma_constant_d0p12_a0p95_m16_d128l4h2mlp512_700m_seed0_k1,H-R2-05-polar-ladder-capacity,dc80726a8c987e8c3a9171299dac00d03a074311,ee1358bc7bf1346b2cd0a492eda80f388ce0e5b1f0e79811e9f5159c0b3d2340,fixed,0.95,5,0.35,0.12,699924480,sphere_polar_c13_n_down_gamma_constant_d0p12_a0p95_m16,sphere_mess4,d128l4h2mlp512_700m_seed0_k1,0,1,128,4,trained,embedding_and_all_layers_single_token,physics,10.0,0.9884573281435582,640,30.75,0.9874308690844331
sphere_polar_c13_n_down_gamma_constant_d0p12_a0p95_m16_d128l4h2mlp512_700m_seed0_k1,H-R2-05-polar-ladder-capacity,dc80726a8c987e8c3a9171299dac00d03a074311,ee1358bc7bf1346b2cd0a492eda80f388ce0e5b1f0e79811e9f5159c0b3d2340,fixed,0.95,5,0.35,0.12,699924480,sphere_polar_c13_n_down_gamma_constant_d0p12_a0p95_m16,sphere_mess4,d128l4h2mlp512_700m_seed0_k1,0,1,128,4,trained,embedding_and_all_layers_single_token,belief,10.0,0.5229790379907527,640,30.75,0.5358941397527084
sphere_polar_c13_n_down_gamma_constant_d0p12_a0p95_m16_d128l4h2mlp512_700m_seed0_k1,H-R2-05-polar-ladder-capacity,dc80726a8c987e8c3a9171299dac00d03a074311,ee1358bc7bf1346b2cd0a492eda80f388ce0e5b1f0e79811e9f5159c0b3d2340,fixed,0.95,5,0.35,0.12,699924480,sphere_polar_c13_n_down_gamma_constant_d0p12_a0p95_m16,sphere_mess4,d128l4h2mlp512_700m_seed0_k1,0,1,128,4,random_init,single_layer_single_token,physics,1.0,0.6633706985367318,128,153.75,0.6827715770807226
sphere_polar_c13_n_down_gamma_constant_d0p12_a0p95_m16_d128l4h2mlp512_700m_seed0_k1,H-R2-05-polar-ladder-capacity,dc80726a8c987e8c3a9171299dac00d03a074311,ee1358bc7bf1346b2cd0a492eda80f388ce0e5b1f0e79811e9f5159c0b3d2340,fixed,0.95,5,0.35,0.12,699924480,sphere_polar_c13_n_down_gamma_constant_d0p12_a0p95_m16,sphere_mess4,d128l4h2mlp512_700m_seed0_k1,0,1,128,4,random_init,single_layer_single_token,belief,10.0,0.17827877811480017,128,153.75,0.1745529878908406
sphere_polar_c13_n_down_gamma_constant_d0p12_a0p95_m16_d128l4h2mlp512_700m_seed0_k1,H-R2-05-polar-ladder-capacity,dc80726a8c987e8c3a9171299dac00d03a074311,ee1358bc7bf1346b2cd0a492eda80f388ce0e5b1f0e79811e9f5159c0b3d2340,fixed,0.95,5,0.35,0.12,699924480,sphere_polar_c13_n_down_gamma_constant_d0p12_a0p95_m16,sphere_mess4,d128l4h2mlp512_700m_seed0_k1,0,1,128,4,random_init,all_block_layers_single_token,physics,1.0,0.7437835162168307,512,38.4375,0.7529918705294703
sphere_polar_c13_n_down_gamma_constant_d0p12_a0p95_m16_d128l4h2mlp512_700m_seed0_k1,H-R2-05-polar-ladder-capacity,dc80726a8c987e8c3a9171299dac00d03a074311,ee1358bc7bf1346b2cd0a492eda80f388ce0e5b1f0e79811e9f5159c0b3d2340,fixed,0.95,5,0.35,0.12,699924480,sphere_polar_c13_n_down_gamma_constant_d0p12_a0p95_m16,sphere_mess4,d128l4h2mlp512_700m_seed0_k1,0,1,128,4,random_init,all_block_layers_single_token,belief,1.0,0.2775962934115171,512,38.4375,0.28217476279084863
sphere_polar_c13_n_down_gamma_constant_d0p12_a0p95_m16_d128l4h2mlp512_700m_seed0_k1,H-R2-05-polar-ladder-capacity,dc80726a8c987e8c3a9171299dac00d03a074311,ee1358bc7bf1346b2cd0a492eda80f388ce0e5b1f0e79811e9f5159c0b3d2340,fixed,0.95,5,0.35,0.12,699924480,sphere_polar_c13_n_down_gamma_constant_d0p12_a0p95_m16,sphere_mess4,d128l4h2mlp512_700m_seed0_k1,0,1,128,4,random_init,embedding_and_all_layers_single_token,physics,1.0,0.7520457081314385,640,30.75,0.7515422427442762
sphere_polar_c13_n_down_gamma_constant_d0p12_a0p95_m16_d128l4h2mlp512_700m_seed0_k1,H-R2-05-polar-ladder-capacity,dc80726a8c987e8c3a9171299dac00d03a074311,ee1358bc7bf1346b2cd0a492eda80f388ce0e5b1f0e79811e9f5159c0b3d2340,fixed,0.95,5,0.35,0.12,699924480,sphere_polar_c13_n_down_gamma_constant_d0p12_a0p95_m16,sphere_mess4,d128l4h2mlp512_700m_seed0_k1,0,1,128,4,random_init,embedding_and_all_layers_single_token,belief,1.0,0.28801788491846014,640,30.75,0.2890679234960959
sphere_polar_c13_n_down_gamma_constant_d0p12_a0p95_m16_d128l4h2mlp512_700m_seed0_k2,H-R2-05-polar-ladder-capacity,dc80726a8c987e8c3a9171299dac00d03a074311,7de8ae5700c28493d3471492589ee9a3fa287ae8aea2b771600b400223fa338d,half,0.95,5,0.35,0.12,699924480,sphere_polar_c13_n_down_gamma_constant_d0p12_a0p95_m16,sphere_mess4,d128l4h2mlp512_700m_seed0_k2,0,2,128,4,trained,single_layer_single_token,physics,1.0,0.7948711461573421,128,153.75,0.7959300969056867
sphere_polar_c13_n_down_gamma_constant_d0p12_a0p95_m16_d128l4h2mlp512_700m_seed0_k2,H-R2-05-polar-ladder-capacity,dc80726a8c987e8c3a9171299dac00d03a074311,7de8ae5700c28493d3471492589ee9a3fa287ae8aea2b771600b400223fa338d,half,0.95,5,0.35,0.12,699924480,sphere_polar_c13_n_down_gamma_constant_d0p12_a0p95_m16,sphere_mess4,d128l4h2mlp512_700m_seed0_k2,0,2,128,4,trained,single_layer_single_token,belief,100.0,0.34931700398983095,128,153.75,0.35605336925576
sphere_polar_c13_n_down_gamma_constant_d0p12_a0p95_m16_d128l4h2mlp512_700m_seed0_k2,H-R2-05-polar-ladder-capacity,dc80726a8c987e8c3a9171299dac00d03a074311,7de8ae5700c28493d3471492589ee9a3fa287ae8aea2b771600b400223fa338d,half,0.95,5,0.35,0.12,699924480,sphere_polar_c13_n_down_gamma_constant_d0p12_a0p95_m16,sphere_mess4,d128l4h2mlp512_700m_seed0_k2,0,2,128,4,trained,all_block_layers_single_token,physics,1.0,0.9894730742615194,512,38.4375,0.9891167574996838
sphere_polar_c13_n_down_gamma_constant_d0p12_a0p95_m16_d128l4h2mlp512_700m_seed0_k2,H-R2-05-polar-ladder-capacity,dc80726a8c987e8c3a9171299dac00d03a074311,7de8ae5700c28493d3471492589ee9a3fa287ae8aea2b771600b400223fa338d,half,0.95,5,0.35,0.12,699924480,sphere_polar_c13_n_down_gamma_constant_d0p12_a0p95_m16,sphere_mess4,d128l4h2mlp512_700m_seed0_k2,0,2,128,4,trained,all_block_layers_single_token,belief,10.0,0.5588098387958041,512,38.4375,0.5692977575890268
sphere_polar_c13_n_down_gamma_constant_d0p12_a0p95_m16_d128l4h2mlp512_700m_seed0_k2,H-R2-05-polar-ladder-capacity,dc80726a8c987e8c3a9171299dac00d03a074311,7de8ae5700c28493d3471492589ee9a3fa287ae8aea2b771600b400223fa338d,half,0.95,5,0.35,0.12,699924480,sphere_polar_c13_n_down_gamma_constant_d0p12_a0p95_m16,sphere_mess4,d128l4h2mlp512_700m_seed0_k2,0,2,128,4,trained,embedding_and_all_layers_single_token,physics,10.0,0.9917223807847766,640,30.75,0.9914220056129487
sphere_polar_c13_n_down_gamma_constant_d0p12_a0p95_m16_d128l4h2mlp512_700m_seed0_k2,H-R2-05-polar-ladder-capacity,dc80726a8c987e8c3a9171299dac00d03a074311,7de8ae5700c28493d3471492589ee9a3fa287ae8aea2b771600b400223fa338d,half,0.95,5,0.35,0.12,699924480,sphere_polar_c13_n_down_gamma_constant_d0p12_a0p95_m16,sphere_mess4,d128l4h2mlp512_700m_seed0_k2,0,2,128,4,trained,embedding_and_all_layers_single_token,belief,10.0,0.571649110552379,640,30.75,0.5796342488494488
sphere_polar_c13_n_down_gamma_constant_d0p12_a0p95_m16_d128l4h2mlp512_700m_seed0_k2,H-R2-05-polar-ladder-capacity,dc80726a8c987e8c3a9171299dac00d03a074311,7de8ae5700c28493d3471492589ee9a3fa287ae8aea2b771600b400223fa338d,half,0.95,5,0.35,0.12,699924480,sphere_polar_c13_n_down_gamma_constant_d0p12_a0p95_m16,sphere_mess4,d128l4h2mlp512_700m_seed0_k2,0,2,128,4,random_init,single_layer_single_token,physics,1.0,0.6633706985367318,128,153.75,0.6827715770807226
sphere_polar_c13_n_down_gamma_constant_d0p12_a0p95_m16_d128l4h2mlp512_700m_seed0_k2,H-R2-05-polar-ladder-capacity,dc80726a8c987e8c3a9171299dac00d03a074311,7de8ae5700c28493d3471492589ee9a3fa287ae8aea2b771600b400223fa338d,half,0.95,5,0.35,0.12,699924480,sphere_polar_c13_n_down_gamma_constant_d0p12_a0p95_m16,sphere_mess4,d128l4h2mlp512_700m_seed0_k2,0,2,128,4,random_init,single_layer_single_token,belief,10.0,0.17827877811480017,128,153.75,0.1745529878908406
sphere_polar_c13_n_down_gamma_constant_d0p12_a0p95_m16_d128l4h2mlp512_700m_seed0_k2,H-R2-05-polar-ladder-capacity,dc80726a8c987e8c3a9171299dac00d03a074311,7de8ae5700c28493d3471492589ee9a3fa287ae8aea2b771600b400223fa338d,half,0.95,5,0.35,0.12,699924480,sphere_polar_c13_n_down_gamma_constant_d0p12_a0p95_m16,sphere_mess4,d128l4h2mlp512_700m_seed0_k2,0,2,128,4,random_init,all_block_layers_single_token,physics,1.0,0.7437835162168307,512,38.4375,0.7529918705294703
sphere_polar_c13_n_down_gamma_constant_d0p12_a0p95_m16_d128l4h2mlp512_700m_seed0_k2,H-R2-05-polar-ladder-capacity,dc80726a8c987e8c3a9171299dac00d03a074311,7de8ae5700c28493d3471492589ee9a3fa287ae8aea2b771600b400223fa338d,half,0.95,5,0.35,0.12,699924480,sphere_polar_c13_n_down_gamma_constant_d0p12_a0p95_m16,sphere_mess4,d128l4h2mlp512_700m_seed0_k2,0,2,128,4,random_init,all_block_layers_single_token,belief,1.0,0.2775962934115171,512,38.4375,0.28217476279084863
sphere_polar_c13_n_down_gamma_constant_d0p12_a0p95_m16_d128l4h2mlp512_700m_seed0_k2,H-R2-05-polar-ladder-capacity,dc80726a8c987e8c3a9171299dac00d03a074311,7de8ae5700c28493d3471492589ee9a3fa287ae8aea2b771600b400223fa338d,half,0.95,5,0.35,0.12,699924480,sphere_polar_c13_n_down_gamma_constant_d0p12_a0p95_m16,sphere_mess4,d128l4h2mlp512_700m_seed0_k2,0,2,128,4,random_init,embedding_and_all_layers_single_token,physics,1.0,0.7520457081314385,640,30.75,0.7515422427442762
sphere_polar_c13_n_down_gamma_constant_d0p12_a0p95_m16_d128l4h2mlp512_700m_seed0_k2,H-R2-05-polar-ladder-capacity,dc80726a8c987e8c3a9171299dac00d03a074311,7de8ae5700c28493d3471492589ee9a3fa287ae8aea2b771600b400223fa338d,half,0.95,5,0.35,0.12,699924480,sphere_polar_c13_n_down_gamma_constant_d0p12_a0p95_m16,sphere_mess4,d128l4h2mlp512_700m_seed0_k2,0,2,128,4,random_init,embedding_and_all_layers_single_token,belief,1.0,0.28801788491846014,640,30.75,0.2890679234960959
sphere_polar_c13_n_down_gamma_constant_d0p12_a0p95_m16_d128l4h2mlp512_700m_seed0_k6,H-R2-05-polar-ladder-capacity,dc80726a8c987e8c3a9171299dac00d03a074311,8742db9b5a89babf18f62e17b32192d336b82e6d9ef2a7e24e58464abe1e73a1,n_plus_one,0.95,5,0.35,0.12,699924480,sphere_polar_c13_n_down_gamma_constant_d0p12_a0p95_m16,sphere_mess4,d128l4h2mlp512_700m_seed0_k6,0,6,128,4,trained,single_layer_single_token,physics,1.0,0.8437486174786923,128,153.75,0.8447179820311448
sphere_polar_c13_n_down_gamma_constant_d0p12_a0p95_m16_d128l4h2mlp512_700m_seed0_k6,H-R2-05-polar-ladder-capacity,dc80726a8c987e8c3a9171299dac00d03a074311,8742db9b5a89babf18f62e17b32192d336b82e6d9ef2a7e24e58464abe1e73a1,n_plus_one,0.95,5,0.35,0.12,699924480,sphere_polar_c13_n_down_gamma_constant_d0p12_a0p95_m16,sphere_mess4,d128l4h2mlp512_700m_seed0_k6,0,6,128,4,trained,single_layer_single_token,belief,100.0,0.34053045688992445,128,153.75,0.3416631592220019
sphere_polar_c13_n_down_gamma_constant_d0p12_a0p95_m16_d128l4h2mlp512_700m_seed0_k6,H-R2-05-polar-ladder-capacity,dc80726a8c987e8c3a9171299dac00d03a074311,8742db9b5a89babf18f62e17b32192d336b82e6d9ef2a7e24e58464abe1e73a1,n_plus_one,0.95,5,0.35,0.12,699924480,sphere_polar_c13_n_down_gamma_constant_d0p12_a0p95_m16,sphere_mess4,d128l4h2mlp512_700m_seed0_k6,0,6,128,4,trained,all_block_layers_single_token,physics,10.0,0.9716007793990464,512,38.4375,0.9712173040686274
sphere_polar_c13_n_down_gamma_constant_d0p12_a0p95_m16_d128l4h2mlp512_700m_seed0_k6,H-R2-05-polar-ladder-capacity,dc80726a8c987e8c3a9171299dac00d03a074311,8742db9b5a89babf18f62e17b32192d336b82e6d9ef2a7e24e58464abe1e73a1,n_plus_one,0.95,5,0.35,0.12,699924480,sphere_polar_c13_n_down_gamma_constant_d0p12_a0p95_m16,sphere_mess4,d128l4h2mlp512_700m_seed0_k6,0,6,128,4,trained,all_block_layers_single_token,belief,10.0,0.5326864073053488,512,38.4375,0.5518243301877246
sphere_polar_c13_n_down_gamma_constant_d0p12_a0p95_m16_d128l4h2mlp512_700m_seed0_k6,H-R2-05-polar-ladder-capacity,dc80726a8c987e8c3a9171299dac00d03a074311,8742db9b5a89babf18f62e17b32192d336b82e6d9ef2a7e24e58464abe1e73a1,n_plus_one,0.95,5,0.35,0.12,699924480,sphere_polar_c13_n_down_gamma_constant_d0p12_a0p95_m16,sphere_mess4,d128l4h2mlp512_700m_seed0_k6,0,6,128,4,trained,embedding_and_all_layers_single_token,physics,10.0,0.9739078062350236,640,30.75,0.9732346085346018
sphere_polar_c13_n_down_gamma_constant_d0p12_a0p95_m16_d128l4h2mlp512_700m_seed0_k6,H-R2-05-polar-ladder-capacity,dc80726a8c987e8c3a9171299dac00d03a074311,8742db9b5a89babf18f62e17b32192d336b82e6d9ef2a7e24e58464abe1e73a1,n_plus_one,0.95,5,0.35,0.12,699924480,sphere_polar_c13_n_down_gamma_constant_d0p12_a0p95_m16,sphere_mess4,d128l4h2mlp512_700m_seed0_k6,0,6,128,4,trained,embedding_and_all_layers_single_token,belief,10.0,0.5397081355018449,640,30.75,0.5589571794476157
sphere_polar_c13_n_down_gamma_constant_d0p12_a0p95_m16_d128l4h2mlp512_700m_seed0_k6,H-R2-05-polar-ladder-capacity,dc80726a8c987e8c3a9171299dac00d03a074311,8742db9b5a89babf18f62e17b32192d336b82e6d9ef2a7e24e58464abe1e73a1,n_plus_one,0.95,5,0.35,0.12,699924480,sphere_polar_c13_n_down_gamma_constant_d0p12_a0p95_m16,sphere_mess4,d128l4h2mlp512_700m_seed0_k6,0,6,128,4,random_init,single_layer_single_token,physics,1.0,0.6633706985367318,128,153.75,0.6827715770807226
sphere_polar_c13_n_down_gamma_constant_d0p12_a0p95_m16_d128l4h2mlp512_700m_seed0_k6,H-R2-05-polar-ladder-capacity,dc80726a8c987e8c3a9171299dac00d03a074311,8742db9b5a89babf18f62e17b32192d336b82e6d9ef2a7e24e58464abe1e73a1,n_plus_one,0.95,5,0.35,0.12,699924480,sphere_polar_c13_n_down_gamma_constant_d0p12_a0p95_m16,sphere_mess4,d128l4h2mlp512_700m_seed0_k6,0,6,128,4,random_init,single_layer_single_token,belief,10.0,0.17827877811480017,128,153.75,0.1745529878908406
sphere_polar_c13_n_down_gamma_constant_d0p12_a0p95_m16_d128l4h2mlp512_700m_seed0_k6,H-R2-05-polar-ladder-capacity,dc80726a8c987e8c3a9171299dac00d03a074311,8742db9b5a89babf18f62e17b32192d336b82e6d9ef2a7e24e58464abe1e73a1,n_plus_one,0.95,5,0.35,0.12,699924480,sphere_polar_c13_n_down_gamma_constant_d0p12_a0p95_m16,sphere_mess4,d128l4h2mlp512_700m_seed0_k6,0,6,128,4,random_init,all_block_layers_single_token,physics,1.0,0.7437835162168307,512,38.4375,0.7529918705294703
sphere_polar_c13_n_down_gamma_constant_d0p12_a0p95_m16_d128l4h2mlp512_700m_seed0_k6,H-R2-05-polar-ladder-capacity,dc80726a8c987e8c3a9171299dac00d03a074311,8742db9b5a89babf18f62e17b32192d336b82e6d9ef2a7e24e58464abe1e73a1,n_plus_one,0.95,5,0.35,0.12,699924480,sphere_polar_c13_n_down_gamma_constant_d0p12_a0p95_m16,sphere_mess4,d128l4h2mlp512_700m_seed0_k6,0,6,128,4,random_init,all_block_layers_single_token,belief,1.0,0.2775962934115171,512,38.4375,0.28217476279084863
sphere_polar_c13_n_down_gamma_constant_d0p12_a0p95_m16_d128l4h2mlp512_700m_seed0_k6,H-R2-05-polar-ladder-capacity,dc80726a8c987e8c3a9171299dac00d03a074311,8742db9b5a89babf18f62e17b32192d336b82e6d9ef2a7e24e58464abe1e73a1,n_plus_one,0.95,5,0.35,0.12,699924480,sphere_polar_c13_n_down_gamma_constant_d0p12_a0p95_m16,sphere_mess4,d128l4h2mlp512_700m_seed0_k6,0,6,128,4,random_init,embedding_and_all_layers_single_token,physics,1.0,0.7520457081314385,640,30.75,0.7515422427442762
sphere_polar_c13_n_down_gamma_constant_d0p12_a0p95_m16_d128l4h2mlp512_700m_seed0_k6,H-R2-05-polar-ladder-capacity,dc80726a8c987e8c3a9171299dac00d03a074311,8742db9b5a89babf18f62e17b32192d336b82e6d9ef2a7e24e58464abe1e73a1,n_plus_one,0.95,5,0.35,0.12,699924480,sphere_polar_c13_n_down_gamma_constant_d0p12_a0p95_m16,sphere_mess4,d128l4h2mlp512_700m_seed0_k6,0,6,128,4,random_init,embedding_and_all_layers_single_token,belief,1.0,0.28801788491846014,640,30.75,0.2890679234960959
sphere_polar_c14_n_down_gamma_constant_d0p14_a0p5_m16_d128l4h2mlp512_700m_seed0_k1,H-R2-05-polar-ladder-capacity,dc80726a8c987e8c3a9171299dac00d03a074311,d1c7a3f6a11ec14dc5cb8eabb1501f945a3e0d96f31a815bddb7594bc4e21084,fixed,0.5,5,0.35,0.14,699924480,sphere_polar_c14_n_down_gamma_constant_d0p14_a0p5_m16,sphere_mess4,d128l4h2mlp512_700m_seed0_k1,0,1,128,4,trained,single_layer_single_token,physics,1.0,0.8886746453256338,128,153.5,0.8825799686988784
sphere_polar_c14_n_down_gamma_constant_d0p14_a0p5_m16_d128l4h2mlp512_700m_seed0_k1,H-R2-05-polar-ladder-capacity,dc80726a8c987e8c3a9171299dac00d03a074311,d1c7a3f6a11ec14dc5cb8eabb1501f945a3e0d96f31a815bddb7594bc4e21084,fixed,0.5,5,0.35,0.14,699924480,sphere_polar_c14_n_down_gamma_constant_d0p14_a0p5_m16,sphere_mess4,d128l4h2mlp512_700m_seed0_k1,0,1,128,4,trained,single_layer_single_token,belief,1.0,0.17455711619189235,128,153.5,0.1665640629511051
sphere_polar_c14_n_down_gamma_constant_d0p14_a0p5_m16_d128l4h2mlp512_700m_seed0_k1,H-R2-05-polar-ladder-capacity,dc80726a8c987e8c3a9171299dac00d03a074311,d1c7a3f6a11ec14dc5cb8eabb1501f945a3e0d96f31a815bddb7594bc4e21084,fixed,0.5,5,0.35,0.14,699924480,sphere_polar_c14_n_down_gamma_constant_d0p14_a0p5_m16,sphere_mess4,d128l4h2mlp512_700m_seed0_k1,0,1,128,4,trained,all_block_layers_single_token,physics,10.0,0.9881643204589063,512,38.375,0.9865963244789362
sphere_polar_c14_n_down_gamma_constant_d0p14_a0p5_m16_d128l4h2mlp512_700m_seed0_k1,H-R2-05-polar-ladder-capacity,dc80726a8c987e8c3a9171299dac00d03a074311,d1c7a3f6a11ec14dc5cb8eabb1501f945a3e0d96f31a815bddb7594bc4e21084,fixed,0.5,5,0.35,0.14,699924480,sphere_polar_c14_n_down_gamma_constant_d0p14_a0p5_m16,sphere_mess4,d128l4h2mlp512_700m_seed0_k1,0,1,128,4,trained,all_block_layers_single_token,belief,10.0,0.30601717385504235,512,38.375,0.2942040173306656
sphere_polar_c14_n_down_gamma_constant_d0p14_a0p5_m16_d128l4h2mlp512_700m_seed0_k1,H-R2-05-polar-ladder-capacity,dc80726a8c987e8c3a9171299dac00d03a074311,d1c7a3f6a11ec14dc5cb8eabb1501f945a3e0d96f31a815bddb7594bc4e21084,fixed,0.5,5,0.35,0.14,699924480,sphere_polar_c14_n_down_gamma_constant_d0p14_a0p5_m16,sphere_mess4,d128l4h2mlp512_700m_seed0_k1,0,1,128,4,trained,embedding_and_all_layers_single_token,physics,1.0,0.9903921575472122,640,30.7,0.9846842846477363
sphere_polar_c14_n_down_gamma_constant_d0p14_a0p5_m16_d128l4h2mlp512_700m_seed0_k1,H-R2-05-polar-ladder-capacity,dc80726a8c987e8c3a9171299dac00d03a074311,d1c7a3f6a11ec14dc5cb8eabb1501f945a3e0d96f31a815bddb7594bc4e21084,fixed,0.5,5,0.35,0.14,699924480,sphere_polar_c14_n_down_gamma_constant_d0p14_a0p5_m16,sphere_mess4,d128l4h2mlp512_700m_seed0_k1,0,1,128,4,trained,embedding_and_all_layers_single_token,belief,10.0,0.3183937719301825,640,30.7,0.3054915167637584
sphere_polar_c14_n_down_gamma_constant_d0p14_a0p5_m16_d128l4h2mlp512_700m_seed0_k1,H-R2-05-polar-ladder-capacity,dc80726a8c987e8c3a9171299dac00d03a074311,d1c7a3f6a11ec14dc5cb8eabb1501f945a3e0d96f31a815bddb7594bc4e21084,fixed,0.5,5,0.35,0.14,699924480,sphere_polar_c14_n_down_gamma_constant_d0p14_a0p5_m16,sphere_mess4,d128l4h2mlp512_700m_seed0_k1,0,1,128,4,random_init,single_layer_single_token,physics,1.0,0.6227782189902409,128,153.5,0.62100772530848
sphere_polar_c14_n_down_gamma_constant_d0p14_a0p5_m16_d128l4h2mlp512_700m_seed0_k1,H-R2-05-polar-ladder-capacity,dc80726a8c987e8c3a9171299dac00d03a074311,d1c7a3f6a11ec14dc5cb8eabb1501f945a3e0d96f31a815bddb7594bc4e21084,fixed,0.5,5,0.35,0.14,699924480,sphere_polar_c14_n_down_gamma_constant_d0p14_a0p5_m16,sphere_mess4,d128l4h2mlp512_700m_seed0_k1,0,1,128,4,random_init,single_layer_single_token,belief,1.0,0.12366231646293702,128,153.5,0.10667517340061952
sphere_polar_c14_n_down_gamma_constant_d0p14_a0p5_m16_d128l4h2mlp512_700m_seed0_k1,H-R2-05-polar-ladder-capacity,dc80726a8c987e8c3a9171299dac00d03a074311,d1c7a3f6a11ec14dc5cb8eabb1501f945a3e0d96f31a815bddb7594bc4e21084,fixed,0.5,5,0.35,0.14,699924480,sphere_polar_c14_n_down_gamma_constant_d0p14_a0p5_m16,sphere_mess4,d128l4h2mlp512_700m_seed0_k1,0,1,128,4,random_init,all_block_layers_single_token,physics,1.0,0.7064594505821582,512,38.375,0.7052508920671934
sphere_polar_c14_n_down_gamma_constant_d0p14_a0p5_m16_d128l4h2mlp512_700m_seed0_k1,H-R2-05-polar-ladder-capacity,dc80726a8c987e8c3a9171299dac00d03a074311,d1c7a3f6a11ec14dc5cb8eabb1501f945a3e0d96f31a815bddb7594bc4e21084,fixed,0.5,5,0.35,0.14,699924480,sphere_polar_c14_n_down_gamma_constant_d0p14_a0p5_m16,sphere_mess4,d128l4h2mlp512_700m_seed0_k1,0,1,128,4,random_init,all_block_layers_single_token,belief,1.0,0.2129649435630109,512,38.375,0.20798292767409823
sphere_polar_c14_n_down_gamma_constant_d0p14_a0p5_m16_d128l4h2mlp512_700m_seed0_k1,H-R2-05-polar-ladder-capacity,dc80726a8c987e8c3a9171299dac00d03a074311,d1c7a3f6a11ec14dc5cb8eabb1501f945a3e0d96f31a815bddb7594bc4e21084,fixed,0.5,5,0.35,0.14,699924480,sphere_polar_c14_n_down_gamma_constant_d0p14_a0p5_m16,sphere_mess4,d128l4h2mlp512_700m_seed0_k1,0,1,128,4,random_init,embedding_and_all_layers_single_token,physics,1.0,0.728620729409426,640,30.7,0.7289809151280333
sphere_polar_c14_n_down_gamma_constant_d0p14_a0p5_m16_d128l4h2mlp512_700m_seed0_k1,H-R2-05-polar-ladder-capacity,dc80726a8c987e8c3a9171299dac00d03a074311,d1c7a3f6a11ec14dc5cb8eabb1501f945a3e0d96f31a815bddb7594bc4e21084,fixed,0.5,5,0.35,0.14,699924480,sphere_polar_c14_n_down_gamma_constant_d0p14_a0p5_m16,sphere_mess4,d128l4h2mlp512_700m_seed0_k1,0,1,128,4,random_init,embedding_and_all_layers_single_token,belief,1.0,0.2241908835982859,640,30.7,0.2227909602723166
sphere_polar_c14_n_down_gamma_constant_d0p14_a0p5_m16_d128l4h2mlp512_700m_seed0_k2,H-R2-05-polar-ladder-capacity,dc80726a8c987e8c3a9171299dac00d03a074311,c17d121d4e1326dd5ba8b0d7e332a588e07ea6c70ea5909e0873f151eaaf4c39,half,0.5,5,0.35,0.14,699924480,sphere_polar_c14_n_down_gamma_constant_d0p14_a0p5_m16,sphere_mess4,d128l4h2mlp512_700m_seed0_k2,0,2,128,4,trained,single_layer_single_token,physics,10.0,0.8870866941636737,128,153.5,0.8904750150701822
sphere_polar_c14_n_down_gamma_constant_d0p14_a0p5_m16_d128l4h2mlp512_700m_seed0_k2,H-R2-05-polar-ladder-capacity,dc80726a8c987e8c3a9171299dac00d03a074311,c17d121d4e1326dd5ba8b0d7e332a588e07ea6c70ea5909e0873f151eaaf4c39,half,0.5,5,0.35,0.14,699924480,sphere_polar_c14_n_down_gamma_constant_d0p14_a0p5_m16,sphere_mess4,d128l4h2mlp512_700m_seed0_k2,0,2,128,4,trained,single_layer_single_token,belief,10.0,0.18043395209194504,128,153.5,0.17354913594620872
sphere_polar_c14_n_down_gamma_constant_d0p14_a0p5_m16_d128l4h2mlp512_700m_seed0_k2,H-R2-05-polar-ladder-capacity,dc80726a8c987e8c3a9171299dac00d03a074311,c17d121d4e1326dd5ba8b0d7e332a588e07ea6c70ea5909e0873f151eaaf4c39,half,0.5,5,0.35,0.14,699924480,sphere_polar_c14_n_down_gamma_constant_d0p14_a0p5_m16,sphere_mess4,d128l4h2mlp512_700m_seed0_k2,0,2,128,4,trained,all_block_layers_single_token,physics,1.0,0.9925381757758055,512,38.375,0.9911533517634041
sphere_polar_c14_n_down_gamma_constant_d0p14_a0p5_m16_d128l4h2mlp512_700m_seed0_k2,H-R2-05-polar-ladder-capacity,dc80726a8c987e8c3a9171299dac00d03a074311,c17d121d4e1326dd5ba8b0d7e332a588e07ea6c70ea5909e0873f151eaaf4c39,half,0.5,5,0.35,0.14,699924480,sphere_polar_c14_n_down_gamma_constant_d0p14_a0p5_m16,sphere_mess4,d128l4h2mlp512_700m_seed0_k2,0,2,128,4,trained,all_block_layers_single_token,belief,1.0,0.3407162046464909,512,38.375,0.3316661881832804
sphere_polar_c14_n_down_gamma_constant_d0p14_a0p5_m16_d128l4h2mlp512_700m_seed0_k2,H-R2-05-polar-ladder-capacity,dc80726a8c987e8c3a9171299dac00d03a074311,c17d121d4e1326dd5ba8b0d7e332a588e07ea6c70ea5909e0873f151eaaf4c39,half,0.5,5,0.35,0.14,699924480,sphere_polar_c14_n_down_gamma_constant_d0p14_a0p5_m16,sphere_mess4,d128l4h2mlp512_700m_seed0_k2,0,2,128,4,trained,embedding_and_all_layers_single_token,physics,1.0,0.9939426096679695,640,30.7,0.9925153123980552
sphere_polar_c14_n_down_gamma_constant_d0p14_a0p5_m16_d128l4h2mlp512_700m_seed0_k2,H-R2-05-polar-ladder-capacity,dc80726a8c987e8c3a9171299dac00d03a074311,c17d121d4e1326dd5ba8b0d7e332a588e07ea6c70ea5909e0873f151eaaf4c39,half,0.5,5,0.35,0.14,699924480,sphere_polar_c14_n_down_gamma_constant_d0p14_a0p5_m16,sphere_mess4,d128l4h2mlp512_700m_seed0_k2,0,2,128,4,trained,embedding_and_all_layers_single_token,belief,1.0,0.35396737852918436,640,30.7,0.34373627690283126
sphere_polar_c14_n_down_gamma_constant_d0p14_a0p5_m16_d128l4h2mlp512_700m_seed0_k2,H-R2-05-polar-ladder-capacity,dc80726a8c987e8c3a9171299dac00d03a074311,c17d121d4e1326dd5ba8b0d7e332a588e07ea6c70ea5909e0873f151eaaf4c39,half,0.5,5,0.35,0.14,699924480,sphere_polar_c14_n_down_gamma_constant_d0p14_a0p5_m16,sphere_mess4,d128l4h2mlp512_700m_seed0_k2,0,2,128,4,random_init,single_layer_single_token,physics,1.0,0.6227782189902409,128,153.5,0.62100772530848
sphere_polar_c14_n_down_gamma_constant_d0p14_a0p5_m16_d128l4h2mlp512_700m_seed0_k2,H-R2-05-polar-ladder-capacity,dc80726a8c987e8c3a9171299dac00d03a074311,c17d121d4e1326dd5ba8b0d7e332a588e07ea6c70ea5909e0873f151eaaf4c39,half,0.5,5,0.35,0.14,699924480,sphere_polar_c14_n_down_gamma_constant_d0p14_a0p5_m16,sphere_mess4,d128l4h2mlp512_700m_seed0_k2,0,2,128,4,random_init,single_layer_single_token,belief,1.0,0.12366231646293702,128,153.5,0.10667517340061952
sphere_polar_c14_n_down_gamma_constant_d0p14_a0p5_m16_d128l4h2mlp512_700m_seed0_k2,H-R2-05-polar-ladder-capacity,dc80726a8c987e8c3a9171299dac00d03a074311,c17d121d4e1326dd5ba8b0d7e332a588e07ea6c70ea5909e0873f151eaaf4c39,half,0.5,5,0.35,0.14,699924480,sphere_polar_c14_n_down_gamma_constant_d0p14_a0p5_m16,sphere_mess4,d128l4h2mlp512_700m_seed0_k2,0,2,128,4,random_init,all_block_layers_single_token,physics,1.0,0.7064594505821582,512,38.375,0.7052508920671934
sphere_polar_c14_n_down_gamma_constant_d0p14_a0p5_m16_d128l4h2mlp512_700m_seed0_k2,H-R2-05-polar-ladder-capacity,dc80726a8c987e8c3a9171299dac00d03a074311,c17d121d4e1326dd5ba8b0d7e332a588e07ea6c70ea5909e0873f151eaaf4c39,half,0.5,5,0.35,0.14,699924480,sphere_polar_c14_n_down_gamma_constant_d0p14_a0p5_m16,sphere_mess4,d128l4h2mlp512_700m_seed0_k2,0,2,128,4,random_init,all_block_layers_single_token,belief,1.0,0.2129649435630109,512,38.375,0.20798292767409823
sphere_polar_c14_n_down_gamma_constant_d0p14_a0p5_m16_d128l4h2mlp512_700m_seed0_k2,H-R2-05-polar-ladder-capacity,dc80726a8c987e8c3a9171299dac00d03a074311,c17d121d4e1326dd5ba8b0d7e332a588e07ea6c70ea5909e0873f151eaaf4c39,half,0.5,5,0.35,0.14,699924480,sphere_polar_c14_n_down_gamma_constant_d0p14_a0p5_m16,sphere_mess4,d128l4h2mlp512_700m_seed0_k2,0,2,128,4,random_init,embedding_and_all_layers_single_token,physics,1.0,0.728620729409426,640,30.7,0.7289809151280333
sphere_polar_c14_n_down_gamma_constant_d0p14_a0p5_m16_d128l4h2mlp512_700m_seed0_k2,H-R2-05-polar-ladder-capacity,dc80726a8c987e8c3a9171299dac00d03a074311,c17d121d4e1326dd5ba8b0d7e332a588e07ea6c70ea5909e0873f151eaaf4c39,half,0.5,5,0.35,0.14,699924480,sphere_polar_c14_n_down_gamma_constant_d0p14_a0p5_m16,sphere_mess4,d128l4h2mlp512_700m_seed0_k2,0,2,128,4,random_init,embedding_and_all_layers_single_token,belief,1.0,0.2241908835982859,640,30.7,0.2227909602723166
sphere_polar_c14_n_down_gamma_constant_d0p14_a0p5_m16_d128l4h2mlp512_700m_seed0_k6,H-R2-05-polar-ladder-capacity,dc80726a8c987e8c3a9171299dac00d03a074311,462b682e768489f1244d34a1183e3ca72daf64db7b78065bb76461f4e7189972,n_plus_one,0.5,5,0.35,0.14,699924480,sphere_polar_c14_n_down_gamma_constant_d0p14_a0p5_m16,sphere_mess4,d128l4h2mlp512_700m_seed0_k6,0,6,128,4,trained,single_layer_single_token,physics,1.0,0.8929423773106042,128,153.5,0.8968860895635499
sphere_polar_c14_n_down_gamma_constant_d0p14_a0p5_m16_d128l4h2mlp512_700m_seed0_k6,H-R2-05-polar-ladder-capacity,dc80726a8c987e8c3a9171299dac00d03a074311,462b682e768489f1244d34a1183e3ca72daf64db7b78065bb76461f4e7189972,n_plus_one,0.5,5,0.35,0.14,699924480,sphere_polar_c14_n_down_gamma_constant_d0p14_a0p5_m16,sphere_mess4,d128l4h2mlp512_700m_seed0_k6,0,6,128,4,trained,single_layer_single_token,belief,1.0,0.19681559572052076,128,153.5,0.19094262497722925
sphere_polar_c14_n_down_gamma_constant_d0p14_a0p5_m16_d128l4h2mlp512_700m_seed0_k6,H-R2-05-polar-ladder-capacity,dc80726a8c987e8c3a9171299dac00d03a074311,462b682e768489f1244d34a1183e3ca72daf64db7b78065bb76461f4e7189972,n_plus_one,0.5,5,0.35,0.14,699924480,sphere_polar_c14_n_down_gamma_constant_d0p14_a0p5_m16,sphere_mess4,d128l4h2mlp512_700m_seed0_k6,0,6,128,4,trained,all_block_layers_single_token,physics,1.0,0.9784724638439061,512,38.375,0.9790013026378881
sphere_polar_c14_n_down_gamma_constant_d0p14_a0p5_m16_d128l4h2mlp512_700m_seed0_k6,H-R2-05-polar-ladder-capacity,dc80726a8c987e8c3a9171299dac00d03a074311,462b682e768489f1244d34a1183e3ca72daf64db7b78065bb76461f4e7189972,n_plus_one,0.5,5,0.35,0.14,699924480,sphere_polar_c14_n_down_gamma_constant_d0p14_a0p5_m16,sphere_mess4,d128l4h2mlp512_700m_seed0_k6,0,6,128,4,trained,all_block_layers_single_token,belief,1.0,0.3512497419703277,512,38.375,0.34527633643668487
sphere_polar_c14_n_down_gamma_constant_d0p14_a0p5_m16_d128l4h2mlp512_700m_seed0_k6,H-R2-05-polar-ladder-capacity,dc80726a8c987e8c3a9171299dac00d03a074311,462b682e768489f1244d34a1183e3ca72daf64db7b78065bb76461f4e7189972,n_plus_one,0.5,5,0.35,0.14,699924480,sphere_polar_c14_n_down_gamma_constant_d0p14_a0p5_m16,sphere_mess4,d128l4h2mlp512_700m_seed0_k6,0,6,128,4,trained,embedding_and_all_layers_single_token,physics,1.0,0.9808834926800087,640,30.7,0.9823022467840359
sphere_polar_c14_n_down_gamma_constant_d0p14_a0p5_m16_d128l4h2mlp512_700m_seed0_k6,H-R2-05-polar-ladder-capacity,dc80726a8c987e8c3a9171299dac00d03a074311,462b682e768489f1244d34a1183e3ca72daf64db7b78065bb76461f4e7189972,n_plus_one,0.5,5,0.35,0.14,699924480,sphere_polar_c14_n_down_gamma_constant_d0p14_a0p5_m16,sphere_mess4,d128l4h2mlp512_700m_seed0_k6,0,6,128,4,trained,embedding_and_all_layers_single_token,belief,10.0,0.3555191587848173,640,30.7,0.35027791278674
sphere_polar_c14_n_down_gamma_constant_d0p14_a0p5_m16_d128l4h2mlp512_700m_seed0_k6,H-R2-05-polar-ladder-capacity,dc80726a8c987e8c3a9171299dac00d03a074311,462b682e768489f1244d34a1183e3ca72daf64db7b78065bb76461f4e7189972,n_plus_one,0.5,5,0.35,0.14,699924480,sphere_polar_c14_n_down_gamma_constant_d0p14_a0p5_m16,sphere_mess4,d128l4h2mlp512_700m_seed0_k6,0,6,128,4,random_init,single_layer_single_token,physics,1.0,0.6227782189902409,128,153.5,0.62100772530848
sphere_polar_c14_n_down_gamma_constant_d0p14_a0p5_m16_d128l4h2mlp512_700m_seed0_k6,H-R2-05-polar-ladder-capacity,dc80726a8c987e8c3a9171299dac00d03a074311,462b682e768489f1244d34a1183e3ca72daf64db7b78065bb76461f4e7189972,n_plus_one,0.5,5,0.35,0.14,699924480,sphere_polar_c14_n_down_gamma_constant_d0p14_a0p5_m16,sphere_mess4,d128l4h2mlp512_700m_seed0_k6,0,6,128,4,random_init,single_layer_single_token,belief,1.0,0.12366231646293702,128,153.5,0.10667517340061952
sphere_polar_c14_n_down_gamma_constant_d0p14_a0p5_m16_d128l4h2mlp512_700m_seed0_k6,H-R2-05-polar-ladder-capacity,dc80726a8c987e8c3a9171299dac00d03a074311,462b682e768489f1244d34a1183e3ca72daf64db7b78065bb76461f4e7189972,n_plus_one,0.5,5,0.35,0.14,699924480,sphere_polar_c14_n_down_gamma_constant_d0p14_a0p5_m16,sphere_mess4,d128l4h2mlp512_700m_seed0_k6,0,6,128,4,random_init,all_block_layers_single_token,physics,1.0,0.7064594505821582,512,38.375,0.7052508920671934
sphere_polar_c14_n_down_gamma_constant_d0p14_a0p5_m16_d128l4h2mlp512_700m_seed0_k6,H-R2-05-polar-ladder-capacity,dc80726a8c987e8c3a9171299dac00d03a074311,462b682e768489f1244d34a1183e3ca72daf64db7b78065bb76461f4e7189972,n_plus_one,0.5,5,0.35,0.14,699924480,sphere_polar_c14_n_down_gamma_constant_d0p14_a0p5_m16,sphere_mess4,d128l4h2mlp512_700m_seed0_k6,0,6,128,4,random_init,all_block_layers_single_token,belief,1.0,0.2129649435630109,512,38.375,0.20798292767409823
sphere_polar_c14_n_down_gamma_constant_d0p14_a0p5_m16_d128l4h2mlp512_700m_seed0_k6,H-R2-05-polar-ladder-capacity,dc80726a8c987e8c3a9171299dac00d03a074311,462b682e768489f1244d34a1183e3ca72daf64db7b78065bb76461f4e7189972,n_plus_one,0.5,5,0.35,0.14,699924480,sphere_polar_c14_n_down_gamma_constant_d0p14_a0p5_m16,sphere_mess4,d128l4h2mlp512_700m_seed0_k6,0,6,128,4,random_init,embedding_and_all_layers_single_token,physics,1.0,0.728620729409426,640,30.7,0.7289809151280333
sphere_polar_c14_n_down_gamma_constant_d0p14_a0p5_m16_d128l4h2mlp512_700m_seed0_k6,H-R2-05-polar-ladder-capacity,dc80726a8c987e8c3a9171299dac00d03a074311,462b682e768489f1244d34a1183e3ca72daf64db7b78065bb76461f4e7189972,n_plus_one,0.5,5,0.35,0.14,699924480,sphere_polar_c14_n_down_gamma_constant_d0p14_a0p5_m16,sphere_mess4,d128l4h2mlp512_700m_seed0_k6,0,6,128,4,random_init,embedding_and_all_layers_single_token,belief,1.0,0.2241908835982859,640,30.7,0.2227909602723166
sphere_polar_c14_n_down_gamma_constant_d0p14_a0p7_m16_d128l4h2mlp512_700m_seed0_k1,H-R2-05-polar-ladder-capacity,dc80726a8c987e8c3a9171299dac00d03a074311,e7dfd0f5a900c55922b7561a1f8ec486095e1c6ef6d5f90b819b1082d599b634,fixed,0.7,5,0.35,0.14,699924480,sphere_polar_c14_n_down_gamma_constant_d0p14_a0p7_m16,sphere_mess4,d128l4h2mlp512_700m_seed0_k1,0,1,128,4,trained,single_layer_single_token,physics,10.0,0.8585159465306789,128,153.5,0.8474737020354346
sphere_polar_c14_n_down_gamma_constant_d0p14_a0p7_m16_d128l4h2mlp512_700m_seed0_k1,H-R2-05-polar-ladder-capacity,dc80726a8c987e8c3a9171299dac00d03a074311,e7dfd0f5a900c55922b7561a1f8ec486095e1c6ef6d5f90b819b1082d599b634,fixed,0.7,5,0.35,0.14,699924480,sphere_polar_c14_n_down_gamma_constant_d0p14_a0p7_m16,sphere_mess4,d128l4h2mlp512_700m_seed0_k1,0,1,128,4,trained,single_layer_single_token,belief,10.0,0.22692984754321988,128,153.5,0.226921212201434
sphere_polar_c14_n_down_gamma_constant_d0p14_a0p7_m16_d128l4h2mlp512_700m_seed0_k1,H-R2-05-polar-ladder-capacity,dc80726a8c987e8c3a9171299dac00d03a074311,e7dfd0f5a900c55922b7561a1f8ec486095e1c6ef6d5f90b819b1082d599b634,fixed,0.7,5,0.35,0.14,699924480,sphere_polar_c14_n_down_gamma_constant_d0p14_a0p7_m16,sphere_mess4,d128l4h2mlp512_700m_seed0_k1,0,1,128,4,trained,all_block_layers_single_token,physics,10.0,0.9868501702353503,512,38.375,0.9860842868915394
sphere_polar_c14_n_down_gamma_constant_d0p14_a0p7_m16_d128l4h2mlp512_700m_seed0_k1,H-R2-05-polar-ladder-capacity,dc80726a8c987e8c3a9171299dac00d03a074311,e7dfd0f5a900c55922b7561a1f8ec486095e1c6ef6d5f90b819b1082d599b634,fixed,0.7,5,0.35,0.14,699924480,sphere_polar_c14_n_down_gamma_constant_d0p14_a0p7_m16,sphere_mess4,d128l4h2mlp512_700m_seed0_k1,0,1,128,4,trained,all_block_layers_single_token,belief,10.0,0.37838235200427645,512,38.375,0.3786521586608068
sphere_polar_c14_n_down_gamma_constant_d0p14_a0p7_m16_d128l4h2mlp512_700m_seed0_k1,H-R2-05-polar-ladder-capacity,dc80726a8c987e8c3a9171299dac00d03a074311,e7dfd0f5a900c55922b7561a1f8ec486095e1c6ef6d5f90b819b1082d599b634,fixed,0.7,5,0.35,0.14,699924480,sphere_polar_c14_n_down_gamma_constant_d0p14_a0p7_m16,sphere_mess4,d128l4h2mlp512_700m_seed0_k1,0,1,128,4,trained,embedding_and_all_layers_single_token,physics,1.0,0.9895885930975028,640,30.7,0.9888862819979548
sphere_polar_c14_n_down_gamma_constant_d0p14_a0p7_m16_d128l4h2mlp512_700m_seed0_k1,H-R2-05-polar-ladder-capacity,dc80726a8c987e8c3a9171299dac00d03a074311,e7dfd0f5a900c55922b7561a1f8ec486095e1c6ef6d5f90b819b1082d599b634,fixed,0.7,5,0.35,0.14,699924480,sphere_polar_c14_n_down_gamma_constant_d0p14_a0p7_m16,sphere_mess4,d128l4h2mlp512_700m_seed0_k1,0,1,128,4,trained,embedding_and_all_layers_single_token,belief,10.0,0.38787285512175584,640,30.7,0.3915582818197637
sphere_polar_c14_n_down_gamma_constant_d0p14_a0p7_m16_d128l4h2mlp512_700m_seed0_k1,H-R2-05-polar-ladder-capacity,dc80726a8c987e8c3a9171299dac00d03a074311,e7dfd0f5a900c55922b7561a1f8ec486095e1c6ef6d5f90b819b1082d599b634,fixed,0.7,5,0.35,0.14,699924480,sphere_polar_c14_n_down_gamma_constant_d0p14_a0p7_m16,sphere_mess4,d128l4h2mlp512_700m_seed0_k1,0,1,128,4,random_init,single_layer_single_token,physics,10.0,0.6187599417287691,128,153.5,0.6191258059869553
sphere_polar_c14_n_down_gamma_constant_d0p14_a0p7_m16_d128l4h2mlp512_700m_seed0_k1,H-R2-05-polar-ladder-capacity,dc80726a8c987e8c3a9171299dac00d03a074311,e7dfd0f5a900c55922b7561a1f8ec486095e1c6ef6d5f90b819b1082d599b634,fixed,0.7,5,0.35,0.14,699924480,sphere_polar_c14_n_down_gamma_constant_d0p14_a0p7_m16,sphere_mess4,d128l4h2mlp512_700m_seed0_k1,0,1,128,4,random_init,single_layer_single_token,belief,1.0,0.14050658433026544,128,153.5,0.14467147199562852
sphere_polar_c14_n_down_gamma_constant_d0p14_a0p7_m16_d128l4h2mlp512_700m_seed0_k1,H-R2-05-polar-ladder-capacity,dc80726a8c987e8c3a9171299dac00d03a074311,e7dfd0f5a900c55922b7561a1f8ec486095e1c6ef6d5f90b819b1082d599b634,fixed,0.7,5,0.35,0.14,699924480,sphere_polar_c14_n_down_gamma_constant_d0p14_a0p7_m16,sphere_mess4,d128l4h2mlp512_700m_seed0_k1,0,1,128,4,random_init,all_block_layers_single_token,physics,1.0,0.7054729260940954,512,38.375,0.7108395188842458
sphere_polar_c14_n_down_gamma_constant_d0p14_a0p7_m16_d128l4h2mlp512_700m_seed0_k1,H-R2-05-polar-ladder-capacity,dc80726a8c987e8c3a9171299dac00d03a074311,e7dfd0f5a900c55922b7561a1f8ec486095e1c6ef6d5f90b819b1082d599b634,fixed,0.7,5,0.35,0.14,699924480,sphere_polar_c14_n_down_gamma_constant_d0p14_a0p7_m16,sphere_mess4,d128l4h2mlp512_700m_seed0_k1,0,1,128,4,random_init,all_block_layers_single_token,belief,1.0,0.23266322772076273,512,38.375,0.23512409697255254
sphere_polar_c14_n_down_gamma_constant_d0p14_a0p7_m16_d128l4h2mlp512_700m_seed0_k1,H-R2-05-polar-ladder-capacity,dc80726a8c987e8c3a9171299dac00d03a074311,e7dfd0f5a900c55922b7561a1f8ec486095e1c6ef6d5f90b819b1082d599b634,fixed,0.7,5,0.35,0.14,699924480,sphere_polar_c14_n_down_gamma_constant_d0p14_a0p7_m16,sphere_mess4,d128l4h2mlp512_700m_seed0_k1,0,1,128,4,random_init,embedding_and_all_layers_single_token,physics,1.0,0.726452235849661,640,30.7,0.730659092434752
sphere_polar_c14_n_down_gamma_constant_d0p14_a0p7_m16_d128l4h2mlp512_700m_seed0_k1,H-R2-05-polar-ladder-capacity,dc80726a8c987e8c3a9171299dac00d03a074311,e7dfd0f5a900c55922b7561a1f8ec486095e1c6ef6d5f90b819b1082d599b634,fixed,0.7,5,0.35,0.14,699924480,sphere_polar_c14_n_down_gamma_constant_d0p14_a0p7_m16,sphere_mess4,d128l4h2mlp512_700m_seed0_k1,0,1,128,4,random_init,embedding_and_all_layers_single_token,belief,1.0,0.24747256649130125,640,30.7,0.24890480014742525
sphere_polar_c14_n_down_gamma_constant_d0p14_a0p7_m16_d128l4h2mlp512_700m_seed0_k2,H-R2-05-polar-ladder-capacity,dc80726a8c987e8c3a9171299dac00d03a074311,1837bdef248cfc3eba4e689da0fd08982d8a0f3d80948845616701426daf2ad7,half,0.7,5,0.35,0.14,699924480,sphere_polar_c14_n_down_gamma_constant_d0p14_a0p7_m16,sphere_mess4,d128l4h2mlp512_700m_seed0_k2,0,2,128,4,trained,single_layer_single_token,physics,1.0,0.8659024060490077,128,153.5,0.8648255907215401
sphere_polar_c14_n_down_gamma_constant_d0p14_a0p7_m16_d128l4h2mlp512_700m_seed0_k2,H-R2-05-polar-ladder-capacity,dc80726a8c987e8c3a9171299dac00d03a074311,1837bdef248cfc3eba4e689da0fd08982d8a0f3d80948845616701426daf2ad7,half,0.7,5,0.35,0.14,699924480,sphere_polar_c14_n_down_gamma_constant_d0p14_a0p7_m16,sphere_mess4,d128l4h2mlp512_700m_seed0_k2,0,2,128,4,trained,single_layer_single_token,belief,1.0,0.2630981288899147,128,153.5,0.25824090056030324
sphere_polar_c14_n_down_gamma_constant_d0p14_a0p7_m16_d128l4h2mlp512_700m_seed0_k2,H-R2-05-polar-ladder-capacity,dc80726a8c987e8c3a9171299dac00d03a074311,1837bdef248cfc3eba4e689da0fd08982d8a0f3d80948845616701426daf2ad7,half,0.7,5,0.35,0.14,699924480,sphere_polar_c14_n_down_gamma_constant_d0p14_a0p7_m16,sphere_mess4,d128l4h2mlp512_700m_seed0_k2,0,2,128,4,trained,all_block_layers_single_token,physics,1.0,0.9908905589144186,512,38.375,0.9917475882566588
sphere_polar_c14_n_down_gamma_constant_d0p14_a0p7_m16_d128l4h2mlp512_700m_seed0_k2,H-R2-05-polar-ladder-capacity,dc80726a8c987e8c3a9171299dac00d03a074311,1837bdef248cfc3eba4e689da0fd08982d8a0f3d80948845616701426daf2ad7,half,0.7,5,0.35,0.14,699924480,sphere_polar_c14_n_down_gamma_constant_d0p14_a0p7_m16,sphere_mess4,d128l4h2mlp512_700m_seed0_k2,0,2,128,4,trained,all_block_layers_single_token,belief,1.0,0.4075895889356346,512,38.375,0.4073687854148756
sphere_polar_c14_n_down_gamma_constant_d0p14_a0p7_m16_d128l4h2mlp512_700m_seed0_k2,H-R2-05-polar-ladder-capacity,dc80726a8c987e8c3a9171299dac00d03a074311,1837bdef248cfc3eba4e689da0fd08982d8a0f3d80948845616701426daf2ad7,half,0.7,5,0.35,0.14,699924480,sphere_polar_c14_n_down_gamma_constant_d0p14_a0p7_m16,sphere_mess4,d128l4h2mlp512_700m_seed0_k2,0,2,128,4,trained,embedding_and_all_layers_single_token,physics,1.0,0.9931557527285335,640,30.7,0.9932179486734136
sphere_polar_c14_n_down_gamma_constant_d0p14_a0p7_m16_d128l4h2mlp512_700m_seed0_k2,H-R2-05-polar-ladder-capacity,dc80726a8c987e8c3a9171299dac00d03a074311,1837bdef248cfc3eba4e689da0fd08982d8a0f3d80948845616701426daf2ad7,half,0.7,5,0.35,0.14,699924480,sphere_polar_c14_n_down_gamma_constant_d0p14_a0p7_m16,sphere_mess4,d128l4h2mlp512_700m_seed0_k2,0,2,128,4,trained,embedding_and_all_layers_single_token,belief,1.0,0.4157347220691258,640,30.7,0.411041167915598
sphere_polar_c14_n_down_gamma_constant_d0p14_a0p7_m16_d128l4h2mlp512_700m_seed0_k2,H-R2-05-polar-ladder-capacity,dc80726a8c987e8c3a9171299dac00d03a074311,1837bdef248cfc3eba4e689da0fd08982d8a0f3d80948845616701426daf2ad7,half,0.7,5,0.35,0.14,699924480,sphere_polar_c14_n_down_gamma_constant_d0p14_a0p7_m16,sphere_mess4,d128l4h2mlp512_700m_seed0_k2,0,2,128,4,random_init,single_layer_single_token,physics,10.0,0.6187599417287691,128,153.5,0.6191258059869553
sphere_polar_c14_n_down_gamma_constant_d0p14_a0p7_m16_d128l4h2mlp512_700m_seed0_k2,H-R2-05-polar-ladder-capacity,dc80726a8c987e8c3a9171299dac00d03a074311,1837bdef248cfc3eba4e689da0fd08982d8a0f3d80948845616701426daf2ad7,half,0.7,5,0.35,0.14,699924480,sphere_polar_c14_n_down_gamma_constant_d0p14_a0p7_m16,sphere_mess4,d128l4h2mlp512_700m_seed0_k2,0,2,128,4,random_init,single_layer_single_token,belief,1.0,0.14050658433026544,128,153.5,0.14467147199562852
sphere_polar_c14_n_down_gamma_constant_d0p14_a0p7_m16_d128l4h2mlp512_700m_seed0_k2,H-R2-05-polar-ladder-capacity,dc80726a8c987e8c3a9171299dac00d03a074311,1837bdef248cfc3eba4e689da0fd08982d8a0f3d80948845616701426daf2ad7,half,0.7,5,0.35,0.14,699924480,sphere_polar_c14_n_down_gamma_constant_d0p14_a0p7_m16,sphere_mess4,d128l4h2mlp512_700m_seed0_k2,0,2,128,4,random_init,all_block_layers_single_token,physics,1.0,0.7054729260940954,512,38.375,0.7108395188842458
sphere_polar_c14_n_down_gamma_constant_d0p14_a0p7_m16_d128l4h2mlp512_700m_seed0_k2,H-R2-05-polar-ladder-capacity,dc80726a8c987e8c3a9171299dac00d03a074311,1837bdef248cfc3eba4e689da0fd08982d8a0f3d80948845616701426daf2ad7,half,0.7,5,0.35,0.14,699924480,sphere_polar_c14_n_down_gamma_constant_d0p14_a0p7_m16,sphere_mess4,d128l4h2mlp512_700m_seed0_k2,0,2,128,4,random_init,all_block_layers_single_token,belief,1.0,0.23266322772076273,512,38.375,0.23512409697255254
sphere_polar_c14_n_down_gamma_constant_d0p14_a0p7_m16_d128l4h2mlp512_700m_seed0_k2,H-R2-05-polar-ladder-capacity,dc80726a8c987e8c3a9171299dac00d03a074311,1837bdef248cfc3eba4e689da0fd08982d8a0f3d80948845616701426daf2ad7,half,0.7,5,0.35,0.14,699924480,sphere_polar_c14_n_down_gamma_constant_d0p14_a0p7_m16,sphere_mess4,d128l4h2mlp512_700m_seed0_k2,0,2,128,4,random_init,embedding_and_all_layers_single_token,physics,1.0,0.726452235849661,640,30.7,0.730659092434752
sphere_polar_c14_n_down_gamma_constant_d0p14_a0p7_m16_d128l4h2mlp512_700m_seed0_k2,H-R2-05-polar-ladder-capacity,dc80726a8c987e8c3a9171299dac00d03a074311,1837bdef248cfc3eba4e689da0fd08982d8a0f3d80948845616701426daf2ad7,half,0.7,5,0.35,0.14,699924480,sphere_polar_c14_n_down_gamma_constant_d0p14_a0p7_m16,sphere_mess4,d128l4h2mlp512_700m_seed0_k2,0,2,128,4,random_init,embedding_and_all_layers_single_token,belief,1.0,0.24747256649130125,640,30.7,0.24890480014742525
sphere_polar_c14_n_down_gamma_constant_d0p14_a0p7_m16_d128l4h2mlp512_700m_seed0_k6,H-R2-05-polar-ladder-capacity,dc80726a8c987e8c3a9171299dac00d03a074311,9151bcf1b07f2addab5ad289dcc6a58ee74f3790e68573ae49c54dcf0c618645,n_plus_one,0.7,5,0.35,0.14,699924480,sphere_polar_c14_n_down_gamma_constant_d0p14_a0p7_m16,sphere_mess4,d128l4h2mlp512_700m_seed0_k6,0,6,128,4,trained,single_layer_single_token,physics,1.0,0.8960125497475423,128,153.5,0.898642346132853
sphere_polar_c14_n_down_gamma_constant_d0p14_a0p7_m16_d128l4h2mlp512_700m_seed0_k6,H-R2-05-polar-ladder-capacity,dc80726a8c987e8c3a9171299dac00d03a074311,9151bcf1b07f2addab5ad289dcc6a58ee74f3790e68573ae49c54dcf0c618645,n_plus_one,0.7,5,0.35,0.14,699924480,sphere_polar_c14_n_down_gamma_constant_d0p14_a0p7_m16,sphere_mess4,d128l4h2mlp512_700m_seed0_k6,0,6,128,4,trained,single_layer_single_token,belief,1.0,0.3104351921467992,128,153.5,0.3086286789852929
sphere_polar_c14_n_down_gamma_constant_d0p14_a0p7_m16_d128l4h2mlp512_700m_seed0_k6,H-R2-05-polar-ladder-capacity,dc80726a8c987e8c3a9171299dac00d03a074311,9151bcf1b07f2addab5ad289dcc6a58ee74f3790e68573ae49c54dcf0c618645,n_plus_one,0.7,5,0.35,0.14,699924480,sphere_polar_c14_n_down_gamma_constant_d0p14_a0p7_m16,sphere_mess4,d128l4h2mlp512_700m_seed0_k6,0,6,128,4,trained,all_block_layers_single_token,physics,10.0,0.9782045429771399,512,38.375,0.9792156319829706
sphere_polar_c14_n_down_gamma_constant_d0p14_a0p7_m16_d128l4h2mlp512_700m_seed0_k6,H-R2-05-polar-ladder-capacity,dc80726a8c987e8c3a9171299dac00d03a074311,9151bcf1b07f2addab5ad289dcc6a58ee74f3790e68573ae49c54dcf0c618645,n_plus_one,0.7,5,0.35,0.14,699924480,sphere_polar_c14_n_down_gamma_constant_d0p14_a0p7_m16,sphere_mess4,d128l4h2mlp512_700m_seed0_k6,0,6,128,4,trained,all_block_layers_single_token,belief,10.0,0.4725325524303385,512,38.375,0.4699781262264757
sphere_polar_c14_n_down_gamma_constant_d0p14_a0p7_m16_d128l4h2mlp512_700m_seed0_k6,H-R2-05-polar-ladder-capacity,dc80726a8c987e8c3a9171299dac00d03a074311,9151bcf1b07f2addab5ad289dcc6a58ee74f3790e68573ae49c54dcf0c618645,n_plus_one,0.7,5,0.35,0.14,699924480,sphere_polar_c14_n_down_gamma_constant_d0p14_a0p7_m16,sphere_mess4,d128l4h2mlp512_700m_seed0_k6,0,6,128,4,trained,embedding_and_all_layers_single_token,physics,1.0,0.9818429860995822,640,30.7,0.9823814747568951
sphere_polar_c14_n_down_gamma_constant_d0p14_a0p7_m16_d128l4h2mlp512_700m_seed0_k6,H-R2-05-polar-ladder-capacity,dc80726a8c987e8c3a9171299dac00d03a074311,9151bcf1b07f2addab5ad289dcc6a58ee74f3790e68573ae49c54dcf0c618645,n_plus_one,0.7,5,0.35,0.14,699924480,sphere_polar_c14_n_down_gamma_constant_d0p14_a0p7_m16,sphere_mess4,d128l4h2mlp512_700m_seed0_k6,0,6,128,4,trained,embedding_and_all_layers_single_token,belief,10.0,0.4777481602223698,640,30.7,0.4750592113081286
sphere_polar_c14_n_down_gamma_constant_d0p14_a0p7_m16_d128l4h2mlp512_700m_seed0_k6,H-R2-05-polar-ladder-capacity,dc80726a8c987e8c3a9171299dac00d03a074311,9151bcf1b07f2addab5ad289dcc6a58ee74f3790e68573ae49c54dcf0c618645,n_plus_one,0.7,5,0.35,0.14,699924480,sphere_polar_c14_n_down_gamma_constant_d0p14_a0p7_m16,sphere_mess4,d128l4h2mlp512_700m_seed0_k6,0,6,128,4,random_init,single_layer_single_token,physics,10.0,0.6187599417287691,128,153.5,0.6191258059869553
sphere_polar_c14_n_down_gamma_constant_d0p14_a0p7_m16_d128l4h2mlp512_700m_seed0_k6,H-R2-05-polar-ladder-capacity,dc80726a8c987e8c3a9171299dac00d03a074311,9151bcf1b07f2addab5ad289dcc6a58ee74f3790e68573ae49c54dcf0c618645,n_plus_one,0.7,5,0.35,0.14,699924480,sphere_polar_c14_n_down_gamma_constant_d0p14_a0p7_m16,sphere_mess4,d128l4h2mlp512_700m_seed0_k6,0,6,128,4,random_init,single_layer_single_token,belief,1.0,0.14050658433026544,128,153.5,0.14467147199562852
sphere_polar_c14_n_down_gamma_constant_d0p14_a0p7_m16_d128l4h2mlp512_700m_seed0_k6,H-R2-05-polar-ladder-capacity,dc80726a8c987e8c3a9171299dac00d03a074311,9151bcf1b07f2addab5ad289dcc6a58ee74f3790e68573ae49c54dcf0c618645,n_plus_one,0.7,5,0.35,0.14,699924480,sphere_polar_c14_n_down_gamma_constant_d0p14_a0p7_m16,sphere_mess4,d128l4h2mlp512_700m_seed0_k6,0,6,128,4,random_init,all_block_layers_single_token,physics,1.0,0.7054729260940954,512,38.375,0.7108395188842458
sphere_polar_c14_n_down_gamma_constant_d0p14_a0p7_m16_d128l4h2mlp512_700m_seed0_k6,H-R2-05-polar-ladder-capacity,dc80726a8c987e8c3a9171299dac00d03a074311,9151bcf1b07f2addab5ad289dcc6a58ee74f3790e68573ae49c54dcf0c618645,n_plus_one,0.7,5,0.35,0.14,699924480,sphere_polar_c14_n_down_gamma_constant_d0p14_a0p7_m16,sphere_mess4,d128l4h2mlp512_700m_seed0_k6,0,6,128,4,random_init,all_block_layers_single_token,belief,1.0,0.23266322772076273,512,38.375,0.23512409697255254
sphere_polar_c14_n_down_gamma_constant_d0p14_a0p7_m16_d128l4h2mlp512_700m_seed0_k6,H-R2-05-polar-ladder-capacity,dc80726a8c987e8c3a9171299dac00d03a074311,9151bcf1b07f2addab5ad289dcc6a58ee74f3790e68573ae49c54dcf0c618645,n_plus_one,0.7,5,0.35,0.14,699924480,sphere_polar_c14_n_down_gamma_constant_d0p14_a0p7_m16,sphere_mess4,d128l4h2mlp512_700m_seed0_k6,0,6,128,4,random_init,embedding_and_all_layers_single_token,physics,1.0,0.726452235849661,640,30.7,0.730659092434752
sphere_polar_c14_n_down_gamma_constant_d0p14_a0p7_m16_d128l4h2mlp512_700m_seed0_k6,H-R2-05-polar-ladder-capacity,dc80726a8c987e8c3a9171299dac00d03a074311,9151bcf1b07f2addab5ad289dcc6a58ee74f3790e68573ae49c54dcf0c618645,n_plus_one,0.7,5,0.35,0.14,699924480,sphere_polar_c14_n_down_gamma_constant_d0p14_a0p7_m16,sphere_mess4,d128l4h2mlp512_700m_seed0_k6,0,6,128,4,random_init,embedding_and_all_layers_single_token,belief,1.0,0.24747256649130125,640,30.7,0.24890480014742525
sphere_polar_c14_n_down_gamma_constant_d0p14_a0p85_m16_d128l4h2mlp512_700m_seed0_k1,H-R2-05-polar-ladder-capacity,dc80726a8c987e8c3a9171299dac00d03a074311,50994042911e01dc3b317cafb2da8a28aa1c4b37ece9f8cdad8b4ff1a8615297,fixed,0.85,5,0.35,0.14,699924480,sphere_polar_c14_n_down_gamma_constant_d0p14_a0p85_m16,sphere_mess4,d128l4h2mlp512_700m_seed0_k1,0,1,128,4,trained,single_layer_single_token,physics,1.0,0.8169356592314947,128,153.625,0.8107111082596168
sphere_polar_c14_n_down_gamma_constant_d0p14_a0p85_m16_d128l4h2mlp512_700m_seed0_k1,H-R2-05-polar-ladder-capacity,dc80726a8c987e8c3a9171299dac00d03a074311,50994042911e01dc3b317cafb2da8a28aa1c4b37ece9f8cdad8b4ff1a8615297,fixed,0.85,5,0.35,0.14,699924480,sphere_polar_c14_n_down_gamma_constant_d0p14_a0p85_m16,sphere_mess4,d128l4h2mlp512_700m_seed0_k1,0,1,128,4,trained,single_layer_single_token,belief,1.0,0.2758405476548719,128,153.625,0.2794932525940494
sphere_polar_c14_n_down_gamma_constant_d0p14_a0p85_m16_d128l4h2mlp512_700m_seed0_k1,H-R2-05-polar-ladder-capacity,dc80726a8c987e8c3a9171299dac00d03a074311,50994042911e01dc3b317cafb2da8a28aa1c4b37ece9f8cdad8b4ff1a8615297,fixed,0.85,5,0.35,0.14,699924480,sphere_polar_c14_n_down_gamma_constant_d0p14_a0p85_m16,sphere_mess4,d128l4h2mlp512_700m_seed0_k1,0,1,128,4,trained,all_block_layers_single_token,physics,1.0,0.9833787064401458,512,38.40625,0.9832213321890719
sphere_polar_c14_n_down_gamma_constant_d0p14_a0p85_m16_d128l4h2mlp512_700m_seed0_k1,H-R2-05-polar-ladder-capacity,dc80726a8c987e8c3a9171299dac00d03a074311,50994042911e01dc3b317cafb2da8a28aa1c4b37ece9f8cdad8b4ff1a8615297,fixed,0.85,5,0.35,0.14,699924480,sphere_polar_c14_n_down_gamma_constant_d0p14_a0p85_m16,sphere_mess4,d128l4h2mlp512_700m_seed0_k1,0,1,128,4,trained,all_block_layers_single_token,belief,10.0,0.4566151524149955,512,38.40625,0.457011190425637
sphere_polar_c14_n_down_gamma_constant_d0p14_a0p85_m16_d128l4h2mlp512_700m_seed0_k1,H-R2-05-polar-ladder-capacity,dc80726a8c987e8c3a9171299dac00d03a074311,50994042911e01dc3b317cafb2da8a28aa1c4b37ece9f8cdad8b4ff1a8615297,fixed,0.85,5,0.35,0.14,699924480,sphere_polar_c14_n_down_gamma_constant_d0p14_a0p85_m16,sphere_mess4,d128l4h2mlp512_700m_seed0_k1,0,1,128,4,trained,embedding_and_all_layers_single_token,physics,10.0,0.98617022771927,640,30.725,0.9862501222980234
sphere_polar_c14_n_down_gamma_constant_d0p14_a0p85_m16_d128l4h2mlp512_700m_seed0_k1,H-R2-05-polar-ladder-capacity,dc80726a8c987e8c3a9171299dac00d03a074311,50994042911e01dc3b317cafb2da8a28aa1c4b37ece9f8cdad8b4ff1a8615297,fixed,0.85,5,0.35,0.14,699924480,sphere_polar_c14_n_down_gamma_constant_d0p14_a0p85_m16,sphere_mess4,d128l4h2mlp512_700m_seed0_k1,0,1,128,4,trained,embedding_and_all_layers_single_token,belief,10.0,0.4660620616242765,640,30.725,0.4694026393633958
sphere_polar_c14_n_down_gamma_constant_d0p14_a0p85_m16_d128l4h2mlp512_700m_seed0_k1,H-R2-05-polar-ladder-capacity,dc80726a8c987e8c3a9171299dac00d03a074311,50994042911e01dc3b317cafb2da8a28aa1c4b37ece9f8cdad8b4ff1a8615297,fixed,0.85,5,0.35,0.14,699924480,sphere_polar_c14_n_down_gamma_constant_d0p14_a0p85_m16,sphere_mess4,d128l4h2mlp512_700m_seed0_k1,0,1,128,4,random_init,single_layer_single_token,physics,10.0,0.6067037275359775,128,153.625,0.6220002769639649
sphere_polar_c14_n_down_gamma_constant_d0p14_a0p85_m16_d128l4h2mlp512_700m_seed0_k1,H-R2-05-polar-ladder-capacity,dc80726a8c987e8c3a9171299dac00d03a074311,50994042911e01dc3b317cafb2da8a28aa1c4b37ece9f8cdad8b4ff1a8615297,fixed,0.85,5,0.35,0.14,699924480,sphere_polar_c14_n_down_gamma_constant_d0p14_a0p85_m16,sphere_mess4,d128l4h2mlp512_700m_seed0_k1,0,1,128,4,random_init,single_layer_single_token,belief,100.0,0.1538707376908266,128,153.625,0.16036224950432534
sphere_polar_c14_n_down_gamma_constant_d0p14_a0p85_m16_d128l4h2mlp512_700m_seed0_k1,H-R2-05-polar-ladder-capacity,dc80726a8c987e8c3a9171299dac00d03a074311,50994042911e01dc3b317cafb2da8a28aa1c4b37ece9f8cdad8b4ff1a8615297,fixed,0.85,5,0.35,0.14,699924480,sphere_polar_c14_n_down_gamma_constant_d0p14_a0p85_m16,sphere_mess4,d128l4h2mlp512_700m_seed0_k1,0,1,128,4,random_init,all_block_layers_single_token,physics,1.0,0.7028438735407836,512,38.40625,0.7124276087984045
sphere_polar_c14_n_down_gamma_constant_d0p14_a0p85_m16_d128l4h2mlp512_700m_seed0_k1,H-R2-05-polar-ladder-capacity,dc80726a8c987e8c3a9171299dac00d03a074311,50994042911e01dc3b317cafb2da8a28aa1c4b37ece9f8cdad8b4ff1a8615297,fixed,0.85,5,0.35,0.14,699924480,sphere_polar_c14_n_down_gamma_constant_d0p14_a0p85_m16,sphere_mess4,d128l4h2mlp512_700m_seed0_k1,0,1,128,4,random_init,all_block_layers_single_token,belief,1.0,0.2606204861543818,512,38.40625,0.2573044474964206
sphere_polar_c14_n_down_gamma_constant_d0p14_a0p85_m16_d128l4h2mlp512_700m_seed0_k1,H-R2-05-polar-ladder-capacity,dc80726a8c987e8c3a9171299dac00d03a074311,50994042911e01dc3b317cafb2da8a28aa1c4b37ece9f8cdad8b4ff1a8615297,fixed,0.85,5,0.35,0.14,699924480,sphere_polar_c14_n_down_gamma_constant_d0p14_a0p85_m16,sphere_mess4,d128l4h2mlp512_700m_seed0_k1,0,1,128,4,random_init,embedding_and_all_layers_single_token,physics,1.0,0.7178326420272412,640,30.725,0.7223518048545049
sphere_polar_c14_n_down_gamma_constant_d0p14_a0p85_m16_d128l4h2mlp512_700m_seed0_k1,H-R2-05-polar-ladder-capacity,dc80726a8c987e8c3a9171299dac00d03a074311,50994042911e01dc3b317cafb2da8a28aa1c4b37ece9f8cdad8b4ff1a8615297,fixed,0.85,5,0.35,0.14,699924480,sphere_polar_c14_n_down_gamma_constant_d0p14_a0p85_m16,sphere_mess4,d128l4h2mlp512_700m_seed0_k1,0,1,128,4,random_init,embedding_and_all_layers_single_token,belief,1.0,0.27556348033460676,640,30.725,0.2718783119615868
sphere_polar_c14_n_down_gamma_constant_d0p14_a0p85_m16_d128l4h2mlp512_700m_seed0_k2,H-R2-05-polar-ladder-capacity,dc80726a8c987e8c3a9171299dac00d03a074311,af38de99c4c42207c29f5643753228a12597c634254b2160d1cd66fa331759d8,half,0.85,5,0.35,0.14,699924480,sphere_polar_c14_n_down_gamma_constant_d0p14_a0p85_m16,sphere_mess4,d128l4h2mlp512_700m_seed0_k2,0,2,128,4,trained,single_layer_single_token,physics,1.0,0.8144890776884416,128,153.625,0.8085324610417814
sphere_polar_c14_n_down_gamma_constant_d0p14_a0p85_m16_d128l4h2mlp512_700m_seed0_k2,H-R2-05-polar-ladder-capacity,dc80726a8c987e8c3a9171299dac00d03a074311,af38de99c4c42207c29f5643753228a12597c634254b2160d1cd66fa331759d8,half,0.85,5,0.35,0.14,699924480,sphere_polar_c14_n_down_gamma_constant_d0p14_a0p85_m16,sphere_mess4,d128l4h2mlp512_700m_seed0_k2,0,2,128,4,trained,single_layer_single_token,belief,10.0,0.3346556461235074,128,153.625,0.3339152954874206
sphere_polar_c14_n_down_gamma_constant_d0p14_a0p85_m16_d128l4h2mlp512_700m_seed0_k2,H-R2-05-polar-ladder-capacity,dc80726a8c987e8c3a9171299dac00d03a074311,af38de99c4c42207c29f5643753228a12597c634254b2160d1cd66fa331759d8,half,0.85,5,0.35,0.14,699924480,sphere_polar_c14_n_down_gamma_constant_d0p14_a0p85_m16,sphere_mess4,d128l4h2mlp512_700m_seed0_k2,0,2,128,4,trained,all_block_layers_single_token,physics,1.0,0.9908427970430032,512,38.40625,0.9907506413349494
sphere_polar_c14_n_down_gamma_constant_d0p14_a0p85_m16_d128l4h2mlp512_700m_seed0_k2,H-R2-05-polar-ladder-capacity,dc80726a8c987e8c3a9171299dac00d03a074311,af38de99c4c42207c29f5643753228a12597c634254b2160d1cd66fa331759d8,half,0.85,5,0.35,0.14,699924480,sphere_polar_c14_n_down_gamma_constant_d0p14_a0p85_m16,sphere_mess4,d128l4h2mlp512_700m_seed0_k2,0,2,128,4,trained,all_block_layers_single_token,belief,10.0,0.4797703636326403,512,38.40625,0.47663360515128717
sphere_polar_c14_n_down_gamma_constant_d0p14_a0p85_m16_d128l4h2mlp512_700m_seed0_k2,H-R2-05-polar-ladder-capacity,dc80726a8c987e8c3a9171299dac00d03a074311,af38de99c4c42207c29f5643753228a12597c634254b2160d1cd66fa331759d8,half,0.85,5,0.35,0.14,699924480,sphere_polar_c14_n_down_gamma_constant_d0p14_a0p85_m16,sphere_mess4,d128l4h2mlp512_700m_seed0_k2,0,2,128,4,trained,embedding_and_all_layers_single_token,physics,1.0,0.9926392667600139,640,30.725,0.9926956631652921
sphere_polar_c14_n_down_gamma_constant_d0p14_a0p85_m16_d128l4h2mlp512_700m_seed0_k2,H-R2-05-polar-ladder-capacity,dc80726a8c987e8c3a9171299dac00d03a074311,af38de99c4c42207c29f5643753228a12597c634254b2160d1cd66fa331759d8,half,0.85,5,0.35,0.14,699924480,sphere_polar_c14_n_down_gamma_constant_d0p14_a0p85_m16,sphere_mess4,d128l4h2mlp512_700m_seed0_k2,0,2,128,4,trained,embedding_and_all_layers_single_token,belief,10.0,0.48871999465022564,640,30.725,0.48789820165483044
sphere_polar_c14_n_down_gamma_constant_d0p14_a0p85_m16_d128l4h2mlp512_700m_seed0_k2,H-R2-05-polar-ladder-capacity,dc80726a8c987e8c3a9171299dac00d03a074311,af38de99c4c42207c29f5643753228a12597c634254b2160d1cd66fa331759d8,half,0.85,5,0.35,0.14,699924480,sphere_polar_c14_n_down_gamma_constant_d0p14_a0p85_m16,sphere_mess4,d128l4h2mlp512_700m_seed0_k2,0,2,128,4,random_init,single_layer_single_token,physics,10.0,0.6067037275359775,128,153.625,0.6220002769639649
sphere_polar_c14_n_down_gamma_constant_d0p14_a0p85_m16_d128l4h2mlp512_700m_seed0_k2,H-R2-05-polar-ladder-capacity,dc80726a8c987e8c3a9171299dac00d03a074311,af38de99c4c42207c29f5643753228a12597c634254b2160d1cd66fa331759d8,half,0.85,5,0.35,0.14,699924480,sphere_polar_c14_n_down_gamma_constant_d0p14_a0p85_m16,sphere_mess4,d128l4h2mlp512_700m_seed0_k2,0,2,128,4,random_init,single_layer_single_token,belief,100.0,0.1538707376908266,128,153.625,0.16036224950432534
sphere_polar_c14_n_down_gamma_constant_d0p14_a0p85_m16_d128l4h2mlp512_700m_seed0_k2,H-R2-05-polar-ladder-capacity,dc80726a8c987e8c3a9171299dac00d03a074311,af38de99c4c42207c29f5643753228a12597c634254b2160d1cd66fa331759d8,half,0.85,5,0.35,0.14,699924480,sphere_polar_c14_n_down_gamma_constant_d0p14_a0p85_m16,sphere_mess4,d128l4h2mlp512_700m_seed0_k2,0,2,128,4,random_init,all_block_layers_single_token,physics,1.0,0.7028438735407836,512,38.40625,0.7124276087984045
sphere_polar_c14_n_down_gamma_constant_d0p14_a0p85_m16_d128l4h2mlp512_700m_seed0_k2,H-R2-05-polar-ladder-capacity,dc80726a8c987e8c3a9171299dac00d03a074311,af38de99c4c42207c29f5643753228a12597c634254b2160d1cd66fa331759d8,half,0.85,5,0.35,0.14,699924480,sphere_polar_c14_n_down_gamma_constant_d0p14_a0p85_m16,sphere_mess4,d128l4h2mlp512_700m_seed0_k2,0,2,128,4,random_init,all_block_layers_single_token,belief,1.0,0.2606204861543818,512,38.40625,0.2573044474964206
sphere_polar_c14_n_down_gamma_constant_d0p14_a0p85_m16_d128l4h2mlp512_700m_seed0_k2,H-R2-05-polar-ladder-capacity,dc80726a8c987e8c3a9171299dac00d03a074311,af38de99c4c42207c29f5643753228a12597c634254b2160d1cd66fa331759d8,half,0.85,5,0.35,0.14,699924480,sphere_polar_c14_n_down_gamma_constant_d0p14_a0p85_m16,sphere_mess4,d128l4h2mlp512_700m_seed0_k2,0,2,128,4,random_init,embedding_and_all_layers_single_token,physics,1.0,0.7178326420272412,640,30.725,0.7223518048545049
sphere_polar_c14_n_down_gamma_constant_d0p14_a0p85_m16_d128l4h2mlp512_700m_seed0_k2,H-R2-05-polar-ladder-capacity,dc80726a8c987e8c3a9171299dac00d03a074311,af38de99c4c42207c29f5643753228a12597c634254b2160d1cd66fa331759d8,half,0.85,5,0.35,0.14,699924480,sphere_polar_c14_n_down_gamma_constant_d0p14_a0p85_m16,sphere_mess4,d128l4h2mlp512_700m_seed0_k2,0,2,128,4,random_init,embedding_and_all_layers_single_token,belief,1.0,0.27556348033460676,640,30.725,0.2718783119615868
sphere_polar_c14_n_down_gamma_constant_d0p14_a0p85_m16_d128l4h2mlp512_700m_seed0_k6,H-R2-05-polar-ladder-capacity,dc80726a8c987e8c3a9171299dac00d03a074311,b8a6343d9b6578765219f4a86b143026370eff9f212c662514cca1f5906d9ba5,n_plus_one,0.85,5,0.35,0.14,699924480,sphere_polar_c14_n_down_gamma_constant_d0p14_a0p85_m16,sphere_mess4,d128l4h2mlp512_700m_seed0_k6,0,6,128,4,trained,single_layer_single_token,physics,1.0,0.8580263873866962,128,153.625,0.8533938839939297
sphere_polar_c14_n_down_gamma_constant_d0p14_a0p85_m16_d128l4h2mlp512_700m_seed0_k6,H-R2-05-polar-ladder-capacity,dc80726a8c987e8c3a9171299dac00d03a074311,b8a6343d9b6578765219f4a86b143026370eff9f212c662514cca1f5906d9ba5,n_plus_one,0.85,5,0.35,0.14,699924480,sphere_polar_c14_n_down_gamma_constant_d0p14_a0p85_m16,sphere_mess4,d128l4h2mlp512_700m_seed0_k6,0,6,128,4,trained,single_layer_single_token,belief,10.0,0.3161957742051835,128,153.625,0.32337250760143155
sphere_polar_c14_n_down_gamma_constant_d0p14_a0p85_m16_d128l4h2mlp512_700m_seed0_k6,H-R2-05-polar-ladder-capacity,dc80726a8c987e8c3a9171299dac00d03a074311,b8a6343d9b6578765219f4a86b143026370eff9f212c662514cca1f5906d9ba5,n_plus_one,0.85,5,0.35,0.14,699924480,sphere_polar_c14_n_down_gamma_constant_d0p14_a0p85_m16,sphere_mess4,d128l4h2mlp512_700m_seed0_k6,0,6,128,4,trained,all_block_layers_single_token,physics,1.0,0.9740093798979643,512,38.40625,0.9742345969547788
sphere_polar_c14_n_down_gamma_constant_d0p14_a0p85_m16_d128l4h2mlp512_700m_seed0_k6,H-R2-05-polar-ladder-capacity,dc80726a8c987e8c3a9171299dac00d03a074311,b8a6343d9b6578765219f4a86b143026370eff9f212c662514cca1f5906d9ba5,n_plus_one,0.85,5,0.35,0.14,699924480,sphere_polar_c14_n_down_gamma_constant_d0p14_a0p85_m16,sphere_mess4,d128l4h2mlp512_700m_seed0_k6,0,6,128,4,trained,all_block_layers_single_token,belief,10.0,0.5195882886597316,512,38.40625,0.5227109519105584
sphere_polar_c14_n_down_gamma_constant_d0p14_a0p85_m16_d128l4h2mlp512_700m_seed0_k6,H-R2-05-polar-ladder-capacity,dc80726a8c987e8c3a9171299dac00d03a074311,b8a6343d9b6578765219f4a86b143026370eff9f212c662514cca1f5906d9ba5,n_plus_one,0.85,5,0.35,0.14,699924480,sphere_polar_c14_n_down_gamma_constant_d0p14_a0p85_m16,sphere_mess4,d128l4h2mlp512_700m_seed0_k6,0,6,128,4,trained,embedding_and_all_layers_single_token,physics,10.0,0.9773131473254949,640,30.725,0.9777739251583246
sphere_polar_c14_n_down_gamma_constant_d0p14_a0p85_m16_d128l4h2mlp512_700m_seed0_k6,H-R2-05-polar-ladder-capacity,dc80726a8c987e8c3a9171299dac00d03a074311,b8a6343d9b6578765219f4a86b143026370eff9f212c662514cca1f5906d9ba5,n_plus_one,0.85,5,0.35,0.14,699924480,sphere_polar_c14_n_down_gamma_constant_d0p14_a0p85_m16,sphere_mess4,d128l4h2mlp512_700m_seed0_k6,0,6,128,4,trained,embedding_and_all_layers_single_token,belief,10.0,0.5259795875946236,640,30.725,0.5301051700721728
sphere_polar_c14_n_down_gamma_constant_d0p14_a0p85_m16_d128l4h2mlp512_700m_seed0_k6,H-R2-05-polar-ladder-capacity,dc80726a8c987e8c3a9171299dac00d03a074311,b8a6343d9b6578765219f4a86b143026370eff9f212c662514cca1f5906d9ba5,n_plus_one,0.85,5,0.35,0.14,699924480,sphere_polar_c14_n_down_gamma_constant_d0p14_a0p85_m16,sphere_mess4,d128l4h2mlp512_700m_seed0_k6,0,6,128,4,random_init,single_layer_single_token,physics,10.0,0.6067037275359775,128,153.625,0.6220002769639649
sphere_polar_c14_n_down_gamma_constant_d0p14_a0p85_m16_d128l4h2mlp512_700m_seed0_k6,H-R2-05-polar-ladder-capacity,dc80726a8c987e8c3a9171299dac00d03a074311,b8a6343d9b6578765219f4a86b143026370eff9f212c662514cca1f5906d9ba5,n_plus_one,0.85,5,0.35,0.14,699924480,sphere_polar_c14_n_down_gamma_constant_d0p14_a0p85_m16,sphere_mess4,d128l4h2mlp512_700m_seed0_k6,0,6,128,4,random_init,single_layer_single_token,belief,100.0,0.1538707376908266,128,153.625,0.16036224950432534
sphere_polar_c14_n_down_gamma_constant_d0p14_a0p85_m16_d128l4h2mlp512_700m_seed0_k6,H-R2-05-polar-ladder-capacity,dc80726a8c987e8c3a9171299dac00d03a074311,b8a6343d9b6578765219f4a86b143026370eff9f212c662514cca1f5906d9ba5,n_plus_one,0.85,5,0.35,0.14,699924480,sphere_polar_c14_n_down_gamma_constant_d0p14_a0p85_m16,sphere_mess4,d128l4h2mlp512_700m_seed0_k6,0,6,128,4,random_init,all_block_layers_single_token,physics,1.0,0.7028438735407836,512,38.40625,0.7124276087984045
sphere_polar_c14_n_down_gamma_constant_d0p14_a0p85_m16_d128l4h2mlp512_700m_seed0_k6,H-R2-05-polar-ladder-capacity,dc80726a8c987e8c3a9171299dac00d03a074311,b8a6343d9b6578765219f4a86b143026370eff9f212c662514cca1f5906d9ba5,n_plus_one,0.85,5,0.35,0.14,699924480,sphere_polar_c14_n_down_gamma_constant_d0p14_a0p85_m16,sphere_mess4,d128l4h2mlp512_700m_seed0_k6,0,6,128,4,random_init,all_block_layers_single_token,belief,1.0,0.2606204861543818,512,38.40625,0.2573044474964206
sphere_polar_c14_n_down_gamma_constant_d0p14_a0p85_m16_d128l4h2mlp512_700m_seed0_k6,H-R2-05-polar-ladder-capacity,dc80726a8c987e8c3a9171299dac00d03a074311,b8a6343d9b6578765219f4a86b143026370eff9f212c662514cca1f5906d9ba5,n_plus_one,0.85,5,0.35,0.14,699924480,sphere_polar_c14_n_down_gamma_constant_d0p14_a0p85_m16,sphere_mess4,d128l4h2mlp512_700m_seed0_k6,0,6,128,4,random_init,embedding_and_all_layers_single_token,physics,1.0,0.7178326420272412,640,30.725,0.7223518048545049
sphere_polar_c14_n_down_gamma_constant_d0p14_a0p85_m16_d128l4h2mlp512_700m_seed0_k6,H-R2-05-polar-ladder-capacity,dc80726a8c987e8c3a9171299dac00d03a074311,b8a6343d9b6578765219f4a86b143026370eff9f212c662514cca1f5906d9ba5,n_plus_one,0.85,5,0.35,0.14,699924480,sphere_polar_c14_n_down_gamma_constant_d0p14_a0p85_m16,sphere_mess4,d128l4h2mlp512_700m_seed0_k6,0,6,128,4,random_init,embedding_and_all_layers_single_token,belief,1.0,0.27556348033460676,640,30.725,0.2718783119615868
sphere_polar_c14_n_down_gamma_constant_d0p14_a0p95_m16_d128l4h2mlp512_700m_seed0_k1,H-R2-05-polar-ladder-capacity,dc80726a8c987e8c3a9171299dac00d03a074311,ca32da5dfa883322eefa9ae50a5b5bb9331faaad8e731a97ecacc55751d3c951,fixed,0.95,5,0.35,0.14,699924480,sphere_polar_c14_n_down_gamma_constant_d0p14_a0p95_m16,sphere_mess4,d128l4h2mlp512_700m_seed0_k1,0,1,128,4,trained,single_layer_single_token,physics,1.0,0.7755822792076961,128,153.75,0.7673273812621719
sphere_polar_c14_n_down_gamma_constant_d0p14_a0p95_m16_d128l4h2mlp512_700m_seed0_k1,H-R2-05-polar-ladder-capacity,dc80726a8c987e8c3a9171299dac00d03a074311,ca32da5dfa883322eefa9ae50a5b5bb9331faaad8e731a97ecacc55751d3c951,fixed,0.95,5,0.35,0.14,699924480,sphere_polar_c14_n_down_gamma_constant_d0p14_a0p95_m16,sphere_mess4,d128l4h2mlp512_700m_seed0_k1,0,1,128,4,trained,single_layer_single_token,belief,1.0,0.32583297517358595,128,153.75,0.33174248564188663
sphere_polar_c14_n_down_gamma_constant_d0p14_a0p95_m16_d128l4h2mlp512_700m_seed0_k1,H-R2-05-polar-ladder-capacity,dc80726a8c987e8c3a9171299dac00d03a074311,ca32da5dfa883322eefa9ae50a5b5bb9331faaad8e731a97ecacc55751d3c951,fixed,0.95,5,0.35,0.14,699924480,sphere_polar_c14_n_down_gamma_constant_d0p14_a0p95_m16,sphere_mess4,d128l4h2mlp512_700m_seed0_k1,0,1,128,4,trained,all_block_layers_single_token,physics,1.0,0.9792697328567742,512,38.4375,0.9769514644787489
sphere_polar_c14_n_down_gamma_constant_d0p14_a0p95_m16_d128l4h2mlp512_700m_seed0_k1,H-R2-05-polar-ladder-capacity,dc80726a8c987e8c3a9171299dac00d03a074311,ca32da5dfa883322eefa9ae50a5b5bb9331faaad8e731a97ecacc55751d3c951,fixed,0.95,5,0.35,0.14,699924480,sphere_polar_c14_n_down_gamma_constant_d0p14_a0p95_m16,sphere_mess4,d128l4h2mlp512_700m_seed0_k1,0,1,128,4,trained,all_block_layers_single_token,belief,10.0,0.5125626618968596,512,38.4375,0.5180249761772904
sphere_polar_c14_n_down_gamma_constant_d0p14_a0p95_m16_d128l4h2mlp512_700m_seed0_k1,H-R2-05-polar-ladder-capacity,dc80726a8c987e8c3a9171299dac00d03a074311,ca32da5dfa883322eefa9ae50a5b5bb9331faaad8e731a97ecacc55751d3c951,fixed,0.95,5,0.35,0.14,699924480,sphere_polar_c14_n_down_gamma_constant_d0p14_a0p95_m16,sphere_mess4,d128l4h2mlp512_700m_seed0_k1,0,1,128,4,trained,embedding_and_all_layers_single_token,physics,10.0,0.9832023590090369,640,30.75,0.9797706271503333
sphere_polar_c14_n_down_gamma_constant_d0p14_a0p95_m16_d128l4h2mlp512_700m_seed0_k1,H-R2-05-polar-ladder-capacity,dc80726a8c987e8c3a9171299dac00d03a074311,ca32da5dfa883322eefa9ae50a5b5bb9331faaad8e731a97ecacc55751d3c951,fixed,0.95,5,0.35,0.14,699924480,sphere_polar_c14_n_down_gamma_constant_d0p14_a0p95_m16,sphere_mess4,d128l4h2mlp512_700m_seed0_k1,0,1,128,4,trained,embedding_and_all_layers_single_token,belief,10.0,0.5219334927409013,640,30.75,0.5258954921829336
sphere_polar_c14_n_down_gamma_constant_d0p14_a0p95_m16_d128l4h2mlp512_700m_seed0_k1,H-R2-05-polar-ladder-capacity,dc80726a8c987e8c3a9171299dac00d03a074311,ca32da5dfa883322eefa9ae50a5b5bb9331faaad8e731a97ecacc55751d3c951,fixed,0.95,5,0.35,0.14,699924480,sphere_polar_c14_n_down_gamma_constant_d0p14_a0p95_m16,sphere_mess4,d128l4h2mlp512_700m_seed0_k1,0,1,128,4,random_init,single_layer_single_token,physics,10.0,0.6070507368362231,128,153.75,0.6270756348190936
sphere_polar_c14_n_down_gamma_constant_d0p14_a0p95_m16_d128l4h2mlp512_700m_seed0_k1,H-R2-05-polar-ladder-capacity,dc80726a8c987e8c3a9171299dac00d03a074311,ca32da5dfa883322eefa9ae50a5b5bb9331faaad8e731a97ecacc55751d3c951,fixed,0.95,5,0.35,0.14,699924480,sphere_polar_c14_n_down_gamma_constant_d0p14_a0p95_m16,sphere_mess4,d128l4h2mlp512_700m_seed0_k1,0,1,128,4,random_init,single_layer_single_token,belief,100.0,0.16784816554273074,128,153.75,0.17401418565813087
sphere_polar_c14_n_down_gamma_constant_d0p14_a0p95_m16_d128l4h2mlp512_700m_seed0_k1,H-R2-05-polar-ladder-capacity,dc80726a8c987e8c3a9171299dac00d03a074311,ca32da5dfa883322eefa9ae50a5b5bb9331faaad8e731a97ecacc55751d3c951,fixed,0.95,5,0.35,0.14,699924480,sphere_polar_c14_n_down_gamma_constant_d0p14_a0p95_m16,sphere_mess4,d128l4h2mlp512_700m_seed0_k1,0,1,128,4,random_init,all_block_layers_single_token,physics,1.0,0.7004930620255224,512,38.4375,0.7127187801263187
sphere_polar_c14_n_down_gamma_constant_d0p14_a0p95_m16_d128l4h2mlp512_700m_seed0_k1,H-R2-05-polar-ladder-capacity,dc80726a8c987e8c3a9171299dac00d03a074311,ca32da5dfa883322eefa9ae50a5b5bb9331faaad8e731a97ecacc55751d3c951,fixed,0.95,5,0.35,0.14,699924480,sphere_polar_c14_n_down_gamma_constant_d0p14_a0p95_m16,sphere_mess4,d128l4h2mlp512_700m_seed0_k1,0,1,128,4,random_init,all_block_layers_single_token,belief,1.0,0.26663086875150355,512,38.4375,0.27298879659443304
sphere_polar_c14_n_down_gamma_constant_d0p14_a0p95_m16_d128l4h2mlp512_700m_seed0_k1,H-R2-05-polar-ladder-capacity,dc80726a8c987e8c3a9171299dac00d03a074311,ca32da5dfa883322eefa9ae50a5b5bb9331faaad8e731a97ecacc55751d3c951,fixed,0.95,5,0.35,0.14,699924480,sphere_polar_c14_n_down_gamma_constant_d0p14_a0p95_m16,sphere_mess4,d128l4h2mlp512_700m_seed0_k1,0,1,128,4,random_init,embedding_and_all_layers_single_token,physics,1.0,0.7126086396487545,640,30.75,0.7207138752859892
sphere_polar_c14_n_down_gamma_constant_d0p14_a0p95_m16_d128l4h2mlp512_700m_seed0_k1,H-R2-05-polar-ladder-capacity,dc80726a8c987e8c3a9171299dac00d03a074311,ca32da5dfa883322eefa9ae50a5b5bb9331faaad8e731a97ecacc55751d3c951,fixed,0.95,5,0.35,0.14,699924480,sphere_polar_c14_n_down_gamma_constant_d0p14_a0p95_m16,sphere_mess4,d128l4h2mlp512_700m_seed0_k1,0,1,128,4,random_init,embedding_and_all_layers_single_token,belief,1.0,0.2826535117857142,640,30.75,0.29161003250361894
sphere_polar_c14_n_down_gamma_constant_d0p14_a0p95_m16_d128l4h2mlp512_700m_seed0_k2,H-R2-05-polar-ladder-capacity,dc80726a8c987e8c3a9171299dac00d03a074311,002ed01bcdbc28113889b8164b2fea3871176f959f94841e8b25dd20e77685b8,half,0.95,5,0.35,0.14,699924480,sphere_polar_c14_n_down_gamma_constant_d0p14_a0p95_m16,sphere_mess4,d128l4h2mlp512_700m_seed0_k2,0,2,128,4,trained,single_layer_single_token,physics,1.0,0.802013885373984,128,153.75,0.7904353731340645
sphere_polar_c14_n_down_gamma_constant_d0p14_a0p95_m16_d128l4h2mlp512_700m_seed0_k2,H-R2-05-polar-ladder-capacity,dc80726a8c987e8c3a9171299dac00d03a074311,002ed01bcdbc28113889b8164b2fea3871176f959f94841e8b25dd20e77685b8,half,0.95,5,0.35,0.14,699924480,sphere_polar_c14_n_down_gamma_constant_d0p14_a0p95_m16,sphere_mess4,d128l4h2mlp512_700m_seed0_k2,0,2,128,4,trained,single_layer_single_token,belief,10.0,0.375726997201218,128,153.75,0.38404742214629956
sphere_polar_c14_n_down_gamma_constant_d0p14_a0p95_m16_d128l4h2mlp512_700m_seed0_k2,H-R2-05-polar-ladder-capacity,dc80726a8c987e8c3a9171299dac00d03a074311,002ed01bcdbc28113889b8164b2fea3871176f959f94841e8b25dd20e77685b8,half,0.95,5,0.35,0.14,699924480,sphere_polar_c14_n_down_gamma_constant_d0p14_a0p95_m16,sphere_mess4,d128l4h2mlp512_700m_seed0_k2,0,2,128,4,trained,all_block_layers_single_token,physics,1.0,0.9894850958783962,512,38.4375,0.9880268421173892
sphere_polar_c14_n_down_gamma_constant_d0p14_a0p95_m16_d128l4h2mlp512_700m_seed0_k2,H-R2-05-polar-ladder-capacity,dc80726a8c987e8c3a9171299dac00d03a074311,002ed01bcdbc28113889b8164b2fea3871176f959f94841e8b25dd20e77685b8,half,0.95,5,0.35,0.14,699924480,sphere_polar_c14_n_down_gamma_constant_d0p14_a0p95_m16,sphere_mess4,d128l4h2mlp512_700m_seed0_k2,0,2,128,4,trained,all_block_layers_single_token,belief,10.0,0.5479754574362734,512,38.4375,0.5583172554693125
sphere_polar_c14_n_down_gamma_constant_d0p14_a0p95_m16_d128l4h2mlp512_700m_seed0_k2,H-R2-05-polar-ladder-capacity,dc80726a8c987e8c3a9171299dac00d03a074311,002ed01bcdbc28113889b8164b2fea3871176f959f94841e8b25dd20e77685b8,half,0.95,5,0.35,0.14,699924480,sphere_polar_c14_n_down_gamma_constant_d0p14_a0p95_m16,sphere_mess4,d128l4h2mlp512_700m_seed0_k2,0,2,128,4,trained,embedding_and_all_layers_single_token,physics,1.0,0.9919531121080098,640,30.75,0.9901966419528665
sphere_polar_c14_n_down_gamma_constant_d0p14_a0p95_m16_d128l4h2mlp512_700m_seed0_k2,H-R2-05-polar-ladder-capacity,dc80726a8c987e8c3a9171299dac00d03a074311,002ed01bcdbc28113889b8164b2fea3871176f959f94841e8b25dd20e77685b8,half,0.95,5,0.35,0.14,699924480,sphere_polar_c14_n_down_gamma_constant_d0p14_a0p95_m16,sphere_mess4,d128l4h2mlp512_700m_seed0_k2,0,2,128,4,trained,embedding_and_all_layers_single_token,belief,10.0,0.5582689613250911,640,30.75,0.5698324110277095
sphere_polar_c14_n_down_gamma_constant_d0p14_a0p95_m16_d128l4h2mlp512_700m_seed0_k2,H-R2-05-polar-ladder-capacity,dc80726a8c987e8c3a9171299dac00d03a074311,002ed01bcdbc28113889b8164b2fea3871176f959f94841e8b25dd20e77685b8,half,0.95,5,0.35,0.14,699924480,sphere_polar_c14_n_down_gamma_constant_d0p14_a0p95_m16,sphere_mess4,d128l4h2mlp512_700m_seed0_k2,0,2,128,4,random_init,single_layer_single_token,physics,10.0,0.6070507368362231,128,153.75,0.6270756348190936
sphere_polar_c14_n_down_gamma_constant_d0p14_a0p95_m16_d128l4h2mlp512_700m_seed0_k2,H-R2-05-polar-ladder-capacity,dc80726a8c987e8c3a9171299dac00d03a074311,002ed01bcdbc28113889b8164b2fea3871176f959f94841e8b25dd20e77685b8,half,0.95,5,0.35,0.14,699924480,sphere_polar_c14_n_down_gamma_constant_d0p14_a0p95_m16,sphere_mess4,d128l4h2mlp512_700m_seed0_k2,0,2,128,4,random_init,single_layer_single_token,belief,100.0,0.16784816554273074,128,153.75,0.17401418565813087
sphere_polar_c14_n_down_gamma_constant_d0p14_a0p95_m16_d128l4h2mlp512_700m_seed0_k2,H-R2-05-polar-ladder-capacity,dc80726a8c987e8c3a9171299dac00d03a074311,002ed01bcdbc28113889b8164b2fea3871176f959f94841e8b25dd20e77685b8,half,0.95,5,0.35,0.14,699924480,sphere_polar_c14_n_down_gamma_constant_d0p14_a0p95_m16,sphere_mess4,d128l4h2mlp512_700m_seed0_k2,0,2,128,4,random_init,all_block_layers_single_token,physics,1.0,0.7004930620255224,512,38.4375,0.7127187801263187
sphere_polar_c14_n_down_gamma_constant_d0p14_a0p95_m16_d128l4h2mlp512_700m_seed0_k2,H-R2-05-polar-ladder-capacity,dc80726a8c987e8c3a9171299dac00d03a074311,002ed01bcdbc28113889b8164b2fea3871176f959f94841e8b25dd20e77685b8,half,0.95,5,0.35,0.14,699924480,sphere_polar_c14_n_down_gamma_constant_d0p14_a0p95_m16,sphere_mess4,d128l4h2mlp512_700m_seed0_k2,0,2,128,4,random_init,all_block_layers_single_token,belief,1.0,0.26663086875150355,512,38.4375,0.27298879659443304
sphere_polar_c14_n_down_gamma_constant_d0p14_a0p95_m16_d128l4h2mlp512_700m_seed0_k2,H-R2-05-polar-ladder-capacity,dc80726a8c987e8c3a9171299dac00d03a074311,002ed01bcdbc28113889b8164b2fea3871176f959f94841e8b25dd20e77685b8,half,0.95,5,0.35,0.14,699924480,sphere_polar_c14_n_down_gamma_constant_d0p14_a0p95_m16,sphere_mess4,d128l4h2mlp512_700m_seed0_k2,0,2,128,4,random_init,embedding_and_all_layers_single_token,physics,1.0,0.7126086396487545,640,30.75,0.7207138752859892
sphere_polar_c14_n_down_gamma_constant_d0p14_a0p95_m16_d128l4h2mlp512_700m_seed0_k2,H-R2-05-polar-ladder-capacity,dc80726a8c987e8c3a9171299dac00d03a074311,002ed01bcdbc28113889b8164b2fea3871176f959f94841e8b25dd20e77685b8,half,0.95,5,0.35,0.14,699924480,sphere_polar_c14_n_down_gamma_constant_d0p14_a0p95_m16,sphere_mess4,d128l4h2mlp512_700m_seed0_k2,0,2,128,4,random_init,embedding_and_all_layers_single_token,belief,1.0,0.2826535117857142,640,30.75,0.29161003250361894
sphere_polar_c14_n_down_gamma_constant_d0p14_a0p95_m16_d128l4h2mlp512_700m_seed0_k6,H-R2-05-polar-ladder-capacity,dc80726a8c987e8c3a9171299dac00d03a074311,cab680aa7c581923b3dfbf1c497d2fb236d392ce0bac3c9c760a677090f657a0,n_plus_one,0.95,5,0.35,0.14,699924480,sphere_polar_c14_n_down_gamma_constant_d0p14_a0p95_m16,sphere_mess4,d128l4h2mlp512_700m_seed0_k6,0,6,128,4,trained,single_layer_single_token,physics,1.0,0.8518157658831353,128,153.75,0.8506665498741857
sphere_polar_c14_n_down_gamma_constant_d0p14_a0p95_m16_d128l4h2mlp512_700m_seed0_k6,H-R2-05-polar-ladder-capacity,dc80726a8c987e8c3a9171299dac00d03a074311,cab680aa7c581923b3dfbf1c497d2fb236d392ce0bac3c9c760a677090f657a0,n_plus_one,0.95,5,0.35,0.14,699924480,sphere_polar_c14_n_down_gamma_constant_d0p14_a0p95_m16,sphere_mess4,d128l4h2mlp512_700m_seed0_k6,0,6,128,4,trained,single_layer_single_token,belief,100.0,0.3322704645979822,128,153.75,0.34476266993847493
sphere_polar_c14_n_down_gamma_constant_d0p14_a0p95_m16_d128l4h2mlp512_700m_seed0_k6,H-R2-05-polar-ladder-capacity,dc80726a8c987e8c3a9171299dac00d03a074311,cab680aa7c581923b3dfbf1c497d2fb236d392ce0bac3c9c760a677090f657a0,n_plus_one,0.95,5,0.35,0.14,699924480,sphere_polar_c14_n_down_gamma_constant_d0p14_a0p95_m16,sphere_mess4,d128l4h2mlp512_700m_seed0_k6,0,6,128,4,trained,all_block_layers_single_token,physics,1.0,0.9708208273202606,512,38.4375,0.9709277416482077
sphere_polar_c14_n_down_gamma_constant_d0p14_a0p95_m16_d128l4h2mlp512_700m_seed0_k6,H-R2-05-polar-ladder-capacity,dc80726a8c987e8c3a9171299dac00d03a074311,cab680aa7c581923b3dfbf1c497d2fb236d392ce0bac3c9c760a677090f657a0,n_plus_one,0.95,5,0.35,0.14,699924480,sphere_polar_c14_n_down_gamma_constant_d0p14_a0p95_m16,sphere_mess4,d128l4h2mlp512_700m_seed0_k6,0,6,128,4,trained,all_block_layers_single_token,belief,10.0,0.5234940515572071,512,38.4375,0.5374918852525672
sphere_polar_c14_n_down_gamma_constant_d0p14_a0p95_m16_d128l4h2mlp512_700m_seed0_k6,H-R2-05-polar-ladder-capacity,dc80726a8c987e8c3a9171299dac00d03a074311,cab680aa7c581923b3dfbf1c497d2fb236d392ce0bac3c9c760a677090f657a0,n_plus_one,0.95,5,0.35,0.14,699924480,sphere_polar_c14_n_down_gamma_constant_d0p14_a0p95_m16,sphere_mess4,d128l4h2mlp512_700m_seed0_k6,0,6,128,4,trained,embedding_and_all_layers_single_token,physics,10.0,0.9744276983079396,640,30.75,0.9743053063382376
sphere_polar_c14_n_down_gamma_constant_d0p14_a0p95_m16_d128l4h2mlp512_700m_seed0_k6,H-R2-05-polar-ladder-capacity,dc80726a8c987e8c3a9171299dac00d03a074311,cab680aa7c581923b3dfbf1c497d2fb236d392ce0bac3c9c760a677090f657a0,n_plus_one,0.95,5,0.35,0.14,699924480,sphere_polar_c14_n_down_gamma_constant_d0p14_a0p95_m16,sphere_mess4,d128l4h2mlp512_700m_seed0_k6,0,6,128,4,trained,embedding_and_all_layers_single_token,belief,10.0,0.5304095846739599,640,30.75,0.5440262538311194
sphere_polar_c14_n_down_gamma_constant_d0p14_a0p95_m16_d128l4h2mlp512_700m_seed0_k6,H-R2-05-polar-ladder-capacity,dc80726a8c987e8c3a9171299dac00d03a074311,cab680aa7c581923b3dfbf1c497d2fb236d392ce0bac3c9c760a677090f657a0,n_plus_one,0.95,5,0.35,0.14,699924480,sphere_polar_c14_n_down_gamma_constant_d0p14_a0p95_m16,sphere_mess4,d128l4h2mlp512_700m_seed0_k6,0,6,128,4,random_init,single_layer_single_token,physics,10.0,0.6070507368362231,128,153.75,0.6270756348190936
sphere_polar_c14_n_down_gamma_constant_d0p14_a0p95_m16_d128l4h2mlp512_700m_seed0_k6,H-R2-05-polar-ladder-capacity,dc80726a8c987e8c3a9171299dac00d03a074311,cab680aa7c581923b3dfbf1c497d2fb236d392ce0bac3c9c760a677090f657a0,n_plus_one,0.95,5,0.35,0.14,699924480,sphere_polar_c14_n_down_gamma_constant_d0p14_a0p95_m16,sphere_mess4,d128l4h2mlp512_700m_seed0_k6,0,6,128,4,random_init,single_layer_single_token,belief,100.0,0.16784816554273074,128,153.75,0.17401418565813087
sphere_polar_c14_n_down_gamma_constant_d0p14_a0p95_m16_d128l4h2mlp512_700m_seed0_k6,H-R2-05-polar-ladder-capacity,dc80726a8c987e8c3a9171299dac00d03a074311,cab680aa7c581923b3dfbf1c497d2fb236d392ce0bac3c9c760a677090f657a0,n_plus_one,0.95,5,0.35,0.14,699924480,sphere_polar_c14_n_down_gamma_constant_d0p14_a0p95_m16,sphere_mess4,d128l4h2mlp512_700m_seed0_k6,0,6,128,4,random_init,all_block_layers_single_token,physics,1.0,0.7004930620255224,512,38.4375,0.7127187801263187
sphere_polar_c14_n_down_gamma_constant_d0p14_a0p95_m16_d128l4h2mlp512_700m_seed0_k6,H-R2-05-polar-ladder-capacity,dc80726a8c987e8c3a9171299dac00d03a074311,cab680aa7c581923b3dfbf1c497d2fb236d392ce0bac3c9c760a677090f657a0,n_plus_one,0.95,5,0.35,0.14,699924480,sphere_polar_c14_n_down_gamma_constant_d0p14_a0p95_m16,sphere_mess4,d128l4h2mlp512_700m_seed0_k6,0,6,128,4,random_init,all_block_layers_single_token,belief,1.0,0.26663086875150355,512,38.4375,0.27298879659443304
sphere_polar_c14_n_down_gamma_constant_d0p14_a0p95_m16_d128l4h2mlp512_700m_seed0_k6,H-R2-05-polar-ladder-capacity,dc80726a8c987e8c3a9171299dac00d03a074311,cab680aa7c581923b3dfbf1c497d2fb236d392ce0bac3c9c760a677090f657a0,n_plus_one,0.95,5,0.35,0.14,699924480,sphere_polar_c14_n_down_gamma_constant_d0p14_a0p95_m16,sphere_mess4,d128l4h2mlp512_700m_seed0_k6,0,6,128,4,random_init,embedding_and_all_layers_single_token,physics,1.0,0.7126086396487545,640,30.75,0.7207138752859892
sphere_polar_c14_n_down_gamma_constant_d0p14_a0p95_m16_d128l4h2mlp512_700m_seed0_k6,H-R2-05-polar-ladder-capacity,dc80726a8c987e8c3a9171299dac00d03a074311,cab680aa7c581923b3dfbf1c497d2fb236d392ce0bac3c9c760a677090f657a0,n_plus_one,0.95,5,0.35,0.14,699924480,sphere_polar_c14_n_down_gamma_constant_d0p14_a0p95_m16,sphere_mess4,d128l4h2mlp512_700m_seed0_k6,0,6,128,4,random_init,embedding_and_all_layers_single_token,belief,1.0,0.2826535117857142,640,30.75,0.29161003250361894
